source,player,class,pos,summary,year,school,coach
https://raw.githubusercontent.com/RKRoberts97/byu_football_tree/refs/heads/main/College/Coaches/College%20Head%20Coaches/Steve_Sarkisian/2009_washington_roster.csv,Jake Locker*,JR,QB,"230 Cmp, 395 Att, 2800 Yds, 21 TD",2009,Washington,Steve Sarkisian
https://raw.githubusercontent.com/RKRoberts97/byu_football_tree/refs/heads/main/College/Coaches/College%20Head%20Coaches/Steve_Sarkisian/2009_washington_roster.csv,Ronnie Fouch,SO,QB,"0 Cmp, 1 Att, 0 Yds, 0 TD",2009,Washington,Steve Sarkisian
https://raw.githubusercontent.com/RKRoberts97/byu_football_tree/refs/heads/main/College/Coaches/College%20Head%20Coaches/Steve_Sarkisian/2009_washington_roster.csv,Chris Polk*,FR,RB,"226 Att, 1113 Yds, 4.9 Avg",2009,Washington,Steve Sarkisian
https://raw.githubusercontent.com/RKRoberts97/byu_football_tree/refs/heads/main/College/Coaches/College%20Head%20Coaches/Steve_Sarkisian/2009_washington_roster.csv,Demitrius Bronson,FR,RB,"19 Att, 89 Yds, 4.7 Avg",2009,Washington,Steve Sarkisian
https://raw.githubusercontent.com/RKRoberts97/byu_football_tree/refs/heads/main/College/Coaches/College%20Head%20Coaches/Steve_Sarkisian/2009_washington_roster.csv,Johri Fogerson,SO,RB,"17 Rec, 191 Yds, 11.2 Avg",2009,Washington,Steve Sarkisian
https://raw.githubusercontent.com/RKRoberts97/byu_football_tree/refs/heads/main/College/Coaches/College%20Head%20Coaches/Steve_Sarkisian/2009_washington_roster.csv,Curtis Shaw,SO,RB,"8 Att, 32 Yds, 4.0 Avg",2009,Washington,Steve Sarkisian
https://raw.githubusercontent.com/RKRoberts97/byu_football_tree/refs/heads/main/College/Coaches/College%20Head%20Coaches/Steve_Sarkisian/2009_washington_roster.csv,Willie Griffin,SO,RB,"3 Att, 11 Yds, 3.7 Avg",2009,Washington,Steve Sarkisian
https://raw.githubusercontent.com/RKRoberts97/byu_football_tree/refs/heads/main/College/Coaches/College%20Head%20Coaches/Steve_Sarkisian/2009_washington_roster.csv,Paul Homer,SR,RB,"9 Rec, 63 Yds, 7.0 Avg",2009,Washington,Steve Sarkisian
https://raw.githubusercontent.com/RKRoberts97/byu_football_tree/refs/heads/main/College/Coaches/College%20Head%20Coaches/Steve_Sarkisian/2009_washington_roster.csv,Cole Sager,FR,RB,,2009,Washington,Steve Sarkisian
https://raw.githubusercontent.com/RKRoberts97/byu_football_tree/refs/heads/main/College/Coaches/College%20Head%20Coaches/Steve_Sarkisian/2009_washington_roster.csv,Jermaine Kearse*,SO,WR,"50 Rec, 866 Yds, 17.3 Avg",2009,Washington,Steve Sarkisian
https://raw.githubusercontent.com/RKRoberts97/byu_football_tree/refs/heads/main/College/Coaches/College%20Head%20Coaches/Steve_Sarkisian/2009_washington_roster.csv,Devin Aguilar*,SO,WR,"42 Rec, 593 Yds, 14.1 Avg",2009,Washington,Steve Sarkisian
https://raw.githubusercontent.com/RKRoberts97/byu_football_tree/refs/heads/main/College/Coaches/College%20Head%20Coaches/Steve_Sarkisian/2009_washington_roster.csv,James Johnson*,FR,WR,"39 Rec, 422 Yds, 10.8 Avg",2009,Washington,Steve Sarkisian
https://raw.githubusercontent.com/RKRoberts97/byu_football_tree/refs/heads/main/College/Coaches/College%20Head%20Coaches/Steve_Sarkisian/2009_washington_roster.csv,Cody Bruns,SO,WR,,2009,Washington,Steve Sarkisian
https://raw.githubusercontent.com/RKRoberts97/byu_football_tree/refs/heads/main/College/Coaches/College%20Head%20Coaches/Steve_Sarkisian/2009_washington_roster.csv,Jordan Polk,SO,WR,"5 Rec, 42 Yds, 8.4 Avg",2009,Washington,Steve Sarkisian
https://raw.githubusercontent.com/RKRoberts97/byu_football_tree/refs/heads/main/College/Coaches/College%20Head%20Coaches/Steve_Sarkisian/2009_washington_roster.csv,D'Andre Goodwin,JR,WR,"14 Rec, 227 Yds, 16.2 Avg",2009,Washington,Steve Sarkisian
https://raw.githubusercontent.com/RKRoberts97/byu_football_tree/refs/heads/main/College/Coaches/College%20Head%20Coaches/Steve_Sarkisian/2009_washington_roster.csv,Kavario Middleton*,SO,TE,"26 Rec, 257 Yds, 9.9 Avg",2009,Washington,Steve Sarkisian
https://raw.githubusercontent.com/RKRoberts97/byu_football_tree/refs/heads/main/College/Coaches/College%20Head%20Coaches/Steve_Sarkisian/2009_washington_roster.csv,Chris Izbicki,SO,TE,"3 Rec, 7 Yds, 2.3 Avg",2009,Washington,Steve Sarkisian
https://raw.githubusercontent.com/RKRoberts97/byu_football_tree/refs/heads/main/College/Coaches/College%20Head%20Coaches/Steve_Sarkisian/2009_washington_roster.csv,Ben Ossai*,SR,OL,,2009,Washington,Steve Sarkisian
https://raw.githubusercontent.com/RKRoberts97/byu_football_tree/refs/heads/main/College/Coaches/College%20Head%20Coaches/Steve_Sarkisian/2009_washington_roster.csv,Gregory Christine*,,OL,,2009,Washington,Steve Sarkisian
https://raw.githubusercontent.com/RKRoberts97/byu_football_tree/refs/heads/main/College/Coaches/College%20Head%20Coaches/Steve_Sarkisian/2009_washington_roster.csv,Cody Habben*,,OL,,2009,Washington,Steve Sarkisian
https://raw.githubusercontent.com/RKRoberts97/byu_football_tree/refs/heads/main/College/Coaches/College%20Head%20Coaches/Steve_Sarkisian/2009_washington_roster.csv,Senio Kelemete*,,OL,,2009,Washington,Steve Sarkisian
https://raw.githubusercontent.com/RKRoberts97/byu_football_tree/refs/heads/main/College/Coaches/College%20Head%20Coaches/Steve_Sarkisian/2009_washington_roster.csv,Ryan Tolar*,,OL,,2009,Washington,Steve Sarkisian
https://raw.githubusercontent.com/RKRoberts97/byu_football_tree/refs/heads/main/College/Coaches/College%20Head%20Coaches/Steve_Sarkisian/2009_washington_roster.csv,Mykenna Ikehara,,OL,,2009,Washington,Steve Sarkisian
https://raw.githubusercontent.com/RKRoberts97/byu_football_tree/refs/heads/main/College/Coaches/College%20Head%20Coaches/Steve_Sarkisian/2009_washington_roster.csv,Morgan Rosborough,,OL,,2009,Washington,Steve Sarkisian
https://raw.githubusercontent.com/RKRoberts97/byu_football_tree/refs/heads/main/College/Coaches/College%20Head%20Coaches/Steve_Sarkisian/2009_washington_roster.csv,Drew Schaefer,,OL,,2009,Washington,Steve Sarkisian
https://raw.githubusercontent.com/RKRoberts97/byu_football_tree/refs/heads/main/College/Coaches/College%20Head%20Coaches/Steve_Sarkisian/2009_washington_roster.csv,Nick Wood,,OL,,2009,Washington,Steve Sarkisian
https://raw.githubusercontent.com/RKRoberts97/byu_football_tree/refs/heads/main/College/Coaches/College%20Head%20Coaches/Steve_Sarkisian/2009_washington_roster.csv,Erik Folk,SO,K,,2009,Washington,Steve Sarkisian
https://raw.githubusercontent.com/RKRoberts97/byu_football_tree/refs/heads/main/College/Coaches/College%20Head%20Coaches/Steve_Sarkisian/2009_washington_roster.csv,Cameron Elisara*,JR,DL,,2009,Washington,Steve Sarkisian
https://raw.githubusercontent.com/RKRoberts97/byu_football_tree/refs/heads/main/College/Coaches/College%20Head%20Coaches/Steve_Sarkisian/2009_washington_roster.csv,Darrion Jones*,SR,DL,,2009,Washington,Steve Sarkisian
https://raw.githubusercontent.com/RKRoberts97/byu_football_tree/refs/heads/main/College/Coaches/College%20Head%20Coaches/Steve_Sarkisian/2009_washington_roster.csv,Alameda Ta'Amu*,SO,DL,,2009,Washington,Steve Sarkisian
https://raw.githubusercontent.com/RKRoberts97/byu_football_tree/refs/heads/main/College/Coaches/College%20Head%20Coaches/Steve_Sarkisian/2009_washington_roster.csv,Daniel Te'o-Nesheim*,SR,DL,,2009,Washington,Steve Sarkisian
https://raw.githubusercontent.com/RKRoberts97/byu_football_tree/refs/heads/main/College/Coaches/College%20Head%20Coaches/Steve_Sarkisian/2009_washington_roster.csv,Kalani Aldrich,SO,DL,,2009,Washington,Steve Sarkisian
https://raw.githubusercontent.com/RKRoberts97/byu_football_tree/refs/heads/main/College/Coaches/College%20Head%20Coaches/Steve_Sarkisian/2009_washington_roster.csv,Talia Crichton,FR,DL,,2009,Washington,Steve Sarkisian
https://raw.githubusercontent.com/RKRoberts97/byu_football_tree/refs/heads/main/College/Coaches/College%20Head%20Coaches/Steve_Sarkisian/2009_washington_roster.csv,Tyrone Duncan,SO,DL,,2009,Washington,Steve Sarkisian
https://raw.githubusercontent.com/RKRoberts97/byu_football_tree/refs/heads/main/College/Coaches/College%20Head%20Coaches/Steve_Sarkisian/2009_washington_roster.csv,De'Shon Matthews,JR,DL,,2009,Washington,Steve Sarkisian
https://raw.githubusercontent.com/RKRoberts97/byu_football_tree/refs/heads/main/College/Coaches/College%20Head%20Coaches/Steve_Sarkisian/2009_washington_roster.csv,Everrette Thompson,SO,DL,,2009,Washington,Steve Sarkisian
https://raw.githubusercontent.com/RKRoberts97/byu_football_tree/refs/heads/main/College/Coaches/College%20Head%20Coaches/Steve_Sarkisian/2009_washington_roster.csv,Fred Wiggs,JR,DL,,2009,Washington,Steve Sarkisian
https://raw.githubusercontent.com/RKRoberts97/byu_football_tree/refs/heads/main/College/Coaches/College%20Head%20Coaches/Steve_Sarkisian/2009_washington_roster.csv,Andru Pulu,FR,DL,,2009,Washington,Steve Sarkisian
https://raw.githubusercontent.com/RKRoberts97/byu_football_tree/refs/heads/main/College/Coaches/College%20Head%20Coaches/Steve_Sarkisian/2009_washington_roster.csv,E.J. Savannah*,SR,LB,,2009,Washington,Steve Sarkisian
https://raw.githubusercontent.com/RKRoberts97/byu_football_tree/refs/heads/main/College/Coaches/College%20Head%20Coaches/Steve_Sarkisian/2009_washington_roster.csv,Donald Butler*,SR,LB,,2009,Washington,Steve Sarkisian
https://raw.githubusercontent.com/RKRoberts97/byu_football_tree/refs/heads/main/College/Coaches/College%20Head%20Coaches/Steve_Sarkisian/2009_washington_roster.csv,Mason Foster*,JR,LB,,2009,Washington,Steve Sarkisian
https://raw.githubusercontent.com/RKRoberts97/byu_football_tree/refs/heads/main/College/Coaches/College%20Head%20Coaches/Steve_Sarkisian/2009_washington_roster.csv,Cort Dennison,SO,LB,,2009,Washington,Steve Sarkisian
https://raw.githubusercontent.com/RKRoberts97/byu_football_tree/refs/heads/main/College/Coaches/College%20Head%20Coaches/Steve_Sarkisian/2009_washington_roster.csv,Joshua Gage,SR,LB,,2009,Washington,Steve Sarkisian
https://raw.githubusercontent.com/RKRoberts97/byu_football_tree/refs/heads/main/College/Coaches/College%20Head%20Coaches/Steve_Sarkisian/2009_washington_roster.csv,Brandon Huppert,JR,LB,,2009,Washington,Steve Sarkisian
https://raw.githubusercontent.com/RKRoberts97/byu_football_tree/refs/heads/main/College/Coaches/College%20Head%20Coaches/Steve_Sarkisian/2009_washington_roster.csv,T.J. Poe,SR,LB,,2009,Washington,Steve Sarkisian
https://raw.githubusercontent.com/RKRoberts97/byu_football_tree/refs/heads/main/College/Coaches/College%20Head%20Coaches/Steve_Sarkisian/2009_washington_roster.csv,Trenton Tuiasosopo,SR,LB,,2009,Washington,Steve Sarkisian
https://raw.githubusercontent.com/RKRoberts97/byu_football_tree/refs/heads/main/College/Coaches/College%20Head%20Coaches/Steve_Sarkisian/2009_washington_roster.csv,Adam Long*,FR,DB,,2009,Washington,Steve Sarkisian
https://raw.githubusercontent.com/RKRoberts97/byu_football_tree/refs/heads/main/College/Coaches/College%20Head%20Coaches/Steve_Sarkisian/2009_washington_roster.csv,Nate Williams*,JR,DB,,2009,Washington,Steve Sarkisian
https://raw.githubusercontent.com/RKRoberts97/byu_football_tree/refs/heads/main/College/Coaches/College%20Head%20Coaches/Steve_Sarkisian/2009_washington_roster.csv,Nathan Fellner*,,DB,,2009,Washington,Steve Sarkisian
https://raw.githubusercontent.com/RKRoberts97/byu_football_tree/refs/heads/main/College/Coaches/College%20Head%20Coaches/Steve_Sarkisian/2009_washington_roster.csv,Desmond Trufant*,FR,DB,,2009,Washington,Steve Sarkisian
https://raw.githubusercontent.com/RKRoberts97/byu_football_tree/refs/heads/main/College/Coaches/College%20Head%20Coaches/Steve_Sarkisian/2009_washington_roster.csv,Victor Aiyewa,JR,DB,,2009,Washington,Steve Sarkisian
https://raw.githubusercontent.com/RKRoberts97/byu_football_tree/refs/heads/main/College/Coaches/College%20Head%20Coaches/Steve_Sarkisian/2009_washington_roster.csv,Nate Fellner,FR,DB,,2009,Washington,Steve Sarkisian
https://raw.githubusercontent.com/RKRoberts97/byu_football_tree/refs/heads/main/College/Coaches/College%20Head%20Coaches/Steve_Sarkisian/2009_washington_roster.csv,Justin Glenn,FR,DB,,2009,Washington,Steve Sarkisian
https://raw.githubusercontent.com/RKRoberts97/byu_football_tree/refs/heads/main/College/Coaches/College%20Head%20Coaches/Steve_Sarkisian/2009_washington_roster.csv,Taylor Lappano,FR,DB,,2009,Washington,Steve Sarkisian
https://raw.githubusercontent.com/RKRoberts97/byu_football_tree/refs/heads/main/College/Coaches/College%20Head%20Coaches/Steve_Sarkisian/2009_washington_roster.csv,Vonzell McDowell,JR,DB,,2009,Washington,Steve Sarkisian
https://raw.githubusercontent.com/RKRoberts97/byu_football_tree/refs/heads/main/College/Coaches/College%20Head%20Coaches/Steve_Sarkisian/2009_washington_roster.csv,Semisi Tokolahi,FR,DB,,2009,Washington,Steve Sarkisian
https://raw.githubusercontent.com/RKRoberts97/byu_football_tree/refs/heads/main/College/Coaches/College%20Head%20Coaches/Steve_Sarkisian/2009_washington_roster.csv,Greg Walker,FR,DB,,2009,Washington,Steve Sarkisian
https://raw.githubusercontent.com/RKRoberts97/byu_football_tree/refs/heads/main/College/Coaches/College%20Head%20Coaches/Steve_Sarkisian/2009_washington_roster.csv,Quinton Richardson,SO,DB,,2009,Washington,Steve Sarkisian
https://raw.githubusercontent.com/RKRoberts97/byu_football_tree/refs/heads/main/College/Coaches/College%20Head%20Coaches/Steve_Sarkisian/2009_washington_roster.csv,Jason Wells,SR,DB,,2009,Washington,Steve Sarkisian
https://raw.githubusercontent.com/RKRoberts97/byu_football_tree/refs/heads/main/College/Coaches/College%20Head%20Coaches/Steve_Sarkisian/2009_washington_roster.csv,Will Mahan,JR,P,,2009,Washington,Steve Sarkisian
https://raw.githubusercontent.com/RKRoberts97/byu_football_tree/refs/heads/main/College/Coaches/College%20Head%20Coaches/Steve_Sarkisian/2009_washington_roster.csv,_ Johnson,,,,2009,Washington,Steve Sarkisian
https://raw.githubusercontent.com/RKRoberts97/byu_football_tree/refs/heads/main/College/Coaches/College%20Head%20Coaches/Steve_Sarkisian/2010_washington_roster.csv,Jake Locker*,SR,QB,"184 Cmp, 332 Att, 2265 Yds, 17 TD",2010,Washington,Steve Sarkisian
https://raw.githubusercontent.com/RKRoberts97/byu_football_tree/refs/heads/main/College/Coaches/College%20Head%20Coaches/Steve_Sarkisian/2010_washington_roster.csv,Keith Price,FR,QB,"19 Cmp, 37 Att, 164 Yds, 2 TD",2010,Washington,Steve Sarkisian
https://raw.githubusercontent.com/RKRoberts97/byu_football_tree/refs/heads/main/College/Coaches/College%20Head%20Coaches/Steve_Sarkisian/2010_washington_roster.csv,Chris Polk*,SO,RB,"260 Att, 1415 Yds, 5.4 Avg",2010,Washington,Steve Sarkisian
https://raw.githubusercontent.com/RKRoberts97/byu_football_tree/refs/heads/main/College/Coaches/College%20Head%20Coaches/Steve_Sarkisian/2010_washington_roster.csv,Austin Sylvester*,SR,RB,"4 Rec, 24 Yds, 6.0 Avg",2010,Washington,Steve Sarkisian
https://raw.githubusercontent.com/RKRoberts97/byu_football_tree/refs/heads/main/College/Coaches/College%20Head%20Coaches/Steve_Sarkisian/2010_washington_roster.csv,Jesse Callier,FR,RB,"77 Att, 433 Yds, 5.6 Avg",2010,Washington,Steve Sarkisian
https://raw.githubusercontent.com/RKRoberts97/byu_football_tree/refs/heads/main/College/Coaches/College%20Head%20Coaches/Steve_Sarkisian/2010_washington_roster.csv,Zach Fogerson,FR,RB,"2 Att, 10 Yds, 5.0 Avg",2010,Washington,Steve Sarkisian
https://raw.githubusercontent.com/RKRoberts97/byu_football_tree/refs/heads/main/College/Coaches/College%20Head%20Coaches/Steve_Sarkisian/2010_washington_roster.csv,Johri Fogerson,JR,RB,"1 Att, 6 Yds, 6.0 Avg",2010,Washington,Steve Sarkisian
https://raw.githubusercontent.com/RKRoberts97/byu_football_tree/refs/heads/main/College/Coaches/College%20Head%20Coaches/Steve_Sarkisian/2010_washington_roster.csv,Jermaine Kearse*,JR,WR,"63 Rec, 1005 Yds, 16.0 Avg",2010,Washington,Steve Sarkisian
https://raw.githubusercontent.com/RKRoberts97/byu_football_tree/refs/heads/main/College/Coaches/College%20Head%20Coaches/Steve_Sarkisian/2010_washington_roster.csv,D'Andre Goodwin*,SR,WR,"44 Rec, 530 Yds, 12.0 Avg",2010,Washington,Steve Sarkisian
https://raw.githubusercontent.com/RKRoberts97/byu_football_tree/refs/heads/main/College/Coaches/College%20Head%20Coaches/Steve_Sarkisian/2010_washington_roster.csv,Devin Aguilar,JR,WR,"28 Rec, 352 Yds, 12.6 Avg",2010,Washington,Steve Sarkisian
https://raw.githubusercontent.com/RKRoberts97/byu_football_tree/refs/heads/main/College/Coaches/College%20Head%20Coaches/Steve_Sarkisian/2010_washington_roster.csv,Kevin Smith,FR,WR,"1 Rec, 18 Yds, 18.0 Avg",2010,Washington,Steve Sarkisian
https://raw.githubusercontent.com/RKRoberts97/byu_football_tree/refs/heads/main/College/Coaches/College%20Head%20Coaches/Steve_Sarkisian/2010_washington_roster.csv,William Chandler,FR,WR,,2010,Washington,Steve Sarkisian
https://raw.githubusercontent.com/RKRoberts97/byu_football_tree/refs/heads/main/College/Coaches/College%20Head%20Coaches/Steve_Sarkisian/2010_washington_roster.csv,Cody Bruns,JR,WR,"7 Rec, 102 Yds, 14.6 Avg",2010,Washington,Steve Sarkisian
https://raw.githubusercontent.com/RKRoberts97/byu_football_tree/refs/heads/main/College/Coaches/College%20Head%20Coaches/Steve_Sarkisian/2010_washington_roster.csv,Jordan Polk,JR,WR,"7 Rec, 94 Yds, 13.4 Avg",2010,Washington,Steve Sarkisian
https://raw.githubusercontent.com/RKRoberts97/byu_football_tree/refs/heads/main/College/Coaches/College%20Head%20Coaches/Steve_Sarkisian/2010_washington_roster.csv,James Johnson,SO,WR,"1 Rec, 3 Yds, 3.0 Avg",2010,Washington,Steve Sarkisian
https://raw.githubusercontent.com/RKRoberts97/byu_football_tree/refs/heads/main/College/Coaches/College%20Head%20Coaches/Steve_Sarkisian/2010_washington_roster.csv,Dan Kanczugowski*,,TE,,2010,Washington,Steve Sarkisian
https://raw.githubusercontent.com/RKRoberts97/byu_football_tree/refs/heads/main/College/Coaches/College%20Head%20Coaches/Steve_Sarkisian/2010_washington_roster.csv,Marlion Barnett,FR,TE,"4 Rec, 31 Yds, 7.8 Avg",2010,Washington,Steve Sarkisian
https://raw.githubusercontent.com/RKRoberts97/byu_football_tree/refs/heads/main/College/Coaches/College%20Head%20Coaches/Steve_Sarkisian/2010_washington_roster.csv,Chris Izbicki,JR,TE,"2 Rec, 16 Yds, 8.0 Avg",2010,Washington,Steve Sarkisian
https://raw.githubusercontent.com/RKRoberts97/byu_football_tree/refs/heads/main/College/Coaches/College%20Head%20Coaches/Steve_Sarkisian/2010_washington_roster.csv,Cody Habben*,SR,OL,,2010,Washington,Steve Sarkisian
https://raw.githubusercontent.com/RKRoberts97/byu_football_tree/refs/heads/main/College/Coaches/College%20Head%20Coaches/Steve_Sarkisian/2010_washington_roster.csv,Ryan Tolar*,SR,OL,,2010,Washington,Steve Sarkisian
https://raw.githubusercontent.com/RKRoberts97/byu_football_tree/refs/heads/main/College/Coaches/College%20Head%20Coaches/Steve_Sarkisian/2010_washington_roster.csv,Gregory Christine*,,OL,,2010,Washington,Steve Sarkisian
https://raw.githubusercontent.com/RKRoberts97/byu_football_tree/refs/heads/main/College/Coaches/College%20Head%20Coaches/Steve_Sarkisian/2010_washington_roster.csv,Senio Kelemete*,,OL,,2010,Washington,Steve Sarkisian
https://raw.githubusercontent.com/RKRoberts97/byu_football_tree/refs/heads/main/College/Coaches/College%20Head%20Coaches/Steve_Sarkisian/2010_washington_roster.csv,Drew Schaefer*,,OL,,2010,Washington,Steve Sarkisian
https://raw.githubusercontent.com/RKRoberts97/byu_football_tree/refs/heads/main/College/Coaches/College%20Head%20Coaches/Steve_Sarkisian/2010_washington_roster.csv,Erik Kohler,FR,OL,,2010,Washington,Steve Sarkisian
https://raw.githubusercontent.com/RKRoberts97/byu_football_tree/refs/heads/main/College/Coaches/College%20Head%20Coaches/Steve_Sarkisian/2010_washington_roster.csv,Brendan Lopez,JR,OL,,2010,Washington,Steve Sarkisian
https://raw.githubusercontent.com/RKRoberts97/byu_football_tree/refs/heads/main/College/Coaches/College%20Head%20Coaches/Steve_Sarkisian/2010_washington_roster.csv,Colin Porter,,OL,,2010,Washington,Steve Sarkisian
https://raw.githubusercontent.com/RKRoberts97/byu_football_tree/refs/heads/main/College/Coaches/College%20Head%20Coaches/Steve_Sarkisian/2010_washington_roster.csv,Habben Cody,,OL,,2010,Washington,Steve Sarkisian
https://raw.githubusercontent.com/RKRoberts97/byu_football_tree/refs/heads/main/College/Coaches/College%20Head%20Coaches/Steve_Sarkisian/2010_washington_roster.csv,Erik Folk,JR,K,,2010,Washington,Steve Sarkisian
https://raw.githubusercontent.com/RKRoberts97/byu_football_tree/refs/heads/main/College/Coaches/College%20Head%20Coaches/Steve_Sarkisian/2010_washington_roster.csv,Alameda Ta'Amu*,JR,DL,,2010,Washington,Steve Sarkisian
https://raw.githubusercontent.com/RKRoberts97/byu_football_tree/refs/heads/main/College/Coaches/College%20Head%20Coaches/Steve_Sarkisian/2010_washington_roster.csv,Everrette Thompson*,JR,DL,,2010,Washington,Steve Sarkisian
https://raw.githubusercontent.com/RKRoberts97/byu_football_tree/refs/heads/main/College/Coaches/College%20Head%20Coaches/Steve_Sarkisian/2010_washington_roster.csv,Cam Elisara*,,DL,,2010,Washington,Steve Sarkisian
https://raw.githubusercontent.com/RKRoberts97/byu_football_tree/refs/heads/main/College/Coaches/College%20Head%20Coaches/Steve_Sarkisian/2010_washington_roster.csv,Kalani Aldrich,JR,DL,,2010,Washington,Steve Sarkisian
https://raw.githubusercontent.com/RKRoberts97/byu_football_tree/refs/heads/main/College/Coaches/College%20Head%20Coaches/Steve_Sarkisian/2010_washington_roster.csv,Talia Crichton,SO,DL,,2010,Washington,Steve Sarkisian
https://raw.githubusercontent.com/RKRoberts97/byu_football_tree/refs/heads/main/College/Coaches/College%20Head%20Coaches/Steve_Sarkisian/2010_washington_roster.csv,Cameron Elisara,SR,DL,,2010,Washington,Steve Sarkisian
https://raw.githubusercontent.com/RKRoberts97/byu_football_tree/refs/heads/main/College/Coaches/College%20Head%20Coaches/Steve_Sarkisian/2010_washington_roster.csv,De'Shon Matthews,SR,DL,,2010,Washington,Steve Sarkisian
https://raw.githubusercontent.com/RKRoberts97/byu_football_tree/refs/heads/main/College/Coaches/College%20Head%20Coaches/Steve_Sarkisian/2010_washington_roster.csv,Sione Potoa'E,FR,DL,,2010,Washington,Steve Sarkisian
https://raw.githubusercontent.com/RKRoberts97/byu_football_tree/refs/heads/main/College/Coaches/College%20Head%20Coaches/Steve_Sarkisian/2010_washington_roster.csv,Chris Robinson,SO,DL,,2010,Washington,Steve Sarkisian
https://raw.githubusercontent.com/RKRoberts97/byu_football_tree/refs/heads/main/College/Coaches/College%20Head%20Coaches/Steve_Sarkisian/2010_washington_roster.csv,Sione Potoae,,DL,,2010,Washington,Steve Sarkisian
https://raw.githubusercontent.com/RKRoberts97/byu_football_tree/refs/heads/main/College/Coaches/College%20Head%20Coaches/Steve_Sarkisian/2010_washington_roster.csv,Hau'oli Kikaha,FR,DL,,2010,Washington,Steve Sarkisian
https://raw.githubusercontent.com/RKRoberts97/byu_football_tree/refs/heads/main/College/Coaches/College%20Head%20Coaches/Steve_Sarkisian/2010_washington_roster.csv,Mason Foster*,SR,LB,,2010,Washington,Steve Sarkisian
https://raw.githubusercontent.com/RKRoberts97/byu_football_tree/refs/heads/main/College/Coaches/College%20Head%20Coaches/Steve_Sarkisian/2010_washington_roster.csv,Cort Dennison*,JR,LB,,2010,Washington,Steve Sarkisian
https://raw.githubusercontent.com/RKRoberts97/byu_football_tree/refs/heads/main/College/Coaches/College%20Head%20Coaches/Steve_Sarkisian/2010_washington_roster.csv,Princeton Fuimaono,FR,LB,,2010,Washington,Steve Sarkisian
https://raw.githubusercontent.com/RKRoberts97/byu_football_tree/refs/heads/main/College/Coaches/College%20Head%20Coaches/Steve_Sarkisian/2010_washington_roster.csv,Garret Gilliland,FR,LB,,2010,Washington,Steve Sarkisian
https://raw.githubusercontent.com/RKRoberts97/byu_football_tree/refs/heads/main/College/Coaches/College%20Head%20Coaches/Steve_Sarkisian/2010_washington_roster.csv,Matt Houston,SR,LB,,2010,Washington,Steve Sarkisian
https://raw.githubusercontent.com/RKRoberts97/byu_football_tree/refs/heads/main/College/Coaches/College%20Head%20Coaches/Steve_Sarkisian/2010_washington_roster.csv,Brandon Huppert,SR,LB,,2010,Washington,Steve Sarkisian
https://raw.githubusercontent.com/RKRoberts97/byu_football_tree/refs/heads/main/College/Coaches/College%20Head%20Coaches/Steve_Sarkisian/2010_washington_roster.csv,Tim Tucker,FR,LB,,2010,Washington,Steve Sarkisian
https://raw.githubusercontent.com/RKRoberts97/byu_football_tree/refs/heads/main/College/Coaches/College%20Head%20Coaches/Steve_Sarkisian/2010_washington_roster.csv,Jordan Wallace,SO,LB,,2010,Washington,Steve Sarkisian
https://raw.githubusercontent.com/RKRoberts97/byu_football_tree/refs/heads/main/College/Coaches/College%20Head%20Coaches/Steve_Sarkisian/2010_washington_roster.csv,Victor Aiyewa*,SR,DB,,2010,Washington,Steve Sarkisian
https://raw.githubusercontent.com/RKRoberts97/byu_football_tree/refs/heads/main/College/Coaches/College%20Head%20Coaches/Steve_Sarkisian/2010_washington_roster.csv,Nate Williams*,SR,DB,,2010,Washington,Steve Sarkisian
https://raw.githubusercontent.com/RKRoberts97/byu_football_tree/refs/heads/main/College/Coaches/College%20Head%20Coaches/Steve_Sarkisian/2010_washington_roster.csv,Nate Fellner*,SO,DB,,2010,Washington,Steve Sarkisian
https://raw.githubusercontent.com/RKRoberts97/byu_football_tree/refs/heads/main/College/Coaches/College%20Head%20Coaches/Steve_Sarkisian/2010_washington_roster.csv,Quinton Richardson*,JR,DB,,2010,Washington,Steve Sarkisian
https://raw.githubusercontent.com/RKRoberts97/byu_football_tree/refs/heads/main/College/Coaches/College%20Head%20Coaches/Steve_Sarkisian/2010_washington_roster.csv,Desmond Trufant*,SO,DB,,2010,Washington,Steve Sarkisian
https://raw.githubusercontent.com/RKRoberts97/byu_football_tree/refs/heads/main/College/Coaches/College%20Head%20Coaches/Steve_Sarkisian/2010_washington_roster.csv,Justin Glenn,SO,DB,,2010,Washington,Steve Sarkisian
https://raw.githubusercontent.com/RKRoberts97/byu_football_tree/refs/heads/main/College/Coaches/College%20Head%20Coaches/Steve_Sarkisian/2010_washington_roster.csv,Adam Long,SO,DB,,2010,Washington,Steve Sarkisian
https://raw.githubusercontent.com/RKRoberts97/byu_football_tree/refs/heads/main/College/Coaches/College%20Head%20Coaches/Steve_Sarkisian/2010_washington_roster.csv,Vonzell McDowell,SR,DB,,2010,Washington,Steve Sarkisian
https://raw.githubusercontent.com/RKRoberts97/byu_football_tree/refs/heads/main/College/Coaches/College%20Head%20Coaches/Steve_Sarkisian/2010_washington_roster.csv,Will Shamburger,FR,DB,,2010,Washington,Steve Sarkisian
https://raw.githubusercontent.com/RKRoberts97/byu_football_tree/refs/heads/main/College/Coaches/College%20Head%20Coaches/Steve_Sarkisian/2010_washington_roster.csv,Taz Stevenson,FR,DB,,2010,Washington,Steve Sarkisian
https://raw.githubusercontent.com/RKRoberts97/byu_football_tree/refs/heads/main/College/Coaches/College%20Head%20Coaches/Steve_Sarkisian/2010_washington_roster.csv,Semisi Tokolahi,SO,DB,,2010,Washington,Steve Sarkisian
https://raw.githubusercontent.com/RKRoberts97/byu_football_tree/refs/heads/main/College/Coaches/College%20Head%20Coaches/Steve_Sarkisian/2010_washington_roster.csv,Greg Walker,SO,DB,,2010,Washington,Steve Sarkisian
https://raw.githubusercontent.com/RKRoberts97/byu_football_tree/refs/heads/main/College/Coaches/College%20Head%20Coaches/Steve_Sarkisian/2010_washington_roster.csv,Gregory Ducre,FR,DB,,2010,Washington,Steve Sarkisian
https://raw.githubusercontent.com/RKRoberts97/byu_football_tree/refs/heads/main/College/Coaches/College%20Head%20Coaches/Steve_Sarkisian/2010_washington_roster.csv,Sean Parker,FR,DB,,2010,Washington,Steve Sarkisian
https://raw.githubusercontent.com/RKRoberts97/byu_football_tree/refs/heads/main/College/Coaches/College%20Head%20Coaches/Steve_Sarkisian/2010_washington_roster.csv,Kiel Rasp,JR,P,,2010,Washington,Steve Sarkisian
https://raw.githubusercontent.com/RKRoberts97/byu_football_tree/refs/heads/main/College/Coaches/College%20Head%20Coaches/Steve_Sarkisian/2010_washington_roster.csv,Will Mahan,SR,P,,2010,Washington,Steve Sarkisian
https://raw.githubusercontent.com/RKRoberts97/byu_football_tree/refs/heads/main/College/Coaches/College%20Head%20Coaches/Steve_Sarkisian/2011_washington_roster.csv,Keith Price,SO,QB,"242 Cmp, 362 Att, 3063 Yds, 33 TD",2011,Washington,Steve Sarkisian
https://raw.githubusercontent.com/RKRoberts97/byu_football_tree/refs/heads/main/College/Coaches/College%20Head%20Coaches/Steve_Sarkisian/2011_washington_roster.csv,Nick Montana,FR,QB,"24 Cmp, 42 Att, 226 Yds, 3 TD",2011,Washington,Steve Sarkisian
https://raw.githubusercontent.com/RKRoberts97/byu_football_tree/refs/heads/main/College/Coaches/College%20Head%20Coaches/Steve_Sarkisian/2011_washington_roster.csv,Jesse Callier,SO,RB,"47 Att, 260 Yds, 5.5 Avg",2011,Washington,Steve Sarkisian
https://raw.githubusercontent.com/RKRoberts97/byu_football_tree/refs/heads/main/College/Coaches/College%20Head%20Coaches/Steve_Sarkisian/2011_washington_roster.csv,Cole Sager,JR,RB,,2011,Washington,Steve Sarkisian
https://raw.githubusercontent.com/RKRoberts97/byu_football_tree/refs/heads/main/College/Coaches/College%20Head%20Coaches/Steve_Sarkisian/2011_washington_roster.csv,Chris Polk,JR,RB,"293 Att, 1488 Yds, 5.1 Avg",2011,Washington,Steve Sarkisian
https://raw.githubusercontent.com/RKRoberts97/byu_football_tree/refs/heads/main/College/Coaches/College%20Head%20Coaches/Steve_Sarkisian/2011_washington_roster.csv,Bishop Sankey,FR,RB,"28 Att, 187 Yds, 6.7 Avg",2011,Washington,Steve Sarkisian
https://raw.githubusercontent.com/RKRoberts97/byu_football_tree/refs/heads/main/College/Coaches/College%20Head%20Coaches/Steve_Sarkisian/2011_washington_roster.csv,Johri Fogerson,SR,RB,,2011,Washington,Steve Sarkisian
https://raw.githubusercontent.com/RKRoberts97/byu_football_tree/refs/heads/main/College/Coaches/College%20Head%20Coaches/Steve_Sarkisian/2011_washington_roster.csv,Devin Aguilar,SR,WR,"41 Rec, 611 Yds, 14.9 Avg",2011,Washington,Steve Sarkisian
https://raw.githubusercontent.com/RKRoberts97/byu_football_tree/refs/heads/main/College/Coaches/College%20Head%20Coaches/Steve_Sarkisian/2011_washington_roster.csv,Kevin Smith,SO,WR,"15 Rec, 208 Yds, 13.9 Avg",2011,Washington,Steve Sarkisian
https://raw.githubusercontent.com/RKRoberts97/byu_football_tree/refs/heads/main/College/Coaches/College%20Head%20Coaches/Steve_Sarkisian/2011_washington_roster.csv,Jermaine Kearse,SR,WR,"47 Rec, 699 Yds, 14.9 Avg",2011,Washington,Steve Sarkisian
https://raw.githubusercontent.com/RKRoberts97/byu_football_tree/refs/heads/main/College/Coaches/College%20Head%20Coaches/Steve_Sarkisian/2011_washington_roster.csv,Kasen Williams,FR,WR,"36 Rec, 427 Yds, 11.9 Avg",2011,Washington,Steve Sarkisian
https://raw.githubusercontent.com/RKRoberts97/byu_football_tree/refs/heads/main/College/Coaches/College%20Head%20Coaches/Steve_Sarkisian/2011_washington_roster.csv,James Johnson,JR,WR,"28 Rec, 366 Yds, 13.1 Avg",2011,Washington,Steve Sarkisian
https://raw.githubusercontent.com/RKRoberts97/byu_football_tree/refs/heads/main/College/Coaches/College%20Head%20Coaches/Steve_Sarkisian/2011_washington_roster.csv,Diandre Campbell,FR,WR,"2 Rec, 8 Yds, 4.0 Avg",2011,Washington,Steve Sarkisian
https://raw.githubusercontent.com/RKRoberts97/byu_football_tree/refs/heads/main/College/Coaches/College%20Head%20Coaches/Steve_Sarkisian/2011_washington_roster.csv,Austin Seferian-Jenkins,FR,TE,"40 Rec, 544 Yds, 13.6 Avg",2011,Washington,Steve Sarkisian
https://raw.githubusercontent.com/RKRoberts97/byu_football_tree/refs/heads/main/College/Coaches/College%20Head%20Coaches/Steve_Sarkisian/2011_washington_roster.csv,Michael Hartvigson,FR,TE,"8 Rec, 30 Yds, 3.8 Avg",2011,Washington,Steve Sarkisian
https://raw.githubusercontent.com/RKRoberts97/byu_football_tree/refs/heads/main/College/Coaches/College%20Head%20Coaches/Steve_Sarkisian/2011_washington_roster.csv,Evan Hudson,FR,TE,"1 Rec, 2 Yds, 2.0 Avg",2011,Washington,Steve Sarkisian
https://raw.githubusercontent.com/RKRoberts97/byu_football_tree/refs/heads/main/College/Coaches/College%20Head%20Coaches/Steve_Sarkisian/2011_washington_roster.csv,Brendan Lopez,SR,OL,,2011,Washington,Steve Sarkisian
https://raw.githubusercontent.com/RKRoberts97/byu_football_tree/refs/heads/main/College/Coaches/College%20Head%20Coaches/Steve_Sarkisian/2011_washington_roster.csv,Erik Folk,SR,K,,2011,Washington,Steve Sarkisian
https://raw.githubusercontent.com/RKRoberts97/byu_football_tree/refs/heads/main/College/Coaches/College%20Head%20Coaches/Steve_Sarkisian/2011_washington_roster.csv,Eric Guttorp,SR,K,,2011,Washington,Steve Sarkisian
https://raw.githubusercontent.com/RKRoberts97/byu_football_tree/refs/heads/main/College/Coaches/College%20Head%20Coaches/Steve_Sarkisian/2011_washington_roster.csv,Talia Crichton,JR,DL,,2011,Washington,Steve Sarkisian
https://raw.githubusercontent.com/RKRoberts97/byu_football_tree/refs/heads/main/College/Coaches/College%20Head%20Coaches/Steve_Sarkisian/2011_washington_roster.csv,Pete Galbraith,SR,DL,,2011,Washington,Steve Sarkisian
https://raw.githubusercontent.com/RKRoberts97/byu_football_tree/refs/heads/main/College/Coaches/College%20Head%20Coaches/Steve_Sarkisian/2011_washington_roster.csv,Andrew Hudson,FR,DL,,2011,Washington,Steve Sarkisian
https://raw.githubusercontent.com/RKRoberts97/byu_football_tree/refs/heads/main/College/Coaches/College%20Head%20Coaches/Steve_Sarkisian/2011_washington_roster.csv,Lawrence Lagafuaina,FR,DL,,2011,Washington,Steve Sarkisian
https://raw.githubusercontent.com/RKRoberts97/byu_football_tree/refs/heads/main/College/Coaches/College%20Head%20Coaches/Steve_Sarkisian/2011_washington_roster.csv,Sione Potoa'E,SO,DL,,2011,Washington,Steve Sarkisian
https://raw.githubusercontent.com/RKRoberts97/byu_football_tree/refs/heads/main/College/Coaches/College%20Head%20Coaches/Steve_Sarkisian/2011_washington_roster.csv,Josh Shirley,FR,DL,,2011,Washington,Steve Sarkisian
https://raw.githubusercontent.com/RKRoberts97/byu_football_tree/refs/heads/main/College/Coaches/College%20Head%20Coaches/Steve_Sarkisian/2011_washington_roster.csv,Alameda Ta'Amu,SR,DL,,2011,Washington,Steve Sarkisian
https://raw.githubusercontent.com/RKRoberts97/byu_football_tree/refs/heads/main/College/Coaches/College%20Head%20Coaches/Steve_Sarkisian/2011_washington_roster.csv,Everrette Thompson,SR,DL,,2011,Washington,Steve Sarkisian
https://raw.githubusercontent.com/RKRoberts97/byu_football_tree/refs/heads/main/College/Coaches/College%20Head%20Coaches/Steve_Sarkisian/2011_washington_roster.csv,Danny Shelton,FR,DL,,2011,Washington,Steve Sarkisian
https://raw.githubusercontent.com/RKRoberts97/byu_football_tree/refs/heads/main/College/Coaches/College%20Head%20Coaches/Steve_Sarkisian/2011_washington_roster.csv,Hau'oli Kikaha,SO,DL,,2011,Washington,Steve Sarkisian
https://raw.githubusercontent.com/RKRoberts97/byu_football_tree/refs/heads/main/College/Coaches/College%20Head%20Coaches/Steve_Sarkisian/2011_washington_roster.csv,Princeton Fuimaono,SO,LB,,2011,Washington,Steve Sarkisian
https://raw.githubusercontent.com/RKRoberts97/byu_football_tree/refs/heads/main/College/Coaches/College%20Head%20Coaches/Steve_Sarkisian/2011_washington_roster.csv,Cooper Pelluer,SO,LB,,2011,Washington,Steve Sarkisian
https://raw.githubusercontent.com/RKRoberts97/byu_football_tree/refs/heads/main/College/Coaches/College%20Head%20Coaches/Steve_Sarkisian/2011_washington_roster.csv,Tim Tucker,SO,LB,,2011,Washington,Steve Sarkisian
https://raw.githubusercontent.com/RKRoberts97/byu_football_tree/refs/heads/main/College/Coaches/College%20Head%20Coaches/Steve_Sarkisian/2011_washington_roster.csv,Jonathan Amosa,JR,LB,,2011,Washington,Steve Sarkisian
https://raw.githubusercontent.com/RKRoberts97/byu_football_tree/refs/heads/main/College/Coaches/College%20Head%20Coaches/Steve_Sarkisian/2011_washington_roster.csv,Cort Dennison,SR,LB,,2011,Washington,Steve Sarkisian
https://raw.githubusercontent.com/RKRoberts97/byu_football_tree/refs/heads/main/College/Coaches/College%20Head%20Coaches/Steve_Sarkisian/2011_washington_roster.csv,Garret Gilliland,SO,LB,,2011,Washington,Steve Sarkisian
https://raw.githubusercontent.com/RKRoberts97/byu_football_tree/refs/heads/main/College/Coaches/College%20Head%20Coaches/Steve_Sarkisian/2011_washington_roster.csv,Jamaal Kearse,FR,LB,,2011,Washington,Steve Sarkisian
https://raw.githubusercontent.com/RKRoberts97/byu_football_tree/refs/heads/main/College/Coaches/College%20Head%20Coaches/Steve_Sarkisian/2011_washington_roster.csv,John Timu,FR,LB,,2011,Washington,Steve Sarkisian
https://raw.githubusercontent.com/RKRoberts97/byu_football_tree/refs/heads/main/College/Coaches/College%20Head%20Coaches/Steve_Sarkisian/2011_washington_roster.csv,Thomas Tutogi,SO,LB,,2011,Washington,Steve Sarkisian
https://raw.githubusercontent.com/RKRoberts97/byu_football_tree/refs/heads/main/College/Coaches/College%20Head%20Coaches/Steve_Sarkisian/2011_washington_roster.csv,Justin Glenn,JR,DB,,2011,Washington,Steve Sarkisian
https://raw.githubusercontent.com/RKRoberts97/byu_football_tree/refs/heads/main/College/Coaches/College%20Head%20Coaches/Steve_Sarkisian/2011_washington_roster.csv,Anthony Gobern,JR,DB,,2011,Washington,Steve Sarkisian
https://raw.githubusercontent.com/RKRoberts97/byu_football_tree/refs/heads/main/College/Coaches/College%20Head%20Coaches/Steve_Sarkisian/2011_washington_roster.csv,Marquis Persley,SR,DB,,2011,Washington,Steve Sarkisian
https://raw.githubusercontent.com/RKRoberts97/byu_football_tree/refs/heads/main/College/Coaches/College%20Head%20Coaches/Steve_Sarkisian/2011_washington_roster.csv,Quinton Richardson,SR,DB,,2011,Washington,Steve Sarkisian
https://raw.githubusercontent.com/RKRoberts97/byu_football_tree/refs/heads/main/College/Coaches/College%20Head%20Coaches/Steve_Sarkisian/2011_washington_roster.csv,James Sample,FR,DB,,2011,Washington,Steve Sarkisian
https://raw.githubusercontent.com/RKRoberts97/byu_football_tree/refs/heads/main/College/Coaches/College%20Head%20Coaches/Steve_Sarkisian/2011_washington_roster.csv,Will Shamburger,SO,DB,,2011,Washington,Steve Sarkisian
https://raw.githubusercontent.com/RKRoberts97/byu_football_tree/refs/heads/main/College/Coaches/College%20Head%20Coaches/Steve_Sarkisian/2011_washington_roster.csv,Taz Stevenson,SO,DB,,2011,Washington,Steve Sarkisian
https://raw.githubusercontent.com/RKRoberts97/byu_football_tree/refs/heads/main/College/Coaches/College%20Head%20Coaches/Steve_Sarkisian/2011_washington_roster.csv,Semisi Tokolahi,JR,DB,,2011,Washington,Steve Sarkisian
https://raw.githubusercontent.com/RKRoberts97/byu_football_tree/refs/heads/main/College/Coaches/College%20Head%20Coaches/Steve_Sarkisian/2011_washington_roster.csv,Greg Walker,JR,DB,,2011,Washington,Steve Sarkisian
https://raw.githubusercontent.com/RKRoberts97/byu_football_tree/refs/heads/main/College/Coaches/College%20Head%20Coaches/Steve_Sarkisian/2011_washington_roster.csv,Gregory Ducre,SO,DB,,2011,Washington,Steve Sarkisian
https://raw.githubusercontent.com/RKRoberts97/byu_football_tree/refs/heads/main/College/Coaches/College%20Head%20Coaches/Steve_Sarkisian/2011_washington_roster.csv,Nate Fellner,JR,DB,,2011,Washington,Steve Sarkisian
https://raw.githubusercontent.com/RKRoberts97/byu_football_tree/refs/heads/main/College/Coaches/College%20Head%20Coaches/Steve_Sarkisian/2011_washington_roster.csv,Sean Parker,SO,DB,,2011,Washington,Steve Sarkisian
https://raw.githubusercontent.com/RKRoberts97/byu_football_tree/refs/heads/main/College/Coaches/College%20Head%20Coaches/Steve_Sarkisian/2011_washington_roster.csv,Desmond Trufant,JR,DB,,2011,Washington,Steve Sarkisian
https://raw.githubusercontent.com/RKRoberts97/byu_football_tree/refs/heads/main/College/Coaches/College%20Head%20Coaches/Steve_Sarkisian/2011_washington_roster.csv,Will Mahan,SR,P,,2011,Washington,Steve Sarkisian
https://raw.githubusercontent.com/RKRoberts97/byu_football_tree/refs/heads/main/College/Coaches/College%20Head%20Coaches/Steve_Sarkisian/2011_washington_roster.csv,Kiel Rasp,SR,P,,2011,Washington,Steve Sarkisian
https://raw.githubusercontent.com/RKRoberts97/byu_football_tree/refs/heads/main/College/Coaches/College%20Head%20Coaches/Steve_Sarkisian/2012_washington_roster.csv,Keith Price,JR,QB,"263 Cmp, 432 Att, 2728 Yds, 19 TD",2012,Washington,Steve Sarkisian
https://raw.githubusercontent.com/RKRoberts97/byu_football_tree/refs/heads/main/College/Coaches/College%20Head%20Coaches/Steve_Sarkisian/2012_washington_roster.csv,Derrick Brown,FR,QB,"2 Cmp, 5 Att, 23 Yds, 0 TD",2012,Washington,Steve Sarkisian
https://raw.githubusercontent.com/RKRoberts97/byu_football_tree/refs/heads/main/College/Coaches/College%20Head%20Coaches/Steve_Sarkisian/2012_washington_roster.csv,Cole Sager,SR,RB,,2012,Washington,Steve Sarkisian
https://raw.githubusercontent.com/RKRoberts97/byu_football_tree/refs/heads/main/College/Coaches/College%20Head%20Coaches/Steve_Sarkisian/2012_washington_roster.csv,Bishop Sankey,SO,RB,"289 Att, 1439 Yds, 5.0 Avg",2012,Washington,Steve Sarkisian
https://raw.githubusercontent.com/RKRoberts97/byu_football_tree/refs/heads/main/College/Coaches/College%20Head%20Coaches/Steve_Sarkisian/2012_washington_roster.csv,Dezden Petty,FR,RB,"29 Att, 99 Yds, 3.4 Avg",2012,Washington,Steve Sarkisian
https://raw.githubusercontent.com/RKRoberts97/byu_football_tree/refs/heads/main/College/Coaches/College%20Head%20Coaches/Steve_Sarkisian/2012_washington_roster.csv,Erich Wilson,FR,RB,"25 Att, 140 Yds, 5.6 Avg",2012,Washington,Steve Sarkisian
https://raw.githubusercontent.com/RKRoberts97/byu_football_tree/refs/heads/main/College/Coaches/College%20Head%20Coaches/Steve_Sarkisian/2012_washington_roster.csv,Willis Wilson,SO,RB,"4 Att, 6 Yds, 1.5 Avg",2012,Washington,Steve Sarkisian
https://raw.githubusercontent.com/RKRoberts97/byu_football_tree/refs/heads/main/College/Coaches/College%20Head%20Coaches/Steve_Sarkisian/2012_washington_roster.csv,Jesse Callier,JR,RB,"2 Rec, 8 Yds, 4.0 Avg",2012,Washington,Steve Sarkisian
https://raw.githubusercontent.com/RKRoberts97/byu_football_tree/refs/heads/main/College/Coaches/College%20Head%20Coaches/Steve_Sarkisian/2012_washington_roster.csv,Erich Wilson II,,RB,"25 Att, 140 Yds, 5.6 Avg",2012,Washington,Steve Sarkisian
https://raw.githubusercontent.com/RKRoberts97/byu_football_tree/refs/heads/main/College/Coaches/College%20Head%20Coaches/Steve_Sarkisian/2012_washington_roster.csv,Kendyl Taylor,FR,WR,"14 Rec, 110 Yds, 7.9 Avg",2012,Washington,Steve Sarkisian
https://raw.githubusercontent.com/RKRoberts97/byu_football_tree/refs/heads/main/College/Coaches/College%20Head%20Coaches/Steve_Sarkisian/2012_washington_roster.csv,Jaydon Mickens,FR,WR,"20 Rec, 190 Yds, 9.5 Avg",2012,Washington,Steve Sarkisian
https://raw.githubusercontent.com/RKRoberts97/byu_football_tree/refs/heads/main/College/Coaches/College%20Head%20Coaches/Steve_Sarkisian/2012_washington_roster.csv,Cody Bruns,SR,WR,"13 Rec, 103 Yds, 7.9 Avg",2012,Washington,Steve Sarkisian
https://raw.githubusercontent.com/RKRoberts97/byu_football_tree/refs/heads/main/College/Coaches/College%20Head%20Coaches/Steve_Sarkisian/2012_washington_roster.csv,Marvin Hall,FR,WR,"2 Rec, 21 Yds, 10.5 Avg",2012,Washington,Steve Sarkisian
https://raw.githubusercontent.com/RKRoberts97/byu_football_tree/refs/heads/main/College/Coaches/College%20Head%20Coaches/Steve_Sarkisian/2012_washington_roster.csv,Kasen Williams,SO,WR,"77 Rec, 878 Yds, 11.4 Avg",2012,Washington,Steve Sarkisian
https://raw.githubusercontent.com/RKRoberts97/byu_football_tree/refs/heads/main/College/Coaches/College%20Head%20Coaches/Steve_Sarkisian/2012_washington_roster.csv,Diandre Campbell,SO,WR,"16 Rec, 167 Yds, 10.4 Avg",2012,Washington,Steve Sarkisian
https://raw.githubusercontent.com/RKRoberts97/byu_football_tree/refs/heads/main/College/Coaches/College%20Head%20Coaches/Steve_Sarkisian/2012_washington_roster.csv,Kevin Smith,JR,WR,"6 Rec, 68 Yds, 11.3 Avg",2012,Washington,Steve Sarkisian
https://raw.githubusercontent.com/RKRoberts97/byu_football_tree/refs/heads/main/College/Coaches/College%20Head%20Coaches/Steve_Sarkisian/2012_washington_roster.csv,Joshua Perkins,FR,TE,,2012,Washington,Steve Sarkisian
https://raw.githubusercontent.com/RKRoberts97/byu_football_tree/refs/heads/main/College/Coaches/College%20Head%20Coaches/Steve_Sarkisian/2012_washington_roster.csv,Austin Seferian-Jenkins,SO,TE,"69 Rec, 852 Yds, 12.3 Avg",2012,Washington,Steve Sarkisian
https://raw.githubusercontent.com/RKRoberts97/byu_football_tree/refs/heads/main/College/Coaches/College%20Head%20Coaches/Steve_Sarkisian/2012_washington_roster.csv,Michael Hartvigson,SO,TE,"6 Rec, 55 Yds, 9.2 Avg",2012,Washington,Steve Sarkisian
https://raw.githubusercontent.com/RKRoberts97/byu_football_tree/refs/heads/main/College/Coaches/College%20Head%20Coaches/Steve_Sarkisian/2012_washington_roster.csv,Evan Hudson,SO,TE,"5 Rec, 31 Yds, 6.2 Avg",2012,Washington,Steve Sarkisian
https://raw.githubusercontent.com/RKRoberts97/byu_football_tree/refs/heads/main/College/Coaches/College%20Head%20Coaches/Steve_Sarkisian/2012_washington_roster.csv,Mike Criste,SO,OL,,2012,Washington,Steve Sarkisian
https://raw.githubusercontent.com/RKRoberts97/byu_football_tree/refs/heads/main/College/Coaches/College%20Head%20Coaches/Steve_Sarkisian/2012_washington_roster.csv,Micah Hatchie,SO,OL,,2012,Washington,Steve Sarkisian
https://raw.githubusercontent.com/RKRoberts97/byu_football_tree/refs/heads/main/College/Coaches/College%20Head%20Coaches/Steve_Sarkisian/2012_washington_roster.csv,Ryan Masel,FR,OL,,2012,Washington,Steve Sarkisian
https://raw.githubusercontent.com/RKRoberts97/byu_football_tree/refs/heads/main/College/Coaches/College%20Head%20Coaches/Steve_Sarkisian/2012_washington_roster.csv,Travis Coons,JR,K,,2012,Washington,Steve Sarkisian
https://raw.githubusercontent.com/RKRoberts97/byu_football_tree/refs/heads/main/College/Coaches/College%20Head%20Coaches/Steve_Sarkisian/2012_washington_roster.csv,Josh Banks,JR,DL,,2012,Washington,Steve Sarkisian
https://raw.githubusercontent.com/RKRoberts97/byu_football_tree/refs/heads/main/College/Coaches/College%20Head%20Coaches/Steve_Sarkisian/2012_washington_roster.csv,Talia Crichton,SR,DL,,2012,Washington,Steve Sarkisian
https://raw.githubusercontent.com/RKRoberts97/byu_football_tree/refs/heads/main/College/Coaches/College%20Head%20Coaches/Steve_Sarkisian/2012_washington_roster.csv,Jarett Finau,FR,DL,,2012,Washington,Steve Sarkisian
https://raw.githubusercontent.com/RKRoberts97/byu_football_tree/refs/heads/main/College/Coaches/College%20Head%20Coaches/Steve_Sarkisian/2012_washington_roster.csv,Andrew Hudson,SO,DL,,2012,Washington,Steve Sarkisian
https://raw.githubusercontent.com/RKRoberts97/byu_football_tree/refs/heads/main/College/Coaches/College%20Head%20Coaches/Steve_Sarkisian/2012_washington_roster.csv,Lawrence Lagafuaina,SO,DL,,2012,Washington,Steve Sarkisian
https://raw.githubusercontent.com/RKRoberts97/byu_football_tree/refs/heads/main/College/Coaches/College%20Head%20Coaches/Steve_Sarkisian/2012_washington_roster.csv,Sione Potoa'E,JR,DL,,2012,Washington,Steve Sarkisian
https://raw.githubusercontent.com/RKRoberts97/byu_football_tree/refs/heads/main/College/Coaches/College%20Head%20Coaches/Steve_Sarkisian/2012_washington_roster.csv,Danny Shelton,SO,DL,,2012,Washington,Steve Sarkisian
https://raw.githubusercontent.com/RKRoberts97/byu_football_tree/refs/heads/main/College/Coaches/College%20Head%20Coaches/Steve_Sarkisian/2012_washington_roster.csv,Josh Shirley,SO,DL,,2012,Washington,Steve Sarkisian
https://raw.githubusercontent.com/RKRoberts97/byu_football_tree/refs/heads/main/College/Coaches/College%20Head%20Coaches/Steve_Sarkisian/2012_washington_roster.csv,Pio Vatuvei,FR,DL,,2012,Washington,Steve Sarkisian
https://raw.githubusercontent.com/RKRoberts97/byu_football_tree/refs/heads/main/College/Coaches/College%20Head%20Coaches/Steve_Sarkisian/2012_washington_roster.csv,Nate Fellner,SR,LB,,2012,Washington,Steve Sarkisian
https://raw.githubusercontent.com/RKRoberts97/byu_football_tree/refs/heads/main/College/Coaches/College%20Head%20Coaches/Steve_Sarkisian/2012_washington_roster.csv,Princeton Fuimaono,JR,LB,,2012,Washington,Steve Sarkisian
https://raw.githubusercontent.com/RKRoberts97/byu_football_tree/refs/heads/main/College/Coaches/College%20Head%20Coaches/Steve_Sarkisian/2012_washington_roster.csv,Jamaal Kearse,SO,LB,,2012,Washington,Steve Sarkisian
https://raw.githubusercontent.com/RKRoberts97/byu_football_tree/refs/heads/main/College/Coaches/College%20Head%20Coaches/Steve_Sarkisian/2012_washington_roster.csv,Cory Littleton,FR,LB,,2012,Washington,Steve Sarkisian
https://raw.githubusercontent.com/RKRoberts97/byu_football_tree/refs/heads/main/College/Coaches/College%20Head%20Coaches/Steve_Sarkisian/2012_washington_roster.csv,Cory Littleton,FR,LB,,2012,Washington,Steve Sarkisian
https://raw.githubusercontent.com/RKRoberts97/byu_football_tree/refs/heads/main/College/Coaches/College%20Head%20Coaches/Steve_Sarkisian/2012_washington_roster.csv,Taz Stevenson,JR,LB,,2012,Washington,Steve Sarkisian
https://raw.githubusercontent.com/RKRoberts97/byu_football_tree/refs/heads/main/College/Coaches/College%20Head%20Coaches/Steve_Sarkisian/2012_washington_roster.csv,Thomas Tutogi,JR,LB,,2012,Washington,Steve Sarkisian
https://raw.githubusercontent.com/RKRoberts97/byu_football_tree/refs/heads/main/College/Coaches/College%20Head%20Coaches/Steve_Sarkisian/2012_washington_roster.csv,Jonathan Amosa,SR,LB,,2012,Washington,Steve Sarkisian
https://raw.githubusercontent.com/RKRoberts97/byu_football_tree/refs/heads/main/College/Coaches/College%20Head%20Coaches/Steve_Sarkisian/2012_washington_roster.csv,Travis Feeney,FR,LB,,2012,Washington,Steve Sarkisian
https://raw.githubusercontent.com/RKRoberts97/byu_football_tree/refs/heads/main/College/Coaches/College%20Head%20Coaches/Steve_Sarkisian/2012_washington_roster.csv,John Timu,SO,LB,,2012,Washington,Steve Sarkisian
https://raw.githubusercontent.com/RKRoberts97/byu_football_tree/refs/heads/main/College/Coaches/College%20Head%20Coaches/Steve_Sarkisian/2012_washington_roster.csv,Anthony Gobern,SR,DB,,2012,Washington,Steve Sarkisian
https://raw.githubusercontent.com/RKRoberts97/byu_football_tree/refs/heads/main/College/Coaches/College%20Head%20Coaches/Steve_Sarkisian/2012_washington_roster.csv,Adam Long,SR,DB,,2012,Washington,Steve Sarkisian
https://raw.githubusercontent.com/RKRoberts97/byu_football_tree/refs/heads/main/College/Coaches/College%20Head%20Coaches/Steve_Sarkisian/2012_washington_roster.csv,Will Shamburger,JR,DB,,2012,Washington,Steve Sarkisian
https://raw.githubusercontent.com/RKRoberts97/byu_football_tree/refs/heads/main/College/Coaches/College%20Head%20Coaches/Steve_Sarkisian/2012_washington_roster.csv,Semisi Tokolahi,SR,DB,,2012,Washington,Steve Sarkisian
https://raw.githubusercontent.com/RKRoberts97/byu_football_tree/refs/heads/main/College/Coaches/College%20Head%20Coaches/Steve_Sarkisian/2012_washington_roster.csv,Sean Parker,JR,DB,,2012,Washington,Steve Sarkisian
https://raw.githubusercontent.com/RKRoberts97/byu_football_tree/refs/heads/main/College/Coaches/College%20Head%20Coaches/Steve_Sarkisian/2012_washington_roster.csv,Gregory Ducre,JR,DB,,2012,Washington,Steve Sarkisian
https://raw.githubusercontent.com/RKRoberts97/byu_football_tree/refs/heads/main/College/Coaches/College%20Head%20Coaches/Steve_Sarkisian/2012_washington_roster.csv,Justin Glenn,SR,DB,,2012,Washington,Steve Sarkisian
https://raw.githubusercontent.com/RKRoberts97/byu_football_tree/refs/heads/main/College/Coaches/College%20Head%20Coaches/Steve_Sarkisian/2012_washington_roster.csv,Marcus Peters,FR,DB,,2012,Washington,Steve Sarkisian
https://raw.githubusercontent.com/RKRoberts97/byu_football_tree/refs/heads/main/College/Coaches/College%20Head%20Coaches/Steve_Sarkisian/2012_washington_roster.csv,Shaq Thompson,FR,DB,,2012,Washington,Steve Sarkisian
https://raw.githubusercontent.com/RKRoberts97/byu_football_tree/refs/heads/main/College/Coaches/College%20Head%20Coaches/Steve_Sarkisian/2012_washington_roster.csv,Desmond Trufant,SR,DB,,2012,Washington,Steve Sarkisian
https://raw.githubusercontent.com/RKRoberts97/byu_football_tree/refs/heads/main/College/Coaches/College%20Head%20Coaches/Steve_Sarkisian/2012_washington_roster.csv,Tre Watson,JR,DB,,2012,Washington,Steve Sarkisian
https://raw.githubusercontent.com/RKRoberts97/byu_football_tree/refs/heads/main/College/Coaches/College%20Head%20Coaches/Steve_Sarkisian/2012_washington_roster.csv,Korey Durkee,FR,P,,2012,Washington,Steve Sarkisian
https://raw.githubusercontent.com/RKRoberts97/byu_football_tree/refs/heads/main/College/Coaches/College%20Head%20Coaches/Steve_Sarkisian/2013_washington_roster.csv,Keith Price,SR,QB,"233 Cmp, 352 Att, 2966 Yds, 21 TD",2013,Washington,Steve Sarkisian
https://raw.githubusercontent.com/RKRoberts97/byu_football_tree/refs/heads/main/College/Coaches/College%20Head%20Coaches/Steve_Sarkisian/2013_washington_roster.csv,Cyler Miles,FR,QB,"37 Cmp, 61 Att, 418 Yds, 4 TD",2013,Washington,Steve Sarkisian
https://raw.githubusercontent.com/RKRoberts97/byu_football_tree/refs/heads/main/College/Coaches/College%20Head%20Coaches/Steve_Sarkisian/2013_washington_roster.csv,Jeff Lindquist,FR,QB,,2013,Washington,Steve Sarkisian
https://raw.githubusercontent.com/RKRoberts97/byu_football_tree/refs/heads/main/College/Coaches/College%20Head%20Coaches/Steve_Sarkisian/2013_washington_roster.csv,Bishop Sankey,JR,RB,"327 Att, 1870 Yds, 5.7 Avg",2013,Washington,Steve Sarkisian
https://raw.githubusercontent.com/RKRoberts97/byu_football_tree/refs/heads/main/College/Coaches/College%20Head%20Coaches/Steve_Sarkisian/2013_washington_roster.csv,Jesse Callier,JR,RB,"48 Att, 213 Yds, 4.4 Avg",2013,Washington,Steve Sarkisian
https://raw.githubusercontent.com/RKRoberts97/byu_football_tree/refs/heads/main/College/Coaches/College%20Head%20Coaches/Steve_Sarkisian/2013_washington_roster.csv,Dwayne Washington,FR,RB,"47 Att, 332 Yds, 7.1 Avg",2013,Washington,Steve Sarkisian
https://raw.githubusercontent.com/RKRoberts97/byu_football_tree/refs/heads/main/College/Coaches/College%20Head%20Coaches/Steve_Sarkisian/2013_washington_roster.csv,Deontae Cooper,JR,RB,"43 Att, 270 Yds, 6.3 Avg",2013,Washington,Steve Sarkisian
https://raw.githubusercontent.com/RKRoberts97/byu_football_tree/refs/heads/main/College/Coaches/College%20Head%20Coaches/Steve_Sarkisian/2013_washington_roster.csv,Ryan McDaniel,FR,RB,"10 Att, 47 Yds, 4.7 Avg",2013,Washington,Steve Sarkisian
https://raw.githubusercontent.com/RKRoberts97/byu_football_tree/refs/heads/main/College/Coaches/College%20Head%20Coaches/Steve_Sarkisian/2013_washington_roster.csv,John Ross,FR,WR,"16 Rec, 208 Yds, 13.0 Avg",2013,Washington,Steve Sarkisian
https://raw.githubusercontent.com/RKRoberts97/byu_football_tree/refs/heads/main/College/Coaches/College%20Head%20Coaches/Steve_Sarkisian/2013_washington_roster.csv,Jaydon Mickens,SO,WR,"65 Rec, 688 Yds, 10.6 Avg",2013,Washington,Steve Sarkisian
https://raw.githubusercontent.com/RKRoberts97/byu_football_tree/refs/heads/main/College/Coaches/College%20Head%20Coaches/Steve_Sarkisian/2013_washington_roster.csv,Kevin Smith,SR,WR,"50 Rec, 765 Yds, 15.3 Avg",2013,Washington,Steve Sarkisian
https://raw.githubusercontent.com/RKRoberts97/byu_football_tree/refs/heads/main/College/Coaches/College%20Head%20Coaches/Steve_Sarkisian/2013_washington_roster.csv,Kasen Williams,SR,WR,"29 Rec, 421 Yds, 14.5 Avg",2013,Washington,Steve Sarkisian
https://raw.githubusercontent.com/RKRoberts97/byu_football_tree/refs/heads/main/College/Coaches/College%20Head%20Coaches/Steve_Sarkisian/2013_washington_roster.csv,Diandre Campbell,JR,WR,"3 Rec, 34 Yds, 11.3 Avg",2013,Washington,Steve Sarkisian
https://raw.githubusercontent.com/RKRoberts97/byu_football_tree/refs/heads/main/College/Coaches/College%20Head%20Coaches/Steve_Sarkisian/2013_washington_roster.csv,Damore'ea Stringfellow,FR,WR,"20 Rec, 259 Yds, 13.0 Avg",2013,Washington,Steve Sarkisian
https://raw.githubusercontent.com/RKRoberts97/byu_football_tree/refs/heads/main/College/Coaches/College%20Head%20Coaches/Steve_Sarkisian/2013_washington_roster.csv,Marvin Hall,SO,WR,"8 Rec, 140 Yds, 17.5 Avg",2013,Washington,Steve Sarkisian
https://raw.githubusercontent.com/RKRoberts97/byu_football_tree/refs/heads/main/College/Coaches/College%20Head%20Coaches/Steve_Sarkisian/2013_washington_roster.csv,Darrell Daniels,FR,WR,,2013,Washington,Steve Sarkisian
https://raw.githubusercontent.com/RKRoberts97/byu_football_tree/refs/heads/main/College/Coaches/College%20Head%20Coaches/Steve_Sarkisian/2013_washington_roster.csv,Antavius Sims,SR,WR,,2013,Washington,Steve Sarkisian
https://raw.githubusercontent.com/RKRoberts97/byu_football_tree/refs/heads/main/College/Coaches/College%20Head%20Coaches/Steve_Sarkisian/2013_washington_roster.csv,Austin Seferian-Jenkins,JR,TE,"36 Rec, 450 Yds, 12.5 Avg",2013,Washington,Steve Sarkisian
https://raw.githubusercontent.com/RKRoberts97/byu_football_tree/refs/heads/main/College/Coaches/College%20Head%20Coaches/Steve_Sarkisian/2013_washington_roster.csv,Joshua Perkins,SO,TE,"5 Rec, 57 Yds, 11.4 Avg",2013,Washington,Steve Sarkisian
https://raw.githubusercontent.com/RKRoberts97/byu_football_tree/refs/heads/main/College/Coaches/College%20Head%20Coaches/Steve_Sarkisian/2013_washington_roster.csv,Coleman Shelton,FR,OL,,2013,Washington,Steve Sarkisian
https://raw.githubusercontent.com/RKRoberts97/byu_football_tree/refs/heads/main/College/Coaches/College%20Head%20Coaches/Steve_Sarkisian/2013_washington_roster.csv,Drew Schultz,JR,DL,,2013,Washington,Steve Sarkisian
https://raw.githubusercontent.com/RKRoberts97/byu_football_tree/refs/heads/main/College/Coaches/College%20Head%20Coaches/Steve_Sarkisian/2013_washington_roster.csv,Taniela Tupou,SO,DL,,2013,Washington,Steve Sarkisian
https://raw.githubusercontent.com/RKRoberts97/byu_football_tree/refs/heads/main/College/Coaches/College%20Head%20Coaches/Steve_Sarkisian/2013_washington_roster.csv,Travis Feeney,SO,LB,,2013,Washington,Steve Sarkisian
https://raw.githubusercontent.com/RKRoberts97/byu_football_tree/refs/heads/main/College/Coaches/College%20Head%20Coaches/Steve_Sarkisian/2013_washington_roster.csv,Princeton Fuimaono,SR,LB,,2013,Washington,Steve Sarkisian
https://raw.githubusercontent.com/RKRoberts97/byu_football_tree/refs/heads/main/College/Coaches/College%20Head%20Coaches/Steve_Sarkisian/2013_washington_roster.csv,Jamaal Kearse,JR,LB,,2013,Washington,Steve Sarkisian
https://raw.githubusercontent.com/RKRoberts97/byu_football_tree/refs/heads/main/College/Coaches/College%20Head%20Coaches/Steve_Sarkisian/2013_washington_roster.csv,Scott Lawyer,SO,LB,,2013,Washington,Steve Sarkisian
https://raw.githubusercontent.com/RKRoberts97/byu_football_tree/refs/heads/main/College/Coaches/College%20Head%20Coaches/Steve_Sarkisian/2013_washington_roster.csv,Cory Littleton,SO,LB,,2013,Washington,Steve Sarkisian
https://raw.githubusercontent.com/RKRoberts97/byu_football_tree/refs/heads/main/College/Coaches/College%20Head%20Coaches/Steve_Sarkisian/2013_washington_roster.csv,Cory Littleton,SO,LB,,2013,Washington,Steve Sarkisian
https://raw.githubusercontent.com/RKRoberts97/byu_football_tree/refs/heads/main/College/Coaches/College%20Head%20Coaches/Steve_Sarkisian/2013_washington_roster.csv,Shaq Thompson,SO,LB,,2013,Washington,Steve Sarkisian
https://raw.githubusercontent.com/RKRoberts97/byu_football_tree/refs/heads/main/College/Coaches/College%20Head%20Coaches/Steve_Sarkisian/2013_washington_roster.csv,John Timu,JR,LB,,2013,Washington,Steve Sarkisian
https://raw.githubusercontent.com/RKRoberts97/byu_football_tree/refs/heads/main/College/Coaches/College%20Head%20Coaches/Steve_Sarkisian/2013_washington_roster.csv,Thomas Tutogi,SR,LB,,2013,Washington,Steve Sarkisian
https://raw.githubusercontent.com/RKRoberts97/byu_football_tree/refs/heads/main/College/Coaches/College%20Head%20Coaches/Steve_Sarkisian/2013_washington_roster.csv,Brandon Beaver,FR,DB,,2013,Washington,Steve Sarkisian
https://raw.githubusercontent.com/RKRoberts97/byu_football_tree/refs/heads/main/College/Coaches/College%20Head%20Coaches/Steve_Sarkisian/2013_washington_roster.csv,Travell Dixon,JR,DB,,2013,Washington,Steve Sarkisian
https://raw.githubusercontent.com/RKRoberts97/byu_football_tree/refs/heads/main/College/Coaches/College%20Head%20Coaches/Steve_Sarkisian/2013_washington_roster.csv,Gregory Ducre,SR,DB,,2013,Washington,Steve Sarkisian
https://raw.githubusercontent.com/RKRoberts97/byu_football_tree/refs/heads/main/College/Coaches/College%20Head%20Coaches/Steve_Sarkisian/2013_washington_roster.csv,Kevin King,FR,DB,,2013,Washington,Steve Sarkisian
https://raw.githubusercontent.com/RKRoberts97/byu_football_tree/refs/heads/main/College/Coaches/College%20Head%20Coaches/Steve_Sarkisian/2013_washington_roster.csv,Sean Parker,SR,DB,,2013,Washington,Steve Sarkisian
https://raw.githubusercontent.com/RKRoberts97/byu_football_tree/refs/heads/main/College/Coaches/College%20Head%20Coaches/Steve_Sarkisian/2013_washington_roster.csv,Marcus Peters,SO,DB,,2013,Washington,Steve Sarkisian
https://raw.githubusercontent.com/RKRoberts97/byu_football_tree/refs/heads/main/College/Coaches/College%20Head%20Coaches/Steve_Sarkisian/2013_washington_roster.csv,Will Shamburger,SR,DB,,2013,Washington,Steve Sarkisian
https://raw.githubusercontent.com/RKRoberts97/byu_football_tree/refs/heads/main/College/Coaches/College%20Head%20Coaches/Steve_Sarkisian/2013_washington_roster.csv,Trevor Walker,FR,DB,,2013,Washington,Steve Sarkisian
https://raw.githubusercontent.com/RKRoberts97/byu_football_tree/refs/heads/main/College/Coaches/College%20Head%20Coaches/Steve_Sarkisian/2013_washington_roster.csv,Cleveland Wallace,FR,DB,,2013,Washington,Steve Sarkisian
https://raw.githubusercontent.com/RKRoberts97/byu_football_tree/refs/heads/main/College/Coaches/College%20Head%20Coaches/Steve_Sarkisian/2013_washington_roster.csv,Tre Watson,SR,DB,,2013,Washington,Steve Sarkisian
https://raw.githubusercontent.com/RKRoberts97/byu_football_tree/refs/heads/main/College/Coaches/College%20Head%20Coaches/Steve_Sarkisian/2013_washington_roster.csv,Travis Coons,SR,PK,,2013,Washington,Steve Sarkisian
https://raw.githubusercontent.com/RKRoberts97/byu_football_tree/refs/heads/main/College/Coaches/College%20Head%20Coaches/Steve_Sarkisian/2013_washington_roster.csv,Josh Banks,SR,DT,,2013,Washington,Steve Sarkisian
https://raw.githubusercontent.com/RKRoberts97/byu_football_tree/refs/heads/main/College/Coaches/College%20Head%20Coaches/Steve_Sarkisian/2013_washington_roster.csv,Connor Cree,SO,DE,,2013,Washington,Steve Sarkisian
https://raw.githubusercontent.com/RKRoberts97/byu_football_tree/refs/heads/main/College/Coaches/College%20Head%20Coaches/Steve_Sarkisian/2013_washington_roster.csv,Marcus Farria,FR,DE,,2013,Washington,Steve Sarkisian
https://raw.githubusercontent.com/RKRoberts97/byu_football_tree/refs/heads/main/College/Coaches/College%20Head%20Coaches/Steve_Sarkisian/2013_washington_roster.csv,Andrew Hudson,JR,DE,,2013,Washington,Steve Sarkisian
https://raw.githubusercontent.com/RKRoberts97/byu_football_tree/refs/heads/main/College/Coaches/College%20Head%20Coaches/Steve_Sarkisian/2013_washington_roster.csv,Evan Hudson,JR,DE,,2013,Washington,Steve Sarkisian
https://raw.githubusercontent.com/RKRoberts97/byu_football_tree/refs/heads/main/College/Coaches/College%20Head%20Coaches/Steve_Sarkisian/2013_washington_roster.csv,Hau'oli Kikaha,JR,DE,,2013,Washington,Steve Sarkisian
https://raw.githubusercontent.com/RKRoberts97/byu_football_tree/refs/heads/main/College/Coaches/College%20Head%20Coaches/Steve_Sarkisian/2013_washington_roster.csv,Ryan Masel,SO,LS,,2013,Washington,Steve Sarkisian
https://raw.githubusercontent.com/RKRoberts97/byu_football_tree/refs/heads/main/College/Coaches/College%20Head%20Coaches/Steve_Sarkisian/2013_washington_roster.csv,Joe Mathis,FR,DE,,2013,Washington,Steve Sarkisian
https://raw.githubusercontent.com/RKRoberts97/byu_football_tree/refs/heads/main/College/Coaches/College%20Head%20Coaches/Steve_Sarkisian/2013_washington_roster.csv,Danny Shelton,JR,DT,,2013,Washington,Steve Sarkisian
https://raw.githubusercontent.com/RKRoberts97/byu_football_tree/refs/heads/main/College/Coaches/College%20Head%20Coaches/Steve_Sarkisian/2013_washington_roster.csv,Josh Shirley,JR,DE,,2013,Washington,Steve Sarkisian
https://raw.githubusercontent.com/RKRoberts97/byu_football_tree/refs/heads/main/College/Coaches/College%20Head%20Coaches/Steve_Sarkisian/2013_washington_roster.csv,Damion Turpin,FR,DT,,2013,Washington,Steve Sarkisian
https://raw.githubusercontent.com/RKRoberts97/byu_football_tree/refs/heads/main/College/Coaches/College%20Head%20Coaches/Steve_Sarkisian/2013_washington_roster.csv,Psalm Wooching,FR,FB,,2013,Washington,Steve Sarkisian
https://raw.githubusercontent.com/RKRoberts97/byu_football_tree/refs/heads/main/College/Coaches/College%20Head%20Coaches/Steve_Sarkisian/2021_texas_roster.csv,Casey Thompson,JR,QB,"165 Cmp, 261 Att, 2113 Yds, 24 TD",2021,Texas,Steve Sarkisian
https://raw.githubusercontent.com/RKRoberts97/byu_football_tree/refs/heads/main/College/Coaches/College%20Head%20Coaches/Steve_Sarkisian/2021_texas_roster.csv,Hudson Card,FR,QB,"51 Cmp, 83 Att, 590 Yds, 5 TD",2021,Texas,Steve Sarkisian
https://raw.githubusercontent.com/RKRoberts97/byu_football_tree/refs/heads/main/College/Coaches/College%20Head%20Coaches/Steve_Sarkisian/2021_texas_roster.csv,Ben Ballard,SO,QB,,2021,Texas,Steve Sarkisian
https://raw.githubusercontent.com/RKRoberts97/byu_football_tree/refs/heads/main/College/Coaches/College%20Head%20Coaches/Steve_Sarkisian/2021_texas_roster.csv,Cole Lourd,FR,QB,,2021,Texas,Steve Sarkisian
https://raw.githubusercontent.com/RKRoberts97/byu_football_tree/refs/heads/main/College/Coaches/College%20Head%20Coaches/Steve_Sarkisian/2021_texas_roster.csv,Charles Wright,FR,QB,,2021,Texas,Steve Sarkisian
https://raw.githubusercontent.com/RKRoberts97/byu_football_tree/refs/heads/main/College/Coaches/College%20Head%20Coaches/Steve_Sarkisian/2021_texas_roster.csv,Roschon Johnson,JR,RB,"96 Att, 569 Yds, 5.9 Avg",2021,Texas,Steve Sarkisian
https://raw.githubusercontent.com/RKRoberts97/byu_football_tree/refs/heads/main/College/Coaches/College%20Head%20Coaches/Steve_Sarkisian/2021_texas_roster.csv,Bijan Robinson,SO,RB,"195 Att, 1127 Yds, 5.8 Avg",2021,Texas,Steve Sarkisian
https://raw.githubusercontent.com/RKRoberts97/byu_football_tree/refs/heads/main/College/Coaches/College%20Head%20Coaches/Steve_Sarkisian/2021_texas_roster.csv,Keilan Robinson,SO,RB,"45 Att, 322 Yds, 7.2 Avg",2021,Texas,Steve Sarkisian
https://raw.githubusercontent.com/RKRoberts97/byu_football_tree/refs/heads/main/College/Coaches/College%20Head%20Coaches/Steve_Sarkisian/2021_texas_roster.csv,Jonathon Brooks,FR,RB,"21 Att, 143 Yds, 6.8 Avg",2021,Texas,Steve Sarkisian
https://raw.githubusercontent.com/RKRoberts97/byu_football_tree/refs/heads/main/College/Coaches/College%20Head%20Coaches/Steve_Sarkisian/2021_texas_roster.csv,Gabriel Watson,SR,RB,"10 Att, 37 Yds, 3.7 Avg",2021,Texas,Steve Sarkisian
https://raw.githubusercontent.com/RKRoberts97/byu_football_tree/refs/heads/main/College/Coaches/College%20Head%20Coaches/Steve_Sarkisian/2021_texas_roster.csv,Skyler Bonneau,SR,RB,,2021,Texas,Steve Sarkisian
https://raw.githubusercontent.com/RKRoberts97/byu_football_tree/refs/heads/main/College/Coaches/College%20Head%20Coaches/Steve_Sarkisian/2021_texas_roster.csv,Jarrett Smith,JR,RB,,2021,Texas,Steve Sarkisian
https://raw.githubusercontent.com/RKRoberts97/byu_football_tree/refs/heads/main/College/Coaches/College%20Head%20Coaches/Steve_Sarkisian/2021_texas_roster.csv,Daniel Young,SR,RB,,2021,Texas,Steve Sarkisian
https://raw.githubusercontent.com/RKRoberts97/byu_football_tree/refs/heads/main/College/Coaches/College%20Head%20Coaches/Steve_Sarkisian/2021_texas_roster.csv,Xavier Worthy,FR,WR,"62 Rec, 981 Yds, 15.8 Avg",2021,Texas,Steve Sarkisian
https://raw.githubusercontent.com/RKRoberts97/byu_football_tree/refs/heads/main/College/Coaches/College%20Head%20Coaches/Steve_Sarkisian/2021_texas_roster.csv,Jordan Whittington,SO,WR,"26 Rec, 377 Yds, 14.5 Avg",2021,Texas,Steve Sarkisian
https://raw.githubusercontent.com/RKRoberts97/byu_football_tree/refs/heads/main/College/Coaches/College%20Head%20Coaches/Steve_Sarkisian/2021_texas_roster.csv,Joshua Moore,JR,WR,"24 Rec, 265 Yds, 11.0 Avg",2021,Texas,Steve Sarkisian
https://raw.githubusercontent.com/RKRoberts97/byu_football_tree/refs/heads/main/College/Coaches/College%20Head%20Coaches/Steve_Sarkisian/2021_texas_roster.csv,Marcus Washington,JR,WR,"18 Rec, 277 Yds, 15.4 Avg",2021,Texas,Steve Sarkisian
https://raw.githubusercontent.com/RKRoberts97/byu_football_tree/refs/heads/main/College/Coaches/College%20Head%20Coaches/Steve_Sarkisian/2021_texas_roster.csv,Kelvontay Dixon,FR,WR,"9 Rec, 100 Yds, 11.1 Avg",2021,Texas,Steve Sarkisian
https://raw.githubusercontent.com/RKRoberts97/byu_football_tree/refs/heads/main/College/Coaches/College%20Head%20Coaches/Steve_Sarkisian/2021_texas_roster.csv,Kai Money,JR,WR,"1 Rec, 7 Yds, 7.0 Avg",2021,Texas,Steve Sarkisian
https://raw.githubusercontent.com/RKRoberts97/byu_football_tree/refs/heads/main/College/Coaches/College%20Head%20Coaches/Steve_Sarkisian/2021_texas_roster.csv,Kartik Akkihal,JR,WR,,2021,Texas,Steve Sarkisian
https://raw.githubusercontent.com/RKRoberts97/byu_football_tree/refs/heads/main/College/Coaches/College%20Head%20Coaches/Steve_Sarkisian/2021_texas_roster.csv,Jaden Alexis,FR,WR,,2021,Texas,Steve Sarkisian
https://raw.githubusercontent.com/RKRoberts97/byu_football_tree/refs/heads/main/College/Coaches/College%20Head%20Coaches/Steve_Sarkisian/2021_texas_roster.csv,Parker Alford,SO,WR,,2021,Texas,Steve Sarkisian
https://raw.githubusercontent.com/RKRoberts97/byu_football_tree/refs/heads/main/College/Coaches/College%20Head%20Coaches/Steve_Sarkisian/2021_texas_roster.csv,Paxton Anderson,FR,WR,,2021,Texas,Steve Sarkisian
https://raw.githubusercontent.com/RKRoberts97/byu_football_tree/refs/heads/main/College/Coaches/College%20Head%20Coaches/Steve_Sarkisian/2021_texas_roster.csv,Casey Cain,FR,WR,,2021,Texas,Steve Sarkisian
https://raw.githubusercontent.com/RKRoberts97/byu_football_tree/refs/heads/main/College/Coaches/College%20Head%20Coaches/Steve_Sarkisian/2021_texas_roster.csv,Montrell Estrell,SR,WR,,2021,Texas,Steve Sarkisian
https://raw.githubusercontent.com/RKRoberts97/byu_football_tree/refs/heads/main/College/Coaches/College%20Head%20Coaches/Steve_Sarkisian/2021_texas_roster.csv,Dajon Harrison,FR,WR,,2021,Texas,Steve Sarkisian
https://raw.githubusercontent.com/RKRoberts97/byu_football_tree/refs/heads/main/College/Coaches/College%20Head%20Coaches/Steve_Sarkisian/2021_texas_roster.csv,Troy Omeire,FR,WR,,2021,Texas,Steve Sarkisian
https://raw.githubusercontent.com/RKRoberts97/byu_football_tree/refs/heads/main/College/Coaches/College%20Head%20Coaches/Steve_Sarkisian/2021_texas_roster.csv,Travis West,JR,WR,,2021,Texas,Steve Sarkisian
https://raw.githubusercontent.com/RKRoberts97/byu_football_tree/refs/heads/main/College/Coaches/College%20Head%20Coaches/Steve_Sarkisian/2021_texas_roster.csv,Al'Vonte Woodard,JR,WR,,2021,Texas,Steve Sarkisian
https://raw.githubusercontent.com/RKRoberts97/byu_football_tree/refs/heads/main/College/Coaches/College%20Head%20Coaches/Steve_Sarkisian/2021_texas_roster.csv,Cade Brewer,SR,TE,"22 Rec, 184 Yds, 8.4 Avg",2021,Texas,Steve Sarkisian
https://raw.githubusercontent.com/RKRoberts97/byu_football_tree/refs/heads/main/College/Coaches/College%20Head%20Coaches/Steve_Sarkisian/2021_texas_roster.csv,Juan Davis,FR,TE,"1 Rec, 0 Yds, 0.0 Avg",2021,Texas,Steve Sarkisian
https://raw.githubusercontent.com/RKRoberts97/byu_football_tree/refs/heads/main/College/Coaches/College%20Head%20Coaches/Steve_Sarkisian/2021_texas_roster.csv,Jared Wiley,JR,TE,"9 Rec, 67 Yds, 7.4 Avg",2021,Texas,Steve Sarkisian
https://raw.githubusercontent.com/RKRoberts97/byu_football_tree/refs/heads/main/College/Coaches/College%20Head%20Coaches/Steve_Sarkisian/2021_texas_roster.csv,Ja'Tavion Sanders,FR,TE,,2021,Texas,Steve Sarkisian
https://raw.githubusercontent.com/RKRoberts97/byu_football_tree/refs/heads/main/College/Coaches/College%20Head%20Coaches/Steve_Sarkisian/2021_texas_roster.csv,Nathan Hatter,SO,TE,,2021,Texas,Steve Sarkisian
https://raw.githubusercontent.com/RKRoberts97/byu_football_tree/refs/heads/main/College/Coaches/College%20Head%20Coaches/Steve_Sarkisian/2021_texas_roster.csv,Gunnar Helm,FR,TE,,2021,Texas,Steve Sarkisian
https://raw.githubusercontent.com/RKRoberts97/byu_football_tree/refs/heads/main/College/Coaches/College%20Head%20Coaches/Steve_Sarkisian/2021_texas_roster.csv,Brayden Liebrock,SO,TE,,2021,Texas,Steve Sarkisian
https://raw.githubusercontent.com/RKRoberts97/byu_football_tree/refs/heads/main/College/Coaches/College%20Head%20Coaches/Steve_Sarkisian/2021_texas_roster.csv,Tope Imade,SR,OL,,2021,Texas,Steve Sarkisian
https://raw.githubusercontent.com/RKRoberts97/byu_football_tree/refs/heads/main/College/Coaches/College%20Head%20Coaches/Steve_Sarkisian/2021_texas_roster.csv,Andrej Karic,FR,OL,,2021,Texas,Steve Sarkisian
https://raw.githubusercontent.com/RKRoberts97/byu_football_tree/refs/heads/main/College/Coaches/College%20Head%20Coaches/Steve_Sarkisian/2021_texas_roster.csv,Junior Angilau,JR,OL,,2021,Texas,Steve Sarkisian
https://raw.githubusercontent.com/RKRoberts97/byu_football_tree/refs/heads/main/College/Coaches/College%20Head%20Coaches/Steve_Sarkisian/2021_texas_roster.csv,Michael Balis,SO,OL,,2021,Texas,Steve Sarkisian
https://raw.githubusercontent.com/RKRoberts97/byu_football_tree/refs/heads/main/College/Coaches/College%20Head%20Coaches/Steve_Sarkisian/2021_texas_roster.csv,Hayden Conner,FR,OL,,2021,Texas,Steve Sarkisian
https://raw.githubusercontent.com/RKRoberts97/byu_football_tree/refs/heads/main/College/Coaches/College%20Head%20Coaches/Steve_Sarkisian/2021_texas_roster.csv,Jaylen Garth,FR,OL,,2021,Texas,Steve Sarkisian
https://raw.githubusercontent.com/RKRoberts97/byu_football_tree/refs/heads/main/College/Coaches/College%20Head%20Coaches/Steve_Sarkisian/2021_texas_roster.csv,Rafiti Ghirmai,JR,OL,,2021,Texas,Steve Sarkisian
https://raw.githubusercontent.com/RKRoberts97/byu_football_tree/refs/heads/main/College/Coaches/College%20Head%20Coaches/Steve_Sarkisian/2021_texas_roster.csv,Isaiah Hookfin,SO,OL,,2021,Texas,Steve Sarkisian
https://raw.githubusercontent.com/RKRoberts97/byu_football_tree/refs/heads/main/College/Coaches/College%20Head%20Coaches/Steve_Sarkisian/2021_texas_roster.csv,Tyler Johnson,SO,OL,,2021,Texas,Steve Sarkisian
https://raw.githubusercontent.com/RKRoberts97/byu_football_tree/refs/heads/main/College/Coaches/College%20Head%20Coaches/Steve_Sarkisian/2021_texas_roster.csv,Christian Jones,JR,OL,,2021,Texas,Steve Sarkisian
https://raw.githubusercontent.com/RKRoberts97/byu_football_tree/refs/heads/main/College/Coaches/College%20Head%20Coaches/Steve_Sarkisian/2021_texas_roster.csv,Derek Kerstetter,SR,OL,,2021,Texas,Steve Sarkisian
https://raw.githubusercontent.com/RKRoberts97/byu_football_tree/refs/heads/main/College/Coaches/College%20Head%20Coaches/Steve_Sarkisian/2021_texas_roster.csv,Jake Majors,FR,OL,,2021,Texas,Steve Sarkisian
https://raw.githubusercontent.com/RKRoberts97/byu_football_tree/refs/heads/main/College/Coaches/College%20Head%20Coaches/Steve_Sarkisian/2021_texas_roster.csv,Max Merril,FR,OL,,2021,Texas,Steve Sarkisian
https://raw.githubusercontent.com/RKRoberts97/byu_football_tree/refs/heads/main/College/Coaches/College%20Head%20Coaches/Steve_Sarkisian/2021_texas_roster.csv,Denzel Okafor,SR,OL,,2021,Texas,Steve Sarkisian
https://raw.githubusercontent.com/RKRoberts97/byu_football_tree/refs/heads/main/College/Coaches/College%20Head%20Coaches/Steve_Sarkisian/2021_texas_roster.csv,Logan Parr,FR,OL,,2021,Texas,Steve Sarkisian
https://raw.githubusercontent.com/RKRoberts97/byu_football_tree/refs/heads/main/College/Coaches/College%20Head%20Coaches/Steve_Sarkisian/2021_texas_roster.csv,Christian Rizzi,FR,OL,,2021,Texas,Steve Sarkisian
https://raw.githubusercontent.com/RKRoberts97/byu_football_tree/refs/heads/main/College/Coaches/College%20Head%20Coaches/Steve_Sarkisian/2021_texas_roster.csv,Chad Wolf,SO,OL,,2021,Texas,Steve Sarkisian
https://raw.githubusercontent.com/RKRoberts97/byu_football_tree/refs/heads/main/College/Coaches/College%20Head%20Coaches/Steve_Sarkisian/2021_texas_roster.csv,Cameron Dicker,SR,K,,2021,Texas,Steve Sarkisian
https://raw.githubusercontent.com/RKRoberts97/byu_football_tree/refs/heads/main/College/Coaches/College%20Head%20Coaches/Steve_Sarkisian/2021_texas_roster.csv,Bert Auburn,FR,K,,2021,Texas,Steve Sarkisian
https://raw.githubusercontent.com/RKRoberts97/byu_football_tree/refs/heads/main/College/Coaches/College%20Head%20Coaches/Steve_Sarkisian/2021_texas_roster.csv,Gabriel Lozano,SO,K,,2021,Texas,Steve Sarkisian
https://raw.githubusercontent.com/RKRoberts97/byu_football_tree/refs/heads/main/College/Coaches/College%20Head%20Coaches/Steve_Sarkisian/2021_texas_roster.csv,Erwin Von Nacher,FR,K,,2021,Texas,Steve Sarkisian
https://raw.githubusercontent.com/RKRoberts97/byu_football_tree/refs/heads/main/College/Coaches/College%20Head%20Coaches/Steve_Sarkisian/2021_texas_roster.csv,Patrick Bayouth,SO,DL,,2021,Texas,Steve Sarkisian
https://raw.githubusercontent.com/RKRoberts97/byu_football_tree/refs/heads/main/College/Coaches/College%20Head%20Coaches/Steve_Sarkisian/2021_texas_roster.csv,Vernon Broughton,FR,DL,,2021,Texas,Steve Sarkisian
https://raw.githubusercontent.com/RKRoberts97/byu_football_tree/refs/heads/main/College/Coaches/College%20Head%20Coaches/Steve_Sarkisian/2021_texas_roster.csv,Keondre Coburn,JR,DL,,2021,Texas,Steve Sarkisian
https://raw.githubusercontent.com/RKRoberts97/byu_football_tree/refs/heads/main/College/Coaches/College%20Head%20Coaches/Steve_Sarkisian/2021_texas_roster.csv,Alfred Collins,SO,DL,,2021,Texas,Steve Sarkisian
https://raw.githubusercontent.com/RKRoberts97/byu_football_tree/refs/heads/main/College/Coaches/College%20Head%20Coaches/Steve_Sarkisian/2021_texas_roster.csv,Sawyer Goram-Welch,FR,DL,,2021,Texas,Steve Sarkisian
https://raw.githubusercontent.com/RKRoberts97/byu_football_tree/refs/heads/main/College/Coaches/College%20Head%20Coaches/Steve_Sarkisian/2021_texas_roster.csv,Byron Murphy II,FR,DL,,2021,Texas,Steve Sarkisian
https://raw.githubusercontent.com/RKRoberts97/byu_football_tree/refs/heads/main/College/Coaches/College%20Head%20Coaches/Steve_Sarkisian/2021_texas_roster.csv,Moro Ojomo,JR,DL,,2021,Texas,Steve Sarkisian
https://raw.githubusercontent.com/RKRoberts97/byu_football_tree/refs/heads/main/College/Coaches/College%20Head%20Coaches/Steve_Sarkisian/2021_texas_roster.csv,T'vondre Sweat,JR,DL,,2021,Texas,Steve Sarkisian
https://raw.githubusercontent.com/RKRoberts97/byu_football_tree/refs/heads/main/College/Coaches/College%20Head%20Coaches/Steve_Sarkisian/2021_texas_roster.csv,Myron Warren,SO,DL,,2021,Texas,Steve Sarkisian
https://raw.githubusercontent.com/RKRoberts97/byu_football_tree/refs/heads/main/College/Coaches/College%20Head%20Coaches/Steve_Sarkisian/2021_texas_roster.csv,Ayodele Adeoye,JR,LB,,2021,Texas,Steve Sarkisian
https://raw.githubusercontent.com/RKRoberts97/byu_football_tree/refs/heads/main/College/Coaches/College%20Head%20Coaches/Steve_Sarkisian/2021_texas_roster.csv,Morice Blackwell Jr.,FR,LB,,2021,Texas,Steve Sarkisian
https://raw.githubusercontent.com/RKRoberts97/byu_football_tree/refs/heads/main/College/Coaches/College%20Head%20Coaches/Steve_Sarkisian/2021_texas_roster.csv,Luke Brockermeyer,JR,LB,,2021,Texas,Steve Sarkisian
https://raw.githubusercontent.com/RKRoberts97/byu_football_tree/refs/heads/main/College/Coaches/College%20Head%20Coaches/Steve_Sarkisian/2021_texas_roster.csv,Jett Bush,JR,LB,,2021,Texas,Steve Sarkisian
https://raw.githubusercontent.com/RKRoberts97/byu_football_tree/refs/heads/main/College/Coaches/College%20Head%20Coaches/Steve_Sarkisian/2021_texas_roster.csv,Ben Davis,SR,LB,,2021,Texas,Steve Sarkisian
https://raw.githubusercontent.com/RKRoberts97/byu_football_tree/refs/heads/main/College/Coaches/College%20Head%20Coaches/Steve_Sarkisian/2021_texas_roster.csv,Prince Dorbah,FR,LB,,2021,Texas,Steve Sarkisian
https://raw.githubusercontent.com/RKRoberts97/byu_football_tree/refs/heads/main/College/Coaches/College%20Head%20Coaches/Steve_Sarkisian/2021_texas_roster.csv,Jaylan Ford,SO,LB,,2021,Texas,Steve Sarkisian
https://raw.githubusercontent.com/RKRoberts97/byu_football_tree/refs/heads/main/College/Coaches/College%20Head%20Coaches/Steve_Sarkisian/2021_texas_roster.csv,David Gbenda,SO,LB,,2021,Texas,Steve Sarkisian
https://raw.githubusercontent.com/RKRoberts97/byu_football_tree/refs/heads/main/College/Coaches/College%20Head%20Coaches/Steve_Sarkisian/2021_texas_roster.csv,D.J. Harris,FR,LB,,2021,Texas,Steve Sarkisian
https://raw.githubusercontent.com/RKRoberts97/byu_football_tree/refs/heads/main/College/Coaches/College%20Head%20Coaches/Steve_Sarkisian/2021_texas_roster.csv,Jacoby Jones,SR,LB,,2021,Texas,Steve Sarkisian
https://raw.githubusercontent.com/RKRoberts97/byu_football_tree/refs/heads/main/College/Coaches/College%20Head%20Coaches/Steve_Sarkisian/2021_texas_roster.csv,Ovie Oghoufo,JR,LB,,2021,Texas,Steve Sarkisian
https://raw.githubusercontent.com/RKRoberts97/byu_football_tree/refs/heads/main/College/Coaches/College%20Head%20Coaches/Steve_Sarkisian/2021_texas_roster.csv,Demarvion Overshown,SR,LB,,2021,Texas,Steve Sarkisian
https://raw.githubusercontent.com/RKRoberts97/byu_football_tree/refs/heads/main/College/Coaches/College%20Head%20Coaches/Steve_Sarkisian/2021_texas_roster.csv,Devin Richardson,JR,LB,,2021,Texas,Steve Sarkisian
https://raw.githubusercontent.com/RKRoberts97/byu_football_tree/refs/heads/main/College/Coaches/College%20Head%20Coaches/Steve_Sarkisian/2021_texas_roster.csv,Barryn Sorrell,FR,LB,,2021,Texas,Steve Sarkisian
https://raw.githubusercontent.com/RKRoberts97/byu_football_tree/refs/heads/main/College/Coaches/College%20Head%20Coaches/Steve_Sarkisian/2021_texas_roster.csv,Ray Thornton,SR,LB,,2021,Texas,Steve Sarkisian
https://raw.githubusercontent.com/RKRoberts97/byu_football_tree/refs/heads/main/College/Coaches/College%20Head%20Coaches/Steve_Sarkisian/2021_texas_roster.csv,David Abiara,FR,LB,,2021,Texas,Steve Sarkisian
https://raw.githubusercontent.com/RKRoberts97/byu_football_tree/refs/heads/main/College/Coaches/College%20Head%20Coaches/Steve_Sarkisian/2021_texas_roster.csv,Terrence Cooks II,FR,LB,,2021,Texas,Steve Sarkisian
https://raw.githubusercontent.com/RKRoberts97/byu_football_tree/refs/heads/main/College/Coaches/College%20Head%20Coaches/Steve_Sarkisian/2021_texas_roster.csv,Chris Hannon,JR,LB,,2021,Texas,Steve Sarkisian
https://raw.githubusercontent.com/RKRoberts97/byu_football_tree/refs/heads/main/College/Coaches/College%20Head%20Coaches/Steve_Sarkisian/2021_texas_roster.csv,Jaden Hullaby,FR,LB,,2021,Texas,Steve Sarkisian
https://raw.githubusercontent.com/RKRoberts97/byu_football_tree/refs/heads/main/College/Coaches/College%20Head%20Coaches/Steve_Sarkisian/2021_texas_roster.csv,Marshall Landwehr,FR,LB,,2021,Texas,Steve Sarkisian
https://raw.githubusercontent.com/RKRoberts97/byu_football_tree/refs/heads/main/College/Coaches/College%20Head%20Coaches/Steve_Sarkisian/2021_texas_roster.csv,Anton Simieou,FR,LB,,2021,Texas,Steve Sarkisian
https://raw.githubusercontent.com/RKRoberts97/byu_football_tree/refs/heads/main/College/Coaches/College%20Head%20Coaches/Steve_Sarkisian/2021_texas_roster.csv,Carlton Smith,SR,LB,,2021,Texas,Steve Sarkisian
https://raw.githubusercontent.com/RKRoberts97/byu_football_tree/refs/heads/main/College/Coaches/College%20Head%20Coaches/Steve_Sarkisian/2021_texas_roster.csv,Jordan Thomas,FR,LB,,2021,Texas,Steve Sarkisian
https://raw.githubusercontent.com/RKRoberts97/byu_football_tree/refs/heads/main/College/Coaches/College%20Head%20Coaches/Steve_Sarkisian/2021_texas_roster.csv,Marcus Tillman Jr.,SO,LB,,2021,Texas,Steve Sarkisian
https://raw.githubusercontent.com/RKRoberts97/byu_football_tree/refs/heads/main/College/Coaches/College%20Head%20Coaches/Steve_Sarkisian/2021_texas_roster.csv,Chris Adimora,JR,DB,,2021,Texas,Steve Sarkisian
https://raw.githubusercontent.com/RKRoberts97/byu_football_tree/refs/heads/main/College/Coaches/College%20Head%20Coaches/Steve_Sarkisian/2021_texas_roster.csv,Jahdae Barron,SO,DB,,2021,Texas,Steve Sarkisian
https://raw.githubusercontent.com/RKRoberts97/byu_football_tree/refs/heads/main/College/Coaches/College%20Head%20Coaches/Steve_Sarkisian/2021_texas_roster.csv,Marques Caldwell,SO,DB,,2021,Texas,Steve Sarkisian
https://raw.githubusercontent.com/RKRoberts97/byu_football_tree/refs/heads/main/College/Coaches/College%20Head%20Coaches/Steve_Sarkisian/2021_texas_roster.csv,J.D. Coffey III,FR,DB,,2021,Texas,Steve Sarkisian
https://raw.githubusercontent.com/RKRoberts97/byu_football_tree/refs/heads/main/College/Coaches/College%20Head%20Coaches/Steve_Sarkisian/2021_texas_roster.csv,Anthony Cook,SR,DB,,2021,Texas,Steve Sarkisian
https://raw.githubusercontent.com/RKRoberts97/byu_football_tree/refs/heads/main/College/Coaches/College%20Head%20Coaches/Steve_Sarkisian/2021_texas_roster.csv,Kitan Crawford,SO,DB,,2021,Texas,Steve Sarkisian
https://raw.githubusercontent.com/RKRoberts97/byu_football_tree/refs/heads/main/College/Coaches/College%20Head%20Coaches/Steve_Sarkisian/2021_texas_roster.csv,Darion Dunn,SR,DB,,2021,Texas,Steve Sarkisian
https://raw.githubusercontent.com/RKRoberts97/byu_football_tree/refs/heads/main/College/Coaches/College%20Head%20Coaches/Steve_Sarkisian/2021_texas_roster.csv,B.J. Foster,SR,DB,,2021,Texas,Steve Sarkisian
https://raw.githubusercontent.com/RKRoberts97/byu_football_tree/refs/heads/main/College/Coaches/College%20Head%20Coaches/Steve_Sarkisian/2021_texas_roster.csv,D'Shawn Jamison,SR,DB,,2021,Texas,Steve Sarkisian
https://raw.githubusercontent.com/RKRoberts97/byu_football_tree/refs/heads/main/College/Coaches/College%20Head%20Coaches/Steve_Sarkisian/2021_texas_roster.csv,Jamier Johnson,FR,DB,,2021,Texas,Steve Sarkisian
https://raw.githubusercontent.com/RKRoberts97/byu_football_tree/refs/heads/main/College/Coaches/College%20Head%20Coaches/Steve_Sarkisian/2021_texas_roster.csv,Tyler Owens,JR,DB,,2021,Texas,Steve Sarkisian
https://raw.githubusercontent.com/RKRoberts97/byu_football_tree/refs/heads/main/College/Coaches/College%20Head%20Coaches/Steve_Sarkisian/2021_texas_roster.csv,Brenden Schooler,SR,DB,,2021,Texas,Steve Sarkisian
https://raw.githubusercontent.com/RKRoberts97/byu_football_tree/refs/heads/main/College/Coaches/College%20Head%20Coaches/Steve_Sarkisian/2021_texas_roster.csv,Jerrin Thompson,SO,DB,,2021,Texas,Steve Sarkisian
https://raw.githubusercontent.com/RKRoberts97/byu_football_tree/refs/heads/main/College/Coaches/College%20Head%20Coaches/Steve_Sarkisian/2021_texas_roster.csv,Josh Thompson,SR,DB,,2021,Texas,Steve Sarkisian
https://raw.githubusercontent.com/RKRoberts97/byu_football_tree/refs/heads/main/College/Coaches/College%20Head%20Coaches/Steve_Sarkisian/2021_texas_roster.csv,Ishmael Ibraheem,FR,DB,,2021,Texas,Steve Sarkisian
https://raw.githubusercontent.com/RKRoberts97/byu_football_tree/refs/heads/main/College/Coaches/College%20Head%20Coaches/Steve_Sarkisian/2021_texas_roster.csv,Tannahill Love,FR,DB,,2021,Texas,Steve Sarkisian
https://raw.githubusercontent.com/RKRoberts97/byu_football_tree/refs/heads/main/College/Coaches/College%20Head%20Coaches/Steve_Sarkisian/2021_texas_roster.csv,Thatcher Milton,FR,DB,,2021,Texas,Steve Sarkisian
https://raw.githubusercontent.com/RKRoberts97/byu_football_tree/refs/heads/main/College/Coaches/College%20Head%20Coaches/Steve_Sarkisian/2021_texas_roster.csv,Tremayne Prudhomme,JR,DB,,2021,Texas,Steve Sarkisian
https://raw.githubusercontent.com/RKRoberts97/byu_football_tree/refs/heads/main/College/Coaches/College%20Head%20Coaches/Steve_Sarkisian/2021_texas_roster.csv,Turner Symonds,JR,DB,,2021,Texas,Steve Sarkisian
https://raw.githubusercontent.com/RKRoberts97/byu_football_tree/refs/heads/main/College/Coaches/College%20Head%20Coaches/Steve_Sarkisian/2021_texas_roster.csv,Michael Taaffe,FR,DB,,2021,Texas,Steve Sarkisian
https://raw.githubusercontent.com/RKRoberts97/byu_football_tree/refs/heads/main/College/Coaches/College%20Head%20Coaches/Steve_Sarkisian/2021_texas_roster.csv,Christian Tschauner,SO,DB,,2021,Texas,Steve Sarkisian
https://raw.githubusercontent.com/RKRoberts97/byu_football_tree/refs/heads/main/College/Coaches/College%20Head%20Coaches/Steve_Sarkisian/2021_texas_roster.csv,Doak Wilson,SO,DB,,2021,Texas,Steve Sarkisian
https://raw.githubusercontent.com/RKRoberts97/byu_football_tree/refs/heads/main/College/Coaches/College%20Head%20Coaches/Steve_Sarkisian/2021_texas_roster.csv,Ryan Bujcevski,SR,P,,2021,Texas,Steve Sarkisian
https://raw.githubusercontent.com/RKRoberts97/byu_football_tree/refs/heads/main/College/Coaches/College%20Head%20Coaches/Steve_Sarkisian/2021_texas_roster.csv,Isaac Pearson,FR,P,,2021,Texas,Steve Sarkisian
https://raw.githubusercontent.com/RKRoberts97/byu_football_tree/refs/heads/main/College/Coaches/College%20Head%20Coaches/Steve_Sarkisian/2021_texas_roster.csv,Zach Edwards,JR,LS,,2021,Texas,Steve Sarkisian
https://raw.githubusercontent.com/RKRoberts97/byu_football_tree/refs/heads/main/College/Coaches/College%20Head%20Coaches/Steve_Sarkisian/2021_texas_roster.csv,Justin Mader,SR,LS,,2021,Texas,Steve Sarkisian
https://raw.githubusercontent.com/RKRoberts97/byu_football_tree/refs/heads/main/College/Coaches/College%20Head%20Coaches/Steve_Sarkisian/2022_texas_roster.csv,Quinn Ewers,SO,QB,"172 Cmp, 296 Att, 2177 Yds, 15 TD",2022,Texas,Steve Sarkisian
https://raw.githubusercontent.com/RKRoberts97/byu_football_tree/refs/heads/main/College/Coaches/College%20Head%20Coaches/Steve_Sarkisian/2022_texas_roster.csv,Hudson Card,JR,QB,"75 Cmp, 108 Att, 928 Yds, 6 TD",2022,Texas,Steve Sarkisian
https://raw.githubusercontent.com/RKRoberts97/byu_football_tree/refs/heads/main/College/Coaches/College%20Head%20Coaches/Steve_Sarkisian/2022_texas_roster.csv,Charles Wright,SO,QB,,2022,Texas,Steve Sarkisian
https://raw.githubusercontent.com/RKRoberts97/byu_football_tree/refs/heads/main/College/Coaches/College%20Head%20Coaches/Steve_Sarkisian/2022_texas_roster.csv,Ben Ballard,SR,QB,,2022,Texas,Steve Sarkisian
https://raw.githubusercontent.com/RKRoberts97/byu_football_tree/refs/heads/main/College/Coaches/College%20Head%20Coaches/Steve_Sarkisian/2022_texas_roster.csv,Cole Lourd,JR,QB,,2022,Texas,Steve Sarkisian
https://raw.githubusercontent.com/RKRoberts97/byu_football_tree/refs/heads/main/College/Coaches/College%20Head%20Coaches/Steve_Sarkisian/2022_texas_roster.csv,Maalik Murphy,FR,QB,,2022,Texas,Steve Sarkisian
https://raw.githubusercontent.com/RKRoberts97/byu_football_tree/refs/heads/main/College/Coaches/College%20Head%20Coaches/Steve_Sarkisian/2022_texas_roster.csv,Joe Tatum,SO,QB,,2022,Texas,Steve Sarkisian
https://raw.githubusercontent.com/RKRoberts97/byu_football_tree/refs/heads/main/College/Coaches/College%20Head%20Coaches/Steve_Sarkisian/2022_texas_roster.csv,Bijan Robinson,JR,RB,"258 Att, 1580 Yds, 6.1 Avg",2022,Texas,Steve Sarkisian
https://raw.githubusercontent.com/RKRoberts97/byu_football_tree/refs/heads/main/College/Coaches/College%20Head%20Coaches/Steve_Sarkisian/2022_texas_roster.csv,Roschon Johnson,SR,RB,"93 Att, 554 Yds, 6.0 Avg",2022,Texas,Steve Sarkisian
https://raw.githubusercontent.com/RKRoberts97/byu_football_tree/refs/heads/main/College/Coaches/College%20Head%20Coaches/Steve_Sarkisian/2022_texas_roster.csv,Jonathon Brooks,SO,RB,"30 Att, 197 Yds, 6.6 Avg",2022,Texas,Steve Sarkisian
https://raw.githubusercontent.com/RKRoberts97/byu_football_tree/refs/heads/main/College/Coaches/College%20Head%20Coaches/Steve_Sarkisian/2022_texas_roster.csv,Keilan Robinson,SR,RB,"25 Att, 86 Yds, 3.4 Avg",2022,Texas,Steve Sarkisian
https://raw.githubusercontent.com/RKRoberts97/byu_football_tree/refs/heads/main/College/Coaches/College%20Head%20Coaches/Steve_Sarkisian/2022_texas_roster.csv,Jaydon Blue,FR,RB,"15 Att, 33 Yds, 2.2 Avg",2022,Texas,Steve Sarkisian
https://raw.githubusercontent.com/RKRoberts97/byu_football_tree/refs/heads/main/College/Coaches/College%20Head%20Coaches/Steve_Sarkisian/2022_texas_roster.csv,Savion Red,SO,RB,"6 Rec, 34 Yds, 5.7 Avg",2022,Texas,Steve Sarkisian
https://raw.githubusercontent.com/RKRoberts97/byu_football_tree/refs/heads/main/College/Coaches/College%20Head%20Coaches/Steve_Sarkisian/2022_texas_roster.csv,Colin Page,SO,RB,,2022,Texas,Steve Sarkisian
https://raw.githubusercontent.com/RKRoberts97/byu_football_tree/refs/heads/main/College/Coaches/College%20Head%20Coaches/Steve_Sarkisian/2022_texas_roster.csv,Ky Woods,SO,RB,,2022,Texas,Steve Sarkisian
https://raw.githubusercontent.com/RKRoberts97/byu_football_tree/refs/heads/main/College/Coaches/College%20Head%20Coaches/Steve_Sarkisian/2022_texas_roster.csv,Xavier Worthy,JR,WR,"60 Rec, 760 Yds, 12.7 Avg",2022,Texas,Steve Sarkisian
https://raw.githubusercontent.com/RKRoberts97/byu_football_tree/refs/heads/main/College/Coaches/College%20Head%20Coaches/Steve_Sarkisian/2022_texas_roster.csv,Jordan Whittington,SR,WR,"50 Rec, 652 Yds, 13.0 Avg",2022,Texas,Steve Sarkisian
https://raw.githubusercontent.com/RKRoberts97/byu_football_tree/refs/heads/main/College/Coaches/College%20Head%20Coaches/Steve_Sarkisian/2022_texas_roster.csv,Casey Cain,SO,WR,"8 Rec, 201 Yds, 25.1 Avg",2022,Texas,Steve Sarkisian
https://raw.githubusercontent.com/RKRoberts97/byu_football_tree/refs/heads/main/College/Coaches/College%20Head%20Coaches/Steve_Sarkisian/2022_texas_roster.csv,Tarique Milton,SR,WR,"2 Rec, 40 Yds, 20.0 Avg",2022,Texas,Steve Sarkisian
https://raw.githubusercontent.com/RKRoberts97/byu_football_tree/refs/heads/main/College/Coaches/College%20Head%20Coaches/Steve_Sarkisian/2022_texas_roster.csv,Gabe Sulser,SR,WR,"2 Rec, 10 Yds, 5.0 Avg",2022,Texas,Steve Sarkisian
https://raw.githubusercontent.com/RKRoberts97/byu_football_tree/refs/heads/main/College/Coaches/College%20Head%20Coaches/Steve_Sarkisian/2022_texas_roster.csv,Agiye Hall,SO,WR,"1 Rec, 7 Yds, 7.0 Avg",2022,Texas,Steve Sarkisian
https://raw.githubusercontent.com/RKRoberts97/byu_football_tree/refs/heads/main/College/Coaches/College%20Head%20Coaches/Steve_Sarkisian/2022_texas_roster.csv,Troy Omeire,SO,WR,"1 Rec, 9 Yds, 9.0 Avg",2022,Texas,Steve Sarkisian
https://raw.githubusercontent.com/RKRoberts97/byu_football_tree/refs/heads/main/College/Coaches/College%20Head%20Coaches/Steve_Sarkisian/2022_texas_roster.csv,Brenen Thompson,FR,WR,"1 Rec, 32 Yds, 32.0 Avg",2022,Texas,Steve Sarkisian
https://raw.githubusercontent.com/RKRoberts97/byu_football_tree/refs/heads/main/College/Coaches/College%20Head%20Coaches/Steve_Sarkisian/2022_texas_roster.csv,Jaden Alexis,FR,WR,,2022,Texas,Steve Sarkisian
https://raw.githubusercontent.com/RKRoberts97/byu_football_tree/refs/heads/main/College/Coaches/College%20Head%20Coaches/Steve_Sarkisian/2022_texas_roster.csv,Paxton Anderson,SR,WR,,2022,Texas,Steve Sarkisian
https://raw.githubusercontent.com/RKRoberts97/byu_football_tree/refs/heads/main/College/Coaches/College%20Head%20Coaches/Steve_Sarkisian/2022_texas_roster.csv,Parker Alford,SR,WR,,2022,Texas,Steve Sarkisian
https://raw.githubusercontent.com/RKRoberts97/byu_football_tree/refs/heads/main/College/Coaches/College%20Head%20Coaches/Steve_Sarkisian/2022_texas_roster.csv,Reece Beauchamp,SO,WR,,2022,Texas,Steve Sarkisian
https://raw.githubusercontent.com/RKRoberts97/byu_football_tree/refs/heads/main/College/Coaches/College%20Head%20Coaches/Steve_Sarkisian/2022_texas_roster.csv,Hamilton McMartin,SO,WR,,2022,Texas,Steve Sarkisian
https://raw.githubusercontent.com/RKRoberts97/byu_football_tree/refs/heads/main/College/Coaches/College%20Head%20Coaches/Steve_Sarkisian/2022_texas_roster.csv,Quinn Merritt,SO,WR,,2022,Texas,Steve Sarkisian
https://raw.githubusercontent.com/RKRoberts97/byu_football_tree/refs/heads/main/College/Coaches/College%20Head%20Coaches/Steve_Sarkisian/2022_texas_roster.csv,Thatcher Milton,JR,WR,,2022,Texas,Steve Sarkisian
https://raw.githubusercontent.com/RKRoberts97/byu_football_tree/refs/heads/main/College/Coaches/College%20Head%20Coaches/Steve_Sarkisian/2022_texas_roster.csv,Isaiah Neyor,SR,WR,,2022,Texas,Steve Sarkisian
https://raw.githubusercontent.com/RKRoberts97/byu_football_tree/refs/heads/main/College/Coaches/College%20Head%20Coaches/Steve_Sarkisian/2022_texas_roster.csv,Remy Patson,SO,WR,,2022,Texas,Steve Sarkisian
https://raw.githubusercontent.com/RKRoberts97/byu_football_tree/refs/heads/main/College/Coaches/College%20Head%20Coaches/Steve_Sarkisian/2022_texas_roster.csv,Ja'Tavion Sanders,JR,TE,"54 Rec, 613 Yds, 11.4 Avg",2022,Texas,Steve Sarkisian
https://raw.githubusercontent.com/RKRoberts97/byu_football_tree/refs/heads/main/College/Coaches/College%20Head%20Coaches/Steve_Sarkisian/2022_texas_roster.csv,Gunnar Helm,JR,TE,"5 Rec, 44 Yds, 8.8 Avg",2022,Texas,Steve Sarkisian
https://raw.githubusercontent.com/RKRoberts97/byu_football_tree/refs/heads/main/College/Coaches/College%20Head%20Coaches/Steve_Sarkisian/2022_texas_roster.csv,Jahleel Billingsley,SR,TE,"3 Rec, 38 Yds, 12.7 Avg",2022,Texas,Steve Sarkisian
https://raw.githubusercontent.com/RKRoberts97/byu_football_tree/refs/heads/main/College/Coaches/College%20Head%20Coaches/Steve_Sarkisian/2022_texas_roster.csv,Patrick Bayouth,SR,TE,,2022,Texas,Steve Sarkisian
https://raw.githubusercontent.com/RKRoberts97/byu_football_tree/refs/heads/main/College/Coaches/College%20Head%20Coaches/Steve_Sarkisian/2022_texas_roster.csv,Juan Davis,JR,TE,,2022,Texas,Steve Sarkisian
https://raw.githubusercontent.com/RKRoberts97/byu_football_tree/refs/heads/main/College/Coaches/College%20Head%20Coaches/Steve_Sarkisian/2022_texas_roster.csv,Gus Asel,SR,TE,,2022,Texas,Steve Sarkisian
https://raw.githubusercontent.com/RKRoberts97/byu_football_tree/refs/heads/main/College/Coaches/College%20Head%20Coaches/Steve_Sarkisian/2022_texas_roster.csv,Nathan Hatter,SR,TE,,2022,Texas,Steve Sarkisian
https://raw.githubusercontent.com/RKRoberts97/byu_football_tree/refs/heads/main/College/Coaches/College%20Head%20Coaches/Steve_Sarkisian/2022_texas_roster.csv,Myles Hill,FR,TE,,2022,Texas,Steve Sarkisian
https://raw.githubusercontent.com/RKRoberts97/byu_football_tree/refs/heads/main/College/Coaches/College%20Head%20Coaches/Steve_Sarkisian/2022_texas_roster.csv,Brayden Liebrock,JR,TE,,2022,Texas,Steve Sarkisian
https://raw.githubusercontent.com/RKRoberts97/byu_football_tree/refs/heads/main/College/Coaches/College%20Head%20Coaches/Steve_Sarkisian/2022_texas_roster.csv,Malik Agbo,FR,OL,,2022,Texas,Steve Sarkisian
https://raw.githubusercontent.com/RKRoberts97/byu_football_tree/refs/heads/main/College/Coaches/College%20Head%20Coaches/Steve_Sarkisian/2022_texas_roster.csv,Kelvin Banks Jr.,SO,OL,,2022,Texas,Steve Sarkisian
https://raw.githubusercontent.com/RKRoberts97/byu_football_tree/refs/heads/main/College/Coaches/College%20Head%20Coaches/Steve_Sarkisian/2022_texas_roster.csv,DJ Campbell,SO,OL,,2022,Texas,Steve Sarkisian
https://raw.githubusercontent.com/RKRoberts97/byu_football_tree/refs/heads/main/College/Coaches/College%20Head%20Coaches/Steve_Sarkisian/2022_texas_roster.csv,Hayden Conner,JR,OL,,2022,Texas,Steve Sarkisian
https://raw.githubusercontent.com/RKRoberts97/byu_football_tree/refs/heads/main/College/Coaches/College%20Head%20Coaches/Steve_Sarkisian/2022_texas_roster.csv,Cole Hutson,SO,OL,,2022,Texas,Steve Sarkisian
https://raw.githubusercontent.com/RKRoberts97/byu_football_tree/refs/heads/main/College/Coaches/College%20Head%20Coaches/Steve_Sarkisian/2022_texas_roster.csv,Christian Jones,SR,OL,,2022,Texas,Steve Sarkisian
https://raw.githubusercontent.com/RKRoberts97/byu_football_tree/refs/heads/main/College/Coaches/College%20Head%20Coaches/Steve_Sarkisian/2022_texas_roster.csv,Andrej Karic,SO,OL,,2022,Texas,Steve Sarkisian
https://raw.githubusercontent.com/RKRoberts97/byu_football_tree/refs/heads/main/College/Coaches/College%20Head%20Coaches/Steve_Sarkisian/2022_texas_roster.csv,Jake Majors,JR,OL,,2022,Texas,Steve Sarkisian
https://raw.githubusercontent.com/RKRoberts97/byu_football_tree/refs/heads/main/College/Coaches/College%20Head%20Coaches/Steve_Sarkisian/2022_texas_roster.csv,Logan Parr,SO,OL,,2022,Texas,Steve Sarkisian
https://raw.githubusercontent.com/RKRoberts97/byu_football_tree/refs/heads/main/College/Coaches/College%20Head%20Coaches/Steve_Sarkisian/2022_texas_roster.csv,Connor Robertson,FR,OL,,2022,Texas,Steve Sarkisian
https://raw.githubusercontent.com/RKRoberts97/byu_football_tree/refs/heads/main/College/Coaches/College%20Head%20Coaches/Steve_Sarkisian/2022_texas_roster.csv,Neto Umeozulu,FR,OL,,2022,Texas,Steve Sarkisian
https://raw.githubusercontent.com/RKRoberts97/byu_football_tree/refs/heads/main/College/Coaches/College%20Head%20Coaches/Steve_Sarkisian/2022_texas_roster.csv,Cameron Williams,SO,OL,,2022,Texas,Steve Sarkisian
https://raw.githubusercontent.com/RKRoberts97/byu_football_tree/refs/heads/main/College/Coaches/College%20Head%20Coaches/Steve_Sarkisian/2022_texas_roster.csv,Junior Angilau,SR,OL,,2022,Texas,Steve Sarkisian
https://raw.githubusercontent.com/RKRoberts97/byu_football_tree/refs/heads/main/College/Coaches/College%20Head%20Coaches/Steve_Sarkisian/2022_texas_roster.csv,Michael Balis,SR,OL,,2022,Texas,Steve Sarkisian
https://raw.githubusercontent.com/RKRoberts97/byu_football_tree/refs/heads/main/College/Coaches/College%20Head%20Coaches/Steve_Sarkisian/2022_texas_roster.csv,Sawyer Goram-Welch,JR,OL,,2022,Texas,Steve Sarkisian
https://raw.githubusercontent.com/RKRoberts97/byu_football_tree/refs/heads/main/College/Coaches/College%20Head%20Coaches/Steve_Sarkisian/2022_texas_roster.csv,Patrick McBroom,SO,OL,,2022,Texas,Steve Sarkisian
https://raw.githubusercontent.com/RKRoberts97/byu_football_tree/refs/heads/main/College/Coaches/College%20Head%20Coaches/Steve_Sarkisian/2022_texas_roster.csv,Max Merril,SO,OL,,2022,Texas,Steve Sarkisian
https://raw.githubusercontent.com/RKRoberts97/byu_football_tree/refs/heads/main/College/Coaches/College%20Head%20Coaches/Steve_Sarkisian/2022_texas_roster.csv,Will Pliska,SR,OL,,2022,Texas,Steve Sarkisian
https://raw.githubusercontent.com/RKRoberts97/byu_football_tree/refs/heads/main/College/Coaches/College%20Head%20Coaches/Steve_Sarkisian/2022_texas_roster.csv,Chad Wolf,SR,OL,,2022,Texas,Steve Sarkisian
https://raw.githubusercontent.com/RKRoberts97/byu_football_tree/refs/heads/main/College/Coaches/College%20Head%20Coaches/Steve_Sarkisian/2022_texas_roster.csv,Bert Auburn,JR,K,,2022,Texas,Steve Sarkisian
https://raw.githubusercontent.com/RKRoberts97/byu_football_tree/refs/heads/main/College/Coaches/College%20Head%20Coaches/Steve_Sarkisian/2022_texas_roster.csv,Will Stone,SO,K,,2022,Texas,Steve Sarkisian
https://raw.githubusercontent.com/RKRoberts97/byu_football_tree/refs/heads/main/College/Coaches/College%20Head%20Coaches/Steve_Sarkisian/2022_texas_roster.csv,Charles Feris,SO,K,,2022,Texas,Steve Sarkisian
https://raw.githubusercontent.com/RKRoberts97/byu_football_tree/refs/heads/main/College/Coaches/College%20Head%20Coaches/Steve_Sarkisian/2022_texas_roster.csv,Gabriel Lozano,SR,K,,2022,Texas,Steve Sarkisian
https://raw.githubusercontent.com/RKRoberts97/byu_football_tree/refs/heads/main/College/Coaches/College%20Head%20Coaches/Steve_Sarkisian/2022_texas_roster.csv,Jaray Bledsoe,FR,DL,,2022,Texas,Steve Sarkisian
https://raw.githubusercontent.com/RKRoberts97/byu_football_tree/refs/heads/main/College/Coaches/College%20Head%20Coaches/Steve_Sarkisian/2022_texas_roster.csv,Vernon Broughton,JR,DL,,2022,Texas,Steve Sarkisian
https://raw.githubusercontent.com/RKRoberts97/byu_football_tree/refs/heads/main/College/Coaches/College%20Head%20Coaches/Steve_Sarkisian/2022_texas_roster.csv,Aaron Bryant,FR,DL,,2022,Texas,Steve Sarkisian
https://raw.githubusercontent.com/RKRoberts97/byu_football_tree/refs/heads/main/College/Coaches/College%20Head%20Coaches/Steve_Sarkisian/2022_texas_roster.csv,Ethan Burke,SO,DL,,2022,Texas,Steve Sarkisian
https://raw.githubusercontent.com/RKRoberts97/byu_football_tree/refs/heads/main/College/Coaches/College%20Head%20Coaches/Steve_Sarkisian/2022_texas_roster.csv,Keondre Coburn,SR,DL,,2022,Texas,Steve Sarkisian
https://raw.githubusercontent.com/RKRoberts97/byu_football_tree/refs/heads/main/College/Coaches/College%20Head%20Coaches/Steve_Sarkisian/2022_texas_roster.csv,Alfred Collins,SR,DL,,2022,Texas,Steve Sarkisian
https://raw.githubusercontent.com/RKRoberts97/byu_football_tree/refs/heads/main/College/Coaches/College%20Head%20Coaches/Steve_Sarkisian/2022_texas_roster.csv,Justice Finkley,SO,DL,,2022,Texas,Steve Sarkisian
https://raw.githubusercontent.com/RKRoberts97/byu_football_tree/refs/heads/main/College/Coaches/College%20Head%20Coaches/Steve_Sarkisian/2022_texas_roster.csv,Byron Murphy II,JR,DL,,2022,Texas,Steve Sarkisian
https://raw.githubusercontent.com/RKRoberts97/byu_football_tree/refs/heads/main/College/Coaches/College%20Head%20Coaches/Steve_Sarkisian/2022_texas_roster.csv,Moro Ojomo,SR,DL,,2022,Texas,Steve Sarkisian
https://raw.githubusercontent.com/RKRoberts97/byu_football_tree/refs/heads/main/College/Coaches/College%20Head%20Coaches/Steve_Sarkisian/2022_texas_roster.csv,Kristopher Ross,FR,DL,,2022,Texas,Steve Sarkisian
https://raw.githubusercontent.com/RKRoberts97/byu_football_tree/refs/heads/main/College/Coaches/College%20Head%20Coaches/Steve_Sarkisian/2022_texas_roster.csv,Barryn Sorrell,JR,DL,,2022,Texas,Steve Sarkisian
https://raw.githubusercontent.com/RKRoberts97/byu_football_tree/refs/heads/main/College/Coaches/College%20Head%20Coaches/Steve_Sarkisian/2022_texas_roster.csv,Zac Swanson,FR,DL,,2022,Texas,Steve Sarkisian
https://raw.githubusercontent.com/RKRoberts97/byu_football_tree/refs/heads/main/College/Coaches/College%20Head%20Coaches/Steve_Sarkisian/2022_texas_roster.csv,T'vondre Sweat,SR,DL,,2022,Texas,Steve Sarkisian
https://raw.githubusercontent.com/RKRoberts97/byu_football_tree/refs/heads/main/College/Coaches/College%20Head%20Coaches/Steve_Sarkisian/2022_texas_roster.csv,J'Mond Tapp,FR,DL,,2022,Texas,Steve Sarkisian
https://raw.githubusercontent.com/RKRoberts97/byu_football_tree/refs/heads/main/College/Coaches/College%20Head%20Coaches/Steve_Sarkisian/2022_texas_roster.csv,Joshua Egbuna,FR,DL,,2022,Texas,Steve Sarkisian
https://raw.githubusercontent.com/RKRoberts97/byu_football_tree/refs/heads/main/College/Coaches/College%20Head%20Coaches/Steve_Sarkisian/2022_texas_roster.csv,Chris Hannon,SR,DL,,2022,Texas,Steve Sarkisian
https://raw.githubusercontent.com/RKRoberts97/byu_football_tree/refs/heads/main/College/Coaches/College%20Head%20Coaches/Steve_Sarkisian/2022_texas_roster.csv,Luke Brockermeyer,SR,LB,,2022,Texas,Steve Sarkisian
https://raw.githubusercontent.com/RKRoberts97/byu_football_tree/refs/heads/main/College/Coaches/College%20Head%20Coaches/Steve_Sarkisian/2022_texas_roster.csv,Jett Bush,SR,LB,,2022,Texas,Steve Sarkisian
https://raw.githubusercontent.com/RKRoberts97/byu_football_tree/refs/heads/main/College/Coaches/College%20Head%20Coaches/Steve_Sarkisian/2022_texas_roster.csv,Prince Dorbah,SO,LB,,2022,Texas,Steve Sarkisian
https://raw.githubusercontent.com/RKRoberts97/byu_football_tree/refs/heads/main/College/Coaches/College%20Head%20Coaches/Steve_Sarkisian/2022_texas_roster.csv,Jaylan Ford,SR,LB,,2022,Texas,Steve Sarkisian
https://raw.githubusercontent.com/RKRoberts97/byu_football_tree/refs/heads/main/College/Coaches/College%20Head%20Coaches/Steve_Sarkisian/2022_texas_roster.csv,David Gbenda,SR,LB,,2022,Texas,Steve Sarkisian
https://raw.githubusercontent.com/RKRoberts97/byu_football_tree/refs/heads/main/College/Coaches/College%20Head%20Coaches/Steve_Sarkisian/2022_texas_roster.csv,D.J. Harris,FR,LB,,2022,Texas,Steve Sarkisian
https://raw.githubusercontent.com/RKRoberts97/byu_football_tree/refs/heads/main/College/Coaches/College%20Head%20Coaches/Steve_Sarkisian/2022_texas_roster.csv,Ovie Oghoufo,SR,LB,,2022,Texas,Steve Sarkisian
https://raw.githubusercontent.com/RKRoberts97/byu_football_tree/refs/heads/main/College/Coaches/College%20Head%20Coaches/Steve_Sarkisian/2022_texas_roster.csv,Demarvion Overshown,SR,LB,,2022,Texas,Steve Sarkisian
https://raw.githubusercontent.com/RKRoberts97/byu_football_tree/refs/heads/main/College/Coaches/College%20Head%20Coaches/Steve_Sarkisian/2022_texas_roster.csv,Devin Richardson,SR,LB,,2022,Texas,Steve Sarkisian
https://raw.githubusercontent.com/RKRoberts97/byu_football_tree/refs/heads/main/College/Coaches/College%20Head%20Coaches/Steve_Sarkisian/2022_texas_roster.csv,Diamonte Tucker-Dorsey,SR,LB,,2022,Texas,Steve Sarkisian
https://raw.githubusercontent.com/RKRoberts97/byu_football_tree/refs/heads/main/College/Coaches/College%20Head%20Coaches/Steve_Sarkisian/2022_texas_roster.csv,Ben Armstrong,SO,LB,,2022,Texas,Steve Sarkisian
https://raw.githubusercontent.com/RKRoberts97/byu_football_tree/refs/heads/main/College/Coaches/College%20Head%20Coaches/Steve_Sarkisian/2022_texas_roster.csv,Derrick Brown,FR,LB,,2022,Texas,Steve Sarkisian
https://raw.githubusercontent.com/RKRoberts97/byu_football_tree/refs/heads/main/College/Coaches/College%20Head%20Coaches/Steve_Sarkisian/2022_texas_roster.csv,Michael Flanagan,SO,LB,,2022,Texas,Steve Sarkisian
https://raw.githubusercontent.com/RKRoberts97/byu_football_tree/refs/heads/main/College/Coaches/College%20Head%20Coaches/Steve_Sarkisian/2022_texas_roster.csv,Trevell Johnson,FR,LB,,2022,Texas,Steve Sarkisian
https://raw.githubusercontent.com/RKRoberts97/byu_football_tree/refs/heads/main/College/Coaches/College%20Head%20Coaches/Steve_Sarkisian/2022_texas_roster.csv,Koby Kidd,FR,LB,,2022,Texas,Steve Sarkisian
https://raw.githubusercontent.com/RKRoberts97/byu_football_tree/refs/heads/main/College/Coaches/College%20Head%20Coaches/Steve_Sarkisian/2022_texas_roster.csv,Marshall Landwehr,JR,LB,,2022,Texas,Steve Sarkisian
https://raw.githubusercontent.com/RKRoberts97/byu_football_tree/refs/heads/main/College/Coaches/College%20Head%20Coaches/Steve_Sarkisian/2022_texas_roster.csv,Tannahill Love,SR,LB,,2022,Texas,Steve Sarkisian
https://raw.githubusercontent.com/RKRoberts97/byu_football_tree/refs/heads/main/College/Coaches/College%20Head%20Coaches/Steve_Sarkisian/2022_texas_roster.csv,Winston Smith,SO,LB,,2022,Texas,Steve Sarkisian
https://raw.githubusercontent.com/RKRoberts97/byu_football_tree/refs/heads/main/College/Coaches/College%20Head%20Coaches/Steve_Sarkisian/2022_texas_roster.csv,Jahdae Barron,SR,DB,,2022,Texas,Steve Sarkisian
https://raw.githubusercontent.com/RKRoberts97/byu_football_tree/refs/heads/main/College/Coaches/College%20Head%20Coaches/Steve_Sarkisian/2022_texas_roster.csv,Morice Blackwell Jr.,JR,DB,,2022,Texas,Steve Sarkisian
https://raw.githubusercontent.com/RKRoberts97/byu_football_tree/refs/heads/main/College/Coaches/College%20Head%20Coaches/Steve_Sarkisian/2022_texas_roster.csv,X'Avion Brice,FR,DB,,2022,Texas,Steve Sarkisian
https://raw.githubusercontent.com/RKRoberts97/byu_football_tree/refs/heads/main/College/Coaches/College%20Head%20Coaches/Steve_Sarkisian/2022_texas_roster.csv,Terrance Brooks,SO,DB,,2022,Texas,Steve Sarkisian
https://raw.githubusercontent.com/RKRoberts97/byu_football_tree/refs/heads/main/College/Coaches/College%20Head%20Coaches/Steve_Sarkisian/2022_texas_roster.csv,J.D. Coffey III,SO,DB,,2022,Texas,Steve Sarkisian
https://raw.githubusercontent.com/RKRoberts97/byu_football_tree/refs/heads/main/College/Coaches/College%20Head%20Coaches/Steve_Sarkisian/2022_texas_roster.csv,Anthony Cook,SR,DB,,2022,Texas,Steve Sarkisian
https://raw.githubusercontent.com/RKRoberts97/byu_football_tree/refs/heads/main/College/Coaches/College%20Head%20Coaches/Steve_Sarkisian/2022_texas_roster.csv,Kitan Crawford,SR,DB,,2022,Texas,Steve Sarkisian
https://raw.githubusercontent.com/RKRoberts97/byu_football_tree/refs/heads/main/College/Coaches/College%20Head%20Coaches/Steve_Sarkisian/2022_texas_roster.csv,Jaylon Guilbeau,SO,DB,,2022,Texas,Steve Sarkisian
https://raw.githubusercontent.com/RKRoberts97/byu_football_tree/refs/heads/main/College/Coaches/College%20Head%20Coaches/Steve_Sarkisian/2022_texas_roster.csv,Ishmael Ibraheem,FR,DB,,2022,Texas,Steve Sarkisian
https://raw.githubusercontent.com/RKRoberts97/byu_football_tree/refs/heads/main/College/Coaches/College%20Head%20Coaches/Steve_Sarkisian/2022_texas_roster.csv,D'Shawn Jamison,SR,DB,,2022,Texas,Steve Sarkisian
https://raw.githubusercontent.com/RKRoberts97/byu_football_tree/refs/heads/main/College/Coaches/College%20Head%20Coaches/Steve_Sarkisian/2022_texas_roster.csv,Jamier Johnson,SO,DB,,2022,Texas,Steve Sarkisian
https://raw.githubusercontent.com/RKRoberts97/byu_football_tree/refs/heads/main/College/Coaches/College%20Head%20Coaches/Steve_Sarkisian/2022_texas_roster.csv,Austin Jordan,SO,DB,,2022,Texas,Steve Sarkisian
https://raw.githubusercontent.com/RKRoberts97/byu_football_tree/refs/heads/main/College/Coaches/College%20Head%20Coaches/Steve_Sarkisian/2022_texas_roster.csv,Michael Taaffe,SO,DB,,2022,Texas,Steve Sarkisian
https://raw.githubusercontent.com/RKRoberts97/byu_football_tree/refs/heads/main/College/Coaches/College%20Head%20Coaches/Steve_Sarkisian/2022_texas_roster.csv,Jerrin Thompson,SR,DB,,2022,Texas,Steve Sarkisian
https://raw.githubusercontent.com/RKRoberts97/byu_football_tree/refs/heads/main/College/Coaches/College%20Head%20Coaches/Steve_Sarkisian/2022_texas_roster.csv,Larry Turner-Gooden,FR,DB,,2022,Texas,Steve Sarkisian
https://raw.githubusercontent.com/RKRoberts97/byu_football_tree/refs/heads/main/College/Coaches/College%20Head%20Coaches/Steve_Sarkisian/2022_texas_roster.csv,Ryan Watts,SR,DB,,2022,Texas,Steve Sarkisian
https://raw.githubusercontent.com/RKRoberts97/byu_football_tree/refs/heads/main/College/Coaches/College%20Head%20Coaches/Steve_Sarkisian/2022_texas_roster.csv,BJ Allen Jr.,FR,DB,,2022,Texas,Steve Sarkisian
https://raw.githubusercontent.com/RKRoberts97/byu_football_tree/refs/heads/main/College/Coaches/College%20Head%20Coaches/Steve_Sarkisian/2022_texas_roster.csv,Graham Gillespie,SO,DB,,2022,Texas,Steve Sarkisian
https://raw.githubusercontent.com/RKRoberts97/byu_football_tree/refs/heads/main/College/Coaches/College%20Head%20Coaches/Steve_Sarkisian/2022_texas_roster.csv,Carson Marshall,SO,DB,,2022,Texas,Steve Sarkisian
https://raw.githubusercontent.com/RKRoberts97/byu_football_tree/refs/heads/main/College/Coaches/College%20Head%20Coaches/Steve_Sarkisian/2022_texas_roster.csv,Doak Wilson,SR,DB,,2022,Texas,Steve Sarkisian
https://raw.githubusercontent.com/RKRoberts97/byu_football_tree/refs/heads/main/College/Coaches/College%20Head%20Coaches/Steve_Sarkisian/2022_texas_roster.csv,Isaac Pearson,FR,P,,2022,Texas,Steve Sarkisian
https://raw.githubusercontent.com/RKRoberts97/byu_football_tree/refs/heads/main/College/Coaches/College%20Head%20Coaches/Steve_Sarkisian/2022_texas_roster.csv,Daniel Trejo,SR,P,,2022,Texas,Steve Sarkisian
https://raw.githubusercontent.com/RKRoberts97/byu_football_tree/refs/heads/main/College/Coaches/College%20Head%20Coaches/Steve_Sarkisian/2022_texas_roster.csv,Zach Edwards,SR,LS,,2022,Texas,Steve Sarkisian
https://raw.githubusercontent.com/RKRoberts97/byu_football_tree/refs/heads/main/College/Coaches/College%20Head%20Coaches/Steve_Sarkisian/2022_texas_roster.csv,Lance St. Louis,SO,LS,,2022,Texas,Steve Sarkisian
https://raw.githubusercontent.com/RKRoberts97/byu_football_tree/refs/heads/main/College/Coaches/College%20Head%20Coaches/Steve_Sarkisian/2022_texas_roster.csv,Christian Rizzi,JR,LS,,2022,Texas,Steve Sarkisian
https://raw.githubusercontent.com/RKRoberts97/byu_football_tree/refs/heads/main/College/Coaches/College%20Head%20Coaches/Steve_Sarkisian/2023_texas_roster.csv,Quinn Ewers,SO,QB,"272 Cmp, 394 Att, 3479 Yds, 22 TD",2023,Texas,Steve Sarkisian
https://raw.githubusercontent.com/RKRoberts97/byu_football_tree/refs/heads/main/College/Coaches/College%20Head%20Coaches/Steve_Sarkisian/2023_texas_roster.csv,Maalik Murphy,FR,QB,"40 Cmp, 71 Att, 477 Yds, 3 TD",2023,Texas,Steve Sarkisian
https://raw.githubusercontent.com/RKRoberts97/byu_football_tree/refs/heads/main/College/Coaches/College%20Head%20Coaches/Steve_Sarkisian/2023_texas_roster.csv,Arch Manning,FR,QB,"2 Cmp, 5 Att, 30 Yds, 0 TD",2023,Texas,Steve Sarkisian
https://raw.githubusercontent.com/RKRoberts97/byu_football_tree/refs/heads/main/College/Coaches/College%20Head%20Coaches/Steve_Sarkisian/2023_texas_roster.csv,Cole Lourd,JR,QB,,2023,Texas,Steve Sarkisian
https://raw.githubusercontent.com/RKRoberts97/byu_football_tree/refs/heads/main/College/Coaches/College%20Head%20Coaches/Steve_Sarkisian/2023_texas_roster.csv,Joe Tatum,SO,QB,,2023,Texas,Steve Sarkisian
https://raw.githubusercontent.com/RKRoberts97/byu_football_tree/refs/heads/main/College/Coaches/College%20Head%20Coaches/Steve_Sarkisian/2023_texas_roster.csv,Charles Wright,SO,QB,,2023,Texas,Steve Sarkisian
https://raw.githubusercontent.com/RKRoberts97/byu_football_tree/refs/heads/main/College/Coaches/College%20Head%20Coaches/Steve_Sarkisian/2023_texas_roster.csv,Savion Red,SO,RB,"30 Att, 131 Yds, 4.4 Avg",2023,Texas,Steve Sarkisian
https://raw.githubusercontent.com/RKRoberts97/byu_football_tree/refs/heads/main/College/Coaches/College%20Head%20Coaches/Steve_Sarkisian/2023_texas_roster.csv,Jonathon Brooks,SO,RB,"187 Att, 1139 Yds, 6.1 Avg",2023,Texas,Steve Sarkisian
https://raw.githubusercontent.com/RKRoberts97/byu_football_tree/refs/heads/main/College/Coaches/College%20Head%20Coaches/Steve_Sarkisian/2023_texas_roster.csv,CJ Baxter,FR,RB,"138 Att, 659 Yds, 4.8 Avg",2023,Texas,Steve Sarkisian
https://raw.githubusercontent.com/RKRoberts97/byu_football_tree/refs/heads/main/College/Coaches/College%20Head%20Coaches/Steve_Sarkisian/2023_texas_roster.csv,Jaydon Blue,SO,RB,"65 Att, 398 Yds, 6.1 Avg",2023,Texas,Steve Sarkisian
https://raw.githubusercontent.com/RKRoberts97/byu_football_tree/refs/heads/main/College/Coaches/College%20Head%20Coaches/Steve_Sarkisian/2023_texas_roster.csv,Keilan Robinson,SR,RB,"12 Att, 134 Yds, 11.2 Avg",2023,Texas,Steve Sarkisian
https://raw.githubusercontent.com/RKRoberts97/byu_football_tree/refs/heads/main/College/Coaches/College%20Head%20Coaches/Steve_Sarkisian/2023_texas_roster.csv,Tre Wisner,FR,RB,"12 Att, 73 Yds, 6.1 Avg",2023,Texas,Steve Sarkisian
https://raw.githubusercontent.com/RKRoberts97/byu_football_tree/refs/heads/main/College/Coaches/College%20Head%20Coaches/Steve_Sarkisian/2023_texas_roster.csv,Colin Page,SO,RB,,2023,Texas,Steve Sarkisian
https://raw.githubusercontent.com/RKRoberts97/byu_football_tree/refs/heads/main/College/Coaches/College%20Head%20Coaches/Steve_Sarkisian/2023_texas_roster.csv,Ky Woods,SO,RB,,2023,Texas,Steve Sarkisian
https://raw.githubusercontent.com/RKRoberts97/byu_football_tree/refs/heads/main/College/Coaches/College%20Head%20Coaches/Steve_Sarkisian/2023_texas_roster.csv,Xavier Worthy,JR,WR,"75 Rec, 1014 Yds, 13.5 Avg",2023,Texas,Steve Sarkisian
https://raw.githubusercontent.com/RKRoberts97/byu_football_tree/refs/heads/main/College/Coaches/College%20Head%20Coaches/Steve_Sarkisian/2023_texas_roster.csv,Jordan Whittington,SR,WR,"42 Rec, 505 Yds, 12.0 Avg",2023,Texas,Steve Sarkisian
https://raw.githubusercontent.com/RKRoberts97/byu_football_tree/refs/heads/main/College/Coaches/College%20Head%20Coaches/Steve_Sarkisian/2023_texas_roster.csv,Adonai Mitchell,JR,WR,"55 Rec, 845 Yds, 15.4 Avg",2023,Texas,Steve Sarkisian
https://raw.githubusercontent.com/RKRoberts97/byu_football_tree/refs/heads/main/College/Coaches/College%20Head%20Coaches/Steve_Sarkisian/2023_texas_roster.csv,Johntay Cook II,FR,WR,"8 Rec, 136 Yds, 17.0 Avg",2023,Texas,Steve Sarkisian
https://raw.githubusercontent.com/RKRoberts97/byu_football_tree/refs/heads/main/College/Coaches/College%20Head%20Coaches/Steve_Sarkisian/2023_texas_roster.csv,Casey Cain,SO,WR,"1 Rec, 13 Yds, 13.0 Avg",2023,Texas,Steve Sarkisian
https://raw.githubusercontent.com/RKRoberts97/byu_football_tree/refs/heads/main/College/Coaches/College%20Head%20Coaches/Steve_Sarkisian/2023_texas_roster.csv,Isaiah Neyor,SR,WR,"1 Rec, 14 Yds, 14.0 Avg",2023,Texas,Steve Sarkisian
https://raw.githubusercontent.com/RKRoberts97/byu_football_tree/refs/heads/main/College/Coaches/College%20Head%20Coaches/Steve_Sarkisian/2023_texas_roster.csv,Paxton Anderson,SR,WR,,2023,Texas,Steve Sarkisian
https://raw.githubusercontent.com/RKRoberts97/byu_football_tree/refs/heads/main/College/Coaches/College%20Head%20Coaches/Steve_Sarkisian/2023_texas_roster.csv,DeAndre Moore Jr.,FR,WR,,2023,Texas,Steve Sarkisian
https://raw.githubusercontent.com/RKRoberts97/byu_football_tree/refs/heads/main/College/Coaches/College%20Head%20Coaches/Steve_Sarkisian/2023_texas_roster.csv,Ryan Niblett,FR,WR,,2023,Texas,Steve Sarkisian
https://raw.githubusercontent.com/RKRoberts97/byu_football_tree/refs/heads/main/College/Coaches/College%20Head%20Coaches/Steve_Sarkisian/2023_texas_roster.csv,Rett Andersen,FR,WR,,2023,Texas,Steve Sarkisian
https://raw.githubusercontent.com/RKRoberts97/byu_football_tree/refs/heads/main/College/Coaches/College%20Head%20Coaches/Steve_Sarkisian/2023_texas_roster.csv,Reece Beauchamp,SO,WR,,2023,Texas,Steve Sarkisian
https://raw.githubusercontent.com/RKRoberts97/byu_football_tree/refs/heads/main/College/Coaches/College%20Head%20Coaches/Steve_Sarkisian/2023_texas_roster.csv,Ty Boatright,FR,WR,,2023,Texas,Steve Sarkisian
https://raw.githubusercontent.com/RKRoberts97/byu_football_tree/refs/heads/main/College/Coaches/College%20Head%20Coaches/Steve_Sarkisian/2023_texas_roster.csv,Bryce Chambers,FR,WR,,2023,Texas,Steve Sarkisian
https://raw.githubusercontent.com/RKRoberts97/byu_football_tree/refs/heads/main/College/Coaches/College%20Head%20Coaches/Steve_Sarkisian/2023_texas_roster.csv,Hamilton McMartin,SO,WR,,2023,Texas,Steve Sarkisian
https://raw.githubusercontent.com/RKRoberts97/byu_football_tree/refs/heads/main/College/Coaches/College%20Head%20Coaches/Steve_Sarkisian/2023_texas_roster.csv,Quinn Merritt,SO,WR,,2023,Texas,Steve Sarkisian
https://raw.githubusercontent.com/RKRoberts97/byu_football_tree/refs/heads/main/College/Coaches/College%20Head%20Coaches/Steve_Sarkisian/2023_texas_roster.csv,Thatcher Milton,JR,WR,,2023,Texas,Steve Sarkisian
https://raw.githubusercontent.com/RKRoberts97/byu_football_tree/refs/heads/main/College/Coaches/College%20Head%20Coaches/Steve_Sarkisian/2023_texas_roster.csv,Remy Patson,SO,WR,,2023,Texas,Steve Sarkisian
https://raw.githubusercontent.com/RKRoberts97/byu_football_tree/refs/heads/main/College/Coaches/College%20Head%20Coaches/Steve_Sarkisian/2023_texas_roster.csv,Ja'Tavion Sanders,JR,TE,"45 Rec, 682 Yds, 15.2 Avg",2023,Texas,Steve Sarkisian
https://raw.githubusercontent.com/RKRoberts97/byu_football_tree/refs/heads/main/College/Coaches/College%20Head%20Coaches/Steve_Sarkisian/2023_texas_roster.csv,Gunnar Helm,JR,TE,"14 Rec, 192 Yds, 13.7 Avg",2023,Texas,Steve Sarkisian
https://raw.githubusercontent.com/RKRoberts97/byu_football_tree/refs/heads/main/College/Coaches/College%20Head%20Coaches/Steve_Sarkisian/2023_texas_roster.csv,Patrick Bayouth,SR,TE,,2023,Texas,Steve Sarkisian
https://raw.githubusercontent.com/RKRoberts97/byu_football_tree/refs/heads/main/College/Coaches/College%20Head%20Coaches/Steve_Sarkisian/2023_texas_roster.csv,Juan Davis,JR,TE,,2023,Texas,Steve Sarkisian
https://raw.githubusercontent.com/RKRoberts97/byu_football_tree/refs/heads/main/College/Coaches/College%20Head%20Coaches/Steve_Sarkisian/2023_texas_roster.csv,Gus Asel,SR,TE,,2023,Texas,Steve Sarkisian
https://raw.githubusercontent.com/RKRoberts97/byu_football_tree/refs/heads/main/College/Coaches/College%20Head%20Coaches/Steve_Sarkisian/2023_texas_roster.csv,Will Randle,FR,TE,,2023,Texas,Steve Sarkisian
https://raw.githubusercontent.com/RKRoberts97/byu_football_tree/refs/heads/main/College/Coaches/College%20Head%20Coaches/Steve_Sarkisian/2023_texas_roster.csv,Spencer Shannon,FR,TE,,2023,Texas,Steve Sarkisian
https://raw.githubusercontent.com/RKRoberts97/byu_football_tree/refs/heads/main/College/Coaches/College%20Head%20Coaches/Steve_Sarkisian/2023_texas_roster.csv,Malik Agbo,FR,OL,,2023,Texas,Steve Sarkisian
https://raw.githubusercontent.com/RKRoberts97/byu_football_tree/refs/heads/main/College/Coaches/College%20Head%20Coaches/Steve_Sarkisian/2023_texas_roster.csv,Kelvin Banks Jr.,SO,OL,,2023,Texas,Steve Sarkisian
https://raw.githubusercontent.com/RKRoberts97/byu_football_tree/refs/heads/main/College/Coaches/College%20Head%20Coaches/Steve_Sarkisian/2023_texas_roster.csv,DJ Campbell,SO,OL,,2023,Texas,Steve Sarkisian
https://raw.githubusercontent.com/RKRoberts97/byu_football_tree/refs/heads/main/College/Coaches/College%20Head%20Coaches/Steve_Sarkisian/2023_texas_roster.csv,Jaydon Chatman,FR,OL,,2023,Texas,Steve Sarkisian
https://raw.githubusercontent.com/RKRoberts97/byu_football_tree/refs/heads/main/College/Coaches/College%20Head%20Coaches/Steve_Sarkisian/2023_texas_roster.csv,Hayden Conner,JR,OL,,2023,Texas,Steve Sarkisian
https://raw.githubusercontent.com/RKRoberts97/byu_football_tree/refs/heads/main/College/Coaches/College%20Head%20Coaches/Steve_Sarkisian/2023_texas_roster.csv,Trevor Goosby,FR,OL,,2023,Texas,Steve Sarkisian
https://raw.githubusercontent.com/RKRoberts97/byu_football_tree/refs/heads/main/College/Coaches/College%20Head%20Coaches/Steve_Sarkisian/2023_texas_roster.csv,Sawyer Goram-Welch,JR,OL,,2023,Texas,Steve Sarkisian
https://raw.githubusercontent.com/RKRoberts97/byu_football_tree/refs/heads/main/College/Coaches/College%20Head%20Coaches/Steve_Sarkisian/2023_texas_roster.csv,Cole Hutson,SO,OL,,2023,Texas,Steve Sarkisian
https://raw.githubusercontent.com/RKRoberts97/byu_football_tree/refs/heads/main/College/Coaches/College%20Head%20Coaches/Steve_Sarkisian/2023_texas_roster.csv,Christian Jones,SR,OL,,2023,Texas,Steve Sarkisian
https://raw.githubusercontent.com/RKRoberts97/byu_football_tree/refs/heads/main/College/Coaches/College%20Head%20Coaches/Steve_Sarkisian/2023_texas_roster.csv,Jake Majors,JR,OL,,2023,Texas,Steve Sarkisian
https://raw.githubusercontent.com/RKRoberts97/byu_football_tree/refs/heads/main/College/Coaches/College%20Head%20Coaches/Steve_Sarkisian/2023_texas_roster.csv,Connor Robertson,FR,OL,,2023,Texas,Steve Sarkisian
https://raw.githubusercontent.com/RKRoberts97/byu_football_tree/refs/heads/main/College/Coaches/College%20Head%20Coaches/Steve_Sarkisian/2023_texas_roster.csv,Neto Umeozulu,FR,OL,,2023,Texas,Steve Sarkisian
https://raw.githubusercontent.com/RKRoberts97/byu_football_tree/refs/heads/main/College/Coaches/College%20Head%20Coaches/Steve_Sarkisian/2023_texas_roster.csv,Cameron Williams,SO,OL,,2023,Texas,Steve Sarkisian
https://raw.githubusercontent.com/RKRoberts97/byu_football_tree/refs/heads/main/College/Coaches/College%20Head%20Coaches/Steve_Sarkisian/2023_texas_roster.csv,Andre Cojoe,FR,OL,,2023,Texas,Steve Sarkisian
https://raw.githubusercontent.com/RKRoberts97/byu_football_tree/refs/heads/main/College/Coaches/College%20Head%20Coaches/Steve_Sarkisian/2023_texas_roster.csv,Brooks Kieschnick Jr.,FR,OL,,2023,Texas,Steve Sarkisian
https://raw.githubusercontent.com/RKRoberts97/byu_football_tree/refs/heads/main/College/Coaches/College%20Head%20Coaches/Steve_Sarkisian/2023_texas_roster.csv,Payton Kirkland,FR,OL,,2023,Texas,Steve Sarkisian
https://raw.githubusercontent.com/RKRoberts97/byu_football_tree/refs/heads/main/College/Coaches/College%20Head%20Coaches/Steve_Sarkisian/2023_texas_roster.csv,Patrick McBroom,SO,OL,,2023,Texas,Steve Sarkisian
https://raw.githubusercontent.com/RKRoberts97/byu_football_tree/refs/heads/main/College/Coaches/College%20Head%20Coaches/Steve_Sarkisian/2023_texas_roster.csv,Max Merril,SO,OL,,2023,Texas,Steve Sarkisian
https://raw.githubusercontent.com/RKRoberts97/byu_football_tree/refs/heads/main/College/Coaches/College%20Head%20Coaches/Steve_Sarkisian/2023_texas_roster.csv,Connor Stroh,FR,OL,,2023,Texas,Steve Sarkisian
https://raw.githubusercontent.com/RKRoberts97/byu_football_tree/refs/heads/main/College/Coaches/College%20Head%20Coaches/Steve_Sarkisian/2023_texas_roster.csv,Robert Sweeney,FR,OL,,2023,Texas,Steve Sarkisian
https://raw.githubusercontent.com/RKRoberts97/byu_football_tree/refs/heads/main/College/Coaches/College%20Head%20Coaches/Steve_Sarkisian/2023_texas_roster.csv,Bert Auburn,JR,K,,2023,Texas,Steve Sarkisian
https://raw.githubusercontent.com/RKRoberts97/byu_football_tree/refs/heads/main/College/Coaches/College%20Head%20Coaches/Steve_Sarkisian/2023_texas_roster.csv,Will Stone,SO,K,,2023,Texas,Steve Sarkisian
https://raw.githubusercontent.com/RKRoberts97/byu_football_tree/refs/heads/main/College/Coaches/College%20Head%20Coaches/Steve_Sarkisian/2023_texas_roster.csv,Charles Feris,SO,K,,2023,Texas,Steve Sarkisian
https://raw.githubusercontent.com/RKRoberts97/byu_football_tree/refs/heads/main/College/Coaches/College%20Head%20Coaches/Steve_Sarkisian/2023_texas_roster.csv,Gabriel Lozano,SR,K,,2023,Texas,Steve Sarkisian
https://raw.githubusercontent.com/RKRoberts97/byu_football_tree/refs/heads/main/College/Coaches/College%20Head%20Coaches/Steve_Sarkisian/2023_texas_roster.csv,Reed Malphurs,FR,K,,2023,Texas,Steve Sarkisian
https://raw.githubusercontent.com/RKRoberts97/byu_football_tree/refs/heads/main/College/Coaches/College%20Head%20Coaches/Steve_Sarkisian/2023_texas_roster.csv,Byron Murphy II,JR,DL,,2023,Texas,Steve Sarkisian
https://raw.githubusercontent.com/RKRoberts97/byu_football_tree/refs/heads/main/College/Coaches/College%20Head%20Coaches/Steve_Sarkisian/2023_texas_roster.csv,T'vondre Sweat,SR,DL,,2023,Texas,Steve Sarkisian
https://raw.githubusercontent.com/RKRoberts97/byu_football_tree/refs/heads/main/College/Coaches/College%20Head%20Coaches/Steve_Sarkisian/2023_texas_roster.csv,Tausili Akana,FR,DL,,2023,Texas,Steve Sarkisian
https://raw.githubusercontent.com/RKRoberts97/byu_football_tree/refs/heads/main/College/Coaches/College%20Head%20Coaches/Steve_Sarkisian/2023_texas_roster.csv,Jaray Bledsoe,FR,DL,,2023,Texas,Steve Sarkisian
https://raw.githubusercontent.com/RKRoberts97/byu_football_tree/refs/heads/main/College/Coaches/College%20Head%20Coaches/Steve_Sarkisian/2023_texas_roster.csv,Vernon Broughton,JR,DL,,2023,Texas,Steve Sarkisian
https://raw.githubusercontent.com/RKRoberts97/byu_football_tree/refs/heads/main/College/Coaches/College%20Head%20Coaches/Steve_Sarkisian/2023_texas_roster.csv,Aaron Bryant,FR,DL,,2023,Texas,Steve Sarkisian
https://raw.githubusercontent.com/RKRoberts97/byu_football_tree/refs/heads/main/College/Coaches/College%20Head%20Coaches/Steve_Sarkisian/2023_texas_roster.csv,Ethan Burke,SO,DL,,2023,Texas,Steve Sarkisian
https://raw.githubusercontent.com/RKRoberts97/byu_football_tree/refs/heads/main/College/Coaches/College%20Head%20Coaches/Steve_Sarkisian/2023_texas_roster.csv,DeAngelo Carter,SR,DL,,2023,Texas,Steve Sarkisian
https://raw.githubusercontent.com/RKRoberts97/byu_football_tree/refs/heads/main/College/Coaches/College%20Head%20Coaches/Steve_Sarkisian/2023_texas_roster.csv,Alfred Collins,SR,DL,,2023,Texas,Steve Sarkisian
https://raw.githubusercontent.com/RKRoberts97/byu_football_tree/refs/heads/main/College/Coaches/College%20Head%20Coaches/Steve_Sarkisian/2023_texas_roster.csv,Justice Finkley,SO,DL,,2023,Texas,Steve Sarkisian
https://raw.githubusercontent.com/RKRoberts97/byu_football_tree/refs/heads/main/College/Coaches/College%20Head%20Coaches/Steve_Sarkisian/2023_texas_roster.csv,Sydir Mitchell,FR,DL,,2023,Texas,Steve Sarkisian
https://raw.githubusercontent.com/RKRoberts97/byu_football_tree/refs/heads/main/College/Coaches/College%20Head%20Coaches/Steve_Sarkisian/2023_texas_roster.csv,Kristopher Ross,FR,DL,,2023,Texas,Steve Sarkisian
https://raw.githubusercontent.com/RKRoberts97/byu_football_tree/refs/heads/main/College/Coaches/College%20Head%20Coaches/Steve_Sarkisian/2023_texas_roster.csv,Barryn Sorrell,JR,DL,,2023,Texas,Steve Sarkisian
https://raw.githubusercontent.com/RKRoberts97/byu_football_tree/refs/heads/main/College/Coaches/College%20Head%20Coaches/Steve_Sarkisian/2023_texas_roster.csv,Zac Swanson,FR,DL,,2023,Texas,Steve Sarkisian
https://raw.githubusercontent.com/RKRoberts97/byu_football_tree/refs/heads/main/College/Coaches/College%20Head%20Coaches/Steve_Sarkisian/2023_texas_roster.csv,J'Mond Tapp,FR,DL,,2023,Texas,Steve Sarkisian
https://raw.githubusercontent.com/RKRoberts97/byu_football_tree/refs/heads/main/College/Coaches/College%20Head%20Coaches/Steve_Sarkisian/2023_texas_roster.csv,Billy Walton III,FR,DL,,2023,Texas,Steve Sarkisian
https://raw.githubusercontent.com/RKRoberts97/byu_football_tree/refs/heads/main/College/Coaches/College%20Head%20Coaches/Steve_Sarkisian/2023_texas_roster.csv,Dorian Black,SR,DL,,2023,Texas,Steve Sarkisian
https://raw.githubusercontent.com/RKRoberts97/byu_football_tree/refs/heads/main/College/Coaches/College%20Head%20Coaches/Steve_Sarkisian/2023_texas_roster.csv,Colton Vasek,FR,DL,,2023,Texas,Steve Sarkisian
https://raw.githubusercontent.com/RKRoberts97/byu_football_tree/refs/heads/main/College/Coaches/College%20Head%20Coaches/Steve_Sarkisian/2023_texas_roster.csv,Jett Bush,SR,LB,,2023,Texas,Steve Sarkisian
https://raw.githubusercontent.com/RKRoberts97/byu_football_tree/refs/heads/main/College/Coaches/College%20Head%20Coaches/Steve_Sarkisian/2023_texas_roster.csv,Jaylan Ford,SR,LB,,2023,Texas,Steve Sarkisian
https://raw.githubusercontent.com/RKRoberts97/byu_football_tree/refs/heads/main/College/Coaches/College%20Head%20Coaches/Steve_Sarkisian/2023_texas_roster.csv,David Gbenda,SR,LB,,2023,Texas,Steve Sarkisian
https://raw.githubusercontent.com/RKRoberts97/byu_football_tree/refs/heads/main/College/Coaches/College%20Head%20Coaches/Steve_Sarkisian/2023_texas_roster.csv,Anthony Hill Jr.,FR,LB,,2023,Texas,Steve Sarkisian
https://raw.githubusercontent.com/RKRoberts97/byu_football_tree/refs/heads/main/College/Coaches/College%20Head%20Coaches/Steve_Sarkisian/2023_texas_roster.csv,Marshall Landwehr,JR,LB,,2023,Texas,Steve Sarkisian
https://raw.githubusercontent.com/RKRoberts97/byu_football_tree/refs/heads/main/College/Coaches/College%20Head%20Coaches/Steve_Sarkisian/2023_texas_roster.csv,Liona Lefau,FR,LB,,2023,Texas,Steve Sarkisian
https://raw.githubusercontent.com/RKRoberts97/byu_football_tree/refs/heads/main/College/Coaches/College%20Head%20Coaches/Steve_Sarkisian/2023_texas_roster.csv,Tannahill Love,SR,LB,,2023,Texas,Steve Sarkisian
https://raw.githubusercontent.com/RKRoberts97/byu_football_tree/refs/heads/main/College/Coaches/College%20Head%20Coaches/Steve_Sarkisian/2023_texas_roster.csv,Ben Armstrong,SO,LB,,2023,Texas,Steve Sarkisian
https://raw.githubusercontent.com/RKRoberts97/byu_football_tree/refs/heads/main/College/Coaches/College%20Head%20Coaches/Steve_Sarkisian/2023_texas_roster.csv,S'Maje Burrell,FR,LB,,2023,Texas,Steve Sarkisian
https://raw.githubusercontent.com/RKRoberts97/byu_football_tree/refs/heads/main/College/Coaches/College%20Head%20Coaches/Steve_Sarkisian/2023_texas_roster.csv,Michael Flanagan,SO,LB,,2023,Texas,Steve Sarkisian
https://raw.githubusercontent.com/RKRoberts97/byu_football_tree/refs/heads/main/College/Coaches/College%20Head%20Coaches/Steve_Sarkisian/2023_texas_roster.csv,Derion Gullette,FR,LB,,2023,Texas,Steve Sarkisian
https://raw.githubusercontent.com/RKRoberts97/byu_football_tree/refs/heads/main/College/Coaches/College%20Head%20Coaches/Steve_Sarkisian/2023_texas_roster.csv,Brady Sarkisian,FR,LB,,2023,Texas,Steve Sarkisian
https://raw.githubusercontent.com/RKRoberts97/byu_football_tree/refs/heads/main/College/Coaches/College%20Head%20Coaches/Steve_Sarkisian/2023_texas_roster.csv,Winston Smith,SO,LB,,2023,Texas,Steve Sarkisian
https://raw.githubusercontent.com/RKRoberts97/byu_football_tree/refs/heads/main/College/Coaches/College%20Head%20Coaches/Steve_Sarkisian/2023_texas_roster.csv,BJ Allen Jr.,FR,DB,,2023,Texas,Steve Sarkisian
https://raw.githubusercontent.com/RKRoberts97/byu_football_tree/refs/heads/main/College/Coaches/College%20Head%20Coaches/Steve_Sarkisian/2023_texas_roster.csv,Jahdae Barron,SR,DB,,2023,Texas,Steve Sarkisian
https://raw.githubusercontent.com/RKRoberts97/byu_football_tree/refs/heads/main/College/Coaches/College%20Head%20Coaches/Steve_Sarkisian/2023_texas_roster.csv,Morice Blackwell Jr.,JR,DB,,2023,Texas,Steve Sarkisian
https://raw.githubusercontent.com/RKRoberts97/byu_football_tree/refs/heads/main/College/Coaches/College%20Head%20Coaches/Steve_Sarkisian/2023_texas_roster.csv,X'Avion Brice,FR,DB,,2023,Texas,Steve Sarkisian
https://raw.githubusercontent.com/RKRoberts97/byu_football_tree/refs/heads/main/College/Coaches/College%20Head%20Coaches/Steve_Sarkisian/2023_texas_roster.csv,Terrance Brooks,SO,DB,,2023,Texas,Steve Sarkisian
https://raw.githubusercontent.com/RKRoberts97/byu_football_tree/refs/heads/main/College/Coaches/College%20Head%20Coaches/Steve_Sarkisian/2023_texas_roster.csv,Jalen Catalon,SR,DB,,2023,Texas,Steve Sarkisian
https://raw.githubusercontent.com/RKRoberts97/byu_football_tree/refs/heads/main/College/Coaches/College%20Head%20Coaches/Steve_Sarkisian/2023_texas_roster.csv,Kitan Crawford,SR,DB,,2023,Texas,Steve Sarkisian
https://raw.githubusercontent.com/RKRoberts97/byu_football_tree/refs/heads/main/College/Coaches/College%20Head%20Coaches/Steve_Sarkisian/2023_texas_roster.csv,Jaylon Guilbeau,SO,DB,,2023,Texas,Steve Sarkisian
https://raw.githubusercontent.com/RKRoberts97/byu_football_tree/refs/heads/main/College/Coaches/College%20Head%20Coaches/Steve_Sarkisian/2023_texas_roster.csv,Gavin Holmes,JR,DB,,2023,Texas,Steve Sarkisian
https://raw.githubusercontent.com/RKRoberts97/byu_football_tree/refs/heads/main/College/Coaches/College%20Head%20Coaches/Steve_Sarkisian/2023_texas_roster.csv,Austin Jordan,SO,DB,,2023,Texas,Steve Sarkisian
https://raw.githubusercontent.com/RKRoberts97/byu_football_tree/refs/heads/main/College/Coaches/College%20Head%20Coaches/Steve_Sarkisian/2023_texas_roster.csv,Jelani McDonald,FR,DB,,2023,Texas,Steve Sarkisian
https://raw.githubusercontent.com/RKRoberts97/byu_football_tree/refs/heads/main/College/Coaches/College%20Head%20Coaches/Steve_Sarkisian/2023_texas_roster.csv,Malik Muhammad,FR,DB,,2023,Texas,Steve Sarkisian
https://raw.githubusercontent.com/RKRoberts97/byu_football_tree/refs/heads/main/College/Coaches/College%20Head%20Coaches/Steve_Sarkisian/2023_texas_roster.csv,Warren Roberson,FR,DB,,2023,Texas,Steve Sarkisian
https://raw.githubusercontent.com/RKRoberts97/byu_football_tree/refs/heads/main/College/Coaches/College%20Head%20Coaches/Steve_Sarkisian/2023_texas_roster.csv,Michael Taaffe,SO,DB,,2023,Texas,Steve Sarkisian
https://raw.githubusercontent.com/RKRoberts97/byu_football_tree/refs/heads/main/College/Coaches/College%20Head%20Coaches/Steve_Sarkisian/2023_texas_roster.csv,Jerrin Thompson,SR,DB,,2023,Texas,Steve Sarkisian
https://raw.githubusercontent.com/RKRoberts97/byu_football_tree/refs/heads/main/College/Coaches/College%20Head%20Coaches/Steve_Sarkisian/2023_texas_roster.csv,Larry Turner-Gooden,FR,DB,,2023,Texas,Steve Sarkisian
https://raw.githubusercontent.com/RKRoberts97/byu_football_tree/refs/heads/main/College/Coaches/College%20Head%20Coaches/Steve_Sarkisian/2023_texas_roster.csv,Ryan Watts,SR,DB,,2023,Texas,Steve Sarkisian
https://raw.githubusercontent.com/RKRoberts97/byu_football_tree/refs/heads/main/College/Coaches/College%20Head%20Coaches/Steve_Sarkisian/2023_texas_roster.csv,Derek Williams Jr.,FR,DB,,2023,Texas,Steve Sarkisian
https://raw.githubusercontent.com/RKRoberts97/byu_football_tree/refs/heads/main/College/Coaches/College%20Head%20Coaches/Steve_Sarkisian/2023_texas_roster.csv,Graham Gillespie,SO,DB,,2023,Texas,Steve Sarkisian
https://raw.githubusercontent.com/RKRoberts97/byu_football_tree/refs/heads/main/College/Coaches/College%20Head%20Coaches/Steve_Sarkisian/2023_texas_roster.csv,Ja'Faar Johnson Jr.,SO,DB,,2023,Texas,Steve Sarkisian
https://raw.githubusercontent.com/RKRoberts97/byu_football_tree/refs/heads/main/College/Coaches/College%20Head%20Coaches/Steve_Sarkisian/2023_texas_roster.csv,Carson Marshall,SO,DB,,2023,Texas,Steve Sarkisian
https://raw.githubusercontent.com/RKRoberts97/byu_football_tree/refs/heads/main/College/Coaches/College%20Head%20Coaches/Steve_Sarkisian/2023_texas_roster.csv,Ryan Sanborn,SR,P,,2023,Texas,Steve Sarkisian
https://raw.githubusercontent.com/RKRoberts97/byu_football_tree/refs/heads/main/College/Coaches/College%20Head%20Coaches/Steve_Sarkisian/2023_texas_roster.csv,Ian Ratliff,FR,P,,2023,Texas,Steve Sarkisian
https://raw.githubusercontent.com/RKRoberts97/byu_football_tree/refs/heads/main/College/Coaches/College%20Head%20Coaches/Steve_Sarkisian/2023_texas_roster.csv,Lance St. Louis,SO,LS,,2023,Texas,Steve Sarkisian
https://raw.githubusercontent.com/RKRoberts97/byu_football_tree/refs/heads/main/College/Coaches/College%20Head%20Coaches/Steve_Sarkisian/2023_texas_roster.csv,Tate Haver,FR,LS,,2023,Texas,Steve Sarkisian
https://raw.githubusercontent.com/RKRoberts97/byu_football_tree/refs/heads/main/College/Coaches/College%20Head%20Coaches/Steve_Sarkisian/2023_texas_roster.csv,Christian Rizzi,JR,LS,,2023,Texas,Steve Sarkisian
https://raw.githubusercontent.com/RKRoberts97/byu_football_tree/refs/heads/main/College/Coaches/College%20Head%20Coaches/Steve_Sarkisian/2024_texas_roster.csv,Quinn Ewers,JR,QB,"293 Cmp, 445 Att, 3472 Yds, 31 TD",2024,Texas,Steve Sarkisian
https://raw.githubusercontent.com/RKRoberts97/byu_football_tree/refs/heads/main/College/Coaches/College%20Head%20Coaches/Steve_Sarkisian/2024_texas_roster.csv,Arch Manning,FR,QB,"61 Cmp, 90 Att, 939 Yds, 9 TD",2024,Texas,Steve Sarkisian
https://raw.githubusercontent.com/RKRoberts97/byu_football_tree/refs/heads/main/College/Coaches/College%20Head%20Coaches/Steve_Sarkisian/2024_texas_roster.csv,Trey Owens,FR,QB,"2 Cmp, 4 Att, 19 Yds, 0 TD",2024,Texas,Steve Sarkisian
https://raw.githubusercontent.com/RKRoberts97/byu_football_tree/refs/heads/main/College/Coaches/College%20Head%20Coaches/Steve_Sarkisian/2024_texas_roster.csv,Cole Lourd,SR,QB,,2024,Texas,Steve Sarkisian
https://raw.githubusercontent.com/RKRoberts97/byu_football_tree/refs/heads/main/College/Coaches/College%20Head%20Coaches/Steve_Sarkisian/2024_texas_roster.csv,Joe Tatum,JR,QB,,2024,Texas,Steve Sarkisian
https://raw.githubusercontent.com/RKRoberts97/byu_football_tree/refs/heads/main/College/Coaches/College%20Head%20Coaches/Steve_Sarkisian/2024_texas_roster.csv,Tre Wisner,SO,RB,"226 Att, 1064 Yds, 4.7 Avg",2024,Texas,Steve Sarkisian
https://raw.githubusercontent.com/RKRoberts97/byu_football_tree/refs/heads/main/College/Coaches/College%20Head%20Coaches/Steve_Sarkisian/2024_texas_roster.csv,Jaydon Blue,JR,RB,"134 Att, 730 Yds, 5.4 Avg",2024,Texas,Steve Sarkisian
https://raw.githubusercontent.com/RKRoberts97/byu_football_tree/refs/heads/main/College/Coaches/College%20Head%20Coaches/Steve_Sarkisian/2024_texas_roster.csv,Jerrick Gibson,FR,RB,"78 Att, 377 Yds, 4.8 Avg",2024,Texas,Steve Sarkisian
https://raw.githubusercontent.com/RKRoberts97/byu_football_tree/refs/heads/main/College/Coaches/College%20Head%20Coaches/Steve_Sarkisian/2024_texas_roster.csv,Colin Page,JR,RB,"18 Att, 99 Yds, 5.5 Avg",2024,Texas,Steve Sarkisian
https://raw.githubusercontent.com/RKRoberts97/byu_football_tree/refs/heads/main/College/Coaches/College%20Head%20Coaches/Steve_Sarkisian/2024_texas_roster.csv,Velton Gardner,SR,RB,"8 Att, 26 Yds, 3.3 Avg",2024,Texas,Steve Sarkisian
https://raw.githubusercontent.com/RKRoberts97/byu_football_tree/refs/heads/main/College/Coaches/College%20Head%20Coaches/Steve_Sarkisian/2024_texas_roster.csv,Reid Watkins,FR,RB,"4 Att, 15 Yds, 3.8 Avg",2024,Texas,Steve Sarkisian
https://raw.githubusercontent.com/RKRoberts97/byu_football_tree/refs/heads/main/College/Coaches/College%20Head%20Coaches/Steve_Sarkisian/2024_texas_roster.csv,CJ Baxter,SO,RB,,2024,Texas,Steve Sarkisian
https://raw.githubusercontent.com/RKRoberts97/byu_football_tree/refs/heads/main/College/Coaches/College%20Head%20Coaches/Steve_Sarkisian/2024_texas_roster.csv,Christian Clark,FR,RB,,2024,Texas,Steve Sarkisian
https://raw.githubusercontent.com/RKRoberts97/byu_football_tree/refs/heads/main/College/Coaches/College%20Head%20Coaches/Steve_Sarkisian/2024_texas_roster.csv,Nik Sanders,FR,RB,,2024,Texas,Steve Sarkisian
https://raw.githubusercontent.com/RKRoberts97/byu_football_tree/refs/heads/main/College/Coaches/College%20Head%20Coaches/Steve_Sarkisian/2024_texas_roster.csv,Matthew Golden,JR,WR,"58 Rec, 987 Yds, 17.0 Avg",2024,Texas,Steve Sarkisian
https://raw.githubusercontent.com/RKRoberts97/byu_football_tree/refs/heads/main/College/Coaches/College%20Head%20Coaches/Steve_Sarkisian/2024_texas_roster.csv,Ryan Niblett,FR,WR,"3 Rec, 24 Yds, 8.0 Avg",2024,Texas,Steve Sarkisian
https://raw.githubusercontent.com/RKRoberts97/byu_football_tree/refs/heads/main/College/Coaches/College%20Head%20Coaches/Steve_Sarkisian/2024_texas_roster.csv,Ryan Wingo,FR,WR,"29 Rec, 472 Yds, 16.3 Avg",2024,Texas,Steve Sarkisian
https://raw.githubusercontent.com/RKRoberts97/byu_football_tree/refs/heads/main/College/Coaches/College%20Head%20Coaches/Steve_Sarkisian/2024_texas_roster.csv,Isaiah Bond,JR,WR,"34 Rec, 540 Yds, 15.9 Avg",2024,Texas,Steve Sarkisian
https://raw.githubusercontent.com/RKRoberts97/byu_football_tree/refs/heads/main/College/Coaches/College%20Head%20Coaches/Steve_Sarkisian/2024_texas_roster.csv,Silas Bolden,SR,WR,"23 Rec, 267 Yds, 11.6 Avg",2024,Texas,Steve Sarkisian
https://raw.githubusercontent.com/RKRoberts97/byu_football_tree/refs/heads/main/College/Coaches/College%20Head%20Coaches/Steve_Sarkisian/2024_texas_roster.csv,DeAndre Moore Jr.,SO,WR,"39 Rec, 456 Yds, 11.7 Avg",2024,Texas,Steve Sarkisian
https://raw.githubusercontent.com/RKRoberts97/byu_football_tree/refs/heads/main/College/Coaches/College%20Head%20Coaches/Steve_Sarkisian/2024_texas_roster.csv,Johntay Cook II,SO,WR,"8 Rec, 137 Yds, 17.1 Avg",2024,Texas,Steve Sarkisian
https://raw.githubusercontent.com/RKRoberts97/byu_football_tree/refs/heads/main/College/Coaches/College%20Head%20Coaches/Steve_Sarkisian/2024_texas_roster.csv,Rett Andersen,SO,WR,,2024,Texas,Steve Sarkisian
https://raw.githubusercontent.com/RKRoberts97/byu_football_tree/refs/heads/main/College/Coaches/College%20Head%20Coaches/Steve_Sarkisian/2024_texas_roster.csv,Aaron Butler,FR,WR,,2024,Texas,Steve Sarkisian
https://raw.githubusercontent.com/RKRoberts97/byu_football_tree/refs/heads/main/College/Coaches/College%20Head%20Coaches/Steve_Sarkisian/2024_texas_roster.csv,Parker Livingstone,FR,WR,,2024,Texas,Steve Sarkisian
https://raw.githubusercontent.com/RKRoberts97/byu_football_tree/refs/heads/main/College/Coaches/College%20Head%20Coaches/Steve_Sarkisian/2024_texas_roster.csv,Hamilton McMartin,JR,WR,,2024,Texas,Steve Sarkisian
https://raw.githubusercontent.com/RKRoberts97/byu_football_tree/refs/heads/main/College/Coaches/College%20Head%20Coaches/Steve_Sarkisian/2024_texas_roster.csv,Quinn Merritt,JR,WR,,2024,Texas,Steve Sarkisian
https://raw.githubusercontent.com/RKRoberts97/byu_football_tree/refs/heads/main/College/Coaches/College%20Head%20Coaches/Steve_Sarkisian/2024_texas_roster.csv,Thatcher Milton,SR,WR,,2024,Texas,Steve Sarkisian
https://raw.githubusercontent.com/RKRoberts97/byu_football_tree/refs/heads/main/College/Coaches/College%20Head%20Coaches/Steve_Sarkisian/2024_texas_roster.csv,Remy Patson,JR,WR,,2024,Texas,Steve Sarkisian
https://raw.githubusercontent.com/RKRoberts97/byu_football_tree/refs/heads/main/College/Coaches/College%20Head%20Coaches/Steve_Sarkisian/2024_texas_roster.csv,Reece Beauchamp,JR,WR,,2024,Texas,Steve Sarkisian
https://raw.githubusercontent.com/RKRoberts97/byu_football_tree/refs/heads/main/College/Coaches/College%20Head%20Coaches/Steve_Sarkisian/2024_texas_roster.csv,Ty Boatright,SO,WR,,2024,Texas,Steve Sarkisian
https://raw.githubusercontent.com/RKRoberts97/byu_football_tree/refs/heads/main/College/Coaches/College%20Head%20Coaches/Steve_Sarkisian/2024_texas_roster.csv,Bryce Chambers,SO,WR,,2024,Texas,Steve Sarkisian
https://raw.githubusercontent.com/RKRoberts97/byu_football_tree/refs/heads/main/College/Coaches/College%20Head%20Coaches/Steve_Sarkisian/2024_texas_roster.csv,Freddie Dubose,FR,WR,,2024,Texas,Steve Sarkisian
https://raw.githubusercontent.com/RKRoberts97/byu_football_tree/refs/heads/main/College/Coaches/College%20Head%20Coaches/Steve_Sarkisian/2024_texas_roster.csv,Hudson Powell,FR,WR,,2024,Texas,Steve Sarkisian
https://raw.githubusercontent.com/RKRoberts97/byu_football_tree/refs/heads/main/College/Coaches/College%20Head%20Coaches/Steve_Sarkisian/2024_texas_roster.csv,Gunnar Helm,SR,TE,"60 Rec, 786 Yds, 13.1 Avg",2024,Texas,Steve Sarkisian
https://raw.githubusercontent.com/RKRoberts97/byu_football_tree/refs/heads/main/College/Coaches/College%20Head%20Coaches/Steve_Sarkisian/2024_texas_roster.csv,Juan Davis,SR,TE,"9 Rec, 54 Yds, 6.0 Avg",2024,Texas,Steve Sarkisian
https://raw.githubusercontent.com/RKRoberts97/byu_football_tree/refs/heads/main/College/Coaches/College%20Head%20Coaches/Steve_Sarkisian/2024_texas_roster.csv,Amari Niblack,JR,TE,"5 Rec, 33 Yds, 6.6 Avg",2024,Texas,Steve Sarkisian
https://raw.githubusercontent.com/RKRoberts97/byu_football_tree/refs/heads/main/College/Coaches/College%20Head%20Coaches/Steve_Sarkisian/2024_texas_roster.csv,Spencer Shannon,FR,TE,,2024,Texas,Steve Sarkisian
https://raw.githubusercontent.com/RKRoberts97/byu_football_tree/refs/heads/main/College/Coaches/College%20Head%20Coaches/Steve_Sarkisian/2024_texas_roster.csv,Jordan Washington,FR,TE,,2024,Texas,Steve Sarkisian
https://raw.githubusercontent.com/RKRoberts97/byu_football_tree/refs/heads/main/College/Coaches/College%20Head%20Coaches/Steve_Sarkisian/2024_texas_roster.csv,Ridge Barker,FR,TE,,2024,Texas,Steve Sarkisian
https://raw.githubusercontent.com/RKRoberts97/byu_football_tree/refs/heads/main/College/Coaches/College%20Head%20Coaches/Steve_Sarkisian/2024_texas_roster.csv,Will Randle,FR,TE,,2024,Texas,Steve Sarkisian
https://raw.githubusercontent.com/RKRoberts97/byu_football_tree/refs/heads/main/College/Coaches/College%20Head%20Coaches/Steve_Sarkisian/2024_texas_roster.csv,Malik Agbo,SO,OL,,2024,Texas,Steve Sarkisian
https://raw.githubusercontent.com/RKRoberts97/byu_football_tree/refs/heads/main/College/Coaches/College%20Head%20Coaches/Steve_Sarkisian/2024_texas_roster.csv,Brandon Baker,FR,OL,,2024,Texas,Steve Sarkisian
https://raw.githubusercontent.com/RKRoberts97/byu_football_tree/refs/heads/main/College/Coaches/College%20Head%20Coaches/Steve_Sarkisian/2024_texas_roster.csv,Kelvin Banks Jr.,JR,OL,,2024,Texas,Steve Sarkisian
https://raw.githubusercontent.com/RKRoberts97/byu_football_tree/refs/heads/main/College/Coaches/College%20Head%20Coaches/Steve_Sarkisian/2024_texas_roster.csv,DJ Campbell,JR,OL,,2024,Texas,Steve Sarkisian
https://raw.githubusercontent.com/RKRoberts97/byu_football_tree/refs/heads/main/College/Coaches/College%20Head%20Coaches/Steve_Sarkisian/2024_texas_roster.csv,Jaydon Chatman,FR,OL,,2024,Texas,Steve Sarkisian
https://raw.githubusercontent.com/RKRoberts97/byu_football_tree/refs/heads/main/College/Coaches/College%20Head%20Coaches/Steve_Sarkisian/2024_texas_roster.csv,Andre Cojoe,FR,OL,,2024,Texas,Steve Sarkisian
https://raw.githubusercontent.com/RKRoberts97/byu_football_tree/refs/heads/main/College/Coaches/College%20Head%20Coaches/Steve_Sarkisian/2024_texas_roster.csv,Hayden Conner,SR,OL,,2024,Texas,Steve Sarkisian
https://raw.githubusercontent.com/RKRoberts97/byu_football_tree/refs/heads/main/College/Coaches/College%20Head%20Coaches/Steve_Sarkisian/2024_texas_roster.csv,Trevor Goosby,FR,OL,,2024,Texas,Steve Sarkisian
https://raw.githubusercontent.com/RKRoberts97/byu_football_tree/refs/heads/main/College/Coaches/College%20Head%20Coaches/Steve_Sarkisian/2024_texas_roster.csv,Cole Hutson,JR,OL,,2024,Texas,Steve Sarkisian
https://raw.githubusercontent.com/RKRoberts97/byu_football_tree/refs/heads/main/College/Coaches/College%20Head%20Coaches/Steve_Sarkisian/2024_texas_roster.csv,Jake Majors,SR,OL,,2024,Texas,Steve Sarkisian
https://raw.githubusercontent.com/RKRoberts97/byu_football_tree/refs/heads/main/College/Coaches/College%20Head%20Coaches/Steve_Sarkisian/2024_texas_roster.csv,Connor Robertson,SO,OL,,2024,Texas,Steve Sarkisian
https://raw.githubusercontent.com/RKRoberts97/byu_football_tree/refs/heads/main/College/Coaches/College%20Head%20Coaches/Steve_Sarkisian/2024_texas_roster.csv,Neto Umeozulu,SO,OL,,2024,Texas,Steve Sarkisian
https://raw.githubusercontent.com/RKRoberts97/byu_football_tree/refs/heads/main/College/Coaches/College%20Head%20Coaches/Steve_Sarkisian/2024_texas_roster.csv,Cameron Williams,JR,OL,,2024,Texas,Steve Sarkisian
https://raw.githubusercontent.com/RKRoberts97/byu_football_tree/refs/heads/main/College/Coaches/College%20Head%20Coaches/Steve_Sarkisian/2024_texas_roster.csv,Daniel Cruz,FR,OL,,2024,Texas,Steve Sarkisian
https://raw.githubusercontent.com/RKRoberts97/byu_football_tree/refs/heads/main/College/Coaches/College%20Head%20Coaches/Steve_Sarkisian/2024_texas_roster.csv,Nate Kibble,FR,OL,,2024,Texas,Steve Sarkisian
https://raw.githubusercontent.com/RKRoberts97/byu_football_tree/refs/heads/main/College/Coaches/College%20Head%20Coaches/Steve_Sarkisian/2024_texas_roster.csv,Brooks Kieschnick Jr.,SO,OL,,2024,Texas,Steve Sarkisian
https://raw.githubusercontent.com/RKRoberts97/byu_football_tree/refs/heads/main/College/Coaches/College%20Head%20Coaches/Steve_Sarkisian/2024_texas_roster.csv,Patrick McBroom,JR,OL,,2024,Texas,Steve Sarkisian
https://raw.githubusercontent.com/RKRoberts97/byu_football_tree/refs/heads/main/College/Coaches/College%20Head%20Coaches/Steve_Sarkisian/2024_texas_roster.csv,Max Merril,JR,OL,,2024,Texas,Steve Sarkisian
https://raw.githubusercontent.com/RKRoberts97/byu_football_tree/refs/heads/main/College/Coaches/College%20Head%20Coaches/Steve_Sarkisian/2024_texas_roster.csv,Connor Stroh,FR,OL,,2024,Texas,Steve Sarkisian
https://raw.githubusercontent.com/RKRoberts97/byu_football_tree/refs/heads/main/College/Coaches/College%20Head%20Coaches/Steve_Sarkisian/2024_texas_roster.csv,Robert Sweeney,SO,OL,,2024,Texas,Steve Sarkisian
https://raw.githubusercontent.com/RKRoberts97/byu_football_tree/refs/heads/main/College/Coaches/College%20Head%20Coaches/Steve_Sarkisian/2024_texas_roster.csv,Bert Auburn,SR,K,,2024,Texas,Steve Sarkisian
https://raw.githubusercontent.com/RKRoberts97/byu_football_tree/refs/heads/main/College/Coaches/College%20Head%20Coaches/Steve_Sarkisian/2024_texas_roster.csv,Will Stone,JR,K,,2024,Texas,Steve Sarkisian
https://raw.githubusercontent.com/RKRoberts97/byu_football_tree/refs/heads/main/College/Coaches/College%20Head%20Coaches/Steve_Sarkisian/2024_texas_roster.csv,Charles Feris,JR,K,,2024,Texas,Steve Sarkisian
https://raw.githubusercontent.com/RKRoberts97/byu_football_tree/refs/heads/main/College/Coaches/College%20Head%20Coaches/Steve_Sarkisian/2024_texas_roster.csv,Tausili Akana,FR,DL,,2024,Texas,Steve Sarkisian
https://raw.githubusercontent.com/RKRoberts97/byu_football_tree/refs/heads/main/College/Coaches/College%20Head%20Coaches/Steve_Sarkisian/2024_texas_roster.csv,Dorian Black,SR,DL,,2024,Texas,Steve Sarkisian
https://raw.githubusercontent.com/RKRoberts97/byu_football_tree/refs/heads/main/College/Coaches/College%20Head%20Coaches/Steve_Sarkisian/2024_texas_roster.csv,Jaray Bledsoe,SO,DL,,2024,Texas,Steve Sarkisian
https://raw.githubusercontent.com/RKRoberts97/byu_football_tree/refs/heads/main/College/Coaches/College%20Head%20Coaches/Steve_Sarkisian/2024_texas_roster.csv,Vernon Broughton,SR,DL,,2024,Texas,Steve Sarkisian
https://raw.githubusercontent.com/RKRoberts97/byu_football_tree/refs/heads/main/College/Coaches/College%20Head%20Coaches/Steve_Sarkisian/2024_texas_roster.csv,Aaron Bryant,SO,DL,,2024,Texas,Steve Sarkisian
https://raw.githubusercontent.com/RKRoberts97/byu_football_tree/refs/heads/main/College/Coaches/College%20Head%20Coaches/Steve_Sarkisian/2024_texas_roster.csv,Ethan Burke,JR,DL,,2024,Texas,Steve Sarkisian
https://raw.githubusercontent.com/RKRoberts97/byu_football_tree/refs/heads/main/College/Coaches/College%20Head%20Coaches/Steve_Sarkisian/2024_texas_roster.csv,Alfred Collins,SR,DL,,2024,Texas,Steve Sarkisian
https://raw.githubusercontent.com/RKRoberts97/byu_football_tree/refs/heads/main/College/Coaches/College%20Head%20Coaches/Steve_Sarkisian/2024_texas_roster.csv,Justice Finkley,JR,DL,,2024,Texas,Steve Sarkisian
https://raw.githubusercontent.com/RKRoberts97/byu_football_tree/refs/heads/main/College/Coaches/College%20Head%20Coaches/Steve_Sarkisian/2024_texas_roster.csv,Alex January,FR,DL,,2024,Texas,Steve Sarkisian
https://raw.githubusercontent.com/RKRoberts97/byu_football_tree/refs/heads/main/College/Coaches/College%20Head%20Coaches/Steve_Sarkisian/2024_texas_roster.csv,Jermayne Lole,SR,DL,,2024,Texas,Steve Sarkisian
https://raw.githubusercontent.com/RKRoberts97/byu_football_tree/refs/heads/main/College/Coaches/College%20Head%20Coaches/Steve_Sarkisian/2024_texas_roster.csv,Sydir Mitchell,FR,DL,,2024,Texas,Steve Sarkisian
https://raw.githubusercontent.com/RKRoberts97/byu_football_tree/refs/heads/main/College/Coaches/College%20Head%20Coaches/Steve_Sarkisian/2024_texas_roster.csv,Trey Moore,JR,DL,,2024,Texas,Steve Sarkisian
https://raw.githubusercontent.com/RKRoberts97/byu_football_tree/refs/heads/main/College/Coaches/College%20Head%20Coaches/Steve_Sarkisian/2024_texas_roster.csv,Bill Norton,SR,DL,,2024,Texas,Steve Sarkisian
https://raw.githubusercontent.com/RKRoberts97/byu_football_tree/refs/heads/main/College/Coaches/College%20Head%20Coaches/Steve_Sarkisian/2024_texas_roster.csv,Tiaoalii Savea,SR,DL,,2024,Texas,Steve Sarkisian
https://raw.githubusercontent.com/RKRoberts97/byu_football_tree/refs/heads/main/College/Coaches/College%20Head%20Coaches/Steve_Sarkisian/2024_texas_roster.csv,Colin Simmons,FR,DL,,2024,Texas,Steve Sarkisian
https://raw.githubusercontent.com/RKRoberts97/byu_football_tree/refs/heads/main/College/Coaches/College%20Head%20Coaches/Steve_Sarkisian/2024_texas_roster.csv,Barryn Sorrell,SR,DL,,2024,Texas,Steve Sarkisian
https://raw.githubusercontent.com/RKRoberts97/byu_football_tree/refs/heads/main/College/Coaches/College%20Head%20Coaches/Steve_Sarkisian/2024_texas_roster.csv,Zina Umeozulu,FR,DL,,2024,Texas,Steve Sarkisian
https://raw.githubusercontent.com/RKRoberts97/byu_football_tree/refs/heads/main/College/Coaches/College%20Head%20Coaches/Steve_Sarkisian/2024_texas_roster.csv,Colton Vasek,FR,DL,,2024,Texas,Steve Sarkisian
https://raw.githubusercontent.com/RKRoberts97/byu_football_tree/refs/heads/main/College/Coaches/College%20Head%20Coaches/Steve_Sarkisian/2024_texas_roster.csv,Melvin Hills III,FR,DL,,2024,Texas,Steve Sarkisian
https://raw.githubusercontent.com/RKRoberts97/byu_football_tree/refs/heads/main/College/Coaches/College%20Head%20Coaches/Steve_Sarkisian/2024_texas_roster.csv,David Gbenda,SR,LB,,2024,Texas,Steve Sarkisian
https://raw.githubusercontent.com/RKRoberts97/byu_football_tree/refs/heads/main/College/Coaches/College%20Head%20Coaches/Steve_Sarkisian/2024_texas_roster.csv,Derion Gullette,FR,LB,,2024,Texas,Steve Sarkisian
https://raw.githubusercontent.com/RKRoberts97/byu_football_tree/refs/heads/main/College/Coaches/College%20Head%20Coaches/Steve_Sarkisian/2024_texas_roster.csv,Anthony Hill Jr.,SO,LB,,2024,Texas,Steve Sarkisian
https://raw.githubusercontent.com/RKRoberts97/byu_football_tree/refs/heads/main/College/Coaches/College%20Head%20Coaches/Steve_Sarkisian/2024_texas_roster.csv,Marshall Landwehr,SR,LB,,2024,Texas,Steve Sarkisian
https://raw.githubusercontent.com/RKRoberts97/byu_football_tree/refs/heads/main/College/Coaches/College%20Head%20Coaches/Steve_Sarkisian/2024_texas_roster.csv,Liona Lefau,SO,LB,,2024,Texas,Steve Sarkisian
https://raw.githubusercontent.com/RKRoberts97/byu_football_tree/refs/heads/main/College/Coaches/College%20Head%20Coaches/Steve_Sarkisian/2024_texas_roster.csv,Brady Sarkisian,SO,LB,,2024,Texas,Steve Sarkisian
https://raw.githubusercontent.com/RKRoberts97/byu_football_tree/refs/heads/main/College/Coaches/College%20Head%20Coaches/Steve_Sarkisian/2024_texas_roster.csv,Ty'Anthony Smith,FR,LB,,2024,Texas,Steve Sarkisian
https://raw.githubusercontent.com/RKRoberts97/byu_football_tree/refs/heads/main/College/Coaches/College%20Head%20Coaches/Steve_Sarkisian/2024_texas_roster.csv,Michael Flanagan,JR,LB,,2024,Texas,Steve Sarkisian
https://raw.githubusercontent.com/RKRoberts97/byu_football_tree/refs/heads/main/College/Coaches/College%20Head%20Coaches/Steve_Sarkisian/2024_texas_roster.csv,Jahdae Barron,SR,DB,,2024,Texas,Steve Sarkisian
https://raw.githubusercontent.com/RKRoberts97/byu_football_tree/refs/heads/main/College/Coaches/College%20Head%20Coaches/Steve_Sarkisian/2024_texas_roster.csv,Kobe Black,FR,DB,,2024,Texas,Steve Sarkisian
https://raw.githubusercontent.com/RKRoberts97/byu_football_tree/refs/heads/main/College/Coaches/College%20Head%20Coaches/Steve_Sarkisian/2024_texas_roster.csv,Morice Blackwell Jr.,SR,DB,,2024,Texas,Steve Sarkisian
https://raw.githubusercontent.com/RKRoberts97/byu_football_tree/refs/heads/main/College/Coaches/College%20Head%20Coaches/Steve_Sarkisian/2024_texas_roster.csv,Jay'Vion Cole,JR,DB,,2024,Texas,Steve Sarkisian
https://raw.githubusercontent.com/RKRoberts97/byu_football_tree/refs/heads/main/College/Coaches/College%20Head%20Coaches/Steve_Sarkisian/2024_texas_roster.csv,Xavier Filsaime,FR,DB,,2024,Texas,Steve Sarkisian
https://raw.githubusercontent.com/RKRoberts97/byu_football_tree/refs/heads/main/College/Coaches/College%20Head%20Coaches/Steve_Sarkisian/2024_texas_roster.csv,Graham Gillespie,JR,DB,,2024,Texas,Steve Sarkisian
https://raw.githubusercontent.com/RKRoberts97/byu_football_tree/refs/heads/main/College/Coaches/College%20Head%20Coaches/Steve_Sarkisian/2024_texas_roster.csv,Jaylon Guilbeau,JR,DB,,2024,Texas,Steve Sarkisian
https://raw.githubusercontent.com/RKRoberts97/byu_football_tree/refs/heads/main/College/Coaches/College%20Head%20Coaches/Steve_Sarkisian/2024_texas_roster.csv,Gavin Holmes,SR,DB,,2024,Texas,Steve Sarkisian
https://raw.githubusercontent.com/RKRoberts97/byu_football_tree/refs/heads/main/College/Coaches/College%20Head%20Coaches/Steve_Sarkisian/2024_texas_roster.csv,Jordan Johnson-Rubell,FR,DB,,2024,Texas,Steve Sarkisian
https://raw.githubusercontent.com/RKRoberts97/byu_football_tree/refs/heads/main/College/Coaches/College%20Head%20Coaches/Steve_Sarkisian/2024_texas_roster.csv,Wardell Mack,FR,DB,,2024,Texas,Steve Sarkisian
https://raw.githubusercontent.com/RKRoberts97/byu_football_tree/refs/heads/main/College/Coaches/College%20Head%20Coaches/Steve_Sarkisian/2024_texas_roster.csv,Carson Marshall,JR,DB,,2024,Texas,Steve Sarkisian
https://raw.githubusercontent.com/RKRoberts97/byu_football_tree/refs/heads/main/College/Coaches/College%20Head%20Coaches/Steve_Sarkisian/2024_texas_roster.csv,Jelani McDonald,SO,DB,,2024,Texas,Steve Sarkisian
https://raw.githubusercontent.com/RKRoberts97/byu_football_tree/refs/heads/main/College/Coaches/College%20Head%20Coaches/Steve_Sarkisian/2024_texas_roster.csv,Malik Muhammad,SO,DB,,2024,Texas,Steve Sarkisian
https://raw.githubusercontent.com/RKRoberts97/byu_football_tree/refs/heads/main/College/Coaches/College%20Head%20Coaches/Steve_Sarkisian/2024_texas_roster.csv,Andrew Mukuba,SR,DB,,2024,Texas,Steve Sarkisian
https://raw.githubusercontent.com/RKRoberts97/byu_football_tree/refs/heads/main/College/Coaches/College%20Head%20Coaches/Steve_Sarkisian/2024_texas_roster.csv,Warren Roberson,FR,DB,,2024,Texas,Steve Sarkisian
https://raw.githubusercontent.com/RKRoberts97/byu_football_tree/refs/heads/main/College/Coaches/College%20Head%20Coaches/Steve_Sarkisian/2024_texas_roster.csv,Michael Taaffe,JR,DB,,2024,Texas,Steve Sarkisian
https://raw.githubusercontent.com/RKRoberts97/byu_football_tree/refs/heads/main/College/Coaches/College%20Head%20Coaches/Steve_Sarkisian/2024_texas_roster.csv,Derek Williams Jr.,SO,DB,,2024,Texas,Steve Sarkisian
https://raw.githubusercontent.com/RKRoberts97/byu_football_tree/refs/heads/main/College/Coaches/College%20Head%20Coaches/Steve_Sarkisian/2024_texas_roster.csv,McCoy Bruce,FR,DB,,2024,Texas,Steve Sarkisian
https://raw.githubusercontent.com/RKRoberts97/byu_football_tree/refs/heads/main/College/Coaches/College%20Head%20Coaches/Steve_Sarkisian/2024_texas_roster.csv,Jackson Duffey,FR,DB,,2024,Texas,Steve Sarkisian
https://raw.githubusercontent.com/RKRoberts97/byu_football_tree/refs/heads/main/College/Coaches/College%20Head%20Coaches/Steve_Sarkisian/2024_texas_roster.csv,Eric Garza,FR,DB,,2024,Texas,Steve Sarkisian
https://raw.githubusercontent.com/RKRoberts97/byu_football_tree/refs/heads/main/College/Coaches/College%20Head%20Coaches/Steve_Sarkisian/2024_texas_roster.csv,Ziky Umeozulu,FR,DB,,2024,Texas,Steve Sarkisian
https://raw.githubusercontent.com/RKRoberts97/byu_football_tree/refs/heads/main/College/Coaches/College%20Head%20Coaches/Steve_Sarkisian/2024_texas_roster.csv,Santana Wilson,FR,DB,,2024,Texas,Steve Sarkisian
https://raw.githubusercontent.com/RKRoberts97/byu_football_tree/refs/heads/main/College/Coaches/College%20Head%20Coaches/Steve_Sarkisian/2024_texas_roster.csv,Michael Kern,FR,P,,2024,Texas,Steve Sarkisian
https://raw.githubusercontent.com/RKRoberts97/byu_football_tree/refs/heads/main/College/Coaches/College%20Head%20Coaches/Steve_Sarkisian/2024_texas_roster.csv,Ian Ratliff,SO,P,,2024,Texas,Steve Sarkisian
https://raw.githubusercontent.com/RKRoberts97/byu_football_tree/refs/heads/main/College/Coaches/College%20Head%20Coaches/Steve_Sarkisian/2024_texas_roster.csv,Spencer Barnett,FR,P,,2024,Texas,Steve Sarkisian
https://raw.githubusercontent.com/RKRoberts97/byu_football_tree/refs/heads/main/College/Coaches/College%20Head%20Coaches/Steve_Sarkisian/2024_texas_roster.csv,Tate Haver,SO,LS,,2024,Texas,Steve Sarkisian
https://raw.githubusercontent.com/RKRoberts97/byu_football_tree/refs/heads/main/College/Coaches/College%20Head%20Coaches/Steve_Sarkisian/2024_texas_roster.csv,Lance St. Louis,JR,LS,,2024,Texas,Steve Sarkisian
https://raw.githubusercontent.com/RKRoberts97/byu_football_tree/refs/heads/main/College/Coaches/College%20Head%20Coaches/Steve_Sarkisian/2024_texas_roster.csv,Christian Rizzi,SR,LS,,2024,Texas,Steve Sarkisian
https://raw.githubusercontent.com/RKRoberts97/byu_football_tree/refs/heads/main/College/Coaches/College%20Head%20Coaches/Steve_Sarkisian/2025_texas_roster.csv,Arch Manning,SO,QB,"65 Cmp, 106 Att, 888 Yds, 9 TD",2025,Texas,Steve Sarkisian
https://raw.githubusercontent.com/RKRoberts97/byu_football_tree/refs/heads/main/College/Coaches/College%20Head%20Coaches/Steve_Sarkisian/2025_texas_roster.csv,Matthew Caldwell,SR,QB,"6 Cmp, 9 Att, 49 Yds, 0 TD",2025,Texas,Steve Sarkisian
https://raw.githubusercontent.com/RKRoberts97/byu_football_tree/refs/heads/main/College/Coaches/College%20Head%20Coaches/Steve_Sarkisian/2025_texas_roster.csv,"Karle """"""""KJ"""""""" Lacey Jr.",FR,QB,"1 Cmp, 1 Att, 7 Yds, 0 TD",2025,Texas,Steve Sarkisian
https://raw.githubusercontent.com/RKRoberts97/byu_football_tree/refs/heads/main/College/Coaches/College%20Head%20Coaches/Steve_Sarkisian/2025_texas_roster.csv,Luke Dunham,FR,QB,,2025,Texas,Steve Sarkisian
https://raw.githubusercontent.com/RKRoberts97/byu_football_tree/refs/heads/main/College/Coaches/College%20Head%20Coaches/Steve_Sarkisian/2025_texas_roster.csv,Trey Owens,FR,QB,,2025,Texas,Steve Sarkisian
https://raw.githubusercontent.com/RKRoberts97/byu_football_tree/refs/heads/main/College/Coaches/College%20Head%20Coaches/Steve_Sarkisian/2025_texas_roster.csv,Joe Tatum,SR,QB,,2025,Texas,Steve Sarkisian
https://raw.githubusercontent.com/RKRoberts97/byu_football_tree/refs/heads/main/College/Coaches/College%20Head%20Coaches/Steve_Sarkisian/2025_texas_roster.csv,Jerrick Gibson,SO,RB,"36 Att, 155 Yds, 4.3 Avg",2025,Texas,Steve Sarkisian
https://raw.githubusercontent.com/RKRoberts97/byu_football_tree/refs/heads/main/College/Coaches/College%20Head%20Coaches/Steve_Sarkisian/2025_texas_roster.csv,Christian Clark,FR,RB,"27 Att, 115 Yds, 4.3 Avg",2025,Texas,Steve Sarkisian
https://raw.githubusercontent.com/RKRoberts97/byu_football_tree/refs/heads/main/College/Coaches/College%20Head%20Coaches/Steve_Sarkisian/2025_texas_roster.csv,James Simon,FR,RB,"26 Att, 117 Yds, 4.5 Avg",2025,Texas,Steve Sarkisian
https://raw.githubusercontent.com/RKRoberts97/byu_football_tree/refs/heads/main/College/Coaches/College%20Head%20Coaches/Steve_Sarkisian/2025_texas_roster.csv,CJ Baxter,SO,RB,"24 Att, 110 Yds, 4.6 Avg",2025,Texas,Steve Sarkisian
https://raw.githubusercontent.com/RKRoberts97/byu_football_tree/refs/heads/main/College/Coaches/College%20Head%20Coaches/Steve_Sarkisian/2025_texas_roster.csv,Tre Wisner,JR,RB,"16 Att, 80 Yds, 5.0 Avg",2025,Texas,Steve Sarkisian
https://raw.githubusercontent.com/RKRoberts97/byu_football_tree/refs/heads/main/College/Coaches/College%20Head%20Coaches/Steve_Sarkisian/2025_texas_roster.csv,Carson Berger,SO,RB,,2025,Texas,Steve Sarkisian
https://raw.githubusercontent.com/RKRoberts97/byu_football_tree/refs/heads/main/College/Coaches/College%20Head%20Coaches/Steve_Sarkisian/2025_texas_roster.csv,Colin Page,SR,RB,,2025,Texas,Steve Sarkisian
https://raw.githubusercontent.com/RKRoberts97/byu_football_tree/refs/heads/main/College/Coaches/College%20Head%20Coaches/Steve_Sarkisian/2025_texas_roster.csv,Rickey Stewart Jr.,FR,RB,,2025,Texas,Steve Sarkisian
https://raw.githubusercontent.com/RKRoberts97/byu_football_tree/refs/heads/main/College/Coaches/College%20Head%20Coaches/Steve_Sarkisian/2025_texas_roster.csv,Ryan Wingo,SO,WR,"13 Rec, 190 Yds, 14.6 Avg",2025,Texas,Steve Sarkisian
https://raw.githubusercontent.com/RKRoberts97/byu_football_tree/refs/heads/main/College/Coaches/College%20Head%20Coaches/Steve_Sarkisian/2025_texas_roster.csv,Ryan Niblett,SO,WR,"2 Rec, 43 Yds, 21.5 Avg",2025,Texas,Steve Sarkisian
https://raw.githubusercontent.com/RKRoberts97/byu_football_tree/refs/heads/main/College/Coaches/College%20Head%20Coaches/Steve_Sarkisian/2025_texas_roster.csv,Parker Livingstone,FR,WR,"11 Rec, 232 Yds, 21.1 Avg",2025,Texas,Steve Sarkisian
https://raw.githubusercontent.com/RKRoberts97/byu_football_tree/refs/heads/main/College/Coaches/College%20Head%20Coaches/Steve_Sarkisian/2025_texas_roster.csv,DeAndre Moore Jr.,JR,WR,"11 Rec, 115 Yds, 10.5 Avg",2025,Texas,Steve Sarkisian
https://raw.githubusercontent.com/RKRoberts97/byu_football_tree/refs/heads/main/College/Coaches/College%20Head%20Coaches/Steve_Sarkisian/2025_texas_roster.csv,Kaliq Lockett,FR,WR,"3 Rec, 12 Yds, 4.0 Avg",2025,Texas,Steve Sarkisian
https://raw.githubusercontent.com/RKRoberts97/byu_football_tree/refs/heads/main/College/Coaches/College%20Head%20Coaches/Steve_Sarkisian/2025_texas_roster.csv,Daylan McCutcheon,FR,WR,"3 Rec, 26 Yds, 8.7 Avg",2025,Texas,Steve Sarkisian
https://raw.githubusercontent.com/RKRoberts97/byu_football_tree/refs/heads/main/College/Coaches/College%20Head%20Coaches/Steve_Sarkisian/2025_texas_roster.csv,Rett Andersen,JR,WR,"1 Rec, 7 Yds, 7.0 Avg",2025,Texas,Steve Sarkisian
https://raw.githubusercontent.com/RKRoberts97/byu_football_tree/refs/heads/main/College/Coaches/College%20Head%20Coaches/Steve_Sarkisian/2025_texas_roster.csv,Aaron Butler,FR,WR,"1 Rec, 17 Yds, 17.0 Avg",2025,Texas,Steve Sarkisian
https://raw.githubusercontent.com/RKRoberts97/byu_football_tree/refs/heads/main/College/Coaches/College%20Head%20Coaches/Steve_Sarkisian/2025_texas_roster.csv,Jaime Ffrench Jr.,FR,WR,"1 Rec, 6 Yds, 6.0 Avg",2025,Texas,Steve Sarkisian
https://raw.githubusercontent.com/RKRoberts97/byu_football_tree/refs/heads/main/College/Coaches/College%20Head%20Coaches/Steve_Sarkisian/2025_texas_roster.csv,Michael Terry III,FR,WR,,2025,Texas,Steve Sarkisian
https://raw.githubusercontent.com/RKRoberts97/byu_football_tree/refs/heads/main/College/Coaches/College%20Head%20Coaches/Steve_Sarkisian/2025_texas_roster.csv,Ty Boatright,JR,WR,,2025,Texas,Steve Sarkisian
https://raw.githubusercontent.com/RKRoberts97/byu_football_tree/refs/heads/main/College/Coaches/College%20Head%20Coaches/Steve_Sarkisian/2025_texas_roster.csv,Bryce Chambers,JR,WR,,2025,Texas,Steve Sarkisian
https://raw.githubusercontent.com/RKRoberts97/byu_football_tree/refs/heads/main/College/Coaches/College%20Head%20Coaches/Steve_Sarkisian/2025_texas_roster.csv,Hamilton McMartin,SR,WR,,2025,Texas,Steve Sarkisian
https://raw.githubusercontent.com/RKRoberts97/byu_football_tree/refs/heads/main/College/Coaches/College%20Head%20Coaches/Steve_Sarkisian/2025_texas_roster.csv,Quinn Merritt,SR,WR,,2025,Texas,Steve Sarkisian
https://raw.githubusercontent.com/RKRoberts97/byu_football_tree/refs/heads/main/College/Coaches/College%20Head%20Coaches/Steve_Sarkisian/2025_texas_roster.csv,Emmett Mosley V,SO,WR,,2025,Texas,Steve Sarkisian
https://raw.githubusercontent.com/RKRoberts97/byu_football_tree/refs/heads/main/College/Coaches/College%20Head%20Coaches/Steve_Sarkisian/2025_texas_roster.csv,Remy Patson,SR,WR,,2025,Texas,Steve Sarkisian
https://raw.githubusercontent.com/RKRoberts97/byu_football_tree/refs/heads/main/College/Coaches/College%20Head%20Coaches/Steve_Sarkisian/2025_texas_roster.csv,Hudson Powell,FR,WR,,2025,Texas,Steve Sarkisian
https://raw.githubusercontent.com/RKRoberts97/byu_football_tree/refs/heads/main/College/Coaches/College%20Head%20Coaches/Steve_Sarkisian/2025_texas_roster.csv,Jack Endries,SO,TE,"7 Rec, 106 Yds, 15.1 Avg",2025,Texas,Steve Sarkisian
https://raw.githubusercontent.com/RKRoberts97/byu_football_tree/refs/heads/main/College/Coaches/College%20Head%20Coaches/Steve_Sarkisian/2025_texas_roster.csv,Jordan Washington,FR,TE,"4 Rec, 66 Yds, 16.5 Avg",2025,Texas,Steve Sarkisian
https://raw.githubusercontent.com/RKRoberts97/byu_football_tree/refs/heads/main/College/Coaches/College%20Head%20Coaches/Steve_Sarkisian/2025_texas_roster.csv,Emaree Winston,FR,TE,"2 Rec, 47 Yds, 23.5 Avg",2025,Texas,Steve Sarkisian
https://raw.githubusercontent.com/RKRoberts97/byu_football_tree/refs/heads/main/College/Coaches/College%20Head%20Coaches/Steve_Sarkisian/2025_texas_roster.csv,Spencer Shannon,SO,TE,,2025,Texas,Steve Sarkisian
https://raw.githubusercontent.com/RKRoberts97/byu_football_tree/refs/heads/main/College/Coaches/College%20Head%20Coaches/Steve_Sarkisian/2025_texas_roster.csv,Nick Townsend,FR,TE,,2025,Texas,Steve Sarkisian
https://raw.githubusercontent.com/RKRoberts97/byu_football_tree/refs/heads/main/College/Coaches/College%20Head%20Coaches/Steve_Sarkisian/2025_texas_roster.csv,Ridge Barker,FR,TE,,2025,Texas,Steve Sarkisian
https://raw.githubusercontent.com/RKRoberts97/byu_football_tree/refs/heads/main/College/Coaches/College%20Head%20Coaches/Steve_Sarkisian/2025_texas_roster.csv,Will Randle,SO,TE,,2025,Texas,Steve Sarkisian
https://raw.githubusercontent.com/RKRoberts97/byu_football_tree/refs/heads/main/College/Coaches/College%20Head%20Coaches/Steve_Sarkisian/2025_texas_roster.csv,Brandon Baker,SO,OL,,2025,Texas,Steve Sarkisian
https://raw.githubusercontent.com/RKRoberts97/byu_football_tree/refs/heads/main/College/Coaches/College%20Head%20Coaches/Steve_Sarkisian/2025_texas_roster.csv,Nicolai Brooks,FR,OL,,2025,Texas,Steve Sarkisian
https://raw.githubusercontent.com/RKRoberts97/byu_football_tree/refs/heads/main/College/Coaches/College%20Head%20Coaches/Steve_Sarkisian/2025_texas_roster.csv,DJ Campbell,SR,OL,,2025,Texas,Steve Sarkisian
https://raw.githubusercontent.com/RKRoberts97/byu_football_tree/refs/heads/main/College/Coaches/College%20Head%20Coaches/Steve_Sarkisian/2025_texas_roster.csv,Jaydon Chatman,SO,OL,,2025,Texas,Steve Sarkisian
https://raw.githubusercontent.com/RKRoberts97/byu_football_tree/refs/heads/main/College/Coaches/College%20Head%20Coaches/Steve_Sarkisian/2025_texas_roster.csv,Jordan Coleman,FR,OL,,2025,Texas,Steve Sarkisian
https://raw.githubusercontent.com/RKRoberts97/byu_football_tree/refs/heads/main/College/Coaches/College%20Head%20Coaches/Steve_Sarkisian/2025_texas_roster.csv,Daniel Cruz,FR,OL,,2025,Texas,Steve Sarkisian
https://raw.githubusercontent.com/RKRoberts97/byu_football_tree/refs/heads/main/College/Coaches/College%20Head%20Coaches/Steve_Sarkisian/2025_texas_roster.csv,Trevor Goosby,SO,OL,,2025,Texas,Steve Sarkisian
https://raw.githubusercontent.com/RKRoberts97/byu_football_tree/refs/heads/main/College/Coaches/College%20Head%20Coaches/Steve_Sarkisian/2025_texas_roster.csv,Cole Hutson,SR,OL,,2025,Texas,Steve Sarkisian
https://raw.githubusercontent.com/RKRoberts97/byu_football_tree/refs/heads/main/College/Coaches/College%20Head%20Coaches/Steve_Sarkisian/2025_texas_roster.csv,Nate Kibble,FR,OL,,2025,Texas,Steve Sarkisian
https://raw.githubusercontent.com/RKRoberts97/byu_football_tree/refs/heads/main/College/Coaches/College%20Head%20Coaches/Steve_Sarkisian/2025_texas_roster.csv,Connor Robertson,JR,OL,,2025,Texas,Steve Sarkisian
https://raw.githubusercontent.com/RKRoberts97/byu_football_tree/refs/heads/main/College/Coaches/College%20Head%20Coaches/Steve_Sarkisian/2025_texas_roster.csv,Connor Stroh,SO,OL,,2025,Texas,Steve Sarkisian
https://raw.githubusercontent.com/RKRoberts97/byu_football_tree/refs/heads/main/College/Coaches/College%20Head%20Coaches/Steve_Sarkisian/2025_texas_roster.csv,Neto Umeozulu,JR,OL,,2025,Texas,Steve Sarkisian
https://raw.githubusercontent.com/RKRoberts97/byu_football_tree/refs/heads/main/College/Coaches/College%20Head%20Coaches/Steve_Sarkisian/2025_texas_roster.csv,Jackson Christian,FR,OL,,2025,Texas,Steve Sarkisian
https://raw.githubusercontent.com/RKRoberts97/byu_football_tree/refs/heads/main/College/Coaches/College%20Head%20Coaches/Steve_Sarkisian/2025_texas_roster.csv,Andre Cojoe,SO,OL,,2025,Texas,Steve Sarkisian
https://raw.githubusercontent.com/RKRoberts97/byu_football_tree/refs/heads/main/College/Coaches/College%20Head%20Coaches/Steve_Sarkisian/2025_texas_roster.csv,Devin Coleman,FR,OL,,2025,Texas,Steve Sarkisian
https://raw.githubusercontent.com/RKRoberts97/byu_football_tree/refs/heads/main/College/Coaches/College%20Head%20Coaches/Steve_Sarkisian/2025_texas_roster.csv,Brooks Kieschnick Jr.,JR,OL,,2025,Texas,Steve Sarkisian
https://raw.githubusercontent.com/RKRoberts97/byu_football_tree/refs/heads/main/College/Coaches/College%20Head%20Coaches/Steve_Sarkisian/2025_texas_roster.csv,Patrick McBroom,SR,OL,,2025,Texas,Steve Sarkisian
https://raw.githubusercontent.com/RKRoberts97/byu_football_tree/refs/heads/main/College/Coaches/College%20Head%20Coaches/Steve_Sarkisian/2025_texas_roster.csv,Robert Sweeney,JR,OL,,2025,Texas,Steve Sarkisian
https://raw.githubusercontent.com/RKRoberts97/byu_football_tree/refs/heads/main/College/Coaches/College%20Head%20Coaches/Steve_Sarkisian/2025_texas_roster.csv,Mason Shipley,SR,K,,2025,Texas,Steve Sarkisian
https://raw.githubusercontent.com/RKRoberts97/byu_football_tree/refs/heads/main/College/Coaches/College%20Head%20Coaches/Steve_Sarkisian/2025_texas_roster.csv,Will Stone,SR,K,,2025,Texas,Steve Sarkisian
https://raw.githubusercontent.com/RKRoberts97/byu_football_tree/refs/heads/main/College/Coaches/College%20Head%20Coaches/Steve_Sarkisian/2025_texas_roster.csv,Cole Brevard,SR,DL,,2025,Texas,Steve Sarkisian
https://raw.githubusercontent.com/RKRoberts97/byu_football_tree/refs/heads/main/College/Coaches/College%20Head%20Coaches/Steve_Sarkisian/2025_texas_roster.csv,Myron Charles,FR,DL,,2025,Texas,Steve Sarkisian
https://raw.githubusercontent.com/RKRoberts97/byu_football_tree/refs/heads/main/College/Coaches/College%20Head%20Coaches/Steve_Sarkisian/2025_texas_roster.csv,Isaiah Coleman,FR,DL,,2025,Texas,Steve Sarkisian
https://raw.githubusercontent.com/RKRoberts97/byu_football_tree/refs/heads/main/College/Coaches/College%20Head%20Coaches/Steve_Sarkisian/2025_texas_roster.csv,Melvin Hills III,FR,DL,,2025,Texas,Steve Sarkisian
https://raw.githubusercontent.com/RKRoberts97/byu_football_tree/refs/heads/main/College/Coaches/College%20Head%20Coaches/Steve_Sarkisian/2025_texas_roster.csv,Alex January,SO,DL,,2025,Texas,Steve Sarkisian
https://raw.githubusercontent.com/RKRoberts97/byu_football_tree/refs/heads/main/College/Coaches/College%20Head%20Coaches/Steve_Sarkisian/2025_texas_roster.csv,Lavon Johnson,JR,DL,,2025,Texas,Steve Sarkisian
https://raw.githubusercontent.com/RKRoberts97/byu_football_tree/refs/heads/main/College/Coaches/College%20Head%20Coaches/Steve_Sarkisian/2025_texas_roster.csv,Josiah Sharma,FR,DL,,2025,Texas,Steve Sarkisian
https://raw.githubusercontent.com/RKRoberts97/byu_football_tree/refs/heads/main/College/Coaches/College%20Head%20Coaches/Steve_Sarkisian/2025_texas_roster.csv,Justus Terry,FR,DL,,2025,Texas,Steve Sarkisian
https://raw.githubusercontent.com/RKRoberts97/byu_football_tree/refs/heads/main/College/Coaches/College%20Head%20Coaches/Steve_Sarkisian/2025_texas_roster.csv,Maraad Watson,SO,DL,,2025,Texas,Steve Sarkisian
https://raw.githubusercontent.com/RKRoberts97/byu_football_tree/refs/heads/main/College/Coaches/College%20Head%20Coaches/Steve_Sarkisian/2025_texas_roster.csv,"Elijah """"""""Bo"""""""" Barnes",FR,LB,,2025,Texas,Steve Sarkisian
https://raw.githubusercontent.com/RKRoberts97/byu_football_tree/refs/heads/main/College/Coaches/College%20Head%20Coaches/Steve_Sarkisian/2025_texas_roster.csv,Jonathan Cunningham,FR,LB,,2025,Texas,Steve Sarkisian
https://raw.githubusercontent.com/RKRoberts97/byu_football_tree/refs/heads/main/College/Coaches/College%20Head%20Coaches/Steve_Sarkisian/2025_texas_roster.csv,Eric Garza,FR,LB,,2025,Texas,Steve Sarkisian
https://raw.githubusercontent.com/RKRoberts97/byu_football_tree/refs/heads/main/College/Coaches/College%20Head%20Coaches/Steve_Sarkisian/2025_texas_roster.csv,Anthony Hill Jr.,JR,LB,,2025,Texas,Steve Sarkisian
https://raw.githubusercontent.com/RKRoberts97/byu_football_tree/refs/heads/main/College/Coaches/College%20Head%20Coaches/Steve_Sarkisian/2025_texas_roster.csv,Marshall Landwehr,SR,LB,,2025,Texas,Steve Sarkisian
https://raw.githubusercontent.com/RKRoberts97/byu_football_tree/refs/heads/main/College/Coaches/College%20Head%20Coaches/Steve_Sarkisian/2025_texas_roster.csv,Liona Lefau,JR,LB,,2025,Texas,Steve Sarkisian
https://raw.githubusercontent.com/RKRoberts97/byu_football_tree/refs/heads/main/College/Coaches/College%20Head%20Coaches/Steve_Sarkisian/2025_texas_roster.csv,Trey Moore,SR,LB,,2025,Texas,Steve Sarkisian
https://raw.githubusercontent.com/RKRoberts97/byu_football_tree/refs/heads/main/College/Coaches/College%20Head%20Coaches/Steve_Sarkisian/2025_texas_roster.csv,Brady Sarkisian,JR,LB,,2025,Texas,Steve Sarkisian
https://raw.githubusercontent.com/RKRoberts97/byu_football_tree/refs/heads/main/College/Coaches/College%20Head%20Coaches/Steve_Sarkisian/2025_texas_roster.csv,Ty'Anthony Smith,SO,LB,,2025,Texas,Steve Sarkisian
https://raw.githubusercontent.com/RKRoberts97/byu_football_tree/refs/heads/main/College/Coaches/College%20Head%20Coaches/Steve_Sarkisian/2025_texas_roster.csv,Kobe Black,SO,DB,,2025,Texas,Steve Sarkisian
https://raw.githubusercontent.com/RKRoberts97/byu_football_tree/refs/heads/main/College/Coaches/College%20Head%20Coaches/Steve_Sarkisian/2025_texas_roster.csv,Caleb Chester,FR,DB,,2025,Texas,Steve Sarkisian
https://raw.githubusercontent.com/RKRoberts97/byu_football_tree/refs/heads/main/College/Coaches/College%20Head%20Coaches/Steve_Sarkisian/2025_texas_roster.csv,Xavier Filsaime,SO,DB,,2025,Texas,Steve Sarkisian
https://raw.githubusercontent.com/RKRoberts97/byu_football_tree/refs/heads/main/College/Coaches/College%20Head%20Coaches/Steve_Sarkisian/2025_texas_roster.csv,Graham Gillespie,SR,DB,,2025,Texas,Steve Sarkisian
https://raw.githubusercontent.com/RKRoberts97/byu_football_tree/refs/heads/main/College/Coaches/College%20Head%20Coaches/Steve_Sarkisian/2025_texas_roster.csv,Jaylon Guilbeau,SR,DB,,2025,Texas,Steve Sarkisian
https://raw.githubusercontent.com/RKRoberts97/byu_football_tree/refs/heads/main/College/Coaches/College%20Head%20Coaches/Steve_Sarkisian/2025_texas_roster.csv,Zelus Hicks,FR,DB,,2025,Texas,Steve Sarkisian
https://raw.githubusercontent.com/RKRoberts97/byu_football_tree/refs/heads/main/College/Coaches/College%20Head%20Coaches/Steve_Sarkisian/2025_texas_roster.csv,Jordan Johnson-Rubell,SO,DB,,2025,Texas,Steve Sarkisian
https://raw.githubusercontent.com/RKRoberts97/byu_football_tree/refs/heads/main/College/Coaches/College%20Head%20Coaches/Steve_Sarkisian/2025_texas_roster.csv,Graceson Littleton,FR,DB,,2025,Texas,Steve Sarkisian
https://raw.githubusercontent.com/RKRoberts97/byu_football_tree/refs/heads/main/College/Coaches/College%20Head%20Coaches/Steve_Sarkisian/2025_texas_roster.csv,Wardell Mack,FR,DB,,2025,Texas,Steve Sarkisian
https://raw.githubusercontent.com/RKRoberts97/byu_football_tree/refs/heads/main/College/Coaches/College%20Head%20Coaches/Steve_Sarkisian/2025_texas_roster.csv,Jelani McDonald,JR,DB,,2025,Texas,Steve Sarkisian
https://raw.githubusercontent.com/RKRoberts97/byu_football_tree/refs/heads/main/College/Coaches/College%20Head%20Coaches/Steve_Sarkisian/2025_texas_roster.csv,Malik Muhammad,JR,DB,,2025,Texas,Steve Sarkisian
https://raw.githubusercontent.com/RKRoberts97/byu_football_tree/refs/heads/main/College/Coaches/College%20Head%20Coaches/Steve_Sarkisian/2025_texas_roster.csv,Kade Phillips,FR,DB,,2025,Texas,Steve Sarkisian
https://raw.githubusercontent.com/RKRoberts97/byu_football_tree/refs/heads/main/College/Coaches/College%20Head%20Coaches/Steve_Sarkisian/2025_texas_roster.csv,Warren Roberson,SO,DB,,2025,Texas,Steve Sarkisian
https://raw.githubusercontent.com/RKRoberts97/byu_football_tree/refs/heads/main/College/Coaches/College%20Head%20Coaches/Steve_Sarkisian/2025_texas_roster.csv,Michael Taaffe,SR,DB,,2025,Texas,Steve Sarkisian
https://raw.githubusercontent.com/RKRoberts97/byu_football_tree/refs/heads/main/College/Coaches/College%20Head%20Coaches/Steve_Sarkisian/2025_texas_roster.csv,Ziky Umeozulu,FR,DB,,2025,Texas,Steve Sarkisian
https://raw.githubusercontent.com/RKRoberts97/byu_football_tree/refs/heads/main/College/Coaches/College%20Head%20Coaches/Steve_Sarkisian/2025_texas_roster.csv,Derek Williams Jr.,SO,DB,,2025,Texas,Steve Sarkisian
https://raw.githubusercontent.com/RKRoberts97/byu_football_tree/refs/heads/main/College/Coaches/College%20Head%20Coaches/Steve_Sarkisian/2025_texas_roster.csv,Jonah Williams,FR,DB,,2025,Texas,Steve Sarkisian
https://raw.githubusercontent.com/RKRoberts97/byu_football_tree/refs/heads/main/College/Coaches/College%20Head%20Coaches/Steve_Sarkisian/2025_texas_roster.csv,Santana Wilson,FR,DB,,2025,Texas,Steve Sarkisian
https://raw.githubusercontent.com/RKRoberts97/byu_football_tree/refs/heads/main/College/Coaches/College%20Head%20Coaches/Steve_Sarkisian/2025_texas_roster.csv,McCoy Bruce,FR,DB,,2025,Texas,Steve Sarkisian
https://raw.githubusercontent.com/RKRoberts97/byu_football_tree/refs/heads/main/College/Coaches/College%20Head%20Coaches/Steve_Sarkisian/2025_texas_roster.csv,Jackson Duffey,FR,DB,,2025,Texas,Steve Sarkisian
https://raw.githubusercontent.com/RKRoberts97/byu_football_tree/refs/heads/main/College/Coaches/College%20Head%20Coaches/Steve_Sarkisian/2025_texas_roster.csv,Carson Marshall,SR,DB,,2025,Texas,Steve Sarkisian
https://raw.githubusercontent.com/RKRoberts97/byu_football_tree/refs/heads/main/College/Coaches/College%20Head%20Coaches/Steve_Sarkisian/2025_texas_roster.csv,Spencer Barnett,FR,P,,2025,Texas,Steve Sarkisian
https://raw.githubusercontent.com/RKRoberts97/byu_football_tree/refs/heads/main/College/Coaches/College%20Head%20Coaches/Steve_Sarkisian/2025_texas_roster.csv,Jack Bouwmeester,SR,P,,2025,Texas,Steve Sarkisian
https://raw.githubusercontent.com/RKRoberts97/byu_football_tree/refs/heads/main/College/Coaches/College%20Head%20Coaches/Steve_Sarkisian/2025_texas_roster.csv,Gehrig Heil,FR,P,,2025,Texas,Steve Sarkisian
https://raw.githubusercontent.com/RKRoberts97/byu_football_tree/refs/heads/main/College/Coaches/College%20Head%20Coaches/Steve_Sarkisian/2025_texas_roster.csv,Ethan Burke,SR,DE,,2025,Texas,Steve Sarkisian
https://raw.githubusercontent.com/RKRoberts97/byu_football_tree/refs/heads/main/College/Coaches/College%20Head%20Coaches/Steve_Sarkisian/2025_texas_roster.csv,Lance Jackson,FR,DE,,2025,Texas,Steve Sarkisian
https://raw.githubusercontent.com/RKRoberts97/byu_football_tree/refs/heads/main/College/Coaches/College%20Head%20Coaches/Steve_Sarkisian/2025_texas_roster.csv,Hero Kanu,SR,DT,,2025,Texas,Steve Sarkisian
https://raw.githubusercontent.com/RKRoberts97/byu_football_tree/refs/heads/main/College/Coaches/College%20Head%20Coaches/Steve_Sarkisian/2025_texas_roster.csv,Smith Orogbo,FR,DE,,2025,Texas,Steve Sarkisian
https://raw.githubusercontent.com/RKRoberts97/byu_football_tree/refs/heads/main/College/Coaches/College%20Head%20Coaches/Steve_Sarkisian/2025_texas_roster.csv,Travis Shaw,SR,DT,,2025,Texas,Steve Sarkisian
https://raw.githubusercontent.com/RKRoberts97/byu_football_tree/refs/heads/main/College/Coaches/College%20Head%20Coaches/Steve_Sarkisian/2025_texas_roster.csv,Colin Simmons,SO,DE,,2025,Texas,Steve Sarkisian
https://raw.githubusercontent.com/RKRoberts97/byu_football_tree/refs/heads/main/College/Coaches/College%20Head%20Coaches/Steve_Sarkisian/2025_texas_roster.csv,Brad Spence,JR,DE,,2025,Texas,Steve Sarkisian
https://raw.githubusercontent.com/RKRoberts97/byu_football_tree/refs/heads/main/College/Coaches/College%20Head%20Coaches/Steve_Sarkisian/2025_texas_roster.csv,Lance St. Louis,JR,LS,,2025,Texas,Steve Sarkisian
https://raw.githubusercontent.com/RKRoberts97/byu_football_tree/refs/heads/main/College/Coaches/College%20Head%20Coaches/Steve_Sarkisian/2025_texas_roster.csv,Zina Umeozulu,FR,DE,,2025,Texas,Steve Sarkisian
https://raw.githubusercontent.com/RKRoberts97/byu_football_tree/refs/heads/main/College/Coaches/College%20Head%20Coaches/Steve_Sarkisian/2025_texas_roster.csv,Colton Vasek,SO,DE,,2025,Texas,Steve Sarkisian
https://raw.githubusercontent.com/RKRoberts97/byu_football_tree/refs/heads/main/College/Coaches/College%20Head%20Coaches/Steve_Sarkisian/2025_texas_roster.csv,Tate Haver,JR,LS,,2025,Texas,Steve Sarkisian
