Player,Class,Pos,Summary,Year,School,Coach
Alex Smith,JR,QB,"214 Cmp, 317 Att, 2952 Yds, 32 TD",2004,Utah,Kyle Whittingham
Brian Johnson,FR,QB,"14 Cmp, 21 Att, 142 Yds, 1 TD",2004,Utah,Kyle Whittingham
Fano Tagovailoa,JR,QB,"2 Cmp, 2 Att, 49 Yds, 0 TD",2004,Utah,Kyle Whittingham
Brigham Au,JR,QB,,2004,Utah,Kyle Whittingham
Adam Madsen,JR,QB,,2004,Utah,Kyle Whittingham
Quinton Ganther,JR,RB,"109 Att, 654 Yds, 6.0 Avg",2004,Utah,Kyle Whittingham
Marty Johnson,SR,RB,"165 Att, 802 Yds, 4.9 Avg",2004,Utah,Kyle Whittingham
Joe Johnson,FR,RB,"11 Att, 41 Yds, 3.7 Avg",2004,Utah,Kyle Whittingham
Darryl Poston,JR,RB,"1 Att, 3 Yds, 3.0 Avg",2004,Utah,Kyle Whittingham
Billy Kinsey,SO,RB,,2004,Utah,Kyle Whittingham
Paris Warren,SR,WR,"80 Rec, 1076 Yds, 13.5 Avg",2004,Utah,Kyle Whittingham
Steve Savoy,SO,WR,"67 Rec, 961 Yds, 14.3 Avg",2004,Utah,Kyle Whittingham
Jerome Wright,SR,WR,"5 Rec, 64 Yds, 12.8 Avg",2004,Utah,Kyle Whittingham
Travis Latendresse,SR,WR,"27 Rec, 411 Yds, 15.2 Avg",2004,Utah,Kyle Whittingham
Derrek Richards,FR,WR,"2 Rec, 53 Yds, 26.5 Avg",2004,Utah,Kyle Whittingham
Justin Walker,JR,WR,"1 Rec, -2 Yds, -2.0 Avg",2004,Utah,Kyle Whittingham
John Madsen,JR,WR,"27 Rec, 377 Yds, 14.0 Avg",2004,Utah,Kyle Whittingham
Thomas Huff,FR,WR,"1 Rec, 24 Yds, 24.0 Avg",2004,Utah,Kyle Whittingham
Blake Burdette,JR,TE,"3 Rec, 20 Yds, 6.7 Avg",2004,Utah,Kyle Whittingham
Jon Clark,JR,TE,"1 Rec, 20 Yds, 20.0 Avg",2004,Utah,Kyle Whittingham
Dan Beardall,JR,K,,2004,Utah,Kyle Whittingham
Bryan Borreson,JR,K,,2004,Utah,Kyle Whittingham
David Carroll,FR,K,,2004,Utah,Kyle Whittingham
Steve Fifita,JR,DL,,2004,Utah,Kyle Whittingham
Jonathan Fanene,SR,DL,,2004,Utah,Kyle Whittingham
Marquess Ledbetter,JR,DL,,2004,Utah,Kyle Whittingham
Sione Pouha,SR,DL,,2004,Utah,Kyle Whittingham
Corey Dodds,SR,LB,,2004,Utah,Kyle Whittingham
Grady Marshall,JR,LB,,2004,Utah,Kyle Whittingham
Spencer Toone,JR,LB,,2004,Utah,Kyle Whittingham
Bo Nagahi,SR,DB,,2004,Utah,Kyle Whittingham
Shaun Harper,SO,DB,,2004,Utah,Kyle Whittingham
Morgan Scalley,SR,DB,,2004,Utah,Kyle Whittingham
Ryan Smith,FR,DB,,2004,Utah,Kyle Whittingham
Eric Weddle,SO,DB,,2004,Utah,Kyle Whittingham
Matt Kovacevich,SR,P,,2004,Utah,Kyle Whittingham
Brian Johnson,SO,QB,"210 Cmp, 330 Att, 2892 Yds, 18 TD",2005,Utah,Kyle Whittingham
Brett Ratliff,JR,QB,"48 Cmp, 77 Att, 642 Yds, 8 TD",2005,Utah,Kyle Whittingham
Quinton Ganther,SR,RB,"205 Att, 1120 Yds, 5.5 Avg",2005,Utah,Kyle Whittingham
Darrell Mack,FR,RB,"39 Att, 147 Yds, 3.8 Avg",2005,Utah,Kyle Whittingham
Mike Liti,SO,RB,"12 Att, 28 Yds, 2.3 Avg",2005,Utah,Kyle Whittingham
Darryl Poston,SR,RB,"6 Att, 19 Yds, 3.2 Avg",2005,Utah,Kyle Whittingham
Fano Tagovailoa,JR,WR,"6 Rec, 66 Yds, 11.0 Avg",2005,Utah,Kyle Whittingham
Drew Hackett,JR,WR,,2005,Utah,Kyle Whittingham
Jordan Johnson,FR,WR,,2005,Utah,Kyle Whittingham
John Peel,FR,WR,,2005,Utah,Kyle Whittingham
Brent Casteel,FR,WR,"39 Rec, 426 Yds, 10.9 Avg",2005,Utah,Kyle Whittingham
Marquis Wilson,FR,WR,"9 Rec, 149 Yds, 16.6 Avg",2005,Utah,Kyle Whittingham
John Madsen,SR,WR,"55 Rec, 672 Yds, 12.2 Avg",2005,Utah,Kyle Whittingham
Justin Walker,SR,WR,,2005,Utah,Kyle Whittingham
Travis Latendresse,SR,WR,"55 Rec, 810 Yds, 14.7 Avg",2005,Utah,Kyle Whittingham
Brian Hernandez,JR,WR,"39 Rec, 709 Yds, 18.2 Avg",2005,Utah,Kyle Whittingham
Derrek Richards,SO,WR,"16 Rec, 239 Yds, 14.9 Avg",2005,Utah,Kyle Whittingham
Freddie Brown,FR,WR,"2 Rec, 43 Yds, 21.5 Avg",2005,Utah,Kyle Whittingham
Sean O'Connell,JR,TE,,2005,Utah,Kyle Whittingham
Chad Jacobsen,SR,TE,"4 Rec, 69 Yds, 17.3 Avg",2005,Utah,Kyle Whittingham
Ameen Shaheen,JR,TE,"3 Rec, 20 Yds, 6.7 Avg",2005,Utah,Kyle Whittingham
Willie Sao,SR,TE,,2005,Utah,Kyle Whittingham
Jason Boone,SO,OL,,2005,Utah,Kyle Whittingham
Brock Condie,SR,OL,,2005,Utah,Kyle Whittingham
David Dirkmaat,SR,OL,,2005,Utah,Kyle Whittingham
Jason Voss,JR,OL,,2005,Utah,Kyle Whittingham
Dan Beardall,SR,K,,2005,Utah,Kyle Whittingham
Louie Sakoda,FR,K,,2005,Utah,Kyle Whittingham
Kite Afeaki,SR,DL,,2005,Utah,Kyle Whittingham
Derek Beardall,JR,DL,,2005,Utah,Kyle Whittingham
Martail Burnett,SO,DL,,2005,Utah,Kyle Whittingham
Steve Fifita,SR,DL,,2005,Utah,Kyle Whittingham
Soli Lefiti,JR,DL,,2005,Utah,Kyle Whittingham
Alex Puccinelli,SO,DL,,2005,Utah,Kyle Whittingham
Paul Soliai,JR,DL,,2005,Utah,Kyle Whittingham
Kelly Talavou,JR,DL,,2005,Utah,Kyle Whittingham
Reggie Turner,JR,DL,,2005,Utah,Kyle Whittingham
Afa Garrigan,FR,LB,,2005,Utah,Kyle Whittingham
Joe Jiannoni,SO,LB,,2005,Utah,Kyle Whittingham
Taylor Miller,SO,LB,,2005,Utah,Kyle Whittingham
Malakai Mokofisi,SO,LB,,2005,Utah,Kyle Whittingham
Brady Nielson,JR,LB,,2005,Utah,Kyle Whittingham
Loma Olevao,SO,LB,,2005,Utah,Kyle Whittingham
Charlie Tegantvoort,SR,LB,,2005,Utah,Kyle Whittingham
Kyle Brady,SO,LB,,2005,Utah,Kyle Whittingham
Grady Marshall,SR,LB,,2005,Utah,Kyle Whittingham
Spencer Toone,SR,LB,,2005,Utah,Kyle Whittingham
Eric Weddle,JR,DB,,2005,Utah,Kyle Whittingham
Kawika Casco,SR,DB,,2005,Utah,Kyle Whittingham
Brice McCain,FR,DB,,2005,Utah,Kyle Whittingham
Eugene Oates,SR,DB,,2005,Utah,Kyle Whittingham
Eric Shyne,JR,DB,,2005,Utah,Kyle Whittingham
Antonio Young,SR,DB,,2005,Utah,Kyle Whittingham
Casey Evans,JR,DB,,2005,Utah,Kyle Whittingham
Shaun Harper,JR,DB,,2005,Utah,Kyle Whittingham
Tim Harris,SR,DB,,2005,Utah,Kyle Whittingham
Ryan Smith,SO,DB,,2005,Utah,Kyle Whittingham
Steve Tate,SO,DB,,2005,Utah,Kyle Whittingham
Brent Rawlings,SO,P,,2005,Utah,Kyle Whittingham
Brett Ratliff,SR,QB,"228 Cmp, 391 Att, 2796 Yds, 23 TD",2006,Utah,Kyle Whittingham
Tommy Grady,JR,QB,"7 Cmp, 14 Att, 102 Yds, 1 TD",2006,Utah,Kyle Whittingham
Kevin Dunn,FR,QB,,2006,Utah,Kyle Whittingham
Brady Phillips,FR,RB,,2006,Utah,Kyle Whittingham
Darryl Poston,SR,RB,"146 Att, 557 Yds, 3.8 Avg",2006,Utah,Kyle Whittingham
Darrell Mack,SO,RB,"43 Att, 173 Yds, 4.0 Avg",2006,Utah,Kyle Whittingham
Mike Liti,JR,RB,"37 Att, 183 Yds, 4.9 Avg",2006,Utah,Kyle Whittingham
R.J. Stanford,FR,RB,"11 Att, 48 Yds, 4.4 Avg",2006,Utah,Kyle Whittingham
Ray Stowers,SO,RB,"5 Att, 23 Yds, 4.6 Avg",2006,Utah,Kyle Whittingham
Fano Tagovailoa,SR,WR,"1 Rec, 35 Yds, 35.0 Avg",2006,Utah,Kyle Whittingham
Brent Casteel,SO,WR,"39 Rec, 600 Yds, 15.4 Avg",2006,Utah,Kyle Whittingham
Sean Smith,FR,WR,"1 Rec, 12 Yds, 12.0 Avg",2006,Utah,Kyle Whittingham
Marquis Wilson,SO,WR,"25 Rec, 398 Yds, 15.9 Avg",2006,Utah,Kyle Whittingham
Derrek Richards,JR,WR,"60 Rec, 717 Yds, 12.0 Avg",2006,Utah,Kyle Whittingham
Brian Hernandez,JR,WR,"47 Rec, 424 Yds, 9.0 Avg",2006,Utah,Kyle Whittingham
Bradon Godfrey,SO,WR,"22 Rec, 360 Yds, 16.4 Avg",2006,Utah,Kyle Whittingham
Freddie Brown,SO,WR,"17 Rec, 196 Yds, 11.5 Avg",2006,Utah,Kyle Whittingham
Jason Voss,SR,TE,,2006,Utah,Kyle Whittingham
Matt Sims,JR,TE,"4 Rec, 62 Yds, 15.5 Avg",2006,Utah,Kyle Whittingham
Colt Sampson,JR,TE,"3 Rec, 18 Yds, 6.0 Avg",2006,Utah,Kyle Whittingham
Zane Beadles,FR,OL,,2006,Utah,Kyle Whittingham
Corey Seiuli,SO,OL,,2006,Utah,Kyle Whittingham
Louie Sakoda,SO,K,,2006,Utah,Kyle Whittingham
Martail Burnett,JR,DL,,2006,Utah,Kyle Whittingham
Kenape Eliapo,FR,DL,,2006,Utah,Kyle Whittingham
Soli Lefiti,SR,DL,,2006,Utah,Kyle Whittingham
Gabe Long,JR,DL,,2006,Utah,Kyle Whittingham
Greg Newman,SO,DL,,2006,Utah,Kyle Whittingham
Alex Puccinelli,JR,DL,,2006,Utah,Kyle Whittingham
Paul Soliai,SR,DL,,2006,Utah,Kyle Whittingham
Casey Sutera,JR,DL,,2006,Utah,Kyle Whittingham
Kelly Talavou,SR,DL,,2006,Utah,Kyle Whittingham
Zeke Wily,FR,DL,,2006,Utah,Kyle Whittingham
Kyle Brady,JR,LB,,2006,Utah,Kyle Whittingham
Loma Olevao,JR,LB,,2006,Utah,Kyle Whittingham
Mike Wright,FR,LB,,2006,Utah,Kyle Whittingham
Joe Jiannoni,JR,LB,,2006,Utah,Kyle Whittingham
Malakai Mokofisi,JR,LB,,2006,Utah,Kyle Whittingham
Stevenson Sylvester,FR,LB,,2006,Utah,Kyle Whittingham
J.J. Williams,FR,LB,,2006,Utah,Kyle Whittingham
Eric Weddle,SR,DB,,2006,Utah,Kyle Whittingham
Joe Dale,FR,DB,,2006,Utah,Kyle Whittingham
Casey Evans,SR,DB,,2006,Utah,Kyle Whittingham
Justin Jones,FR,DB,,2006,Utah,Kyle Whittingham
Clint Mower,SO,DB,,2006,Utah,Kyle Whittingham
R.J. Rice,SO,DB,,2006,Utah,Kyle Whittingham
Mombroso Washington,JR,DB,,2006,Utah,Kyle Whittingham
Elijah Wesson,FR,DB,,2006,Utah,Kyle Whittingham
Shaun Harper,SR,DB,,2006,Utah,Kyle Whittingham
Brice McCain,SO,DB,,2006,Utah,Kyle Whittingham
Eric Shyne,SR,DB,,2006,Utah,Kyle Whittingham
Steve Tate,JR,DB,,2006,Utah,Kyle Whittingham
Brian Johnson,JR,QB,"181 Cmp, 272 Att, 1847 Yds, 11 TD",2007,Utah,Kyle Whittingham
Tommy Grady,SR,QB,"58 Cmp, 115 Att, 681 Yds, 4 TD",2007,Utah,Kyle Whittingham
Corbin Louks,FR,QB,"5 Cmp, 8 Att, 41 Yds, 2 TD",2007,Utah,Kyle Whittingham
Darrell Mack,JR,RB,"253 Att, 1204 Yds, 4.8 Avg",2007,Utah,Kyle Whittingham
Ray Stowers,JR,RB,"47 Att, 261 Yds, 5.6 Avg",2007,Utah,Kyle Whittingham
Eddie Wide,FR,RB,"19 Att, 44 Yds, 2.3 Avg",2007,Utah,Kyle Whittingham
Darryl Poston,SR,RB,"12 Att, 37 Yds, 3.1 Avg",2007,Utah,Kyle Whittingham
Matt Asiata,JR,RB,"4 Att, 16 Yds, 4.0 Avg",2007,Utah,Kyle Whittingham
Trevor Moss,SO,RB,"1 Att, 8 Yds, 8.0 Avg",2007,Utah,Kyle Whittingham
Zac Eldridge,FR,RB,,2007,Utah,Kyle Whittingham
Jereme Brooks,FR,WR,"15 Rec, 183 Yds, 12.2 Avg",2007,Utah,Kyle Whittingham
Bradon Godfrey,JR,WR,"50 Rec, 524 Yds, 10.5 Avg",2007,Utah,Kyle Whittingham
Marquis Wilson,JR,WR,"18 Rec, 285 Yds, 15.8 Avg",2007,Utah,Kyle Whittingham
Brent Casteel,JR,WR,"7 Rec, 64 Yds, 9.1 Avg",2007,Utah,Kyle Whittingham
Derrek Richards,SR,WR,"57 Rec, 635 Yds, 11.1 Avg",2007,Utah,Kyle Whittingham
Freddie Brown,JR,WR,"20 Rec, 219 Yds, 11.0 Avg",2007,Utah,Kyle Whittingham
Brian Hernandez,SR,WR,"39 Rec, 385 Yds, 9.9 Avg",2007,Utah,Kyle Whittingham
Mike Hicken,FR,WR,"1 Rec, 19 Yds, 19.0 Avg",2007,Utah,Kyle Whittingham
Dallin Rogers,FR,TE,"7 Rec, 45 Yds, 6.4 Avg",2007,Utah,Kyle Whittingham
Colt Sampson,JR,TE,"2 Rec, 15 Yds, 7.5 Avg",2007,Utah,Kyle Whittingham
Matt Sims,SR,TE,"2 Rec, 15 Yds, 7.5 Avg",2007,Utah,Kyle Whittingham
Dustin Hensel,JR,OL,,2007,Utah,Kyle Whittingham
Caleb Schlauderaff,FR,OL,,2007,Utah,Kyle Whittingham
Zane Taylor,FR,OL,,2007,Utah,Kyle Whittingham
Louie Sakoda,JR,K,,2007,Utah,Kyle Whittingham
Kenape Eliapo,SO,DL,,2007,Utah,Kyle Whittingham
Nai Fotu,FR,DL,,2007,Utah,Kyle Whittingham
Gabe Long,SR,DL,,2007,Utah,Kyle Whittingham
Koa Misi,SO,DL,,2007,Utah,Kyle Whittingham
Greg Newman,JR,DL,,2007,Utah,Kyle Whittingham
Alex Puccinelli,SR,DL,,2007,Utah,Kyle Whittingham
Casey Sutera,SR,DL,,2007,Utah,Kyle Whittingham
Lei Talamaivao,FR,DL,,2007,Utah,Kyle Whittingham
Ryan Taylor,SR,DL,,2007,Utah,Kyle Whittingham
Aaron Tonga,JR,DL,,2007,Utah,Kyle Whittingham
Zeke Tuinei-Wily,SO,DL,,2007,Utah,Kyle Whittingham
Neli A'Asa,FR,DL,,2007,Utah,Kyle Whittingham
Martail Burnett,SR,DL,,2007,Utah,Kyle Whittingham
Paul Kruger,FR,DL,,2007,Utah,Kyle Whittingham
Kyle Brady,SR,LB,,2007,Utah,Kyle Whittingham
Kepa Gaison,SO,LB,,2007,Utah,Kyle Whittingham
Jamel King,FR,LB,,2007,Utah,Kyle Whittingham
Malakai Mokofisi,SR,LB,,2007,Utah,Kyle Whittingham
Loma Olevao,SR,LB,,2007,Utah,Kyle Whittingham
Stevenson Sylvester,SO,LB,,2007,Utah,Kyle Whittingham
Justin Taplin-Ross,FR,LB,,2007,Utah,Kyle Whittingham
Mike Wright,SO,LB,,2007,Utah,Kyle Whittingham
Joe Jiannoni,SR,LB,,2007,Utah,Kyle Whittingham
Terrell Cole,JR,DB,,2007,Utah,Kyle Whittingham
Clint Mower,JR,DB,,2007,Utah,Kyle Whittingham
Deshawn Richard,JR,DB,,2007,Utah,Kyle Whittingham
R.J. Stanford,SO,DB,,2007,Utah,Kyle Whittingham
Elijah Wesson,SO,DB,,2007,Utah,Kyle Whittingham
Joe Dale,SO,DB,,2007,Utah,Kyle Whittingham
Robert Johnson,SO,DB,,2007,Utah,Kyle Whittingham
Justin Jones,SO,DB,,2007,Utah,Kyle Whittingham
Brice McCain,JR,DB,,2007,Utah,Kyle Whittingham
R.J. Rice,JR,DB,,2007,Utah,Kyle Whittingham
Sean Smith,SO,DB,,2007,Utah,Kyle Whittingham
Steve Tate,SR,DB,,2007,Utah,Kyle Whittingham
Brian Johnson,SR,QB,"268 Cmp, 394 Att, 2972 Yds, 27 TD",2008,Utah,Kyle Whittingham
Corbin Louks,SO,QB,"4 Cmp, 7 Att, 104 Yds, 0 TD",2008,Utah,Kyle Whittingham
Chad Manis,SO,QB,"3 Cmp, 4 Att, 24 Yds, 0 TD",2008,Utah,Kyle Whittingham
Matt Asiata,JR,RB,"146 Att, 707 Yds, 4.8 Avg",2008,Utah,Kyle Whittingham
Darrell Mack,SR,RB,"123 Att, 541 Yds, 4.4 Avg",2008,Utah,Kyle Whittingham
Trevor Moss,JR,RB,,2008,Utah,Kyle Whittingham
Eddie Wide,SO,RB,"30 Att, 183 Yds, 6.1 Avg",2008,Utah,Kyle Whittingham
Ray Stowers,JR,RB,"17 Att, 76 Yds, 4.5 Avg",2008,Utah,Kyle Whittingham
Junior Fonua,JR,RB,,2008,Utah,Kyle Whittingham
Jereme Brooks,SO,WR,"30 Rec, 331 Yds, 11.0 Avg",2008,Utah,Kyle Whittingham
Mychal Robinson,FR,WR,,2008,Utah,Kyle Whittingham
Brent Casteel,SR,WR,"43 Rec, 564 Yds, 13.1 Avg",2008,Utah,Kyle Whittingham
Elijah Wesson,JR,WR,,2008,Utah,Kyle Whittingham
David Reed,JR,WR,"25 Rec, 427 Yds, 17.1 Avg",2008,Utah,Kyle Whittingham
Freddie Brown,SR,WR,"77 Rec, 900 Yds, 11.7 Avg",2008,Utah,Kyle Whittingham
Bradon Godfrey,SR,WR,"56 Rec, 556 Yds, 9.9 Avg",2008,Utah,Kyle Whittingham
Aiona Key,JR,WR,"1 Rec, 19 Yds, 19.0 Avg",2008,Utah,Kyle Whittingham
John Peel,JR,WR,"1 Rec, 7 Yds, 7.0 Avg",2008,Utah,Kyle Whittingham
Ben Hendy,JR,TE,,2008,Utah,Kyle Whittingham
Colt Sampson,SR,TE,"11 Rec, 76 Yds, 6.9 Avg",2008,Utah,Kyle Whittingham
Chris Joppru,JR,TE,"6 Rec, 59 Yds, 9.8 Avg",2008,Utah,Kyle Whittingham
Tony Bergstrom,FR,OL,,2008,Utah,Kyle Whittingham
Robert Conley,SR,OL,,2008,Utah,Kyle Whittingham
Louie Sakoda,SR,K,,2008,Utah,Kyle Whittingham
Kenape Eliapo,JR,DL,,2008,Utah,Kyle Whittingham
Koa Misi,JR,DL,,2008,Utah,Kyle Whittingham
Derrick Shelby,FR,DL,,2008,Utah,Kyle Whittingham
Sealver Siliga,FR,DL,,2008,Utah,Kyle Whittingham
Lei Talamaivao,SO,DL,,2008,Utah,Kyle Whittingham
Aaron Tonga,SR,DL,,2008,Utah,Kyle Whittingham
Junior Tui'One,SO,DL,,2008,Utah,Kyle Whittingham
Paul Kruger,SO,DL,,2008,Utah,Kyle Whittingham
Greg Newman,SR,DL,,2008,Utah,Kyle Whittingham
Greg Bird,FR,LB,,2008,Utah,Kyle Whittingham
Nai Fotu,SO,LB,,2008,Utah,Kyle Whittingham
Kepa Gaison,JR,LB,,2008,Utah,Kyle Whittingham
Lisi Leota,JR,LB,,2008,Utah,Kyle Whittingham
Matt Martinez,SO,LB,,2008,Utah,Kyle Whittingham
Mo Neal,FR,LB,,2008,Utah,Kyle Whittingham
Stevenson Sylvester,JR,LB,,2008,Utah,Kyle Whittingham
Mike Wright,JR,LB,,2008,Utah,Kyle Whittingham
Chaz Walker,FR,LB,,2008,Utah,Kyle Whittingham
Brandon Burton,FR,DB,,2008,Utah,Kyle Whittingham
Tysen Clements,SO,DB,,2008,Utah,Kyle Whittingham
Clint Mower,SR,DB,,2008,Utah,Kyle Whittingham
Damilyn Tanner,JR,DB,,2008,Utah,Kyle Whittingham
Justin Taplin-Ross,SO,DB,,2008,Utah,Kyle Whittingham
R.J. Stanford,JR,DB,,2008,Utah,Kyle Whittingham
Terrell Cole,SR,DB,,2008,Utah,Kyle Whittingham
Joe Dale,JR,DB,,2008,Utah,Kyle Whittingham
Robert Johnson,JR,DB,,2008,Utah,Kyle Whittingham
Justin Jones,JR,DB,,2008,Utah,Kyle Whittingham
Brice McCain,SR,DB,,2008,Utah,Kyle Whittingham
R.J. Rice,SR,DB,,2008,Utah,Kyle Whittingham
Deshawn Richard,SR,DB,,2008,Utah,Kyle Whittingham
Sean Smith,JR,DB,,2008,Utah,Kyle Whittingham
Terrance Cain,JR,QB,"137 Cmp, 215 Att, 1624 Yds, 11 TD",2009,Utah,Kyle Whittingham
Jordan Wynn,FR,QB,"104 Cmp, 179 Att, 1329 Yds, 8 TD",2009,Utah,Kyle Whittingham
Matt Asiata,SR,RB,"74 Att, 330 Yds, 4.5 Avg",2009,Utah,Kyle Whittingham
Mychal Robinson,SO,RB,,2009,Utah,Kyle Whittingham
Eddie Wide,JR,RB,"203 Att, 1069 Yds, 5.3 Avg",2009,Utah,Kyle Whittingham
Sausan Shakerin,FR,RB,"36 Att, 198 Yds, 5.5 Avg",2009,Utah,Kyle Whittingham
Trevor Moss,SR,RB,"3 Att, 4 Yds, 1.3 Avg",2009,Utah,Kyle Whittingham
Ray Stowers,SR,RB,"3 Att, 12 Yds, 4.0 Avg",2009,Utah,Kyle Whittingham
Shaky Smithson,JR,WR,"13 Rec, 100 Yds, 7.7 Avg",2009,Utah,Kyle Whittingham
Devonte Christopher,FR,WR,"2 Rec, 38 Yds, 19.0 Avg",2009,Utah,Kyle Whittingham
Jereme Brooks,JR,WR,"56 Rec, 696 Yds, 12.4 Avg",2009,Utah,Kyle Whittingham
Luke Matthews,FR,WR,"9 Rec, 108 Yds, 12.0 Avg",2009,Utah,Kyle Whittingham
David Reed,SR,WR,"81 Rec, 1188 Yds, 14.7 Avg",2009,Utah,Kyle Whittingham
Aiona Key,SR,WR,"26 Rec, 227 Yds, 8.7 Avg",2009,Utah,Kyle Whittingham
John Peel,SR,WR,"16 Rec, 209 Yds, 13.1 Avg",2009,Utah,Kyle Whittingham
Elijah Wesson,SR,WR,"3 Rec, 27 Yds, 9.0 Avg",2009,Utah,Kyle Whittingham
Ben Hendy,SR,TE,"4 Rec, 28 Yds, 7.0 Avg",2009,Utah,Kyle Whittingham
Kendrick Moeai,FR,TE,"4 Rec, 77 Yds, 19.3 Avg",2009,Utah,Kyle Whittingham
Brad Clifford,JR,TE,"1 Rec, -2 Yds, -2.0 Avg",2009,Utah,Kyle Whittingham
Zane Beadles,SR,OL,,2009,Utah,Kyle Whittingham
Patrick Greene,FR,OL,,2009,Utah,Kyle Whittingham
Viliamu Nau,SR,OL,,2009,Utah,Kyle Whittingham
Joe Phillips,JR,K,,2009,Utah,Kyle Whittingham
Ben Vroman,SR,K,,2009,Utah,Kyle Whittingham
Kenape Eliapo,SR,DL,,2009,Utah,Kyle Whittingham
Nai Fotu,JR,DL,,2009,Utah,Kyle Whittingham
Dave Kruger,FR,DL,,2009,Utah,Kyle Whittingham
Koa Misi,SR,DL,,2009,Utah,Kyle Whittingham
Derrick Shelby,SO,DL,,2009,Utah,Kyle Whittingham
Sealver Siliga,SO,DL,,2009,Utah,Kyle Whittingham
Lei Talamaivao,SO,DL,,2009,Utah,Kyle Whittingham
Junior Tui'One,JR,DL,,2009,Utah,Kyle Whittingham
Christian Cox,JR,DL,,2009,Utah,Kyle Whittingham
Kepa Gaison,SR,LB,,2009,Utah,Kyle Whittingham
Jamel King,SO,LB,,2009,Utah,Kyle Whittingham
Chad Manis,JR,LB,,2009,Utah,Kyle Whittingham
Chaz Walker,SO,LB,,2009,Utah,Kyle Whittingham
J.J. Williams,SO,LB,,2009,Utah,Kyle Whittingham
Boo Andersen,FR,LB,,2009,Utah,Kyle Whittingham
Matt Martinez,SO,LB,,2009,Utah,Kyle Whittingham
Stevenson Sylvester,SR,LB,,2009,Utah,Kyle Whittingham
Mike Wright,SR,LB,,2009,Utah,Kyle Whittingham
Bryce Bennion,FR,DB,,2009,Utah,Kyle Whittingham
Greg Bird,SO,DB,,2009,Utah,Kyle Whittingham
Tysen Clements,JR,DB,,2009,Utah,Kyle Whittingham
Victor Spikes,FR,DB,,2009,Utah,Kyle Whittingham
Justin Taplin-Ross,JR,DB,,2009,Utah,Kyle Whittingham
Reggie Topps,FR,DB,,2009,Utah,Kyle Whittingham
Kamaron Yancy,JR,DB,,2009,Utah,Kyle Whittingham
Brandon Burton,SO,DB,,2009,Utah,Kyle Whittingham
Lamar Chapman,JR,DB,,2009,Utah,Kyle Whittingham
Joe Dale,SR,DB,,2009,Utah,Kyle Whittingham
Robert Johnson,SR,DB,,2009,Utah,Kyle Whittingham
Justin Jones,SR,DB,,2009,Utah,Kyle Whittingham
Ryan Lacy,FR,DB,,2009,Utah,Kyle Whittingham
R.J. Stanford,SR,DB,,2009,Utah,Kyle Whittingham
Sean Sellwood,FR,P,,2009,Utah,Kyle Whittingham
Jordan Wynn,SO,QB,"186 Cmp, 299 Att, 2334 Yds, 17 TD",2010,Utah,Kyle Whittingham
Terrance Cain,SR,QB,"61 Cmp, 96 Att, 703 Yds, 6 TD",2010,Utah,Kyle Whittingham
Griff Robles,FR,QB,"0 Cmp, 1 Att, 0 Yds, 0 TD",2010,Utah,Kyle Whittingham
Mychal Robinson,JR,RB,,2010,Utah,Kyle Whittingham
Matt Asiata,SR,RB,"155 Att, 695 Yds, 4.5 Avg",2010,Utah,Kyle Whittingham
Eddie Wide,SR,RB,"149 Att, 717 Yds, 4.8 Avg",2010,Utah,Kyle Whittingham
Tauni Vakapuna,JR,RB,"19 Att, 79 Yds, 4.2 Avg",2010,Utah,Kyle Whittingham
Sausan Shakerin,SO,RB,"12 Att, 105 Yds, 8.8 Avg",2010,Utah,Kyle Whittingham
Beau Burton,FR,RB,"9 Att, 59 Yds, 6.6 Avg",2010,Utah,Kyle Whittingham
Shawn Asiata,JR,RB,"6 Rec, 32 Yds, 5.3 Avg",2010,Utah,Kyle Whittingham
Shaky Smithson,SR,WR,"25 Rec, 383 Yds, 15.3 Avg",2010,Utah,Kyle Whittingham
Sean Fitzgerald,FR,WR,,2010,Utah,Kyle Whittingham
Reggie Dunn,SO,WR,"4 Rec, 70 Yds, 17.5 Avg",2010,Utah,Kyle Whittingham
Jereme Brooks,SR,WR,"51 Rec, 633 Yds, 12.4 Avg",2010,Utah,Kyle Whittingham
Devonte Christopher,SO,WR,"39 Rec, 660 Yds, 16.9 Avg",2010,Utah,Kyle Whittingham
Luke Matthews,SO,WR,"18 Rec, 289 Yds, 16.1 Avg",2010,Utah,Kyle Whittingham
Fatu Moala,FR,WR,"5 Rec, 44 Yds, 8.8 Avg",2010,Utah,Kyle Whittingham
Griffin McNabb,FR,WR,"2 Rec, 8 Yds, 4.0 Avg",2010,Utah,Kyle Whittingham
Dexter Ransom,JR,WR,"2 Rec, 12 Yds, 6.0 Avg",2010,Utah,Kyle Whittingham
Westlee Tonga,FR,TE,,2010,Utah,Kyle Whittingham
Kendrick Moeai,SO,TE,"11 Rec, 225 Yds, 20.5 Avg",2010,Utah,Kyle Whittingham
Dallin Rogers,SO,TE,"11 Rec, 167 Yds, 15.2 Avg",2010,Utah,Kyle Whittingham
Brad Clifford,SR,TE,"6 Rec, 79 Yds, 13.2 Avg",2010,Utah,Kyle Whittingham
John Cullen,JR,OL,,2010,Utah,Kyle Whittingham
Percy Taumoelau,FR,OL,,2010,Utah,Kyle Whittingham
Ron Tongaonevai,SO,OL,,2010,Utah,Kyle Whittingham
Joe Phillips,SR,K,,2010,Utah,Kyle Whittingham
Nick Marsh,FR,K,,2010,Utah,Kyle Whittingham
James Aiono,JR,DL,,2010,Utah,Kyle Whittingham
Christian Cox,SR,DL,,2010,Utah,Kyle Whittingham
Tevita Finau,JR,DL,,2010,Utah,Kyle Whittingham
Latu Heimuli,FR,DL,,2010,Utah,Kyle Whittingham
Dave Kruger,SO,DL,,2010,Utah,Kyle Whittingham
Joe Kruger,FR,DL,,2010,Utah,Kyle Whittingham
Star Lotulelei,SO,DL,,2010,Utah,Kyle Whittingham
Trevor Reilly,FR,DL,,2010,Utah,Kyle Whittingham
Derrick Shelby,JR,DL,,2010,Utah,Kyle Whittingham
Sealver Siliga,JR,DL,,2010,Utah,Kyle Whittingham
Junior Tui'One,SR,DL,,2010,Utah,Kyle Whittingham
Neli A'Asa,SR,DL,,2010,Utah,Kyle Whittingham
Dave Fagergren,SO,LB,,2010,Utah,Kyle Whittingham
Jamel King,JR,LB,,2010,Utah,Kyle Whittingham
Chad Manis,SR,LB,,2010,Utah,Kyle Whittingham
J.J. Williams,JR,LB,,2010,Utah,Kyle Whittingham
Boo Andersen,SO,LB,,2010,Utah,Kyle Whittingham
Matt Martinez,JR,LB,,2010,Utah,Kyle Whittingham
Chaz Walker,JR,LB,,2010,Utah,Kyle Whittingham
Lamar Chapman,SR,DB,,2010,Utah,Kyle Whittingham
Quade Chappuis,FR,DB,,2010,Utah,Kyle Whittingham
Wykie Freeman,FR,DB,,2010,Utah,Kyle Whittingham
Mike Honeycutt,FR,DB,,2010,Utah,Kyle Whittingham
Victor Spikes,SO,DB,,2010,Utah,Kyle Whittingham
Michael Walker,FR,DB,,2010,Utah,Kyle Whittingham
Chris Washington,FR,DB,,2010,Utah,Kyle Whittingham
Tyler Whittingham,JR,DB,,2010,Utah,Kyle Whittingham
Kamaron Yancy,SR,DB,,2010,Utah,Kyle Whittingham
Greg Bird,JR,DB,,2010,Utah,Kyle Whittingham
Conroy Black,JR,DB,,2010,Utah,Kyle Whittingham
Brian Blechen,FR,DB,,2010,Utah,Kyle Whittingham
Brandon Burton,JR,DB,,2010,Utah,Kyle Whittingham
Justin Taplin-Ross,SR,DB,,2010,Utah,Kyle Whittingham
Reggie Topps,SO,DB,,2010,Utah,Kyle Whittingham
Sean Sellwood,SO,P,,2010,Utah,Kyle Whittingham
Jon Hays,JR,QB,"120 Cmp, 214 Att, 1459 Yds, 12 TD",2011,Utah,Kyle Whittingham
Jordan Wynn,JR,QB,"66 Cmp, 116 Att, 727 Yds, 6 TD",2011,Utah,Kyle Whittingham
Thretton Palamo,SO,RB,,2011,Utah,Kyle Whittingham
John White,JR,RB,"316 Att, 1519 Yds, 4.8 Avg",2011,Utah,Kyle Whittingham
Tauni Vakapuna,SR,RB,"31 Att, 104 Yds, 3.4 Avg",2011,Utah,Kyle Whittingham
Harvey Langi,FR,RB,"13 Att, 70 Yds, 5.4 Avg",2011,Utah,Kyle Whittingham
Shawn Asiata,SR,RB,"11 Rec, 98 Yds, 8.9 Avg",2011,Utah,Kyle Whittingham
Karl Williams,SO,RB,"1 Rec, 4 Yds, 4.0 Avg",2011,Utah,Kyle Whittingham
Max Moala,JR,RB,,2011,Utah,Kyle Whittingham
Devonte Christopher,JR,WR,"42 Rec, 663 Yds, 15.8 Avg",2011,Utah,Kyle Whittingham
Nick Brown,SO,WR,,2011,Utah,Kyle Whittingham
Reggie Dunn,JR,WR,"15 Rec, 211 Yds, 14.1 Avg",2011,Utah,Kyle Whittingham
Dres Anderson,FR,WR,"23 Rec, 355 Yds, 15.4 Avg",2011,Utah,Kyle Whittingham
Griffin McNabb,SO,WR,"2 Rec, 13 Yds, 6.5 Avg",2011,Utah,Kyle Whittingham
Luke Matthews,JR,WR,"17 Rec, 263 Yds, 15.5 Avg",2011,Utah,Kyle Whittingham
Kenneth Scott,FR,WR,"8 Rec, 141 Yds, 17.6 Avg",2011,Utah,Kyle Whittingham
Dexter Ransom,SR,WR,"3 Rec, 47 Yds, 15.7 Avg",2011,Utah,Kyle Whittingham
Charles Henderson,FR,WR,"1 Rec, 13 Yds, 13.0 Avg",2011,Utah,Kyle Whittingham
Quinton Pedroza,FR,WR,,2011,Utah,Kyle Whittingham
Dallin Rogers,JR,TE,"21 Rec, 163 Yds, 7.8 Avg",2011,Utah,Kyle Whittingham
Kendrick Moeai,JR,TE,"15 Rec, 84 Yds, 5.6 Avg",2011,Utah,Kyle Whittingham
Jake Murphy,FR,TE,"5 Rec, 64 Yds, 12.8 Avg",2011,Utah,Kyle Whittingham
Westlee Tonga,SO,TE,"1 Rec, 12 Yds, 12.0 Avg",2011,Utah,Kyle Whittingham
John Cullen,SR,OL,,2011,Utah,Kyle Whittingham
Latu Heimuli,SO,OL,,2011,Utah,Kyle Whittingham
Nick Marsh,SO,K,,2011,Utah,Kyle Whittingham
Coleman Petersen,JR,K,,2011,Utah,Kyle Whittingham
James Aiono,SR,DL,,2011,Utah,Kyle Whittingham
Nate Fakahafua,FR,DL,,2011,Utah,Kyle Whittingham
Tevita Finau,SR,DL,,2011,Utah,Kyle Whittingham
Dave Kruger,JR,DL,,2011,Utah,Kyle Whittingham
Joe Kruger,SO,DL,,2011,Utah,Kyle Whittingham
Lei Talamaivao,SR,DL,,2011,Utah,Kyle Whittingham
Lt Tuipulotu,SO,DL,,2011,Utah,Kyle Whittingham
David Rolf,JR,DL,,2011,Utah,Kyle Whittingham
Star Lotulelei,JR,DL,,2011,Utah,Kyle Whittingham
Derrick Shelby,SR,DL,,2011,Utah,Kyle Whittingham
Griff Robles,SO,LB,,2011,Utah,Kyle Whittingham
Boo Andersen,JR,LB,,2011,Utah,Kyle Whittingham
Dave Fagergren,JR,LB,,2011,Utah,Kyle Whittingham
V.J. Fehoko,FR,LB,,2011,Utah,Kyle Whittingham
Nai Fotu,SR,LB,,2011,Utah,Kyle Whittingham
Jacoby Hale,FR,LB,,2011,Utah,Kyle Whittingham
Chaz Walker,SR,LB,,2011,Utah,Kyle Whittingham
Brian Blechen,SO,LB,,2011,Utah,Kyle Whittingham
Matt Martinez,SR,LB,,2011,Utah,Kyle Whittingham
Trevor Reilly,SO,LB,,2011,Utah,Kyle Whittingham
J.J. Williams,SR,LB,,2011,Utah,Kyle Whittingham
Mike Honeycutt,SO,DB,,2011,Utah,Kyle Whittingham
Mo Lee,JR,DB,,2011,Utah,Kyle Whittingham
Keith McGill,JR,DB,,2011,Utah,Kyle Whittingham
Terrell Reese,FR,DB,,2011,Utah,Kyle Whittingham
Tyler Whittingham,SR,DB,,2011,Utah,Kyle Whittingham
Ryan Lacy,JR,DB,,2011,Utah,Kyle Whittingham
Michael Walker,SO,DB,,2011,Utah,Kyle Whittingham
Greg Bird,SR,DB,,2011,Utah,Kyle Whittingham
Conroy Black,SR,DB,,2011,Utah,Kyle Whittingham
Quade Chappuis,SO,DB,,2011,Utah,Kyle Whittingham
Chandler Johnson,FR,DB,,2011,Utah,Kyle Whittingham
Eric Rowe,FR,DB,,2011,Utah,Kyle Whittingham
Reggie Topps,JR,DB,,2011,Utah,Kyle Whittingham
Sean Sellwood,JR,P,,2011,Utah,Kyle Whittingham
Travis Wilson,FR,QB,"127 Cmp, 203 Att, 1311 Yds, 7 TD",2012,Utah,Kyle Whittingham
Jon Hays,SR,QB,"63 Cmp, 104 Att, 653 Yds, 7 TD",2012,Utah,Kyle Whittingham
Jordan Wynn,JR,QB,"25 Cmp, 38 Att, 247 Yds, 2 TD",2012,Utah,Kyle Whittingham
Adam Schulz,FR,QB,"2 Cmp, 2 Att, 52 Yds, 0 TD",2012,Utah,Kyle Whittingham
John White,SR,RB,"218 Att, 1041 Yds, 4.8 Avg",2012,Utah,Kyle Whittingham
Kelvin York,JR,RB,"60 Att, 273 Yds, 4.6 Avg",2012,Utah,Kyle Whittingham
Jarrell Oliver,FR,RB,"23 Att, 52 Yds, 2.3 Avg",2012,Utah,Kyle Whittingham
Lucky Radley,SO,RB,"15 Att, 50 Yds, 3.3 Avg",2012,Utah,Kyle Whittingham
Karl Williams,JR,RB,"9 Rec, 83 Yds, 9.2 Avg",2012,Utah,Kyle Whittingham
Max Moala,SR,RB,"3 Rec, 35 Yds, 11.7 Avg",2012,Utah,Kyle Whittingham
Devonte Christopher,SR,WR,"22 Rec, 301 Yds, 13.7 Avg",2012,Utah,Kyle Whittingham
Quinton Pedroza,SO,WR,,2012,Utah,Kyle Whittingham
Dres Anderson,SO,WR,"36 Rec, 365 Yds, 10.1 Avg",2012,Utah,Kyle Whittingham
Reggie Dunn,SR,WR,"12 Rec, 74 Yds, 6.2 Avg",2012,Utah,Kyle Whittingham
Luke Matthews,SR,WR,"19 Rec, 204 Yds, 10.7 Avg",2012,Utah,Kyle Whittingham
Kenneth Scott,SO,WR,"32 Rec, 360 Yds, 11.3 Avg",2012,Utah,Kyle Whittingham
Anthony Denham,JR,WR,"11 Rec, 135 Yds, 12.3 Avg",2012,Utah,Kyle Whittingham
Sean Fitzgerald,JR,WR,"4 Rec, 61 Yds, 15.3 Avg",2012,Utah,Kyle Whittingham
Geoff Norwood,SO,WR,,2012,Utah,Kyle Whittingham
Jake Murphy,SO,TE,"33 Rec, 349 Yds, 10.6 Avg",2012,Utah,Kyle Whittingham
David Rolf,SR,TE,"10 Rec, 95 Yds, 9.5 Avg",2012,Utah,Kyle Whittingham
Dallin Rogers,SR,TE,"4 Rec, 26 Yds, 6.5 Avg",2012,Utah,Kyle Whittingham
Westlee Tonga,JR,TE,"4 Rec, 39 Yds, 9.8 Avg",2012,Utah,Kyle Whittingham
Kendrick Moeai,SR,TE,"1 Rec, 9 Yds, 9.0 Avg",2012,Utah,Kyle Whittingham
Patrick Greene,SR,OL,,2012,Utah,Kyle Whittingham
Latu Heimuli,JR,OL,,2012,Utah,Kyle Whittingham
Percy Taumoelau,JR,OL,,2012,Utah,Kyle Whittingham
Nick Marsh,JR,K,,2012,Utah,Kyle Whittingham
Coleman Petersen,SR,K,,2012,Utah,Kyle Whittingham
Nate Fakahafua,SO,DL,,2012,Utah,Kyle Whittingham
Viliseni Fauonuku,FR,DL,,2012,Utah,Kyle Whittingham
Jacoby Hale,SO,DL,,2012,Utah,Kyle Whittingham
Dave Kruger,SR,DL,,2012,Utah,Kyle Whittingham
Niasi Leota,JR,DL,,2012,Utah,Kyle Whittingham
Star Lotulelei,SR,DL,,2012,Utah,Kyle Whittingham
Thretton Palamo,JR,DL,,2012,Utah,Kyle Whittingham
Tenny Palepoi,JR,DL,,2012,Utah,Kyle Whittingham
Lt Tuipulotu,JR,DL,,2012,Utah,Kyle Whittingham
Joe Kruger,JR,DL,,2012,Utah,Kyle Whittingham
Boo Andersen,SR,LB,,2012,Utah,Kyle Whittingham
Nick Brown,JR,LB,,2012,Utah,Kyle Whittingham
Dave Fagergren,SR,LB,,2012,Utah,Kyle Whittingham
V.J. Fehoko,SO,LB,,2012,Utah,Kyle Whittingham
Lt Filiaga,FR,LB,,2012,Utah,Kyle Whittingham
Reshawn Hooker,FR,LB,,2012,Utah,Kyle Whittingham
Jared Norris,FR,LB,,2012,Utah,Kyle Whittingham
Victor Spikes,JR,LB,,2012,Utah,Kyle Whittingham
Travis Still,FR,LB,,2012,Utah,Kyle Whittingham
Jason Whittingham,FR,LB,,2012,Utah,Kyle Whittingham
Trevor Reilly,JR,LB,,2012,Utah,Kyle Whittingham
Joseph Bryant,FR,DB,,2012,Utah,Kyle Whittingham
Quade Chappuis,JR,DB,,2012,Utah,Kyle Whittingham
Wykie Freeman,SO,DB,,2012,Utah,Kyle Whittingham
Chandler Johnson,SO,DB,,2012,Utah,Kyle Whittingham
Tyron Morris-Edwards,SO,DB,,2012,Utah,Kyle Whittingham
Terrell Reese,SO,DB,,2012,Utah,Kyle Whittingham
Lewis Walker,SR,DB,,2012,Utah,Kyle Whittingham
Michael Walker,JR,DB,,2012,Utah,Kyle Whittingham
Tyler White,FR,DB,,2012,Utah,Kyle Whittingham
Mike Honeycutt,JR,DB,,2012,Utah,Kyle Whittingham
Brian Blechen,JR,DB,,2012,Utah,Kyle Whittingham
Charles Henderson,FR,DB,,2012,Utah,Kyle Whittingham
Ryan Lacy,SR,DB,,2012,Utah,Kyle Whittingham
Moe Lee,SR,DB,,2012,Utah,Kyle Whittingham
Eric Rowe,SO,DB,,2012,Utah,Kyle Whittingham
Reggie Topps,SR,DB,,2012,Utah,Kyle Whittingham
Sean Sellwood,SR,P,,2012,Utah,Kyle Whittingham
Tom Hackett,FR,P,,2012,Utah,Kyle Whittingham
Travis Wilson,SO,QB,"133 Cmp, 237 Att, 1827 Yds, 16 TD",2013,Utah,Kyle Whittingham
Adam Schulz,SO,QB,"75 Cmp, 154 Att, 1008 Yds, 6 TD",2013,Utah,Kyle Whittingham
James Poole,SO,RB,"149 Att, 607 Yds, 4.1 Avg",2013,Utah,Kyle Whittingham
Kelvin York,JR,RB,"118 Att, 463 Yds, 3.9 Avg",2013,Utah,Kyle Whittingham
Lucky Radley,JR,RB,"59 Att, 284 Yds, 4.8 Avg",2013,Utah,Kyle Whittingham
Karl Williams,SR,RB,"15 Att, 51 Yds, 3.4 Avg",2013,Utah,Kyle Whittingham
Marcus Sanders-Williams,FR,RB,"10 Att, 40 Yds, 4.0 Avg",2013,Utah,Kyle Whittingham
Dres Anderson,JR,WR,"53 Rec, 1002 Yds, 18.9 Avg",2013,Utah,Kyle Whittingham
Sean Fitzgerald,SR,WR,"32 Rec, 471 Yds, 14.7 Avg",2013,Utah,Kyle Whittingham
Anthony Denham,SR,WR,"24 Rec, 291 Yds, 12.1 Avg",2013,Utah,Kyle Whittingham
Geoffrey Norwood,SO,WR,"13 Rec, 173 Yds, 13.3 Avg",2013,Utah,Kyle Whittingham
Dominique Hatfield,FR,WR,"4 Rec, 84 Yds, 21.0 Avg",2013,Utah,Kyle Whittingham
Delshawn McClellon,FR,WR,,2013,Utah,Kyle Whittingham
Tanqueray Towns,SR,WR,,2013,Utah,Kyle Whittingham
Jake Murphy,JR,TE,"25 Rec, 417 Yds, 16.7 Avg",2013,Utah,Kyle Whittingham
Siale Fakailoatonga,FR,TE,"2 Rec, 18 Yds, 9.0 Avg",2013,Utah,Kyle Whittingham
Westlee Tonga,SR,TE,"2 Rec, 28 Yds, 14.0 Avg",2013,Utah,Kyle Whittingham
Vyncent Jones,SR,OL,,2013,Utah,Kyle Whittingham
Jeremiah Tofaeono,SR,OL,,2013,Utah,Kyle Whittingham
Andy Phillips,FR,K,,2013,Utah,Kyle Whittingham
Jamie Sutcliffe,FR,K,,2013,Utah,Kyle Whittingham
V.J. Fehoko,JR,LB,,2013,Utah,Kyle Whittingham
Lt Filiaga,SO,LB,,2013,Utah,Kyle Whittingham
Jacoby Hale,JR,LB,,2013,Utah,Kyle Whittingham
Uaea Masina,FR,LB,,2013,Utah,Kyle Whittingham
Jared Norris,SO,LB,,2013,Utah,Kyle Whittingham
Travis Still,SO,LB,,2013,Utah,Kyle Whittingham
Pita Taumoepenu,FR,LB,,2013,Utah,Kyle Whittingham
Jason Whittingham,SO,LB,,2013,Utah,Kyle Whittingham
Quade Chappuis,SR,DB,,2013,Utah,Kyle Whittingham
Hipolito Corporan,FR,DB,,2013,Utah,Kyle Whittingham
Wykie Freeman,JR,DB,,2013,Utah,Kyle Whittingham
Charles Henderson,SO,DB,,2013,Utah,Kyle Whittingham
Mike Honeycutt,SR,DB,,2013,Utah,Kyle Whittingham
Chandler Johnson,JR,DB,,2013,Utah,Kyle Whittingham
Keith McGill,SR,DB,,2013,Utah,Kyle Whittingham
Tyron Morris-Edwards,JR,DB,,2013,Utah,Kyle Whittingham
Davion Orphey,JR,DB,,2013,Utah,Kyle Whittingham
Reginald Porter,FR,DB,,2013,Utah,Kyle Whittingham
Eric Rowe,JR,DB,,2013,Utah,Kyle Whittingham
Joseph Smith,JR,DB,,2013,Utah,Kyle Whittingham
Darchon Taggart,SO,DB,,2013,Utah,Kyle Whittingham
Justin Thomas,FR,DB,,2013,Utah,Kyle Whittingham
Michael Walker,SR,DB,,2013,Utah,Kyle Whittingham
Tom Hackett,SO,P,,2013,Utah,Kyle Whittingham
Hunter Dimick,FR,DE,,2013,Utah,Kyle Whittingham
Chase Dominguez,FR,LS,,2013,Utah,Kyle Whittingham
Viliseni Fauonuku,SO,DT,,2013,Utah,Kyle Whittingham
Latu Heimuli,SR,DT,,2013,Utah,Kyle Whittingham
Sese Ianu,JR,DT,,2013,Utah,Kyle Whittingham
Daniel Nielson,SO,DT,,2013,Utah,Kyle Whittingham
Nate Orchard,JR,DE,,2013,Utah,Kyle Whittingham
Thretton Palamo,SR,DE,,2013,Utah,Kyle Whittingham
Tenny Palepoi,SR,DT,,2013,Utah,Kyle Whittingham
Trevor Reilly,SR,DE,,2013,Utah,Kyle Whittingham
Sam Tevi,FR,DT,,2013,Utah,Kyle Whittingham
Lt Tuipulotu,,DT,,2013,Utah,Kyle Whittingham
Travis Wilson,JR,QB,"190 Cmp, 313 Att, 2170 Yds, 18 TD",2014,Utah,Kyle Whittingham
Kendal Thompson,JR,QB,"32 Cmp, 52 Att, 324 Yds, 2 TD",2014,Utah,Kyle Whittingham
Conner Manning,FR,QB,"2 Cmp, 6 Att, 28 Yds, 0 TD",2014,Utah,Kyle Whittingham
Brandon Cox,FR,QB,"3 Cmp, 3 Att, 17 Yds, 0 TD",2014,Utah,Kyle Whittingham
Adam Schulz,JR,QB,"2 Cmp, 2 Att, 31 Yds, 0 TD",2014,Utah,Kyle Whittingham
Jason Thompson,JR,QB,"0 Cmp, 1 Att, 0 Yds, 0 TD",2014,Utah,Kyle Whittingham
Devontae Booker,JR,RB,"292 Att, 1512 Yds, 5.2 Avg",2014,Utah,Kyle Whittingham
Bubba Poole,JR,RB,"49 Att, 211 Yds, 4.3 Avg",2014,Utah,Kyle Whittingham
Troy McCormick,FR,RB,"30 Att, 178 Yds, 5.9 Avg",2014,Utah,Kyle Whittingham
Dre'Vian Young,FR,RB,"4 Att, 14 Yds, 3.5 Avg",2014,Utah,Kyle Whittingham
Andrew Fletcher,JR,RB,,2014,Utah,Kyle Whittingham
Tavaris Williams,FR,RB,,2014,Utah,Kyle Whittingham
Kaelin Clay,SR,WR,"43 Rec, 523 Yds, 12.2 Avg",2014,Utah,Kyle Whittingham
Dres Anderson,SR,WR,"22 Rec, 355 Yds, 16.1 Avg",2014,Utah,Kyle Whittingham
Delshawn McClellon,SO,WR,"7 Rec, 98 Yds, 14.0 Avg",2014,Utah,Kyle Whittingham
Dominique Hatfield,SO,WR,"1 Rec, 9 Yds, 9.0 Avg",2014,Utah,Kyle Whittingham
Kenneth Scott,JR,WR,"48 Rec, 506 Yds, 10.5 Avg",2014,Utah,Kyle Whittingham
Tim Patrick,JR,WR,"16 Rec, 177 Yds, 11.1 Avg",2014,Utah,Kyle Whittingham
Jameson Field,FR,WR,"1 Rec, 17 Yds, 17.0 Avg",2014,Utah,Kyle Whittingham
Andre Lewis,SR,WR,"1 Rec, 45 Yds, 45.0 Avg",2014,Utah,Kyle Whittingham
Kenric Young,FR,WR,"1 Rec, -1 Yds, -1.0 Avg",2014,Utah,Kyle Whittingham
Brian Allen,SO,WR,,2014,Utah,Kyle Whittingham
Tyler Cooperwood,JR,WR,,2014,Utah,Kyle Whittingham
Geoffrey Norwood,SR,WR,,2014,Utah,Kyle Whittingham
Ryan Petersen,SR,WR,,2014,Utah,Kyle Whittingham
Westlee Tonga,SR,TE,"30 Rec, 391 Yds, 13.0 Avg",2014,Utah,Kyle Whittingham
Siale Fakailoatonga,SO,TE,"2 Rec, 33 Yds, 16.5 Avg",2014,Utah,Kyle Whittingham
Wallace Gonzalez,FR,TE,,2014,Utah,Kyle Whittingham
J.J. Dielman,SO,OL,,2014,Utah,Kyle Whittingham
Christian Drews,FR,LB,,2014,Utah,Kyle Whittingham
Jacoby Hale,SR,LB,,2014,Utah,Kyle Whittingham
Tanner Larsen,FR,LB,,2014,Utah,Kyle Whittingham
Uaea Masina,SO,LB,,2014,Utah,Kyle Whittingham
Jared Norris,JR,LB,,2014,Utah,Kyle Whittingham
Gionni Paul,JR,LB,,2014,Utah,Kyle Whittingham
Marcus Sanders-Williams,SO,LB,,2014,Utah,Kyle Whittingham
Sharrieff Shah,SO,LB,,2014,Utah,Kyle Whittingham
Jason Whittingham,JR,LB,,2014,Utah,Kyle Whittingham
Brian Blechen,SR,DB,,2014,Utah,Kyle Whittingham
Tevin Carter,SR,DB,,2014,Utah,Kyle Whittingham
Wykie Freeman,SR,DB,,2014,Utah,Kyle Whittingham
Andre Godfrey,FR,DB,,2014,Utah,Kyle Whittingham
Charles Henderson,JR,DB,,2014,Utah,Kyle Whittingham
Travonne Hobbs,FR,DB,,2014,Utah,Kyle Whittingham
Chandler Johnson,SR,DB,,2014,Utah,Kyle Whittingham
Danny McCormick,FR,DB,,2014,Utah,Kyle Whittingham
Nick Mika,FR,DB,,2014,Utah,Kyle Whittingham
Davion Orphey,SR,DB,,2014,Utah,Kyle Whittingham
Eric Rowe,SR,DB,,2014,Utah,Kyle Whittingham
Monte Seabrook,FR,DB,,2014,Utah,Kyle Whittingham
Mo Talley,SO,DB,,2014,Utah,Kyle Whittingham
Justin Thomas,SO,DB,,2014,Utah,Kyle Whittingham
Marcus Williams,FR,DB,,2014,Utah,Kyle Whittingham
Tom Hackett,JR,P,,2014,Utah,Kyle Whittingham
Chris Van Orden,SR,P,,2014,Utah,Kyle Whittingham
Andy Phillips,SO,KR,,2014,Utah,Kyle Whittingham
Hunter Dimick,SO,DE,,2014,Utah,Kyle Whittingham
Chase Dominguez,SO,LS,,2014,Utah,Kyle Whittingham
Jason Fanaika,JR,DE,,2014,Utah,Kyle Whittingham
Viliseni Fauonuku,JR,DT,,2014,Utah,Kyle Whittingham
Sese Ianu,SR,DT,,2014,Utah,Kyle Whittingham
Lowell Lotulelei,FR,DT,,2014,Utah,Kyle Whittingham
Filipo Mokofisi,FR,DT,,2014,Utah,Kyle Whittingham
Nate Orchard,SR,DE,,2014,Utah,Kyle Whittingham
Greg Reese,SR,DE,,2014,Utah,Kyle Whittingham
Clint Shepard,JR,DT,,2014,Utah,Kyle Whittingham
Clarence Smith,FR,DE,,2014,Utah,Kyle Whittingham
Pita Taumoepenu,SO,DE,,2014,Utah,Kyle Whittingham
Stevie Tu'Ikolovatu,SO,DT,,2014,Utah,Kyle Whittingham
Travis Wilson,SR,QB,"195 Cmp, 314 Att, 2093 Yds, 13 TD",2015,Utah,Kyle Whittingham
Kendal Thompson,SR,QB,"28 Cmp, 36 Att, 220 Yds, 1 TD",2015,Utah,Kyle Whittingham
Chase Hansen,FR,QB,"0 Cmp, 1 Att, 0 Yds, 0 TD",2015,Utah,Kyle Whittingham
Chase Hansen,FR,QB,"0 Cmp, 1 Att, 0 Yds, 0 TD",2015,Utah,Kyle Whittingham
Brandon Cox,SO,QB,,2015,Utah,Kyle Whittingham
Conner Manning,SO,QB,,2015,Utah,Kyle Whittingham
Devontae Booker,SR,RB,"268 Att, 1261 Yds, 4.7 Avg",2015,Utah,Kyle Whittingham
Joe Williams,JR,RB,"104 Att, 477 Yds, 4.6 Avg",2015,Utah,Kyle Whittingham
Marcus Sanders-Williams,JR,RB,"3 Rec, 19 Yds, 6.3 Avg",2015,Utah,Kyle Whittingham
Marcel Brooks-Brown,FR,RB,,2015,Utah,Kyle Whittingham
Andrew Fletcher,SR,RB,,2015,Utah,Kyle Whittingham
Marcus Horne,JR,RB,,2015,Utah,Kyle Whittingham
Troy McCormick,SO,RB,,2015,Utah,Kyle Whittingham
Monte Seabrook,SO,RB,,2015,Utah,Kyle Whittingham
A.J. Semeatu,FR,RB,,2015,Utah,Kyle Whittingham
Dre'Vian Young,SO,RB,,2015,Utah,Kyle Whittingham
Bubba Poole,SR,WR,"24 Rec, 145 Yds, 6.0 Avg",2015,Utah,Kyle Whittingham
Britain Covey,FR,WR,"43 Rec, 519 Yds, 12.1 Avg",2015,Utah,Kyle Whittingham
Delshawn McClellon,JR,WR,"1 Rec, 12 Yds, 12.0 Avg",2015,Utah,Kyle Whittingham
Kyle Fulks,SO,WR,,2015,Utah,Kyle Whittingham
Kenneth Scott,SR,WR,"39 Rec, 457 Yds, 11.7 Avg",2015,Utah,Kyle Whittingham
Tyrone Smith,FR,WR,"18 Rec, 193 Yds, 10.7 Avg",2015,Utah,Kyle Whittingham
Raelon Singleton,FR,WR,"6 Rec, 49 Yds, 8.2 Avg",2015,Utah,Kyle Whittingham
Kenric Young,SO,WR,"3 Rec, 17 Yds, 5.7 Avg",2015,Utah,Kyle Whittingham
Cory Butler,JR,WR,"1 Rec, 54 Yds, 54.0 Avg",2015,Utah,Kyle Whittingham
Tyler Cooperwood,JR,WR,,2015,Utah,Kyle Whittingham
Jameson Field,SO,WR,,2015,Utah,Kyle Whittingham
Chase Loftin,SO,WR,,2015,Utah,Kyle Whittingham
Tim Patrick,SR,WR,,2015,Utah,Kyle Whittingham
Andrew Santiago,JR,WR,,2015,Utah,Kyle Whittingham
AJ Townsend,FR,WR,,2015,Utah,Kyle Whittingham
George Wilson,FR,WR,,2015,Utah,Kyle Whittingham
Wallace Gonzalez,FR,TE,,2015,Utah,Kyle Whittingham
Harrison Handley,SO,TE,"21 Rec, 286 Yds, 13.6 Avg",2015,Utah,Kyle Whittingham
Siale Fakailoatonga,JR,TE,"12 Rec, 120 Yds, 10.0 Avg",2015,Utah,Kyle Whittingham
Caleb Repp,FR,TE,"2 Rec, 25 Yds, 12.5 Avg",2015,Utah,Kyle Whittingham
Ken Hampel,JR,TE,"1 Rec, 29 Yds, 29.0 Avg",2015,Utah,Kyle Whittingham
Evan Moeai,SR,TE,"1 Rec, 5 Yds, 5.0 Avg",2015,Utah,Kyle Whittingham
Tyler Bell,SO,TE,,2015,Utah,Kyle Whittingham
Lo Falemaka,SO,TE,,2015,Utah,Kyle Whittingham
J.J. Dielman,JR,OL,,2015,Utah,Kyle Whittingham
Leki Taumoepeau,FR,OL,,2015,Utah,Kyle Whittingham
Siaosi Aiono,SR,OL,,2015,Utah,Kyle Whittingham
Isaac Asiata,JR,OL,,2015,Utah,Kyle Whittingham
Jackson Barton,FR,OL,,2015,Utah,Kyle Whittingham
Johnny Capra,FR,OL,,2015,Utah,Kyle Whittingham
Nick Carman,FR,OL,,2015,Utah,Kyle Whittingham
Keven Dixon,FR,OL,,2015,Utah,Kyle Whittingham
Daniel Heller,FR,OL,,2015,Utah,Kyle Whittingham
Griffin Kemp,FR,OL,,2015,Utah,Kyle Whittingham
Hiva Lutui,JR,OL,,2015,Utah,Kyle Whittingham
Nick Nowakowski,JR,OL,,2015,Utah,Kyle Whittingham
Darrin Paulo,FR,OL,,2015,Utah,Kyle Whittingham
Salesi Uhatafe,SO,OL,,2015,Utah,Kyle Whittingham
Andy Phillips,JR,K,,2015,Utah,Kyle Whittingham
Jon Halliday,SR,K,,2015,Utah,Kyle Whittingham
Hayes Hicken,FR,K,,2015,Utah,Kyle Whittingham
Jake Kane,JR,K,,2015,Utah,Kyle Whittingham
Cody Barton,FR,LB,,2015,Utah,Kyle Whittingham
Christian Drews,SO,LB,,2015,Utah,Kyle Whittingham
Uaea Masina,SO,LB,,2015,Utah,Kyle Whittingham
Jared Norris,SR,LB,,2015,Utah,Kyle Whittingham
Gionni Paul,SR,LB,,2015,Utah,Kyle Whittingham
Sharrieff Shah,JR,LB,,2015,Utah,Kyle Whittingham
Alex Whittingham,SO,LB,,2015,Utah,Kyle Whittingham
Jason Whittingham,SR,LB,,2015,Utah,Kyle Whittingham
Jake Jackson,FR,LB,,2015,Utah,Kyle Whittingham
Braden Pelly,FR,LB,,2015,Utah,Kyle Whittingham
Justin Tatola,FR,LB,,2015,Utah,Kyle Whittingham
Sunia Tauteoli,SO,LB,,2015,Utah,Kyle Whittingham
Sam Whittingham,FR,LB,,2015,Utah,Kyle Whittingham
Philip Afia,FR,DB,,2015,Utah,Kyle Whittingham
Brian Allen,JR,DB,,2015,Utah,Kyle Whittingham
Tevin Carter,SR,DB,,2015,Utah,Kyle Whittingham
Tyson Cisrow,FR,DB,,2015,Utah,Kyle Whittingham
Evan Eggiman,SO,DB,,2015,Utah,Kyle Whittingham
Jordan Fogal,SO,DB,,2015,Utah,Kyle Whittingham
Andre Godfrey,SO,DB,,2015,Utah,Kyle Whittingham
Dominique Hatfield,,DB,,2015,Utah,Kyle Whittingham
Boobie Hobbs,SO,DB,,2015,Utah,Kyle Whittingham
Casey Hughes,FR,DB,,2015,Utah,Kyle Whittingham
Austin Lee,FR,DB,,2015,Utah,Kyle Whittingham
Reginald Porter,JR,DB,,2015,Utah,Kyle Whittingham
Justin Thomas,JR,DB,,2015,Utah,Kyle Whittingham
Jason Thompson,JR,DB,,2015,Utah,Kyle Whittingham
Marcus Williams,SO,DB,,2015,Utah,Kyle Whittingham
Dylan Calhoun,FR,DB,,2015,Utah,Kyle Whittingham
Conner Charles,FR,DB,,2015,Utah,Kyle Whittingham
Ahmad Christian,SR,DB,,2015,Utah,Kyle Whittingham
Taylor Loomis,FR,DB,,2015,Utah,Kyle Whittingham
Tavaris Williams,SO,DB,,2015,Utah,Kyle Whittingham
Tom Hackett,SR,P,,2015,Utah,Kyle Whittingham
Chris Van Orden,SR,P,,2015,Utah,Kyle Whittingham
Hayden Clegg,JR,DE,,2015,Utah,Kyle Whittingham
Hunter Dimick,JR,DE,,2015,Utah,Kyle Whittingham
Chase Dominguez,JR,LS,,2015,Utah,Kyle Whittingham
Jason Fanaika,SR,DE,,2015,Utah,Kyle Whittingham
Viliseni Fauonuku,SR,DT,,2015,Utah,Kyle Whittingham
Kylie Fitts,JR,DE,,2015,Utah,Kyle Whittingham
Lowell Lotulelei,SO,DT,,2015,Utah,Kyle Whittingham
Filipo Mokofisi,SO,DT,,2015,Utah,Kyle Whittingham
Pasoni Tasini,JR,DT,,2015,Utah,Kyle Whittingham
Pita Taumoepenu,JR,DE,,2015,Utah,Kyle Whittingham
Stevie Tu'Ikolovatu,JR,DT,,2015,Utah,Kyle Whittingham
Andrew Albers,SR,T,,2015,Utah,Kyle Whittingham
Kyle Christiansen,FR,DT,,2015,Utah,Kyle Whittingham
Pena Fitisemanu,FR,DT,,2015,Utah,Kyle Whittingham
Chris Hart,FR,DE,,2015,Utah,Kyle Whittingham
Alani Havili-Katoa,FR,DT,,2015,Utah,Kyle Whittingham
Alani Havli-Katoa,FR,DT,,2015,Utah,Kyle Whittingham
Kendall Huey,SO,DE,,2015,Utah,Kyle Whittingham
Clarence Smith,SO,DE,,2015,Utah,Kyle Whittingham
Sam Tevi,JR,T,,2015,Utah,Kyle Whittingham
Vaha Vainuku,SO,DT,,2015,Utah,Kyle Whittingham
Troy Williams,JR,QB,"207 Cmp, 390 Att, 2757 Yds, 15 TD",2016,Utah,Kyle Whittingham
Tyler Huntley,FR,QB,"5 Cmp, 7 Att, 60 Yds, 0 TD",2016,Utah,Kyle Whittingham
Joe Williams,SR,RB,"210 Att, 1407 Yds, 6.7 Avg",2016,Utah,Kyle Whittingham
Zack Moss,FR,RB,"84 Att, 382 Yds, 4.5 Avg",2016,Utah,Kyle Whittingham
Armand Shyne,SO,RB,"78 Att, 373 Yds, 4.8 Avg",2016,Utah,Kyle Whittingham
Troy McCormick,JR,RB,"39 Att, 194 Yds, 5.0 Avg",2016,Utah,Kyle Whittingham
Jordan Howard,JR,RB,"5 Att, 32 Yds, 6.4 Avg",2016,Utah,Kyle Whittingham
Devonta'e Henry-Cole,FR,RB,"1 Att, 2 Yds, 2.0 Avg",2016,Utah,Kyle Whittingham
Demari Simpkins,FR,WR,"19 Rec, 158 Yds, 8.3 Avg",2016,Utah,Kyle Whittingham
Cory Butler,SR,WR,"29 Rec, 372 Yds, 12.8 Avg",2016,Utah,Kyle Whittingham
Kyle Fulks,JR,WR,"6 Rec, 57 Yds, 9.5 Avg",2016,Utah,Kyle Whittingham
Tim Patrick,SR,WR,"45 Rec, 711 Yds, 15.8 Avg",2016,Utah,Kyle Whittingham
Raelon Singleton,SO,WR,"27 Rec, 464 Yds, 17.2 Avg",2016,Utah,Kyle Whittingham
Siaosi Wilson,FR,WR,"15 Rec, 183 Yds, 12.2 Avg",2016,Utah,Kyle Whittingham
Tyrone Smith,SO,WR,"10 Rec, 148 Yds, 14.8 Avg",2016,Utah,Kyle Whittingham
Tyler Cooperwood,SR,WR,"3 Rec, 17 Yds, 5.7 Avg",2016,Utah,Kyle Whittingham
Kenric Young,JR,WR,"1 Rec, 5 Yds, 5.0 Avg",2016,Utah,Kyle Whittingham
Dimitri Salido,JR,WR,,2016,Utah,Kyle Whittingham
Evan Moeai,SR,TE,"22 Rec, 308 Yds, 14.0 Avg",2016,Utah,Kyle Whittingham
Harrison Handley,JR,TE,"12 Rec, 168 Yds, 14.0 Avg",2016,Utah,Kyle Whittingham
Wallace Gonzalez,SO,TE,"1 Rec, 11 Yds, 11.0 Avg",2016,Utah,Kyle Whittingham
Isaac Asiata,SR,OL,,2016,Utah,Kyle Whittingham
Salesi Uhatafe,JR,OL,,2016,Utah,Kyle Whittingham
Hayes Hicken,FR,K,,2016,Utah,Kyle Whittingham
Andy Phillips,SR,K,,2016,Utah,Kyle Whittingham
Cody Barton,SO,LB,,2016,Utah,Kyle Whittingham
Christian Drews,JR,LB,,2016,Utah,Kyle Whittingham
Evan Eggiman,JR,LB,,2016,Utah,Kyle Whittingham
Kavika Luafatasaga,JR,LB,,2016,Utah,Kyle Whittingham
Sharrieff Shah,SR,LB,,2016,Utah,Kyle Whittingham
Sunia Tauteoli,JR,LB,,2016,Utah,Kyle Whittingham
Donavan Thompson,FR,LB,,2016,Utah,Kyle Whittingham
Terrell Burgess,FR,DB,,2016,Utah,Kyle Whittingham
Brian Allen,SR,DB,,2016,Utah,Kyle Whittingham
Julian Blackmon,FR,DB,,2016,Utah,Kyle Whittingham
Tyson Cisrow,FR,DB,,2016,Utah,Kyle Whittingham
MacKay Dunn,SO,DB,,2016,Utah,Kyle Whittingham
Jordan Fogal,JR,DB,,2016,Utah,Kyle Whittingham
Andre Godfrey,JR,DB,,2016,Utah,Kyle Whittingham
Chase Hansen,SO,DB,,2016,Utah,Kyle Whittingham
Chase Hansen,SO,DB,,2016,Utah,Kyle Whittingham
Dominique Hatfield,SR,DB,,2016,Utah,Kyle Whittingham
Boobie Hobbs,JR,DB,,2016,Utah,Kyle Whittingham
Casey Hughes,SO,DB,,2016,Utah,Kyle Whittingham
Reginald Porter,SR,DB,,2016,Utah,Kyle Whittingham
Justin Thomas,SR,DB,,2016,Utah,Kyle Whittingham
Jason Thompson,SR,DB,,2016,Utah,Kyle Whittingham
Marcus Williams,JR,DB,,2016,Utah,Kyle Whittingham
Mitch Wishnowsky,SO,P,,2016,Utah,Kyle Whittingham
Bradlee Anae,FR,DE,,2016,Utah,Kyle Whittingham
Hayden Clegg,SR,DE,,2016,Utah,Kyle Whittingham
Hunter Dimick,SR,DE,,2016,Utah,Kyle Whittingham
Chase Dominguez,SR,LS,,2016,Utah,Kyle Whittingham
Kylie Fitts,SR,DE,,2016,Utah,Kyle Whittingham
Leki Fotu,FR,DT,,2016,Utah,Kyle Whittingham
Chris Hart,FR,DE,,2016,Utah,Kyle Whittingham
Alani Havili-Katoa,SO,DT,,2016,Utah,Kyle Whittingham
Lowell Lotulelei,JR,DT,,2016,Utah,Kyle Whittingham
Filipo Mokofisi,JR,DT,,2016,Utah,Kyle Whittingham
Pasoni Tasini,SR,DT,,2016,Utah,Kyle Whittingham
Pita Taumoepenu,SR,DE,,2016,Utah,Kyle Whittingham
Tyler Huntley,SO,QB,"199 Cmp, 312 Att, 2411 Yds, 15 TD",2017,Utah,Kyle Whittingham
Troy Williams,SR,QB,"60 Cmp, 110 Att, 812 Yds, 2 TD",2017,Utah,Kyle Whittingham
Cooper Bateman,SR,QB,,2017,Utah,Kyle Whittingham
Drew Lisk,FR,QB,,2017,Utah,Kyle Whittingham
Jason Money,FR,QB,,2017,Utah,Kyle Whittingham
Jason Shelley,FR,QB,,2017,Utah,Kyle Whittingham
Zack Moss,SO,RB,"214 Att, 1173 Yds, 5.5 Avg",2017,Utah,Kyle Whittingham
Devonta'e Henry-Cole,SO,RB,"55 Att, 279 Yds, 5.1 Avg",2017,Utah,Kyle Whittingham
Jordan Howard,SR,RB,"11 Att, 41 Yds, 3.7 Avg",2017,Utah,Kyle Whittingham
Troy McCormick,SR,RB,"25 Rec, 183 Yds, 7.3 Avg",2017,Utah,Kyle Whittingham
Mason Woodward,SO,RB,,2017,Utah,Kyle Whittingham
TJ Green,FR,RB,,2017,Utah,Kyle Whittingham
Matty Matautia,FR,RB,,2017,Utah,Kyle Whittingham
Armand Shyne,JR,RB,,2017,Utah,Kyle Whittingham
Demari Simpkins,SO,WR,"29 Rec, 354 Yds, 12.2 Avg",2017,Utah,Kyle Whittingham
Darren Carrington,SR,WR,"70 Rec, 980 Yds, 14.0 Avg",2017,Utah,Kyle Whittingham
Kyle Fulks,SR,WR,"3 Rec, 31 Yds, 10.3 Avg",2017,Utah,Kyle Whittingham
Samson Nacua,FR,WR,"29 Rec, 294 Yds, 10.1 Avg",2017,Utah,Kyle Whittingham
Raelon Singleton,JR,WR,"36 Rec, 531 Yds, 14.8 Avg",2017,Utah,Kyle Whittingham
Siaosi Wilson,SO,WR,"20 Rec, 393 Yds, 19.7 Avg",2017,Utah,Kyle Whittingham
Bryan Thompson,FR,WR,"5 Rec, 77 Yds, 15.4 Avg",2017,Utah,Kyle Whittingham
Jameson Field,SR,WR,"2 Rec, 12 Yds, 6.0 Avg",2017,Utah,Kyle Whittingham
Tyquez Hampton,FR,WR,,2017,Utah,Kyle Whittingham
Dakota Baker,FR,WR,,2017,Utah,Kyle Whittingham
Bronson Boyd,FR,WR,,2017,Utah,Kyle Whittingham
Alec Dana,JR,WR,,2017,Utah,Kyle Whittingham
Jaylen Dixon,FR,WR,,2017,Utah,Kyle Whittingham
Riley Richmond,SO,WR,,2017,Utah,Kyle Whittingham
Austin Turley,FR,WR,,2017,Utah,Kyle Whittingham
Derrick Vickers,JR,WR,,2017,Utah,Kyle Whittingham
Siale Fakailoatonga,SR,TE,"3 Rec, 67 Yds, 22.3 Avg",2017,Utah,Kyle Whittingham
Harrison Handley,SR,TE,"3 Rec, 16 Yds, 5.3 Avg",2017,Utah,Kyle Whittingham
Jake Jackson,SO,TE,"3 Rec, 46 Yds, 15.3 Avg",2017,Utah,Kyle Whittingham
Tyler Bell,SR,TE,,2017,Utah,Kyle Whittingham
Bapa Falemaka,FR,TE,,2017,Utah,Kyle Whittingham
Zach Hansen,FR,TE,,2017,Utah,Kyle Whittingham
Chad Hekking,FR,TE,,2017,Utah,Kyle Whittingham
Savon Moniz,SO,TE,,2017,Utah,Kyle Whittingham
Darrin Paulo,SO,OL,,2017,Utah,Kyle Whittingham
Lo Falemaka,SR,OL,,2017,Utah,Kyle Whittingham
Alani Havili-Katoa,JR,OL,,2017,Utah,Kyle Whittingham
Jordan Agasiva,JR,OL,,2017,Utah,Kyle Whittingham
Aaron Amaama,JR,OL,,2017,Utah,Kyle Whittingham
London Bartholomew,SO,OL,,2017,Utah,Kyle Whittingham
Jackson Barton,JR,OL,,2017,Utah,Kyle Whittingham
Johnny Capra,SO,OL,,2017,Utah,Kyle Whittingham
Nick Carman,SO,OL,,2017,Utah,Kyle Whittingham
Keven Dixon,SO,OL,,2017,Utah,Kyle Whittingham
Nick Ford,FR,OL,,2017,Utah,Kyle Whittingham
Jake Grant,FR,OL,,2017,Utah,Kyle Whittingham
Daniel Heller,SO,OL,,2017,Utah,Kyle Whittingham
Kyle Lanterman,SO,OL,,2017,Utah,Kyle Whittingham
Shintaro Mann,FR,OL,,2017,Utah,Kyle Whittingham
Scott Peck,FR,OL,,2017,Utah,Kyle Whittingham
Michael Richardson,FR,OL,,2017,Utah,Kyle Whittingham
Tucker Scott,FR,OL,,2017,Utah,Kyle Whittingham
Paul Toala,SO,OL,,2017,Utah,Kyle Whittingham
Salesi Uhatafe,SR,OL,,2017,Utah,Kyle Whittingham
Orlando Umana,FR,OL,,2017,Utah,Kyle Whittingham
Mo Unutoa,FR,OL,,2017,Utah,Kyle Whittingham
Stratten Wagner,FR,OL,,2017,Utah,Kyle Whittingham
Matt Gay,SR,K,,2017,Utah,Kyle Whittingham
Hayes Hicken,SO,K,,2017,Utah,Kyle Whittingham
Sunia Tauteoli,SR,LB,,2017,Utah,Kyle Whittingham
Cody Barton,JR,LB,,2017,Utah,Kyle Whittingham
Trevor Horlacher,FR,LB,,2017,Utah,Kyle Whittingham
Karsen Liljenquist,JR,LB,,2017,Utah,Kyle Whittingham
Kavika Luafatasaga,SR,LB,,2017,Utah,Kyle Whittingham
Ali'i Niumatalolo,FR,LB,,2017,Utah,Kyle Whittingham
Donavan Thompson,SO,LB,,2017,Utah,Kyle Whittingham
Zach Boesen,FR,LB,,2017,Utah,Kyle Whittingham
Peter Brown,SO,LB,,2017,Utah,Kyle Whittingham
Christian Drews,SR,LB,,2017,Utah,Kyle Whittingham
Connor Haller,FR,LB,,2017,Utah,Kyle Whittingham
Devin Lloyd,FR,LB,,2017,Utah,Kyle Whittingham
Adan Mao,FR,LB,,2017,Utah,Kyle Whittingham
Marcus Sanders-Williams,SR,LB,,2017,Utah,Kyle Whittingham
Albert Tai,FR,LB,,2017,Utah,Kyle Whittingham
Tielu Tiatia,FR,LB,,2017,Utah,Kyle Whittingham
Alex Whittingham,SR,LB,,2017,Utah,Kyle Whittingham
Philip Afia,SO,DB,,2017,Utah,Kyle Whittingham
Corrion Ballard,JR,DB,,2017,Utah,Kyle Whittingham
Julian Blackmon,SO,DB,,2017,Utah,Kyle Whittingham
Marquise Blair,JR,DB,,2017,Utah,Kyle Whittingham
Terrell Burgess,SO,DB,,2017,Utah,Kyle Whittingham
Javelin Guidry,FR,DB,,2017,Utah,Kyle Whittingham
Javelin Guidry,FR,DB,,2017,Utah,Kyle Whittingham
Chase Hansen,JR,DB,,2017,Utah,Kyle Whittingham
Chase Hansen,JR,DB,,2017,Utah,Kyle Whittingham
Boobie Hobbs,SR,DB,,2017,Utah,Kyle Whittingham
Casey Hughes,JR,DB,,2017,Utah,Kyle Whittingham
Jaylon Johnson,FR,DB,,2017,Utah,Kyle Whittingham
Kenric Young,SR,DB,,2017,Utah,Kyle Whittingham
Stone Azarcon,FR,DB,,2017,Utah,Kyle Whittingham
Dakota Hansen,FR,DB,,2017,Utah,Kyle Whittingham
Shawn Hansen,JR,DB,,2017,Utah,Kyle Whittingham
Batchlor Johnson,SO,DB,,2017,Utah,Kyle Whittingham
Nygel King,FR,DB,,2017,Utah,Kyle Whittingham
Tareke Lewis,JR,DB,,2017,Utah,Kyle Whittingham
Josh Nurse,SO,DB,,2017,Utah,Kyle Whittingham
Jordon Orozco,FR,DB,,2017,Utah,Kyle Whittingham
Riley Phillips,FR,DB,,2017,Utah,Kyle Whittingham
Dylan Slavens,FR,DB,,2017,Utah,Kyle Whittingham
Tyrone Smith,JR,DB,,2017,Utah,Kyle Whittingham
Tre Strong,JR,DB,,2017,Utah,Kyle Whittingham
Adam Webber,FR,DB,,2017,Utah,Kyle Whittingham
Mitch Wishnowsky,JR,P,,2017,Utah,Kyle Whittingham
Cody Ippolito,SR,FB,,2017,Utah,Kyle Whittingham
Bradlee Anae,SO,DE,,2017,Utah,Kyle Whittingham
Kylie Fitts,SR,DE,,2017,Utah,Kyle Whittingham
Leki Fotu,SO,DT,,2017,Utah,Kyle Whittingham
Davir Hamilton,FR,DE,,2017,Utah,Kyle Whittingham
Chris Hart,SO,DE,,2017,Utah,Kyle Whittingham
Nick Heninger,FR,DE,,2017,Utah,Kyle Whittingham
Chayden Johnston,FR,PK,,2017,Utah,Kyle Whittingham
Lowell Lotulelei,SR,DT,,2017,Utah,Kyle Whittingham
Filipo Mokofisi,SR,DT,,2017,Utah,Kyle Whittingham
John Penisini,SO,DT,,2017,Utah,Kyle Whittingham
Hauati Pututau,FR,DT,,2017,Utah,Kyle Whittingham
Caleb Repp,SO,DE,,2017,Utah,Kyle Whittingham
Pita Tonga,FR,DT,,2017,Utah,Kyle Whittingham
Maxs Tupai,FR,DE,,2017,Utah,Kyle Whittingham
John Aloma,SO,LS,,2017,Utah,Kyle Whittingham
Cristian Antezana,JR,PK,,2017,Utah,Kyle Whittingham
Scott Foley,FR,DT,,2017,Utah,Kyle Whittingham
Malik Haynes,SO,DT,,2017,Utah,Kyle Whittingham
Mark Kruger,FR,DT,,2017,Utah,Kyle Whittingham
Shawn Leakehe,FR,DE,,2017,Utah,Kyle Whittingham
Noah Rodriguez-Trammell,FR,LS,,2017,Utah,Kyle Whittingham
Mika Tafua,FR,DE,,2017,Utah,Kyle Whittingham
Tyler Huntley,JR,QB,"150 Cmp, 234 Att, 1788 Yds, 12 TD",2018,Utah,Kyle Whittingham
Jason Shelley,FR,QB,"98 Cmp, 168 Att, 1162 Yds, 5 TD",2018,Utah,Kyle Whittingham
Drew Lisk,SO,QB,,2018,Utah,Kyle Whittingham
Jackson Siddoway,FR,QB,,2018,Utah,Kyle Whittingham
Jack Tuttle,FR,QB,,2018,Utah,Kyle Whittingham
Zack Moss,JR,RB,"179 Att, 1096 Yds, 6.1 Avg",2018,Utah,Kyle Whittingham
Armand Shyne,JR,RB,"120 Att, 512 Yds, 4.3 Avg",2018,Utah,Kyle Whittingham
TJ Green,FR,RB,"36 Att, 190 Yds, 5.3 Avg",2018,Utah,Kyle Whittingham
Devin Brumfield,FR,RB,"14 Att, 42 Yds, 3.0 Avg",2018,Utah,Kyle Whittingham
Joey Wood,JR,RB,"3 Att, 3 Yds, 1.0 Avg",2018,Utah,Kyle Whittingham
Mason Woodward,JR,RB,"2 Att, 6 Yds, 3.0 Avg",2018,Utah,Kyle Whittingham
Devonta'e Henry-Cole,JR,RB,,2018,Utah,Kyle Whittingham
Branden Rankins,FR,RB,,2018,Utah,Kyle Whittingham
Edward Vander,JR,RB,,2018,Utah,Kyle Whittingham
Britain Covey,SO,WR,"60 Rec, 637 Yds, 10.6 Avg",2018,Utah,Kyle Whittingham
Demari Simpkins,JR,WR,"26 Rec, 297 Yds, 11.4 Avg",2018,Utah,Kyle Whittingham
Jaylen Dixon,FR,WR,"32 Rec, 589 Yds, 18.4 Avg",2018,Utah,Kyle Whittingham
Siaosi Mariner,JR,WR,"17 Rec, 209 Yds, 12.3 Avg",2018,Utah,Kyle Whittingham
Samson Nacua,SO,WR,"31 Rec, 362 Yds, 11.7 Avg",2018,Utah,Kyle Whittingham
Solomon Enis,FR,WR,"13 Rec, 179 Yds, 13.8 Avg",2018,Utah,Kyle Whittingham
Jameson Field,SR,WR,"3 Rec, 23 Yds, 7.7 Avg",2018,Utah,Kyle Whittingham
Bronson Boyd,FR,WR,"2 Rec, 40 Yds, 20.0 Avg",2018,Utah,Kyle Whittingham
Bryan Thompson,SO,WR,"1 Rec, 31 Yds, 31.0 Avg",2018,Utah,Kyle Whittingham
Derrick Vickers,SR,WR,,2018,Utah,Kyle Whittingham
Batchlor Johnson,SO,WR,,2018,Utah,Kyle Whittingham
Yioti Karahalios,FR,WR,,2018,Utah,Kyle Whittingham
Terrell Perriman,FR,WR,,2018,Utah,Kyle Whittingham
Dylan Slavens,FR,WR,,2018,Utah,Kyle Whittingham
Dominique Thompson,FR,WR,,2018,Utah,Kyle Whittingham
Brant Kuithe,FR,TE,"20 Rec, 227 Yds, 11.4 Avg",2018,Utah,Kyle Whittingham
Cole Fotheringham,FR,TE,"17 Rec, 190 Yds, 11.2 Avg",2018,Utah,Kyle Whittingham
Jake Jackson,JR,TE,"9 Rec, 74 Yds, 8.2 Avg",2018,Utah,Kyle Whittingham
Connor Haller,SO,TE,"2 Rec, 12 Yds, 6.0 Avg",2018,Utah,Kyle Whittingham
Bapa Falemaka,SO,TE,,2018,Utah,Kyle Whittingham
Zach Hansen,FR,TE,,2018,Utah,Kyle Whittingham
Thomas Yassmin,FR,TE,,2018,Utah,Kyle Whittingham
Jackson Barton,SR,OL,,2018,Utah,Kyle Whittingham
Nick Ford,FR,OL,,2018,Utah,Kyle Whittingham
Orlando Umana,SO,OL,,2018,Utah,Kyle Whittingham
Jordan Agasiva,SR,OL,,2018,Utah,Kyle Whittingham
London Bartholomew,SO,OL,,2018,Utah,Kyle Whittingham
Johnny Capra,JR,OL,,2018,Utah,Kyle Whittingham
Braedon E. Daniels,FR,OL,,2018,Utah,Kyle Whittingham
Keven Dixon,JR,OL,,2018,Utah,Kyle Whittingham
Lo Falemaka,SR,OL,,2018,Utah,Kyle Whittingham
Jake Grant,SO,OL,,2018,Utah,Kyle Whittingham
Alani Havili-Katoa,SR,OL,,2018,Utah,Kyle Whittingham
Kyle Lanterman,JR,OL,,2018,Utah,Kyle Whittingham
Simi Moala,FR,OL,,2018,Utah,Kyle Whittingham
Darrin Paulo,JR,OL,,2018,Utah,Kyle Whittingham
Ryan To'a,FR,OL,,2018,Utah,Kyle Whittingham
Paul Toala,JR,OL,,2018,Utah,Kyle Whittingham
Mo Unutoa,FR,OL,,2018,Utah,Kyle Whittingham
Stratten Wagner,SO,OL,,2018,Utah,Kyle Whittingham
Fua Pututau,FR,DL,,2018,Utah,Kyle Whittingham
Cody Barton,SR,LB,,2018,Utah,Kyle Whittingham
Francis Bernard,JR,LB,,2018,Utah,Kyle Whittingham
Chase Hansen,SR,LB,,2018,Utah,Kyle Whittingham
Chase Hansen,SR,LB,,2018,Utah,Kyle Whittingham
Devin Lloyd,FR,LB,,2018,Utah,Kyle Whittingham
Donavan Thompson,JR,LB,,2018,Utah,Kyle Whittingham
Moroni Anae,SO,LB,,2018,Utah,Kyle Whittingham
Chris Hart,JR,LB,,2018,Utah,Kyle Whittingham
Sione Lund,FR,LB,,2018,Utah,Kyle Whittingham
Andrew Mata'afa,FR,LB,,2018,Utah,Kyle Whittingham
Bryant Pirtle,JR,LB,,2018,Utah,Kyle Whittingham
Philip Afia,JR,DB,,2018,Utah,Kyle Whittingham
Corrion Ballard,SR,DB,,2018,Utah,Kyle Whittingham
Julian Blackmon,JR,DB,,2018,Utah,Kyle Whittingham
Marquise Blair,SR,DB,,2018,Utah,Kyle Whittingham
Terrell Burgess,JR,DB,,2018,Utah,Kyle Whittingham
Vonte Davis,SO,DB,,2018,Utah,Kyle Whittingham
Javelin Guidry,SO,DB,,2018,Utah,Kyle Whittingham
Javelin Guidry,SO,DB,,2018,Utah,Kyle Whittingham
R.J. Hubert,FR,DB,,2018,Utah,Kyle Whittingham
Jaylon Johnson,SO,DB,,2018,Utah,Kyle Whittingham
Nygel King,SO,DB,,2018,Utah,Kyle Whittingham
Tareke Lewis,JR,DB,,2018,Utah,Kyle Whittingham
Josh Nurse,JR,DB,,2018,Utah,Kyle Whittingham
Tyrone Smith,JR,DB,,2018,Utah,Kyle Whittingham
Tre Strong,JR,DB,,2018,Utah,Kyle Whittingham
Anthony Armstrong,SR,DB,,2018,Utah,Kyle Whittingham
Stone Azarcon,FR,DB,,2018,Utah,Kyle Whittingham
Quinn Fabrizio,FR,DB,,2018,Utah,Kyle Whittingham
Malone Mataele,FR,DB,,2018,Utah,Kyle Whittingham
Alassane Niang,JR,DB,,2018,Utah,Kyle Whittingham
Trey O'Guinn,FR,DB,,2018,Utah,Kyle Whittingham
Keala Santiago,JR,DB,,2018,Utah,Kyle Whittingham
Jonoven Smith,FR,DB,,2018,Utah,Kyle Whittingham
Mitch Wishnowsky,SR,P,,2018,Utah,Kyle Whittingham
Bradlee Anae,JR,DE,,2018,Utah,Kyle Whittingham
Jackson Cravens,FR,DT,,2018,Utah,Kyle Whittingham
Leki Fotu,JR,DT,,2018,Utah,Kyle Whittingham
Matt Gay,SR,PK,,2018,Utah,Kyle Whittingham
Maddie Golden,FR,LS,,2018,Utah,Kyle Whittingham
Nick Heninger,SO,DE,,2018,Utah,Kyle Whittingham
Blake Kuithe,FR,DE,,2018,Utah,Kyle Whittingham
John Penisini,JR,DT,,2018,Utah,Kyle Whittingham
Hauati Pututau,SO,DT,,2018,Utah,Kyle Whittingham
Caleb Repp,JR,DE,,2018,Utah,Kyle Whittingham
Mika Tafua,FR,DE,,2018,Utah,Kyle Whittingham
Pita Tonga,SO,DT,,2018,Utah,Kyle Whittingham
Maxs Tupai,SO,DE,,2018,Utah,Kyle Whittingham
Aaron Amaama,SR,DT,,2018,Utah,Kyle Whittingham
Samu Elisaia,SO,DE,,2018,Utah,Kyle Whittingham
Tyler Gonzalez,FR,DE,,2018,Utah,Kyle Whittingham
Davir Hamilton,SO,DE,,2018,Utah,Kyle Whittingham
Malik Haynes,JR,DE,,2018,Utah,Kyle Whittingham
Chayden Johnston,SO,PK,,2018,Utah,Kyle Whittingham
Rex Jordan,JR,DE,,2018,Utah,Kyle Whittingham
Paul Maile,FR,DT,,2018,Utah,Kyle Whittingham
Keegan Markgraf,JR,LS,,2018,Utah,Kyle Whittingham
Jaxson McBride,FR,DE,,2018,Utah,Kyle Whittingham
Viane Moala,JR,DT,,2018,Utah,Kyle Whittingham
Ali'i Niumatalolo,SO,FB,,2018,Utah,Kyle Whittingham
Preston Pitt,FR,PK,,2018,Utah,Kyle Whittingham
Noah Rodriguez-Trammell,SO,LS,,2018,Utah,Kyle Whittingham
Tyler Huntley,SR,QB,"220 Cmp, 301 Att, 3092 Yds, 19 TD",2019,Utah,Kyle Whittingham
Jason Shelley,SO,QB,"6 Cmp, 11 Att, 43 Yds, 1 TD",2019,Utah,Kyle Whittingham
Drew Lisk,JR,QB,"7 Cmp, 9 Att, 52 Yds, 0 TD",2019,Utah,Kyle Whittingham
Blake Archuleta,FR,QB,,2019,Utah,Kyle Whittingham
Zach Hymas,SO,QB,,2019,Utah,Kyle Whittingham
Cameron Rising,SO,QB,,2019,Utah,Kyle Whittingham
Carter Robinson,FR,QB,,2019,Utah,Kyle Whittingham
Zack Moss,SR,RB,"235 Att, 1416 Yds, 6.0 Avg",2019,Utah,Kyle Whittingham
Devin Brumfield,SO,RB,"59 Att, 263 Yds, 4.5 Avg",2019,Utah,Kyle Whittingham
Jordan Wilmore,FR,RB,"49 Att, 194 Yds, 4.0 Avg",2019,Utah,Kyle Whittingham
Devonta'e Henry-Cole,JR,RB,"34 Att, 188 Yds, 5.5 Avg",2019,Utah,Kyle Whittingham
TJ Green,SO,RB,"23 Att, 68 Yds, 3.0 Avg",2019,Utah,Kyle Whittingham
Micah Bernard,FR,RB,,2019,Utah,Kyle Whittingham
Faysal Aden,FR,RB,,2019,Utah,Kyle Whittingham
Charlie Vincent,FR,RB,,2019,Utah,Kyle Whittingham
Mason Woodward,JR,RB,,2019,Utah,Kyle Whittingham
Derrick Vickers,SR,WR,"19 Rec, 202 Yds, 10.6 Avg",2019,Utah,Kyle Whittingham
Jaylen Dixon,SO,WR,"24 Rec, 343 Yds, 14.3 Avg",2019,Utah,Kyle Whittingham
Demari Simpkins,SR,WR,"32 Rec, 352 Yds, 11.0 Avg",2019,Utah,Kyle Whittingham
Britain Covey,JR,WR,"10 Rec, 77 Yds, 7.7 Avg",2019,Utah,Kyle Whittingham
Solomon Enis,SO,WR,"14 Rec, 158 Yds, 11.3 Avg",2019,Utah,Kyle Whittingham
Terrell Perriman,FR,WR,"2 Rec, 9 Yds, 4.5 Avg",2019,Utah,Kyle Whittingham
Samson Nacua,JR,WR,"18 Rec, 330 Yds, 18.3 Avg",2019,Utah,Kyle Whittingham
Bryan Thompson,SO,WR,"18 Rec, 461 Yds, 25.6 Avg",2019,Utah,Kyle Whittingham
Donte Banton,FR,WR,"1 Rec, 10 Yds, 10.0 Avg",2019,Utah,Kyle Whittingham
Devaughn Vele,FR,WR,,2019,Utah,Kyle Whittingham
Robbie Colenzo,FR,WR,,2019,Utah,Kyle Whittingham
Cameron Gardner,FR,WR,,2019,Utah,Kyle Whittingham
Patton Germann,FR,WR,,2019,Utah,Kyle Whittingham
Jason Heller,FR,WR,,2019,Utah,Kyle Whittingham
Sebastian Macaluso,FR,WR,,2019,Utah,Kyle Whittingham
Kyrese Rowan,FR,WR,,2019,Utah,Kyle Whittingham
Dylan Slavens,SO,WR,,2019,Utah,Kyle Whittingham
Tyrone Smith,SR,WR,,2019,Utah,Kyle Whittingham
Dominique Thompson,FR,WR,,2019,Utah,Kyle Whittingham
Brant Kuithe,SO,TE,"34 Rec, 602 Yds, 17.7 Avg",2019,Utah,Kyle Whittingham
Cole Fotheringham,SO,TE,"16 Rec, 156 Yds, 9.8 Avg",2019,Utah,Kyle Whittingham
Hunter Thedford,SR,TE,"2 Rec, 12 Yds, 6.0 Avg",2019,Utah,Kyle Whittingham
Ali'i Niumatalolo,JR,TE,"1 Rec, 10 Yds, 10.0 Avg",2019,Utah,Kyle Whittingham
Thomas Yassmin,FR,TE,,2019,Utah,Kyle Whittingham
Bapa Falemaka,JR,TE,,2019,Utah,Kyle Whittingham
Soa Rosales,FR,TE,,2019,Utah,Kyle Whittingham
Paul Maile,FR,OL,,2019,Utah,Kyle Whittingham
Simi Moala,FR,OL,,2019,Utah,Kyle Whittingham
Orlando Umana,JR,OL,,2019,Utah,Kyle Whittingham
London Bartholomew,JR,OL,,2019,Utah,Kyle Whittingham
Keaton Bills,FR,OL,,2019,Utah,Kyle Whittingham
Braedon E. Daniels,FR,OL,,2019,Utah,Kyle Whittingham
Luke Felix-Fualalo,FR,OL,,2019,Utah,Kyle Whittingham
Nick Ford,SO,OL,,2019,Utah,Kyle Whittingham
Kyle Lanterman,SR,OL,,2019,Utah,Kyle Whittingham
Sataoa Laumea,FR,OL,,2019,Utah,Kyle Whittingham
Alex Locklear,SR,OL,,2019,Utah,Kyle Whittingham
Johnny Maea,FR,OL,,2019,Utah,Kyle Whittingham
Bamidele Olaseni,JR,OL,,2019,Utah,Kyle Whittingham
Noah Osur-Myers,SR,OL,,2019,Utah,Kyle Whittingham
Darrin Paulo,SR,OL,,2019,Utah,Kyle Whittingham
Noah Reneau-Myers,SR,OL,,2019,Utah,Kyle Whittingham
Marist Talavou,FR,OL,,2019,Utah,Kyle Whittingham
Paul Toala,SR,OL,,2019,Utah,Kyle Whittingham
Stratten Wagner,JR,OL,,2019,Utah,Kyle Whittingham
Andrew Strauch,SR,K,,2019,Utah,Kyle Whittingham
Alex Saunders,FR,K,,2019,Utah,Kyle Whittingham
Falcon Kaumatule,FR,DL,,2019,Utah,Kyle Whittingham
Semisi Lauaki,FR,DL,,2019,Utah,Kyle Whittingham
Steven Moea'i,FR,DL,,2019,Utah,Kyle Whittingham
Francis Bernard,SR,LB,,2019,Utah,Kyle Whittingham
Francis Bernard,SR,LB,,2019,Utah,Kyle Whittingham
Trennan Carlson,JR,LB,,2019,Utah,Kyle Whittingham
Hayden Furey,FR,LB,,2019,Utah,Kyle Whittingham
Devin Lloyd,SO,LB,,2019,Utah,Kyle Whittingham
Sione Lund,SO,LB,,2019,Utah,Kyle Whittingham
Andrew Mata'afa,FR,LB,,2019,Utah,Kyle Whittingham
Moroni Anae,JR,LB,,2019,Utah,Kyle Whittingham
Manny Bowen,SR,LB,,2019,Utah,Kyle Whittingham
Samu Elisaia,JR,LB,,2019,Utah,Kyle Whittingham
Quinn Fabrizio,FR,LB,,2019,Utah,Kyle Whittingham
Carson Stokes,FR,LB,,2019,Utah,Kyle Whittingham
Iverson Taase,FR,LB,,2019,Utah,Kyle Whittingham
Taimi Taimi,FR,LB,,2019,Utah,Kyle Whittingham
Carson Wheaton,FR,LB,,2019,Utah,Kyle Whittingham
Julian Blackmon,SR,DB,,2019,Utah,Kyle Whittingham
Bronson Boyd,SO,DB,,2019,Utah,Kyle Whittingham
Jatravis Broughton,FR,DB,,2019,Utah,Kyle Whittingham
Terrell Burgess,SR,DB,,2019,Utah,Kyle Whittingham
Jayden Clemons,FR,DB,,2019,Utah,Kyle Whittingham
Vonte Davis,JR,DB,,2019,Utah,Kyle Whittingham
Javelin Guidry,JR,DB,,2019,Utah,Kyle Whittingham
Javelin Guidry,JR,DB,,2019,Utah,Kyle Whittingham
R.J. Hubert,SO,DB,,2019,Utah,Kyle Whittingham
Jaylon Johnson,JR,DB,,2019,Utah,Kyle Whittingham
Tareke Lewis,SR,DB,,2019,Utah,Kyle Whittingham
Malone Mataele,FR,DB,,2019,Utah,Kyle Whittingham
Josh Nurse,SR,DB,,2019,Utah,Kyle Whittingham
Keala Santiago,JR,DB,,2019,Utah,Kyle Whittingham
Nephi Sewell,JR,DB,,2019,Utah,Kyle Whittingham
Jordan Anderson,FR,DB,,2019,Utah,Kyle Whittingham
Stone Azarcon,SO,DB,,2019,Utah,Kyle Whittingham
Maxwell Cotton,FR,DB,,2019,Utah,Kyle Whittingham
Nygel King,JR,DB,,2019,Utah,Kyle Whittingham
Aaron Lowe,FR,DB,,2019,Utah,Kyle Whittingham
Kaleb Lundquist,FR,DB,,2019,Utah,Kyle Whittingham
JaTravis McCloud,FR,DB,,2019,Utah,Kyle Whittingham
Trey O'Guinn,SO,DB,,2019,Utah,Kyle Whittingham
LaCarea Pleasant-Johnson,FR,DB,,2019,Utah,Kyle Whittingham
Drew Rawls,FR,DB,,2019,Utah,Kyle Whittingham
Alphonso Taylor,FR,DB,,2019,Utah,Kyle Whittingham
Ben Lennon,FR,P,,2019,Utah,Kyle Whittingham
Jared March,FR,P,,2019,Utah,Kyle Whittingham
Bradlee Anae,SR,DE,,2019,Utah,Kyle Whittingham
Leki Fotu,SR,DT,,2019,Utah,Kyle Whittingham
Malik Haynes,SR,DE,,2019,Utah,Kyle Whittingham
Keegan Markgraf,JR,LS,,2019,Utah,Kyle Whittingham
Viane Moala,JR,DT,,2019,Utah,Kyle Whittingham
John Penisini,SR,DT,,2019,Utah,Kyle Whittingham
Fua Pututau,FR,DE,,2019,Utah,Kyle Whittingham
Hauati Pututau,JR,DE,,2019,Utah,Kyle Whittingham
Jadon Redding,FR,PK,,2019,Utah,Kyle Whittingham
Miki Suguturaga,FR,DE,,2019,Utah,Kyle Whittingham
Mika Tafua,SO,DE,,2019,Utah,Kyle Whittingham
Pita Tonga,JR,DT,,2019,Utah,Kyle Whittingham
Maxs Tupai,JR,DE,,2019,Utah,Kyle Whittingham
Scott Foley,SO,DT,,2019,Utah,Kyle Whittingham
Tyler Gonzalez,FR,DE,,2019,Utah,Kyle Whittingham
Nels Haltom,JR,UT,,2019,Utah,Kyle Whittingham
Mufi Hunt,JR,DT,,2019,Utah,Kyle Whittingham
Blake Kuithe,FR,DE,,2019,Utah,Kyle Whittingham
Jake Mitten,FR,DT,,2019,Utah,Kyle Whittingham
Eli Morrow,FR,DT,,2019,Utah,Kyle Whittingham
Noah Rodriguez-Trammell,SO,LS,,2019,Utah,Kyle Whittingham
Jake Bentley,SR,QB,"77 Cmp, 124 Att, 882 Yds, 6 TD",2020,Utah,Kyle Whittingham
Drew Lisk,SR,QB,"15 Cmp, 26 Att, 152 Yds, 0 TD",2020,Utah,Kyle Whittingham
Cameron Rising,SO,QB,"3 Cmp, 6 Att, 45 Yds, 0 TD",2020,Utah,Kyle Whittingham
Bryson Barnes,FR,QB,,2020,Utah,Kyle Whittingham
Nick Billoups,FR,QB,,2020,Utah,Kyle Whittingham
Cooper Justice,FR,QB,,2020,Utah,Kyle Whittingham
Carter Robinson,FR,QB,,2020,Utah,Kyle Whittingham
Ty Jordan,FR,RB,"83 Att, 597 Yds, 7.2 Avg",2020,Utah,Kyle Whittingham
Devin Brumfield,JR,RB,"21 Att, 85 Yds, 4.0 Avg",2020,Utah,Kyle Whittingham
Jordan Wilmore,SO,RB,"18 Att, 54 Yds, 3.0 Avg",2020,Utah,Kyle Whittingham
Micah Bernard,FR,RB,"15 Att, 76 Yds, 5.1 Avg",2020,Utah,Kyle Whittingham
Faysal Aden,FR,RB,,2020,Utah,Kyle Whittingham
TJ Green,JR,RB,,2020,Utah,Kyle Whittingham
Aaron Tapusoa,SR,RB,,2020,Utah,Kyle Whittingham
Elvis Vakapuna,FR,RB,,2020,Utah,Kyle Whittingham
Charlie Vincent,FR,RB,,2020,Utah,Kyle Whittingham
Braedon Wissler,FR,RB,,2020,Utah,Kyle Whittingham
Daniel Wood,FR,RB,,2020,Utah,Kyle Whittingham
Britain Covey,JR,WR,"19 Rec, 264 Yds, 13.9 Avg",2020,Utah,Kyle Whittingham
Bryan Thompson,JR,WR,"9 Rec, 187 Yds, 20.8 Avg",2020,Utah,Kyle Whittingham
Solomon Enis,JR,WR,"11 Rec, 108 Yds, 9.8 Avg",2020,Utah,Kyle Whittingham
Samson Nacua,SR,WR,"4 Rec, 29 Yds, 7.3 Avg",2020,Utah,Kyle Whittingham
Devaughn Vele,FR,WR,"2 Rec, 12 Yds, 6.0 Avg",2020,Utah,Kyle Whittingham
Cameron Gardner,SO,WR,,2020,Utah,Kyle Whittingham
Donte Banton,SO,WR,,2020,Utah,Kyle Whittingham
Robbie Colenzo,FR,WR,,2020,Utah,Kyle Whittingham
Maxwell Cotton,FR,WR,,2020,Utah,Kyle Whittingham
Jaylen Dixon,JR,WR,,2020,Utah,Kyle Whittingham
Pierre Moudourou,JR,WR,,2020,Utah,Kyle Whittingham
Connor O'Toole,FR,WR,,2020,Utah,Kyle Whittingham
Money Parks,FR,WR,,2020,Utah,Kyle Whittingham
Kyrese Rowan,FR,WR,,2020,Utah,Kyle Whittingham
Dylan Slavens,JR,WR,,2020,Utah,Kyle Whittingham
Tyrone Smith,SR,WR,,2020,Utah,Kyle Whittingham
Dominique Thompson,SO,WR,,2020,Utah,Kyle Whittingham
Brant Kuithe,JR,TE,"17 Rec, 160 Yds, 9.4 Avg",2020,Utah,Kyle Whittingham
Cole Fotheringham,JR,TE,"4 Rec, 52 Yds, 13.0 Avg",2020,Utah,Kyle Whittingham
Dalton Kincaid,JR,TE,"1 Rec, 14 Yds, 14.0 Avg",2020,Utah,Kyle Whittingham
Branden Anderson,FR,TE,,2020,Utah,Kyle Whittingham
Mufi Hunt,SR,TE,,2020,Utah,Kyle Whittingham
Joe Ludwig,JR,TE,,2020,Utah,Kyle Whittingham
Ali'i Niumatalolo,SR,TE,,2020,Utah,Kyle Whittingham
Soa Rosales,FR,TE,,2020,Utah,Kyle Whittingham
Thomas Yassmin,SO,TE,,2020,Utah,Kyle Whittingham
Braedon E. Daniels,SO,OL,,2020,Utah,Kyle Whittingham
London Bartholomew,SR,OL,,2020,Utah,Kyle Whittingham
Keaton Bills,FR,OL,,2020,Utah,Kyle Whittingham
Luke Felix-Fualalo,FR,OL,,2020,Utah,Kyle Whittingham
Nick Ford,JR,OL,,2020,Utah,Kyle Whittingham
Jaxon Garcia,FR,OL,,2020,Utah,Kyle Whittingham
Alex Harrison,FR,OL,,2020,Utah,Kyle Whittingham
Falcon Kaumatule,FR,OL,,2020,Utah,Kyle Whittingham
Jaren Kump,FR,OL,,2020,Utah,Kyle Whittingham
Sataoa Laumea,FR,OL,,2020,Utah,Kyle Whittingham
Hunter Lotulelei,FR,OL,,2020,Utah,Kyle Whittingham
Johnny Maea,SO,OL,,2020,Utah,Kyle Whittingham
Paul Maile,SO,OL,,2020,Utah,Kyle Whittingham
Shintaro Mann,FR,OL,,2020,Utah,Kyle Whittingham
Simi Moala,SO,OL,,2020,Utah,Kyle Whittingham
Bamidele Olaseni,SR,OL,,2020,Utah,Kyle Whittingham
Marist Talavou,FR,OL,,2020,Utah,Kyle Whittingham
Orlando Umana,SR,OL,,2020,Utah,Kyle Whittingham
Jordan Noyles,FR,K,,2020,Utah,Kyle Whittingham
Skyler Southam,JR,K,,2020,Utah,Kyle Whittingham
Tanner Cragun,FR,K,,2020,Utah,Kyle Whittingham
Tennessee Pututau,FR,DL,,2020,Utah,Kyle Whittingham
Semisi Lauaki,FR,DL,,2020,Utah,Kyle Whittingham
Moroni Anae,JR,LB,,2020,Utah,Kyle Whittingham
Sione Fotu,FR,LB,,2020,Utah,Kyle Whittingham
Hayden Furey,SO,LB,,2020,Utah,Kyle Whittingham
Devin Lloyd,JR,LB,,2020,Utah,Kyle Whittingham
Andrew Mata'afa,SO,LB,,2020,Utah,Kyle Whittingham
Nephi Sewell,JR,LB,,2020,Utah,Kyle Whittingham
Rob Bonar,FR,LB,,2020,Utah,Kyle Whittingham
Samu Elisaia,SR,LB,,2020,Utah,Kyle Whittingham
Graham Faloona,FR,LB,,2020,Utah,Kyle Whittingham
Baron Gajkowski,SR,LB,,2020,Utah,Kyle Whittingham
Jeremy Mercier,FR,LB,,2020,Utah,Kyle Whittingham
Taniela Pututau,FR,LB,,2020,Utah,Kyle Whittingham
Sione Tuha,FR,LB,,2020,Utah,Kyle Whittingham
Chris Wilson,FR,LB,,2020,Utah,Kyle Whittingham
Stone Azarcon,JR,DB,,2020,Utah,Kyle Whittingham
Alphonso Taylor,SO,DB,,2020,Utah,Kyle Whittingham
Ben Lennon,SO,P,,2020,Utah,Kyle Whittingham
Jared March,FR,P,,2020,Utah,Kyle Whittingham
Blake Kuithe,SO,DE,,2020,Utah,Kyle Whittingham
Jatravis Broughton,SO,CB,,2020,Utah,Kyle Whittingham
Xavier Carlton,FR,DE,,2020,Utah,Kyle Whittingham
Vonte Davis,SR,S,,2020,Utah,Kyle Whittingham
Van Fillinger,FR,DE,,2020,Utah,Kyle Whittingham
Devin Kaufusi,JR,DE,,2020,Utah,Kyle Whittingham
Kamo'i Latu,FR,S,,2020,Utah,Kyle Whittingham
Faybian Marks,FR,CB,,2020,Utah,Kyle Whittingham
Malone Mataele,SO,CB,,2020,Utah,Kyle Whittingham
Viane Moala,SR,DT,,2020,Utah,Kyle Whittingham
Clark Phillips III,FR,CB,,2020,Utah,Kyle Whittingham
Hauati Pututau,SR,DE,,2020,Utah,Kyle Whittingham
Drew Rawls,FR,CB,,2020,Utah,Kyle Whittingham
Jadon Redding,SO,PK,,2020,Utah,Kyle Whittingham
Ben Renfro,FR,S,,2020,Utah,Kyle Whittingham
Nate Ritchie,FR,S,,2020,Utah,Kyle Whittingham
Caine Savage,FR,CB,,2020,Utah,Kyle Whittingham
Mika Tafua,JR,DE,,2020,Utah,Kyle Whittingham
Maxs Tupai,SR,DE,,2020,Utah,Kyle Whittingham
Zemaiah Vaughn,FR,S,,2020,Utah,Kyle Whittingham
Jake Biggs,FR,S,,2020,Utah,Kyle Whittingham
Bronson Boyd,JR,CB,,2020,Utah,Kyle Whittingham
Tyler Gleed,FR,DE,,2020,Utah,Kyle Whittingham
Tyler Gonzalez,SO,DE,,2020,Utah,Kyle Whittingham
Marques Hamilton,FR,CB,,2020,Utah,Kyle Whittingham
Dakota Hansen,JR,S,,2020,Utah,Kyle Whittingham
R.J. Hubert,JR,S,,2020,Utah,Kyle Whittingham
Kenzel Lawler,FR,CB,,2020,Utah,Kyle Whittingham
Aaron Lowe,SO,CB,,2020,Utah,Kyle Whittingham
Keegan Markgraf,SR,LS,,2020,Utah,Kyle Whittingham
Max Miner,FR,DE,,2020,Utah,Kyle Whittingham
Eli Morrow,SO,DT,,2020,Utah,Kyle Whittingham
Ben Myles-Mills,FR,CB,,2020,Utah,Kyle Whittingham
Gavin Nawahine,FR,DE,,2020,Utah,Kyle Whittingham
LaCarea Pleasant-Johnson,FR,CB,,2020,Utah,Kyle Whittingham
Fua Pututau,SO,DE,,2020,Utah,Kyle Whittingham
Noah Rodriguez-Trammell,JR,LS,,2020,Utah,Kyle Whittingham
Miki Suguturaga,FR,DE,,2020,Utah,Kyle Whittingham
Junior Tafuna,FR,DE,,2020,Utah,Kyle Whittingham
Tanoa Togiai,FR,DT,,2020,Utah,Kyle Whittingham
Pita Tonga,SR,DT,,2020,Utah,Kyle Whittingham
Aliki Vimahi,FR,DT,,2020,Utah,Kyle Whittingham
Tyler Wegis,FR,DE,,2020,Utah,Kyle Whittingham
Cameron Rising,SO,QB,"204 Cmp, 320 Att, 2493 Yds, 20 TD",2021,Utah,Kyle Whittingham
Charlie Brewer,SR,QB,"48 Cmp, 79 Att, 484 Yds, 3 TD",2021,Utah,Kyle Whittingham
Bryson Barnes,FR,QB,"2 Cmp, 2 Att, 23 Yds, 1 TD",2021,Utah,Kyle Whittingham
Ja'Quinden Jackson,FR,QB,,2021,Utah,Kyle Whittingham
Peter Costelli,FR,QB,,2021,Utah,Kyle Whittingham
Tavion Thomas,SO,RB,"204 Att, 1108 Yds, 5.4 Avg",2021,Utah,Kyle Whittingham
T.J. Pledger,JR,RB,"104 Att, 694 Yds, 6.7 Avg",2021,Utah,Kyle Whittingham
Micah Bernard,FR,RB,"87 Att, 523 Yds, 6.0 Avg",2021,Utah,Kyle Whittingham
Chris Curry,SO,RB,"14 Att, 55 Yds, 3.9 Avg",2021,Utah,Kyle Whittingham
Faysal Aden,FR,RB,,2021,Utah,Kyle Whittingham
Ricky Parks,FR,RB,,2021,Utah,Kyle Whittingham
Elvis Vakapuna,FR,RB,,2021,Utah,Kyle Whittingham
Charlie Vincent,FR,RB,,2021,Utah,Kyle Whittingham
Braedon Wissler,FR,RB,,2021,Utah,Kyle Whittingham
Britain Covey,JR,WR,"52 Rec, 514 Yds, 9.9 Avg",2021,Utah,Kyle Whittingham
Jaylen Dixon,JR,WR,"5 Rec, 76 Yds, 15.2 Avg",2021,Utah,Kyle Whittingham
Devaughn Vele,FR,WR,"23 Rec, 389 Yds, 16.9 Avg",2021,Utah,Kyle Whittingham
Solomon Enis,JR,WR,"22 Rec, 248 Yds, 11.3 Avg",2021,Utah,Kyle Whittingham
Theo Howard,SR,WR,"10 Rec, 140 Yds, 14.0 Avg",2021,Utah,Kyle Whittingham
Connor O'Toole,FR,WR,"1 Rec, 5 Yds, 5.0 Avg",2021,Utah,Kyle Whittingham
Money Parks,FR,WR,"1 Rec, 12 Yds, 12.0 Avg",2021,Utah,Kyle Whittingham
Bryson Reeves,FR,WR,,2021,Utah,Kyle Whittingham
Kyrese Rowan,FR,WR,,2021,Utah,Kyle Whittingham
Zach Vaughn,FR,WR,,2021,Utah,Kyle Whittingham
Noah Bennee,FR,WR,,2021,Utah,Kyle Whittingham
Makai Cope,FR,WR,,2021,Utah,Kyle Whittingham
Maxwell Cotton,FR,WR,,2021,Utah,Kyle Whittingham
Masaki Kudo,FR,WR,,2021,Utah,Kyle Whittingham
Munir McClain,SO,WR,,2021,Utah,Kyle Whittingham
Pierre Moudourou,JR,WR,,2021,Utah,Kyle Whittingham
Dawson Tanner,FR,WR,,2021,Utah,Kyle Whittingham
Dominique Thompson,SO,WR,,2021,Utah,Kyle Whittingham
Brant Kuithe,JR,TE,"50 Rec, 611 Yds, 12.2 Avg",2021,Utah,Kyle Whittingham
Dalton Kincaid,JR,TE,"36 Rec, 510 Yds, 14.2 Avg",2021,Utah,Kyle Whittingham
Thomas Yassmin,SO,TE,"1 Rec, 6 Yds, 6.0 Avg",2021,Utah,Kyle Whittingham
Cole Fotheringham,JR,TE,"15 Rec, 128 Yds, 8.5 Avg",2021,Utah,Kyle Whittingham
Branden Anderson,FR,TE,,2021,Utah,Kyle Whittingham
Hayden Erickson,FR,TE,,2021,Utah,Kyle Whittingham
Deven Johnson,FR,TE,,2021,Utah,Kyle Whittingham
Ali'i Niumatalolo,SR,TE,,2021,Utah,Kyle Whittingham
Taniela Pututau,FR,TE,,2021,Utah,Kyle Whittingham
Soa Rosales,FR,TE,,2021,Utah,Kyle Whittingham
Isaac Vaha,FR,TE,,2021,Utah,Kyle Whittingham
Sire Woods,SR,TE,,2021,Utah,Kyle Whittingham
Braedon E. Daniels,SO,OL,,2021,Utah,Kyle Whittingham
Nick Ford,JR,OL,,2021,Utah,Kyle Whittingham
Keaton Bills,FR,OL,,2021,Utah,Kyle Whittingham
Kolinu'u Faaiu,FR,OL,,2021,Utah,Kyle Whittingham
Luke Felix-Fualalo,FR,OL,,2021,Utah,Kyle Whittingham
Jaxon Garcia,FR,OL,,2021,Utah,Kyle Whittingham
Alex Harrison,FR,OL,,2021,Utah,Kyle Whittingham
Falcon Kaumatule,FR,OL,,2021,Utah,Kyle Whittingham
Jaren Kump,FR,OL,,2021,Utah,Kyle Whittingham
Sataoa Laumea,FR,OL,,2021,Utah,Kyle Whittingham
Hunter Lotulelei,FR,OL,,2021,Utah,Kyle Whittingham
Johnny Maea,SO,OL,,2021,Utah,Kyle Whittingham
Paul Maile,SO,OL,,2021,Utah,Kyle Whittingham
Shintaro Mann,FR,OL,,2021,Utah,Kyle Whittingham
Simi Moala,SO,OL,,2021,Utah,Kyle Whittingham
Michael Mokofisi,FR,OL,,2021,Utah,Kyle Whittingham
Bamidele Olaseni,SR,OL,,2021,Utah,Kyle Whittingham
Marist Talavou,FR,OL,,2021,Utah,Kyle Whittingham
Zereoue Williams,FR,OL,,2021,Utah,Kyle Whittingham
Jordan Noyles,FR,K,,2021,Utah,Kyle Whittingham
Jadon Redding,SO,K,,2021,Utah,Kyle Whittingham
Jori Benson,FR,DL,,2021,Utah,Kyle Whittingham
Jonah Elliss,FR,LB,,2021,Utah,Kyle Whittingham
Hayden Furey,SO,LB,,2021,Utah,Kyle Whittingham
Devin Lloyd,JR,LB,,2021,Utah,Kyle Whittingham
Andrew Mata'afa,SO,LB,,2021,Utah,Kyle Whittingham
Karene Reid,FR,LB,,2021,Utah,Kyle Whittingham
Trey Reynolds,FR,LB,,2021,Utah,Kyle Whittingham
Nephi Sewell,JR,LB,,2021,Utah,Kyle Whittingham
Rob Bonar,FR,LB,,2021,Utah,Kyle Whittingham
Dylan Brooks,FR,LB,,2021,Utah,Kyle Whittingham
Ethan Calvert,FR,LB,,2021,Utah,Kyle Whittingham
Josh Calvert,FR,LB,,2021,Utah,Kyle Whittingham
Carson Danner,FR,LB,,2021,Utah,Kyle Whittingham
Lolani Langi,FR,LB,,2021,Utah,Kyle Whittingham
Jeremy Mercier,JR,LB,,2021,Utah,Kyle Whittingham
Mason Tufaga,FR,LB,,2021,Utah,Kyle Whittingham
Sione Tuha,FR,LB,,2021,Utah,Kyle Whittingham
Michael Williams,SO,P,,2021,Utah,Kyle Whittingham
Cameron Peasley,FR,P,,2021,Utah,Kyle Whittingham
Cole Bishop,FR,S,,2021,Utah,Kyle Whittingham
Jatravis Broughton,SO,CB,,2021,Utah,Kyle Whittingham
Xavier Carlton,FR,DE,,2021,Utah,Kyle Whittingham
Vonte Davis,SR,S,,2021,Utah,Kyle Whittingham
Van Fillinger,FR,DE,,2021,Utah,Kyle Whittingham
Devin Kaufusi,JR,DT,,2021,Utah,Kyle Whittingham
Kamo'i Latu,FR,S,,2021,Utah,Kyle Whittingham
Aaron Lowe,SO,CB,,2021,Utah,Kyle Whittingham
Faybian Marks,FR,CB,,2021,Utah,Kyle Whittingham
Malone Mataele,SO,CB,,2021,Utah,Kyle Whittingham
Brandon McKinney,SR,S,,2021,Utah,Kyle Whittingham
Viane Moala,SR,DT,,2021,Utah,Kyle Whittingham
Clark Phillips III,FR,CB,,2021,Utah,Kyle Whittingham
LaCarea Pleasant-Johnson,FR,CB,,2021,Utah,Kyle Whittingham
Fua Pututau,SO,DT,,2021,Utah,Kyle Whittingham
Hauati Pututau,SR,DT,,2021,Utah,Kyle Whittingham
Tennessee Pututau,FR,DT,,2021,Utah,Kyle Whittingham
Caine Savage,FR,CB,,2021,Utah,Kyle Whittingham
Miki Suguturaga,FR,DE,,2021,Utah,Kyle Whittingham
Mika Tafua,JR,DE,,2021,Utah,Kyle Whittingham
Junior Tafuna,FR,DT,,2021,Utah,Kyle Whittingham
Zemaiah Vaughn,FR,S,,2021,Utah,Kyle Whittingham
Aliki Vimahi,FR,DT,,2021,Utah,Kyle Whittingham
Kennan Aiono,FR,DE,,2021,Utah,Kyle Whittingham
Stone Azarcon,JR,S,,2021,Utah,Kyle Whittingham
Jonny Fanaika,FR,DE,,2021,Utah,Kyle Whittingham
David Fotu,SO,DT,,2021,Utah,Kyle Whittingham
JT Greep,FR,LS,,2021,Utah,Kyle Whittingham
Nick Howe,FR,CB,,2021,Utah,Kyle Whittingham
R.J. Hubert,JR,S,,2021,Utah,Kyle Whittingham
Taka Lautaha,FR,DT,,2021,Utah,Kyle Whittingham
Kenzel Lawler,FR,CB,,2021,Utah,Kyle Whittingham
Elisha Lloyd,FR,CB,,2021,Utah,Kyle Whittingham
Joe Ludwig,JR,FB,,2021,Utah,Kyle Whittingham
Keegan Markgraf,SR,LS,,2021,Utah,Kyle Whittingham
Jordan McMillan,SO,S,,2021,Utah,Kyle Whittingham
Shuhei Mitsumoto,FR,DE,,2021,Utah,Kyle Whittingham
Gavin Nawahine,FR,DE,,2021,Utah,Kyle Whittingham
Tevita Pahulu,FR,DT,,2021,Utah,Kyle Whittingham
Simote Pepa,FR,DT,,2021,Utah,Kyle Whittingham
Drew Rawls,FR,CB,,2021,Utah,Kyle Whittingham
Ben Renfro,FR,S,,2021,Utah,Kyle Whittingham
Elijah Shelton,SO,DE,,2021,Utah,Kyle Whittingham
Tyrone Smith,SR,S,,2021,Utah,Kyle Whittingham
Darrien Stewart,FR,S,,2021,Utah,Kyle Whittingham
Tanoa Togiai,FR,DT,,2021,Utah,Kyle Whittingham
Tyler Wegis,FR,DE,,2021,Utah,Kyle Whittingham
Cameron Rising,SR,QB,"249 Cmp, 385 Att, 3034 Yds, 26 TD",2022,Utah,Kyle Whittingham
Bryson Barnes,JR,QB,"37 Cmp, 57 Att, 430 Yds, 4 TD",2022,Utah,Kyle Whittingham
Nate Johnson,SO,QB,"1 Cmp, 1 Att, 16 Yds, 1 TD",2022,Utah,Kyle Whittingham
Luke Bottari,SR,QB,,2022,Utah,Kyle Whittingham
Brandon Rose,SO,QB,,2022,Utah,Kyle Whittingham
Tavion Thomas,SR,RB,"142 Att, 687 Yds, 4.8 Avg",2022,Utah,Kyle Whittingham
Micah Bernard,JR,RB,"106 Att, 533 Yds, 5.0 Avg",2022,Utah,Kyle Whittingham
Jaylon Glover,SO,RB,"78 Att, 360 Yds, 4.6 Avg",2022,Utah,Kyle Whittingham
Ja'Quinden Jackson,SO,RB,"78 Att, 531 Yds, 6.8 Avg",2022,Utah,Kyle Whittingham
Charlie Vincent,JR,RB,"17 Att, 60 Yds, 3.5 Avg",2022,Utah,Kyle Whittingham
Chris Curry,SR,RB,"12 Att, 81 Yds, 6.8 Avg",2022,Utah,Kyle Whittingham
Faysal Aden,JR,RB,,2022,Utah,Kyle Whittingham
Jonathan Johnson,SO,RB,,2022,Utah,Kyle Whittingham
Ricky Parks,SO,RB,,2022,Utah,Kyle Whittingham
Elvis Vakapuna,JR,RB,,2022,Utah,Kyle Whittingham
Devaughn Vele,JR,WR,"55 Rec, 695 Yds, 12.6 Avg",2022,Utah,Kyle Whittingham
Jaylen Dixon,SR,WR,"33 Rec, 344 Yds, 10.4 Avg",2022,Utah,Kyle Whittingham
Money Parks,JR,WR,"26 Rec, 414 Yds, 15.9 Avg",2022,Utah,Kyle Whittingham
Tiquan Gilmore,SR,WR,,2022,Utah,Kyle Whittingham
Solomon Enis,SR,WR,"12 Rec, 101 Yds, 8.4 Avg",2022,Utah,Kyle Whittingham
Makai Cope,SO,WR,"7 Rec, 75 Yds, 10.7 Avg",2022,Utah,Kyle Whittingham
Luca Caldarella,JR,WR,,2022,Utah,Kyle Whittingham
Tao Johnson,SO,WR,,2022,Utah,Kyle Whittingham
Sidney Mbanasor,SO,WR,,2022,Utah,Kyle Whittingham
Chris Reed,SO,WR,,2022,Utah,Kyle Whittingham
Noah Bennee,SO,WR,,2022,Utah,Kyle Whittingham
Collin Edwards,SO,WR,,2022,Utah,Kyle Whittingham
Masaki Kudo,SO,WR,,2022,Utah,Kyle Whittingham
Jett Meine,SO,WR,,2022,Utah,Kyle Whittingham
Pierre Moudourou,SR,WR,,2022,Utah,Kyle Whittingham
Dalton Kincaid,SR,TE,"70 Rec, 890 Yds, 12.7 Avg",2022,Utah,Kyle Whittingham
Brant Kuithe,SR,TE,"19 Rec, 206 Yds, 10.8 Avg",2022,Utah,Kyle Whittingham
Thomas Yassmin,SR,TE,"13 Rec, 301 Yds, 23.2 Avg",2022,Utah,Kyle Whittingham
Logan Kendall,SR,TE,"5 Rec, 43 Yds, 8.6 Avg",2022,Utah,Kyle Whittingham
Munir McClain,JR,TE,"2 Rec, 18 Yds, 9.0 Avg",2022,Utah,Kyle Whittingham
Taniela Pututau,SO,TE,"2 Rec, 17 Yds, 8.5 Avg",2022,Utah,Kyle Whittingham
Hayden Erickson,SO,TE,,2022,Utah,Kyle Whittingham
Deven Johnson,SO,TE,,2022,Utah,Kyle Whittingham
Landon Morris,SO,TE,,2022,Utah,Kyle Whittingham
Isaac Vaha,SO,TE,,2022,Utah,Kyle Whittingham
Keaton Bills,JR,OL,,2022,Utah,Kyle Whittingham
Braedon E. Daniels,SR,OL,,2022,Utah,Kyle Whittingham
Kolinu'u Faaiu,SO,OL,,2022,Utah,Kyle Whittingham
Falcon Kaumatule,JR,OL,,2022,Utah,Kyle Whittingham
Jaren Kump,JR,OL,,2022,Utah,Kyle Whittingham
Sataoa Laumea,JR,OL,,2022,Utah,Kyle Whittingham
Johnny Maea,SR,OL,,2022,Utah,Kyle Whittingham
Paul Maile,SR,OL,,2022,Utah,Kyle Whittingham
Michael Mokofisi,SO,OL,,2022,Utah,Kyle Whittingham
Tanoa Togiai,SO,OL,,2022,Utah,Kyle Whittingham
Zereoue Williams,SO,OL,,2022,Utah,Kyle Whittingham
Cody Christensen,SO,OL,,2022,Utah,Kyle Whittingham
Hunter Deuel,SO,OL,,2022,Utah,Kyle Whittingham
Ridge Harrell,FR,OL,,2022,Utah,Kyle Whittingham
Alex Harrison,JR,OL,,2022,Utah,Kyle Whittingham
Tyler Knaak,SO,OL,,2022,Utah,Kyle Whittingham
Hunter Lotulelei,SO,OL,,2022,Utah,Kyle Whittingham
Shintaro Mann,SO,OL,,2022,Utah,Kyle Whittingham
Keith Olson,SO,OL,,2022,Utah,Kyle Whittingham
Ben Norton,SR,K,,2022,Utah,Kyle Whittingham
Jordan Noyes,JR,K,,2022,Utah,Kyle Whittingham
Jadon Redding,SR,K,,2022,Utah,Kyle Whittingham
Joey Cheek,SO,K,,2022,Utah,Kyle Whittingham
Lander Barton,SO,LB,,2022,Utah,Kyle Whittingham
Ethan Calvert,SO,LB,,2022,Utah,Kyle Whittingham
Josh Calvert,JR,LB,,2022,Utah,Kyle Whittingham
Mohamoud Diabate,SR,LB,,2022,Utah,Kyle Whittingham
Hayden Furey,SR,LB,,2022,Utah,Kyle Whittingham
Lolani Langi,SO,LB,,2022,Utah,Kyle Whittingham
Andrew Mata'afa,SR,LB,,2022,Utah,Kyle Whittingham
Justin Medlock,SO,LB,,2022,Utah,Kyle Whittingham
Karene Reid,JR,LB,,2022,Utah,Kyle Whittingham
Mason Tufaga,SO,LB,,2022,Utah,Kyle Whittingham
Jack Bouwmeester,FR,P,,2022,Utah,Kyle Whittingham
Michael Williams,SR,P,,2022,Utah,Kyle Whittingham
Stone Azarcon,SR,S,,2022,Utah,Kyle Whittingham
Cole Bishop,JR,S,,2022,Utah,Kyle Whittingham
Jatravis Broughton,SR,CB,,2022,Utah,Kyle Whittingham
Elijah Davis,SO,CB,,2022,Utah,Kyle Whittingham
Jonah Elliss,JR,DE,,2022,Utah,Kyle Whittingham
Van Fillinger,JR,DE,,2022,Utah,Kyle Whittingham
JT Greep,JR,LS,,2022,Utah,Kyle Whittingham
R.J. Hubert,SR,S,,2022,Utah,Kyle Whittingham
Clayton Isbell,SR,S,,2022,Utah,Kyle Whittingham
Devin Kaufusi,SR,DT,,2022,Utah,Kyle Whittingham
Chase Kennedy,SO,DE,,2022,Utah,Kyle Whittingham
Kenzel Lawler,SO,CB,,2022,Utah,Kyle Whittingham
Jocelyn Malaska,SO,CB,,2022,Utah,Kyle Whittingham
Faybian Marks,JR,CB,,2022,Utah,Kyle Whittingham
Malone Mataele,SR,CB,,2022,Utah,Kyle Whittingham
Connor O'Toole,JR,DE,,2022,Utah,Kyle Whittingham
Jadon Pearson,JR,S,,2022,Utah,Kyle Whittingham
Simote Pepa,SO,DT,,2022,Utah,Kyle Whittingham
Clark Phillips III,JR,CB,,2022,Utah,Kyle Whittingham
Fua Pututau,SR,DT,,2022,Utah,Kyle Whittingham
Tennessee Pututau,JR,DT,,2022,Utah,Kyle Whittingham
Bryson Reeves,JR,S,,2022,Utah,Kyle Whittingham
Gabe Reid,SR,DE,,2022,Utah,Kyle Whittingham
Caine Savage,JR,CB,,2022,Utah,Kyle Whittingham
Darrien Stewart,SO,S,,2022,Utah,Kyle Whittingham
Miki Suguturaga,JR,DE,,2022,Utah,Kyle Whittingham
Junior Tafuna,JR,DT,,2022,Utah,Kyle Whittingham
Keanu Tanuvasa,SO,DT,,2022,Utah,Kyle Whittingham
Sione Vaki,SO,S,,2022,Utah,Kyle Whittingham
Zemaiah Vaughn,JR,CB,,2022,Utah,Kyle Whittingham
Aliki Vimahi,JR,DT,,2022,Utah,Kyle Whittingham
Tyler Wegis,SO,DE,,2022,Utah,Kyle Whittingham
Ka'eo Akana,SO,DE,,2022,Utah,Kyle Whittingham
Logan Castor,SO,LS,,2022,Utah,Kyle Whittingham
David Fotu,JR,DT,,2022,Utah,Kyle Whittingham
Nick Howe,SO,CB,,2022,Utah,Kyle Whittingham
James LeBaron,SO,DE,,2022,Utah,Kyle Whittingham
Elisha Lloyd,SO,CB,,2022,Utah,Kyle Whittingham
Shuhei Mitsumoto,SO,DE,,2022,Utah,Kyle Whittingham
Gavin Nawahine,SO,DE,,2022,Utah,Kyle Whittingham
Brock Nowatzke,SO,S,,2022,Utah,Kyle Whittingham
Helaman Ofengahue,SO,DE,,2022,Utah,Kyle Whittingham
Malae Tanuvasa,SO,S,,2022,Utah,Kyle Whittingham
Bryson Barnes,JR,QB,"142 Cmp, 242 Att, 1572 Yds, 12 TD",2023,Utah,Kyle Whittingham
Nate Johnson,FR,QB,"39 Cmp, 72 Att, 499 Yds, 3 TD",2023,Utah,Kyle Whittingham
Luke Bottari,SR,QB,"7 Cmp, 11 Att, 79 Yds, 0 TD",2023,Utah,Kyle Whittingham
Mack Howard,FR,QB,,2023,Utah,Kyle Whittingham
Cameron Rising,SR,QB,,2023,Utah,Kyle Whittingham
Brandon Rose,FR,QB,,2023,Utah,Kyle Whittingham
Steve Smedley,FR,QB,,2023,Utah,Kyle Whittingham
Ja'Quinden Jackson,SO,RB,"161 Att, 797 Yds, 5.0 Avg",2023,Utah,Kyle Whittingham
Jaylon Glover,SO,RB,"137 Att, 562 Yds, 4.1 Avg",2023,Utah,Kyle Whittingham
Micah Bernard,JR,RB,"16 Att, 76 Yds, 4.8 Avg",2023,Utah,Kyle Whittingham
Charlie Vincent,JR,RB,"9 Att, 48 Yds, 5.3 Avg",2023,Utah,Kyle Whittingham
Chris Curry,SR,RB,"8 Att, 28 Yds, 3.5 Avg",2023,Utah,Kyle Whittingham
Dijon Stanley,FR,RB,"6 Att, 1 Yds, 0.2 Avg",2023,Utah,Kyle Whittingham
Daniel Wood,FR,RB,"5 Att, 18 Yds, 3.6 Avg",2023,Utah,Kyle Whittingham
John Randle Jr.,FR,RB,"2 Att, 3 Yds, 1.5 Avg",2023,Utah,Kyle Whittingham
Mike Mitchell,FR,RB,,2023,Utah,Kyle Whittingham
Hunter Schroeder,FR,RB,,2023,Utah,Kyle Whittingham
Devaughn Vele,JR,WR,"43 Rec, 593 Yds, 13.8 Avg",2023,Utah,Kyle Whittingham
Money Parks,JR,WR,"31 Rec, 293 Yds, 9.5 Avg",2023,Utah,Kyle Whittingham
Landen King,SO,WR,"14 Rec, 166 Yds, 11.9 Avg",2023,Utah,Kyle Whittingham
Mikey Matthews,FR,WR,"29 Rec, 261 Yds, 9.0 Avg",2023,Utah,Kyle Whittingham
Mycah Pittman,SR,WR,"3 Rec, 20 Yds, 6.7 Avg",2023,Utah,Kyle Whittingham
Munir McClain,JR,WR,"15 Rec, 269 Yds, 17.9 Avg",2023,Utah,Kyle Whittingham
Luca Caldarella,JR,WR,"3 Rec, 31 Yds, 10.3 Avg",2023,Utah,Kyle Whittingham
Emery Simmons,SR,WR,"1 Rec, 2 Yds, 2.0 Avg",2023,Utah,Kyle Whittingham
Makai Cope,SO,WR,,2023,Utah,Kyle Whittingham
Sidney Mbanasor,FR,WR,,2023,Utah,Kyle Whittingham
Kaimana Hanohano,FR,WR,,2023,Utah,Kyle Whittingham
Jett Meine,FR,WR,,2023,Utah,Kyle Whittingham
Peyton Rice,FR,WR,,2023,Utah,Kyle Whittingham
Josh Rose,SR,WR,,2023,Utah,Kyle Whittingham
Daidren Zipperer,FR,WR,,2023,Utah,Kyle Whittingham
Thomas Yassmin,SR,TE,"8 Rec, 89 Yds, 11.1 Avg",2023,Utah,Kyle Whittingham
Miki Suguturaga,JR,TE,"4 Rec, 42 Yds, 10.5 Avg",2023,Utah,Kyle Whittingham
Dallen Bentley,SO,TE,"1 Rec, 5 Yds, 5.0 Avg",2023,Utah,Kyle Whittingham
Noah Bennee,SO,TE,,2023,Utah,Kyle Whittingham
Cody Christensen,FR,TE,,2023,Utah,Kyle Whittingham
Hayden Erickson,SO,TE,,2023,Utah,Kyle Whittingham
CJ Jacobsen,FR,TE,,2023,Utah,Kyle Whittingham
Brant Kuithe,SR,TE,,2023,Utah,Kyle Whittingham
Luke Tucker,FR,TE,,2023,Utah,Kyle Whittingham
Keaton Bills,JR,OL,,2023,Utah,Kyle Whittingham
Kolinu'u Faaiu,SO,OL,,2023,Utah,Kyle Whittingham
Spencer Fano,FR,OL,,2023,Utah,Kyle Whittingham
Alex Harrison,JR,OL,,2023,Utah,Kyle Whittingham
Falcon Kaumatule,JR,OL,,2023,Utah,Kyle Whittingham
Jaren Kump,SO,OL,,2023,Utah,Kyle Whittingham
Sataoa Laumea,JR,OL,,2023,Utah,Kyle Whittingham
Caleb Lomu,FR,OL,,2023,Utah,Kyle Whittingham
Johnny Maea,SR,OL,,2023,Utah,Kyle Whittingham
Solatoa Moea'i,FR,OL,,2023,Utah,Kyle Whittingham
Michael Mokofisi,SO,OL,,2023,Utah,Kyle Whittingham
Tanoa Togiai,SO,OL,,2023,Utah,Kyle Whittingham
Roger Alderman,FR,OL,,2023,Utah,Kyle Whittingham
Hunter Deuel,FR,OL,,2023,Utah,Kyle Whittingham
Jacob Edmonds,FR,OL,,2023,Utah,Kyle Whittingham
Shintaro Mann,JR,OL,,2023,Utah,Kyle Whittingham
Keith Olson,FR,OL,,2023,Utah,Kyle Whittingham
Isaia Thompson,FR,OL,,2023,Utah,Kyle Whittingham
Zereoue Williams,SO,OL,,2023,Utah,Kyle Whittingham
Joey Cheek,FR,K,,2023,Utah,Kyle Whittingham
Cole Becker,JR,K,,2023,Utah,Kyle Whittingham
Chase Carter,SR,K,,2023,Utah,Kyle Whittingham
Tanner Cragun,FR,K,,2023,Utah,Kyle Whittingham
Lander Barton,SO,LB,,2023,Utah,Kyle Whittingham
Josh Calvert,JR,LB,,2023,Utah,Kyle Whittingham
Owen Chambliss,FR,LB,,2023,Utah,Kyle Whittingham
Levani Damuni,SR,LB,,2023,Utah,Kyle Whittingham
Sione Fotu,FR,LB,,2023,Utah,Kyle Whittingham
Hayden Furey,SR,LB,,2023,Utah,Kyle Whittingham
Justin Medlock,FR,LB,,2023,Utah,Kyle Whittingham
Karene Reid,JR,LB,,2023,Utah,Kyle Whittingham
Jason Siaosi,SR,LB,,2023,Utah,Kyle Whittingham
Spencer Clegg,FR,LB,,2023,Utah,Kyle Whittingham
Shay O'Kelly,FR,LB,,2023,Utah,Kyle Whittingham
Jack Bouwmeester,SO,P,,2023,Utah,Kyle Whittingham
Nathan Price,SO,P,,2023,Utah,Kyle Whittingham
Sione Vaki,SO,S,,2023,Utah,Kyle Whittingham
Ka'eo Akana,FR,DE,,2023,Utah,Kyle Whittingham
Briton Allen,JR,S,,2023,Utah,Kyle Whittingham
Miles Battle,SR,CB,,2023,Utah,Kyle Whittingham
Cole Bishop,JR,S,,2023,Utah,Kyle Whittingham
CJ Blocker,FR,CB,,2023,Utah,Kyle Whittingham
Jatravis Broughton,SR,CB,,2023,Utah,Kyle Whittingham
Elijah Davis,FR,CB,,2023,Utah,Kyle Whittingham
Jonah Elliss,JR,DE,,2023,Utah,Kyle Whittingham
Logan Fano,FR,DE,,2023,Utah,Kyle Whittingham
Van Fillinger,JR,DE,,2023,Utah,Kyle Whittingham
David Fotu,SO,DT,,2023,Utah,Kyle Whittingham
JT Greep,JR,LS,,2023,Utah,Kyle Whittingham
Johnathan Hall,FR,S,,2023,Utah,Kyle Whittingham
Nick Howe,SO,CB,,2023,Utah,Kyle Whittingham
Tao Johnson,FR,CB,,2023,Utah,Kyle Whittingham
Chase Kennedy,FR,DE,,2023,Utah,Kyle Whittingham
Kenzel Lawler,SO,CB,,2023,Utah,Kyle Whittingham
Jonah Lea'ea,FR,DE,,2023,Utah,Kyle Whittingham
Jocelyn Malaska,FR,CB,,2023,Utah,Kyle Whittingham
Faybian Marks,JR,CB,,2023,Utah,Kyle Whittingham
Gavin Nawahine,SO,DE,,2023,Utah,Kyle Whittingham
Connor O'Toole,JR,DE,,2023,Utah,Kyle Whittingham
Helaman Ofengahue,FR,DE,,2023,Utah,Kyle Whittingham
Jadon Pearson,JR,S,,2023,Utah,Kyle Whittingham
Simote Pepa,SO,DT,,2023,Utah,Kyle Whittingham
Nate Ritchie,FR,S,,2023,Utah,Kyle Whittingham
Smith Snowden,FR,CB,,2023,Utah,Kyle Whittingham
Darrien Stewart,SO,S,,2023,Utah,Kyle Whittingham
Junior Tafuna,JR,DT,,2023,Utah,Kyle Whittingham
Keanu Tanuvasa,FR,DT,,2023,Utah,Kyle Whittingham
Zemaiah Vaughn,JR,CB,,2023,Utah,Kyle Whittingham
Aliki Vimahi,JR,DT,,2023,Utah,Kyle Whittingham
Justice Brusatto,SO,LS,,2023,Utah,Kyle Whittingham
Logan Castor,SO,LS,,2023,Utah,Kyle Whittingham
Ben Durham,FR,S,,2023,Utah,Kyle Whittingham
Austin Keetch,FR,S,,2023,Utah,Kyle Whittingham
Austin LaRue,FR,DT,,2023,Utah,Kyle Whittingham
Taka Lautaha,FR,DT,,2023,Utah,Kyle Whittingham
James LeBaron,FR,DT,,2023,Utah,Kyle Whittingham
Brock Nowatzke,FR,S,,2023,Utah,Kyle Whittingham
Bobby Piland,FR,DT,,2023,Utah,Kyle Whittingham
Bryson Reeves,JR,S,,2023,Utah,Kyle Whittingham
Vili Taufatofua,SO,DE,,2023,Utah,Kyle Whittingham
Nifai Tonga,FR,DT,,2023,Utah,Kyle Whittingham
Xane Uipi,FR,CB,,2023,Utah,Kyle Whittingham
Isaac Wilson,FR,QB,"127 Cmp, 225 Att, 1510 Yds, 10 TD",2024,Utah,Kyle Whittingham
Cameron Rising,SR,QB,"34 Cmp, 66 Att, 555 Yds, 7 TD",2024,Utah,Kyle Whittingham
Brandon Rose,SO,QB,"19 Cmp, 36 Att, 157 Yds, 2 TD",2024,Utah,Kyle Whittingham
Luke Bottari,SR,QB,"19 Cmp, 30 Att, 171 Yds, 1 TD",2024,Utah,Kyle Whittingham
Dallen Engemann,JR,QB,,2024,Utah,Kyle Whittingham
Sam Huard,JR,QB,,2024,Utah,Kyle Whittingham
Micah Bernard,SR,RB,"197 Att, 1009 Yds, 5.1 Avg",2024,Utah,Kyle Whittingham
Mike Mitchell,SO,RB,"47 Att, 158 Yds, 3.4 Avg",2024,Utah,Kyle Whittingham
Dijon Stanley,SO,RB,"20 Att, 66 Yds, 3.3 Avg",2024,Utah,Kyle Whittingham
Charlie Vincent,SR,RB,"14 Att, 44 Yds, 3.1 Avg",2024,Utah,Kyle Whittingham
Jaylon Glover,JR,RB,"12 Att, 60 Yds, 5.0 Avg",2024,Utah,Kyle Whittingham
Omar Shah,FR,RB,"1 Att, 0 Yds, 0.0 Avg",2024,Utah,Kyle Whittingham
Laython Biddle,FR,RB,,2024,Utah,Kyle Whittingham
Anthony Woods,SO,RB,,2024,Utah,Kyle Whittingham
Damien Alford,SR,WR,,2024,Utah,Kyle Whittingham
Zach Williams,FR,WR,"10 Rec, 101 Yds, 10.1 Avg",2024,Utah,Kyle Whittingham
Money Parks,SR,WR,"21 Rec, 294 Yds, 14.0 Avg",2024,Utah,Kyle Whittingham
Dorian Singer,SR,WR,"53 Rec, 702 Yds, 13.2 Avg",2024,Utah,Kyle Whittingham
Daidren Zipperer,SO,WR,"8 Rec, 122 Yds, 15.3 Avg",2024,Utah,Kyle Whittingham
Mycah Pittman,SR,WR,"6 Rec, 50 Yds, 8.3 Avg",2024,Utah,Kyle Whittingham
Landen King,JR,WR,"3 Rec, 54 Yds, 18.0 Avg",2024,Utah,Kyle Whittingham
Munir McClain,SR,WR,"3 Rec, 20 Yds, 6.7 Avg",2024,Utah,Kyle Whittingham
Luca Caldarella,SR,WR,"2 Rec, 26 Yds, 13.0 Avg",2024,Utah,Kyle Whittingham
Taeshawn Lyons,FR,WR,"1 Rec, 4 Yds, 4.0 Avg",2024,Utah,Kyle Whittingham
Rayshawn Glover,SO,WR,,2024,Utah,Kyle Whittingham
Jett Meine,SO,WR,,2024,Utah,Kyle Whittingham
David Washington,FR,WR,,2024,Utah,Kyle Whittingham
Matt Clark,FR,WR,,2024,Utah,Kyle Whittingham
Kaimana Hanohano,SO,WR,,2024,Utah,Kyle Whittingham
Diezel Kamoku,FR,WR,,2024,Utah,Kyle Whittingham
Cameron Mitchell,FR,WR,,2024,Utah,Kyle Whittingham
Peyton Rice,SO,WR,,2024,Utah,Kyle Whittingham
Brant Kuithe,SR,TE,"35 Rec, 505 Yds, 14.4 Avg",2024,Utah,Kyle Whittingham
Carsen Ryan,JR,TE,"10 Rec, 113 Yds, 11.3 Avg",2024,Utah,Kyle Whittingham
Caleb Lohner,SR,TE,"4 Rec, 54 Yds, 13.5 Avg",2024,Utah,Kyle Whittingham
Dallen Bentley,JR,TE,"2 Rec, 15 Yds, 7.5 Avg",2024,Utah,Kyle Whittingham
Miki Suguturaga,SR,TE,"1 Rec, 3 Yds, 3.0 Avg",2024,Utah,Kyle Whittingham
Spencer Clegg,SO,TE,,2024,Utah,Kyle Whittingham
Frankie Goodson,SO,TE,,2024,Utah,Kyle Whittingham
CJ Jacobsen,SO,TE,,2024,Utah,Kyle Whittingham
Spencer Fano,SO,OL,,2024,Utah,Kyle Whittingham
Isaiah Garcia,FR,OL,,2024,Utah,Kyle Whittingham
Falcon Kaumatule,SR,OL,,2024,Utah,Kyle Whittingham
Jaren Kump,JR,OL,,2024,Utah,Kyle Whittingham
Caleb Lomu,SO,OL,,2024,Utah,Kyle Whittingham
Johnny Maea,SR,OL,,2024,Utah,Kyle Whittingham
Shintaro Mann,SR,OL,,2024,Utah,Kyle Whittingham
Solatoa Moea'i,SO,OL,,2024,Utah,Kyle Whittingham
Michael Mokofisi,JR,OL,,2024,Utah,Kyle Whittingham
Keith Olson,SO,OL,,2024,Utah,Kyle Whittingham
Tanoa Togiai,JR,OL,,2024,Utah,Kyle Whittingham
Zereoue Williams,JR,OL,,2024,Utah,Kyle Whittingham
Roger Alderman,SO,OL,,2024,Utah,Kyle Whittingham
Alex Harrison,SR,OL,,2024,Utah,Kyle Whittingham
Lukas Jackson,FR,OL,,2024,Utah,Kyle Whittingham
Brennan Molina,FR,OL,,2024,Utah,Kyle Whittingham
Reece Parmenter,FR,OL,,2024,Utah,Kyle Whittingham
Kamilo Raass,FR,OL,,2024,Utah,Kyle Whittingham
Alma Taleni,FR,OL,,2024,Utah,Kyle Whittingham
Cole Becker,SR,K,,2024,Utah,Kyle Whittingham
Trey Coleman,FR,K,,2024,Utah,Kyle Whittingham
Joey Cheek,SO,K,,2024,Utah,Kyle Whittingham
Hunter Andrews,FR,LB,,2024,Utah,Kyle Whittingham
Moroni Anae,JR,LB,,2024,Utah,Kyle Whittingham
Lander Barton,JR,LB,,2024,Utah,Kyle Whittingham
Josh Calvert,SR,LB,,2024,Utah,Kyle Whittingham
Sione Fotu,SO,LB,,2024,Utah,Kyle Whittingham
Johnathan Hall,SO,LB,,2024,Utah,Kyle Whittingham
Kana'i Lopes,FR,LB,,2024,Utah,Kyle Whittingham
Karene Reid,SR,LB,,2024,Utah,Kyle Whittingham
Trey Reynolds,SO,LB,,2024,Utah,Kyle Whittingham
Jaeden Bland,FR,LB,,2024,Utah,Kyle Whittingham
Levani Damuni,SR,LB,,2024,Utah,Kyle Whittingham
Grady Mareko,FR,LB,,2024,Utah,Kyle Whittingham
Jack Bouwmeester,JR,P,,2024,Utah,Kyle Whittingham
Elliot Janish,JR,P,,2024,Utah,Kyle Whittingham
Ka'eo Akana,SO,DE,,2024,Utah,Kyle Whittingham
Jackson Bennee,FR,S,,2024,Utah,Kyle Whittingham
CJ Blocker,SO,CB,,2024,Utah,Kyle Whittingham
Cameron Calhoun,FR,CB,,2024,Utah,Kyle Whittingham
Logan Castor,JR,LS,,2024,Utah,Kyle Whittingham
John Henry Daley,SO,DE,,2024,Utah,Kyle Whittingham
Elijah Davis,SO,CB,,2024,Utah,Kyle Whittingham
Kash Dillon,FR,DE,,2024,Utah,Kyle Whittingham
Elijah Elliss,FR,DE,,2024,Utah,Kyle Whittingham
Rabbit Evans,JR,S,,2024,Utah,Kyle Whittingham
Logan Fano,SO,DE,,2024,Utah,Kyle Whittingham
Van Fillinger,SR,DE,,2024,Utah,Kyle Whittingham
Paul Fitzgerald,SO,DE,,2024,Utah,Kyle Whittingham
David Fotu,JR,DT,,2024,Utah,Kyle Whittingham
Alaka'i Gilman,SR,S,,2024,Utah,Kyle Whittingham
JT Greep,SR,LS,,2024,Utah,Kyle Whittingham
Nick Howe,JR,CB,,2024,Utah,Kyle Whittingham
Kenan Johnson,SR,CB,,2024,Utah,Kyle Whittingham
Tao Johnson,SO,S,,2024,Utah,Kyle Whittingham
Jonah Lea'ea,SO,DE,,2024,Utah,Kyle Whittingham
Connor O'Toole,SR,DE,,2024,Utah,Kyle Whittingham
Simote Pepa,JR,DT,,2024,Utah,Kyle Whittingham
John Randle Jr.,SO,CB,,2024,Utah,Kyle Whittingham
Nate Ritchie,SO,S,,2024,Utah,Kyle Whittingham
Quimari Shemwell,FR,CB,,2024,Utah,Kyle Whittingham
Smith Snowden,SO,CB,,2024,Utah,Kyle Whittingham
Junior Tafuna,SR,DT,,2024,Utah,Kyle Whittingham
Keanu Tanuvasa,SO,DT,,2024,Utah,Kyle Whittingham
Vili Taufatofua,JR,DE,,2024,Utah,Kyle Whittingham
Dallas Vakalahi,FR,DT,,2024,Utah,Kyle Whittingham
Zemaiah Vaughn,SR,CB,,2024,Utah,Kyle Whittingham
Aliki Vimahi,SR,DT,,2024,Utah,Kyle Whittingham
Jori Benson,SO,DT,,2024,Utah,Kyle Whittingham
Isaiah Brown,FR,CB,,2024,Utah,Kyle Whittingham
Justice Brusatto,JR,DE,,2024,Utah,Kyle Whittingham
Alex Cloward,FR,DE,,2024,Utah,Kyle Whittingham
Jeilani Davis,FR,S,,2024,Utah,Kyle Whittingham
Ben Durham,SO,S,,2024,Utah,Kyle Whittingham
Sammie Hunter,FR,CB,,2024,Utah,Kyle Whittingham
James LeBaron,SO,DT,,2024,Utah,Kyle Whittingham
Helaman Ofengahue,SO,DE,,2024,Utah,Kyle Whittingham
Bobby Piland,SO,DT,,2024,Utah,Kyle Whittingham
Carter Stembridge,FR,S,,2024,Utah,Kyle Whittingham
Nasir Stephens,FR,CB,,2024,Utah,Kyle Whittingham
Mike Tauteoli,FR,DT,,2024,Utah,Kyle Whittingham
Money Thompson,FR,CB,,2024,Utah,Kyle Whittingham
Xane Uipi,SO,CB,,2024,Utah,Kyle Whittingham
Devon Dampier,JR,QB,"90 Cmp, 127 Att, 790 Yds, 7 TD",2025,Utah,Kyle Whittingham
Byrd Ficklin,FR,QB,"4 Cmp, 4 Att, 53 Yds, 0 TD",2025,Utah,Kyle Whittingham
Drew Cowart,FR,QB,,2025,Utah,Kyle Whittingham
Isaac Wilson,SO,QB,,2025,Utah,Kyle Whittingham
Brendan Zurbrugg,FR,QB,,2025,Utah,Kyle Whittingham
NaQuari Rogers,SR,RB,"46 Att, 189 Yds, 4.1 Avg",2025,Utah,Kyle Whittingham
Wayshawn Parker,SO,RB,"33 Att, 214 Yds, 6.5 Avg",2025,Utah,Kyle Whittingham
Bryce Duke,SR,RB,"7 Att, 25 Yds, 3.6 Avg",2025,Utah,Kyle Whittingham
Raycine Guillory,FR,RB,"1 Att, 4 Yds, 4.0 Avg",2025,Utah,Kyle Whittingham
Omar Shah,SO,RB,,2025,Utah,Kyle Whittingham
Daniel Bray,FR,RB,,2025,Utah,Kyle Whittingham
Frankie Goodson,JR,RB,,2025,Utah,Kyle Whittingham
Devin Green,SO,RB,,2025,Utah,Kyle Whittingham
Nate Johnson,JR,WR,,2025,Utah,Kyle Whittingham
Ryan Davis,SR,WR,"29 Rec, 241 Yds, 8.3 Avg",2025,Utah,Kyle Whittingham
Tobias Merriweather,JR,WR,"5 Rec, 88 Yds, 17.6 Avg",2025,Utah,Kyle Whittingham
Larry Simmons,JR,WR,"1 Rec, 8 Yds, 8.0 Avg",2025,Utah,Kyle Whittingham
Luca Caldarella,SR,WR,,2025,Utah,Kyle Whittingham
Matt Clark,FR,WR,,2025,Utah,Kyle Whittingham
Rayshawn Glover,JR,WR,,2025,Utah,Kyle Whittingham
Justin Stevenson,SO,WR,,2025,Utah,Kyle Whittingham
Creed Whittemore,SO,WR,,2025,Utah,Kyle Whittingham
Bryson Baker,FR,WR,,2025,Utah,Kyle Whittingham
Jackson Bolender,FR,WR,,2025,Utah,Kyle Whittingham
Daylin Caamano,FR,WR,,2025,Utah,Kyle Whittingham
Mana Carvalho,FR,WR,,2025,Utah,Kyle Whittingham
Junior Coughlin,FR,WR,,2025,Utah,Kyle Whittingham
Diezel Kamoku,FR,WR,,2025,Utah,Kyle Whittingham
Peyton Rice,SO,WR,,2025,Utah,Kyle Whittingham
Bryan Spotwood,SO,WR,,2025,Utah,Kyle Whittingham
Daidren Zipperer,SO,WR,,2025,Utah,Kyle Whittingham
Hunter Andrews,FR,TE,"10 Rec, 65 Yds, 6.5 Avg",2025,Utah,Kyle Whittingham
Dallen Bentley,SR,TE,"17 Rec, 187 Yds, 11.0 Avg",2025,Utah,Kyle Whittingham
JJ Buchanan,FR,TE,"6 Rec, 46 Yds, 7.7 Avg",2025,Utah,Kyle Whittingham
Otto Tia,SR,TE,"1 Rec, 6 Yds, 6.0 Avg",2025,Utah,Kyle Whittingham
Drew Clemens,FR,TE,,2025,Utah,Kyle Whittingham
Mitch Nielsen,FR,TE,,2025,Utah,Kyle Whittingham
Broderick Redden,FR,TE,,2025,Utah,Kyle Whittingham
Roger Alderman,SO,OL,,2025,Utah,Kyle Whittingham
Spencer Fano,JR,OL,,2025,Utah,Kyle Whittingham
Alex Harrison,SR,OL,,2025,Utah,Kyle Whittingham
Jaren Kump,SR,OL,,2025,Utah,Kyle Whittingham
Caleb Lomu,SO,OL,,2025,Utah,Kyle Whittingham
Solatoa Moea'i,JR,OL,,2025,Utah,Kyle Whittingham
Michael Mokofisi,SR,OL,,2025,Utah,Kyle Whittingham
Keith Olson,JR,OL,,2025,Utah,Kyle Whittingham
Reece Parmenter,SO,OL,,2025,Utah,Kyle Whittingham
Kalolo Ta'aga,FR,OL,,2025,Utah,Kyle Whittingham
Tanoa Togiai,SR,OL,,2025,Utah,Kyle Whittingham
Zereoue Williams,SR,OL,,2025,Utah,Kyle Whittingham
Isaiah Garcia,FR,OL,,2025,Utah,Kyle Whittingham
Nick Hallock,FR,OL,,2025,Utah,Kyle Whittingham
Brennan Molina,FR,OL,,2025,Utah,Kyle Whittingham
Kamilo Raass,FR,OL,,2025,Utah,Kyle Whittingham
Soren Shinofield,FR,OL,,2025,Utah,Kyle Whittingham
Dillon Curtis,FR,K,,2025,Utah,Kyle Whittingham
Joey Cheek,SO,K,,2025,Utah,Kyle Whittingham
Robert Petrich,SO,K,,2025,Utah,Kyle Whittingham
Lander Barton,SR,LB,,2025,Utah,Kyle Whittingham
Moroni Anae,SR,LB,,2025,Utah,Kyle Whittingham
Levani Damuni,SR,LB,,2025,Utah,Kyle Whittingham
Elijah Elliss,SO,LB,,2025,Utah,Kyle Whittingham
Johnathan Hall,JR,LB,,2025,Utah,Kyle Whittingham
Mateaki Helu,FR,LB,,2025,Utah,Kyle Whittingham
Kana'i Lopes,FR,LB,,2025,Utah,Kyle Whittingham
Cyrus Polu,FR,LB,,2025,Utah,Kyle Whittingham
Trey Reynolds,JR,LB,,2025,Utah,Kyle Whittingham
Christian Thatcher,FR,LB,,2025,Utah,Kyle Whittingham
Anthony Hernandez,FR,LB,,2025,Utah,Kyle Whittingham
Kaden Kelley,JR,LB,,2025,Utah,Kyle Whittingham
Grady Mareko,SO,LB,,2025,Utah,Kyle Whittingham
Jeremiah Caldwell,JR,DB,,2025,Utah,Kyle Whittingham
JC Hart,SO,DB,,2025,Utah,Kyle Whittingham
Jason Stokes Jr.,FR,DB,,2025,Utah,Kyle Whittingham
Orion Phillips,JR,P,,2025,Utah,Kyle Whittingham
Smith Snowden,JR,CB,,2025,Utah,Kyle Whittingham
Jackson Bennee,SO,S,,2025,Utah,Kyle Whittingham
Logan Castor,JR,LS,,2025,Utah,Kyle Whittingham
Blake Cotton,SR,CB,,2025,Utah,Kyle Whittingham
John Henry Daley,SO,DE,,2025,Utah,Kyle Whittingham
Elijah Davis,JR,CB,,2025,Utah,Kyle Whittingham
Kash Dillon,FR,DE,,2025,Utah,Kyle Whittingham
Rabbit Evans,SR,S,,2025,Utah,Kyle Whittingham
Logan Fano,JR,DE,,2025,Utah,Kyle Whittingham
Paul Fitzgerald,JR,DE,,2025,Utah,Kyle Whittingham
Brock Fonoimoana,FR,S,,2025,Utah,Kyle Whittingham
Manny Fuller,FR,S,,2025,Utah,Kyle Whittingham
Lance Holtzclaw,JR,DE,,2025,Utah,Kyle Whittingham
Tao Johnson,JR,S,,2025,Utah,Kyle Whittingham
Karson Kaufusi,FR,DT,,2025,Utah,Kyle Whittingham
Jonah Lea'ea,SO,DT,,2025,Utah,Kyle Whittingham
Jaylen Moson,FR,CB,,2025,Utah,Kyle Whittingham
Sione Motuapuaka,FR,DT,,2025,Utah,Kyle Whittingham
Nate Ritchie,JR,S,,2025,Utah,Kyle Whittingham
Pupu Sepulona,FR,DT,,2025,Utah,Kyle Whittingham
Semi Taulanga,FR,DT,,2025,Utah,Kyle Whittingham
Money Thompson,FR,CB,,2025,Utah,Kyle Whittingham
Nate Tilmon,FR,S,,2025,Utah,Kyle Whittingham
Dallas Vakalahi,SO,DT,,2025,Utah,Kyle Whittingham
Aliki Vimahi,SR,DT,,2025,Utah,Kyle Whittingham
Dilan Battle,FR,DT,,2025,Utah,Kyle Whittingham
Isaiah Brown,SO,CB,,2025,Utah,Kyle Whittingham
Alex Cloward,SO,DE,,2025,Utah,Kyle Whittingham
Jack Evans,FR,S,,2025,Utah,Kyle Whittingham
John Frank Jr.,SO,DE,,2025,Utah,Kyle Whittingham
Jaxson Jones,FR,DE,,2025,Utah,Kyle Whittingham
Ryker Kemp,FR,DE,,2025,Utah,Kyle Whittingham
Charlie King,FR,LS,,2025,Utah,Kyle Whittingham
Tommy Nelson,FR,S,,2025,Utah,Kyle Whittingham
Ashton Olevao,FR,S,,2025,Utah,Kyle Whittingham
Taniela Pepa,FR,DT,,2025,Utah,Kyle Whittingham
Donovan Saunders,JR,CB,,2025,Utah,Kyle Whittingham
Josh Sovereign,FR,S,,2025,Utah,Kyle Whittingham
Cole Standage,FR,CB,,2025,Utah,Kyle Whittingham
Mike Tauteoli,SO,DT,,2025,Utah,Kyle Whittingham
