source,player,class,pos,summary,year,school,coach
https://raw.githubusercontent.com/RKRoberts97/byu_football_tree/refs/heads/main/College/Coaches/College%20Head%20Coaches/LaVell_Edwards/1972_brigham-young_roster.csv,Bill August*,NA,QB,"69 Cmp, 144 Att, 891 Yds, 5 TD",1972,Brigham Young,LaVell Edwards
https://raw.githubusercontent.com/RKRoberts97/byu_football_tree/refs/heads/main/College/Coaches/College%20Head%20Coaches/LaVell_Edwards/1972_brigham-young_roster.csv,Dave Terry,NA,QB,"62 Cmp, 122 Att, 742 Yds, 2 TD",1972,Brigham Young,LaVell Edwards
https://raw.githubusercontent.com/RKRoberts97/byu_football_tree/refs/heads/main/College/Coaches/College%20Head%20Coaches/LaVell_Edwards/1972_brigham-young_roster.csv,Pete Van Valkenberg*,NA,RB,"232 Att, 1386 Yds, 6.0 Avg",1972,Brigham Young,LaVell Edwards
https://raw.githubusercontent.com/RKRoberts97/byu_football_tree/refs/heads/main/College/Coaches/College%20Head%20Coaches/LaVell_Edwards/1972_brigham-young_roster.csv,Steve Stratton*,NA,RB,"78 Att, 328 Yds, 4.2 Avg",1972,Brigham Young,LaVell Edwards
https://raw.githubusercontent.com/RKRoberts97/byu_football_tree/refs/heads/main/College/Coaches/College%20Head%20Coaches/LaVell_Edwards/1972_brigham-young_roster.csv,Wayne Bower,NA,RB,"43 Att, 271 Yds, 6.3 Avg",1972,Brigham Young,LaVell Edwards
https://raw.githubusercontent.com/RKRoberts97/byu_football_tree/refs/heads/main/College/Coaches/College%20Head%20Coaches/LaVell_Edwards/1972_brigham-young_roster.csv,Pete Van Valkenburg,NA,RB,"232 Att, 1386 Yds, 6.0 Avg",1972,Brigham Young,LaVell Edwards
https://raw.githubusercontent.com/RKRoberts97/byu_football_tree/refs/heads/main/College/Coaches/College%20Head%20Coaches/LaVell_Edwards/1972_brigham-young_roster.csv,Dan Taylor,NA,RB,"46 Att, 161 Yds, 3.5 Avg",1972,Brigham Young,LaVell Edwards
https://raw.githubusercontent.com/RKRoberts97/byu_football_tree/refs/heads/main/College/Coaches/College%20Head%20Coaches/LaVell_Edwards/1972_brigham-young_roster.csv,Gil Gillenwater,NA,RB,"3 Att, 56 Yds, 18.7 Avg",1972,Brigham Young,LaVell Edwards
https://raw.githubusercontent.com/RKRoberts97/byu_football_tree/refs/heads/main/College/Coaches/College%20Head%20Coaches/LaVell_Edwards/1972_brigham-young_roster.csv,Bryce Johnson,NA,RB,,1972,Brigham Young,LaVell Edwards
https://raw.githubusercontent.com/RKRoberts97/byu_football_tree/refs/heads/main/College/Coaches/College%20Head%20Coaches/LaVell_Edwards/1972_brigham-young_roster.csv,Logan Hunter*,NA,WR,"49 Rec, 555 Yds, 11.3 Avg",1972,Brigham Young,LaVell Edwards
https://raw.githubusercontent.com/RKRoberts97/byu_football_tree/refs/heads/main/College/Coaches/College%20Head%20Coaches/LaVell_Edwards/1972_brigham-young_roster.csv,John Betham*,NA,WR,"19 Rec, 345 Yds, 18.2 Avg",1972,Brigham Young,LaVell Edwards
https://raw.githubusercontent.com/RKRoberts97/byu_football_tree/refs/heads/main/College/Coaches/College%20Head%20Coaches/LaVell_Edwards/1972_brigham-young_roster.csv,Jay Miller,NA,WR,"6 Rec, 30 Yds, 5.0 Avg",1972,Brigham Young,LaVell Edwards
https://raw.githubusercontent.com/RKRoberts97/byu_football_tree/refs/heads/main/College/Coaches/College%20Head%20Coaches/LaVell_Edwards/1972_brigham-young_roster.csv,Lynn Zwahlen,NA,WR,"5 Rec, 95 Yds, 19.0 Avg",1972,Brigham Young,LaVell Edwards
https://raw.githubusercontent.com/RKRoberts97/byu_football_tree/refs/heads/main/College/Coaches/College%20Head%20Coaches/LaVell_Edwards/1972_brigham-young_roster.csv,Dave Affleck,NA,WR,"3 Rec, 15 Yds, 5.0 Avg",1972,Brigham Young,LaVell Edwards
https://raw.githubusercontent.com/RKRoberts97/byu_football_tree/refs/heads/main/College/Coaches/College%20Head%20Coaches/LaVell_Edwards/1972_brigham-young_roster.csv,Dennis Doman*,NA,TE,"7 Rec, 59 Yds, 8.4 Avg",1972,Brigham Young,LaVell Edwards
https://raw.githubusercontent.com/RKRoberts97/byu_football_tree/refs/heads/main/College/Coaches/College%20Head%20Coaches/LaVell_Edwards/1972_brigham-young_roster.csv,Mike Pistorius,NA,TE,"16 Rec, 314 Yds, 19.6 Avg",1972,Brigham Young,LaVell Edwards
https://raw.githubusercontent.com/RKRoberts97/byu_football_tree/refs/heads/main/College/Coaches/College%20Head%20Coaches/LaVell_Edwards/1972_brigham-young_roster.csv,Joe Bailey*,NA,OL,,1972,Brigham Young,LaVell Edwards
https://raw.githubusercontent.com/RKRoberts97/byu_football_tree/refs/heads/main/College/Coaches/College%20Head%20Coaches/LaVell_Edwards/1972_brigham-young_roster.csv,Craig Denny*,NA,OL,,1972,Brigham Young,LaVell Edwards
https://raw.githubusercontent.com/RKRoberts97/byu_football_tree/refs/heads/main/College/Coaches/College%20Head%20Coaches/LaVell_Edwards/1972_brigham-young_roster.csv,Paul Howard*,NA,OL,,1972,Brigham Young,LaVell Edwards
https://raw.githubusercontent.com/RKRoberts97/byu_football_tree/refs/heads/main/College/Coaches/College%20Head%20Coaches/LaVell_Edwards/1972_brigham-young_roster.csv,John Monahan*,NA,OL,,1972,Brigham Young,LaVell Edwards
https://raw.githubusercontent.com/RKRoberts97/byu_football_tree/refs/heads/main/College/Coaches/College%20Head%20Coaches/LaVell_Edwards/1972_brigham-young_roster.csv,Steve Price*,NA,OL,,1972,Brigham Young,LaVell Edwards
https://raw.githubusercontent.com/RKRoberts97/byu_football_tree/refs/heads/main/College/Coaches/College%20Head%20Coaches/LaVell_Edwards/1972_brigham-young_roster.csv,Dave Brooks,NA,OL,,1972,Brigham Young,LaVell Edwards
https://raw.githubusercontent.com/RKRoberts97/byu_football_tree/refs/heads/main/College/Coaches/College%20Head%20Coaches/LaVell_Edwards/1972_brigham-young_roster.csv,Paul Linford*,NA,DL,,1972,Brigham Young,LaVell Edwards
https://raw.githubusercontent.com/RKRoberts97/byu_football_tree/refs/heads/main/College/Coaches/College%20Head%20Coaches/LaVell_Edwards/1972_brigham-young_roster.csv,Orrin Olsen*,NA,DL,,1972,Brigham Young,LaVell Edwards
https://raw.githubusercontent.com/RKRoberts97/byu_football_tree/refs/heads/main/College/Coaches/College%20Head%20Coaches/LaVell_Edwards/1972_brigham-young_roster.csv,Ed Rozeski*,NA,DL,,1972,Brigham Young,LaVell Edwards
https://raw.githubusercontent.com/RKRoberts97/byu_football_tree/refs/heads/main/College/Coaches/College%20Head%20Coaches/LaVell_Edwards/1972_brigham-young_roster.csv,Grant Wells*,NA,DL,,1972,Brigham Young,LaVell Edwards
https://raw.githubusercontent.com/RKRoberts97/byu_football_tree/refs/heads/main/College/Coaches/College%20Head%20Coaches/LaVell_Edwards/1972_brigham-young_roster.csv,Wayne Baker,NA,DL,,1972,Brigham Young,LaVell Edwards
https://raw.githubusercontent.com/RKRoberts97/byu_football_tree/refs/heads/main/College/Coaches/College%20Head%20Coaches/LaVell_Edwards/1972_brigham-young_roster.csv,Bob Larsen,NA,DL,,1972,Brigham Young,LaVell Edwards
https://raw.githubusercontent.com/RKRoberts97/byu_football_tree/refs/heads/main/College/Coaches/College%20Head%20Coaches/LaVell_Edwards/1972_brigham-young_roster.csv,Larry Carr*,NA,LB,,1972,Brigham Young,LaVell Edwards
https://raw.githubusercontent.com/RKRoberts97/byu_football_tree/refs/heads/main/College/Coaches/College%20Head%20Coaches/LaVell_Edwards/1972_brigham-young_roster.csv,Phil Jensen*,NA,LB,,1972,Brigham Young,LaVell Edwards
https://raw.githubusercontent.com/RKRoberts97/byu_football_tree/refs/heads/main/College/Coaches/College%20Head%20Coaches/LaVell_Edwards/1972_brigham-young_roster.csv,Ron Tree*,NA,LB,,1972,Brigham Young,LaVell Edwards
https://raw.githubusercontent.com/RKRoberts97/byu_football_tree/refs/heads/main/College/Coaches/College%20Head%20Coaches/LaVell_Edwards/1972_brigham-young_roster.csv,Kahlili Hunt,NA,LB,,1972,Brigham Young,LaVell Edwards
https://raw.githubusercontent.com/RKRoberts97/byu_football_tree/refs/heads/main/College/Coaches/College%20Head%20Coaches/LaVell_Edwards/1972_brigham-young_roster.csv,Mike Preston,NA,LB,,1972,Brigham Young,LaVell Edwards
https://raw.githubusercontent.com/RKRoberts97/byu_football_tree/refs/heads/main/College/Coaches/College%20Head%20Coaches/LaVell_Edwards/1972_brigham-young_roster.csv,Dave Atkinson*,NA,DB,,1972,Brigham Young,LaVell Edwards
https://raw.githubusercontent.com/RKRoberts97/byu_football_tree/refs/heads/main/College/Coaches/College%20Head%20Coaches/LaVell_Edwards/1972_brigham-young_roster.csv,Craig Crompton*,NA,DB,,1972,Brigham Young,LaVell Edwards
https://raw.githubusercontent.com/RKRoberts97/byu_football_tree/refs/heads/main/College/Coaches/College%20Head%20Coaches/LaVell_Edwards/1972_brigham-young_roster.csv,George Gourley*,NA,DB,,1972,Brigham Young,LaVell Edwards
https://raw.githubusercontent.com/RKRoberts97/byu_football_tree/refs/heads/main/College/Coaches/College%20Head%20Coaches/LaVell_Edwards/1972_brigham-young_roster.csv,Dan Hansen*,NA,DB,,1972,Brigham Young,LaVell Edwards
https://raw.githubusercontent.com/RKRoberts97/byu_football_tree/refs/heads/main/College/Coaches/College%20Head%20Coaches/LaVell_Edwards/1972_brigham-young_roster.csv,Bennis Smith,NA,DB,,1972,Brigham Young,LaVell Edwards
https://raw.githubusercontent.com/RKRoberts97/byu_football_tree/refs/heads/main/College/Coaches/College%20Head%20Coaches/LaVell_Edwards/1973_brigham-young_roster.csv,Gary Sheide*,NA,QB,"177 Cmp, 294 Att, 2350 Yds, 22 TD",1973,Brigham Young,LaVell Edwards
https://raw.githubusercontent.com/RKRoberts97/byu_football_tree/refs/heads/main/College/Coaches/College%20Head%20Coaches/LaVell_Edwards/1973_brigham-young_roster.csv,Randy Litchfield,NA,QB,"54 Cmp, 107 Att, 554 Yds, 2 TD",1973,Brigham Young,LaVell Edwards
https://raw.githubusercontent.com/RKRoberts97/byu_football_tree/refs/heads/main/College/Coaches/College%20Head%20Coaches/LaVell_Edwards/1973_brigham-young_roster.csv,Dave Terry,NA,QB,"4 Cmp, 7 Att, 26 Yds, 0 TD",1973,Brigham Young,LaVell Edwards
https://raw.githubusercontent.com/RKRoberts97/byu_football_tree/refs/heads/main/College/Coaches/College%20Head%20Coaches/LaVell_Edwards/1973_brigham-young_roster.csv,Mark Terranova*,NA,RB,"94 Att, 414 Yds, 4.4 Avg",1973,Brigham Young,LaVell Edwards
https://raw.githubusercontent.com/RKRoberts97/byu_football_tree/refs/heads/main/College/Coaches/College%20Head%20Coaches/LaVell_Edwards/1973_brigham-young_roster.csv,Steve Stratton*,NA,RB,"60 Att, 330 Yds, 5.5 Avg",1973,Brigham Young,LaVell Edwards
https://raw.githubusercontent.com/RKRoberts97/byu_football_tree/refs/heads/main/College/Coaches/College%20Head%20Coaches/LaVell_Edwards/1973_brigham-young_roster.csv,Jeff Blanc,NA,RB,"61 Att, 301 Yds, 4.9 Avg",1973,Brigham Young,LaVell Edwards
https://raw.githubusercontent.com/RKRoberts97/byu_football_tree/refs/heads/main/College/Coaches/College%20Head%20Coaches/LaVell_Edwards/1973_brigham-young_roster.csv,Wayne Bower,NA,RB,"28 Att, 90 Yds, 3.2 Avg",1973,Brigham Young,LaVell Edwards
https://raw.githubusercontent.com/RKRoberts97/byu_football_tree/refs/heads/main/College/Coaches/College%20Head%20Coaches/LaVell_Edwards/1973_brigham-young_roster.csv,Charlie Ah You,NA,RB,"43 Att, 186 Yds, 4.3 Avg",1973,Brigham Young,LaVell Edwards
https://raw.githubusercontent.com/RKRoberts97/byu_football_tree/refs/heads/main/College/Coaches/College%20Head%20Coaches/LaVell_Edwards/1973_brigham-young_roster.csv,Gil Gillenwater,NA,RB,"43 Att, 156 Yds, 3.6 Avg",1973,Brigham Young,LaVell Edwards
https://raw.githubusercontent.com/RKRoberts97/byu_football_tree/refs/heads/main/College/Coaches/College%20Head%20Coaches/LaVell_Edwards/1973_brigham-young_roster.csv,Dave Coon,NA,RB,"41 Att, 90 Yds, 2.2 Avg",1973,Brigham Young,LaVell Edwards
https://raw.githubusercontent.com/RKRoberts97/byu_football_tree/refs/heads/main/College/Coaches/College%20Head%20Coaches/LaVell_Edwards/1973_brigham-young_roster.csv,Dan Taylor,NA,RB,"22 Att, 71 Yds, 3.2 Avg",1973,Brigham Young,LaVell Edwards
https://raw.githubusercontent.com/RKRoberts97/byu_football_tree/refs/heads/main/College/Coaches/College%20Head%20Coaches/LaVell_Edwards/1973_brigham-young_roster.csv,Dan Van Valkenburg,NA,RB,"8 Att, 30 Yds, 3.8 Avg",1973,Brigham Young,LaVell Edwards
https://raw.githubusercontent.com/RKRoberts97/byu_football_tree/refs/heads/main/College/Coaches/College%20Head%20Coaches/LaVell_Edwards/1973_brigham-young_roster.csv,Tom Easley,NA,RB,"1 Att, 3 Yds, 3.0 Avg",1973,Brigham Young,LaVell Edwards
https://raw.githubusercontent.com/RKRoberts97/byu_football_tree/refs/heads/main/College/Coaches/College%20Head%20Coaches/LaVell_Edwards/1973_brigham-young_roster.csv,John Betham*,NA,WR,"9 Rec, 229 Yds, 25.4 Avg",1973,Brigham Young,LaVell Edwards
https://raw.githubusercontent.com/RKRoberts97/byu_football_tree/refs/heads/main/College/Coaches/College%20Head%20Coaches/LaVell_Edwards/1973_brigham-young_roster.csv,Jay Miller*,NA,WR,"100 Rec, 1181 Yds, 11.8 Avg",1973,Brigham Young,LaVell Edwards
https://raw.githubusercontent.com/RKRoberts97/byu_football_tree/refs/heads/main/College/Coaches/College%20Head%20Coaches/LaVell_Edwards/1973_brigham-young_roster.csv,Lynn Zwahlen,NA,WR,"25 Rec, 324 Yds, 13.0 Avg",1973,Brigham Young,LaVell Edwards
https://raw.githubusercontent.com/RKRoberts97/byu_football_tree/refs/heads/main/College/Coaches/College%20Head%20Coaches/LaVell_Edwards/1973_brigham-young_roster.csv,Dave Affleck,NA,WR,"1 Rec, 34 Yds, 34.0 Avg",1973,Brigham Young,LaVell Edwards
https://raw.githubusercontent.com/RKRoberts97/byu_football_tree/refs/heads/main/College/Coaches/College%20Head%20Coaches/LaVell_Edwards/1973_brigham-young_roster.csv,Sam Lobue,NA,WR,"1 Rec, 68 Yds, 68.0 Avg",1973,Brigham Young,LaVell Edwards
https://raw.githubusercontent.com/RKRoberts97/byu_football_tree/refs/heads/main/College/Coaches/College%20Head%20Coaches/LaVell_Edwards/1973_brigham-young_roster.csv,Mike Pistorius*,NA,TE,"37 Rec, 457 Yds, 12.4 Avg",1973,Brigham Young,LaVell Edwards
https://raw.githubusercontent.com/RKRoberts97/byu_football_tree/refs/heads/main/College/Coaches/College%20Head%20Coaches/LaVell_Edwards/1973_brigham-young_roster.csv,Tom Toolson,NA,TE,"2 Rec, 38 Yds, 19.0 Avg",1973,Brigham Young,LaVell Edwards
https://raw.githubusercontent.com/RKRoberts97/byu_football_tree/refs/heads/main/College/Coaches/College%20Head%20Coaches/LaVell_Edwards/1973_brigham-young_roster.csv,Joe Bailey*,NA,OL,,1973,Brigham Young,LaVell Edwards
https://raw.githubusercontent.com/RKRoberts97/byu_football_tree/refs/heads/main/College/Coaches/College%20Head%20Coaches/LaVell_Edwards/1973_brigham-young_roster.csv,Dave Brooks*,NA,OL,,1973,Brigham Young,LaVell Edwards
https://raw.githubusercontent.com/RKRoberts97/byu_football_tree/refs/heads/main/College/Coaches/College%20Head%20Coaches/LaVell_Edwards/1973_brigham-young_roster.csv,Craig Denny*,NA,OL,,1973,Brigham Young,LaVell Edwards
https://raw.githubusercontent.com/RKRoberts97/byu_football_tree/refs/heads/main/College/Coaches/College%20Head%20Coaches/LaVell_Edwards/1973_brigham-young_roster.csv,Steve Price*,NA,OL,,1973,Brigham Young,LaVell Edwards
https://raw.githubusercontent.com/RKRoberts97/byu_football_tree/refs/heads/main/College/Coaches/College%20Head%20Coaches/LaVell_Edwards/1973_brigham-young_roster.csv,Lance Reynolds*,NA,OL,,1973,Brigham Young,LaVell Edwards
https://raw.githubusercontent.com/RKRoberts97/byu_football_tree/refs/heads/main/College/Coaches/College%20Head%20Coaches/LaVell_Edwards/1973_brigham-young_roster.csv,Lloyd Fairbanks,NA,OL,,1973,Brigham Young,LaVell Edwards
https://raw.githubusercontent.com/RKRoberts97/byu_football_tree/refs/heads/main/College/Coaches/College%20Head%20Coaches/LaVell_Edwards/1973_brigham-young_roster.csv,Brad Oates,NA,OL,,1973,Brigham Young,LaVell Edwards
https://raw.githubusercontent.com/RKRoberts97/byu_football_tree/refs/heads/main/College/Coaches/College%20Head%20Coaches/LaVell_Edwards/1973_brigham-young_roster.csv,Wayne Baker*,NA,DL,,1973,Brigham Young,LaVell Edwards
https://raw.githubusercontent.com/RKRoberts97/byu_football_tree/refs/heads/main/College/Coaches/College%20Head%20Coaches/LaVell_Edwards/1973_brigham-young_roster.csv,Bob Larsen*,NA,DL,,1973,Brigham Young,LaVell Edwards
https://raw.githubusercontent.com/RKRoberts97/byu_football_tree/refs/heads/main/College/Coaches/College%20Head%20Coaches/LaVell_Edwards/1973_brigham-young_roster.csv,Paul Linford*,NA,DL,,1973,Brigham Young,LaVell Edwards
https://raw.githubusercontent.com/RKRoberts97/byu_football_tree/refs/heads/main/College/Coaches/College%20Head%20Coaches/LaVell_Edwards/1973_brigham-young_roster.csv,Wally Molifua*,NA,DL,,1973,Brigham Young,LaVell Edwards
https://raw.githubusercontent.com/RKRoberts97/byu_football_tree/refs/heads/main/College/Coaches/College%20Head%20Coaches/LaVell_Edwards/1973_brigham-young_roster.csv,Keith Rivera,NA,DL,,1973,Brigham Young,LaVell Edwards
https://raw.githubusercontent.com/RKRoberts97/byu_football_tree/refs/heads/main/College/Coaches/College%20Head%20Coaches/LaVell_Edwards/1973_brigham-young_roster.csv,Stan Varner,NA,DL,,1973,Brigham Young,LaVell Edwards
https://raw.githubusercontent.com/RKRoberts97/byu_football_tree/refs/heads/main/College/Coaches/College%20Head%20Coaches/LaVell_Edwards/1973_brigham-young_roster.csv,Grant Wells,NA,DL,,1973,Brigham Young,LaVell Edwards
https://raw.githubusercontent.com/RKRoberts97/byu_football_tree/refs/heads/main/College/Coaches/College%20Head%20Coaches/LaVell_Edwards/1973_brigham-young_roster.csv,Larry Carr*,NA,LB,,1973,Brigham Young,LaVell Edwards
https://raw.githubusercontent.com/RKRoberts97/byu_football_tree/refs/heads/main/College/Coaches/College%20Head%20Coaches/LaVell_Edwards/1973_brigham-young_roster.csv,Phil Jensen*,NA,LB,,1973,Brigham Young,LaVell Edwards
https://raw.githubusercontent.com/RKRoberts97/byu_football_tree/refs/heads/main/College/Coaches/College%20Head%20Coaches/LaVell_Edwards/1973_brigham-young_roster.csv,Mike Preston*,NA,LB,,1973,Brigham Young,LaVell Edwards
https://raw.githubusercontent.com/RKRoberts97/byu_football_tree/refs/heads/main/College/Coaches/College%20Head%20Coaches/LaVell_Edwards/1973_brigham-young_roster.csv,Doug Adams,NA,LB,,1973,Brigham Young,LaVell Edwards
https://raw.githubusercontent.com/RKRoberts97/byu_football_tree/refs/heads/main/College/Coaches/College%20Head%20Coaches/LaVell_Edwards/1973_brigham-young_roster.csv,Dave Atkinson*,NA,DB,,1973,Brigham Young,LaVell Edwards
https://raw.githubusercontent.com/RKRoberts97/byu_football_tree/refs/heads/main/College/Coaches/College%20Head%20Coaches/LaVell_Edwards/1973_brigham-young_roster.csv,Mike Russell*,NA,DB,,1973,Brigham Young,LaVell Edwards
https://raw.githubusercontent.com/RKRoberts97/byu_football_tree/refs/heads/main/College/Coaches/College%20Head%20Coaches/LaVell_Edwards/1973_brigham-young_roster.csv,Gary Shaw*,NA,DB,,1973,Brigham Young,LaVell Edwards
https://raw.githubusercontent.com/RKRoberts97/byu_football_tree/refs/heads/main/College/Coaches/College%20Head%20Coaches/LaVell_Edwards/1973_brigham-young_roster.csv,Dana Wilgar*,NA,DB,,1973,Brigham Young,LaVell Edwards
https://raw.githubusercontent.com/RKRoberts97/byu_football_tree/refs/heads/main/College/Coaches/College%20Head%20Coaches/LaVell_Edwards/1973_brigham-young_roster.csv,Tom Echohawk,NA,DB,,1973,Brigham Young,LaVell Edwards
https://raw.githubusercontent.com/RKRoberts97/byu_football_tree/refs/heads/main/College/Coaches/College%20Head%20Coaches/LaVell_Edwards/1974_brigham-young_roster.csv,Gary Shiede*,NA,QB,,1974,Brigham Young,LaVell Edwards
https://raw.githubusercontent.com/RKRoberts97/byu_football_tree/refs/heads/main/College/Coaches/College%20Head%20Coaches/LaVell_Edwards/1974_brigham-young_roster.csv,Mark Giles,NA,QB,"10 Cmp, 18 Att, 129 Yds, 2 TD",1974,Brigham Young,LaVell Edwards
https://raw.githubusercontent.com/RKRoberts97/byu_football_tree/refs/heads/main/College/Coaches/College%20Head%20Coaches/LaVell_Edwards/1974_brigham-young_roster.csv,Jeff Blanc*,NA,RB,"199 Att, 784 Yds, 3.9 Avg",1974,Brigham Young,LaVell Edwards
https://raw.githubusercontent.com/RKRoberts97/byu_football_tree/refs/heads/main/College/Coaches/College%20Head%20Coaches/LaVell_Edwards/1974_brigham-young_roster.csv,Tim Mahoney*,NA,RB,"46 Att, 169 Yds, 3.7 Avg",1974,Brigham Young,LaVell Edwards
https://raw.githubusercontent.com/RKRoberts97/byu_football_tree/refs/heads/main/College/Coaches/College%20Head%20Coaches/LaVell_Edwards/1974_brigham-young_roster.csv,Charlie Ah You,NA,RB,"91 Att, 271 Yds, 3.0 Avg",1974,Brigham Young,LaVell Edwards
https://raw.githubusercontent.com/RKRoberts97/byu_football_tree/refs/heads/main/College/Coaches/College%20Head%20Coaches/LaVell_Edwards/1974_brigham-young_roster.csv,Todd Christensen,NA,RB,"41 Att, 150 Yds, 3.7 Avg",1974,Brigham Young,LaVell Edwards
https://raw.githubusercontent.com/RKRoberts97/byu_football_tree/refs/heads/main/College/Coaches/College%20Head%20Coaches/LaVell_Edwards/1974_brigham-young_roster.csv,Dave Lowry,NA,RB,"21 Att, 45 Yds, 2.1 Avg",1974,Brigham Young,LaVell Edwards
https://raw.githubusercontent.com/RKRoberts97/byu_football_tree/refs/heads/main/College/Coaches/College%20Head%20Coaches/LaVell_Edwards/1974_brigham-young_roster.csv,Larry Kemp,NA,RB,"2 Att, 11 Yds, 5.5 Avg",1974,Brigham Young,LaVell Edwards
https://raw.githubusercontent.com/RKRoberts97/byu_football_tree/refs/heads/main/College/Coaches/College%20Head%20Coaches/LaVell_Edwards/1974_brigham-young_roster.csv,Jim Goodenberger,NA,RB,,1974,Brigham Young,LaVell Edwards
https://raw.githubusercontent.com/RKRoberts97/byu_football_tree/refs/heads/main/College/Coaches/College%20Head%20Coaches/LaVell_Edwards/1974_brigham-young_roster.csv,John Betham*,NA,WR,"38 Rec, 569 Yds, 15.0 Avg",1974,Brigham Young,LaVell Edwards
https://raw.githubusercontent.com/RKRoberts97/byu_football_tree/refs/heads/main/College/Coaches/College%20Head%20Coaches/LaVell_Edwards/1974_brigham-young_roster.csv,Jeff Nilsson*,NA,WR,"14 Rec, 243 Yds, 17.4 Avg",1974,Brigham Young,LaVell Edwards
https://raw.githubusercontent.com/RKRoberts97/byu_football_tree/refs/heads/main/College/Coaches/College%20Head%20Coaches/LaVell_Edwards/1974_brigham-young_roster.csv,Sam Lobue,NA,WR,"14 Rec, 220 Yds, 15.7 Avg",1974,Brigham Young,LaVell Edwards
https://raw.githubusercontent.com/RKRoberts97/byu_football_tree/refs/heads/main/College/Coaches/College%20Head%20Coaches/LaVell_Edwards/1974_brigham-young_roster.csv,Tom Digman,NA,WR,,1974,Brigham Young,LaVell Edwards
https://raw.githubusercontent.com/RKRoberts97/byu_football_tree/refs/heads/main/College/Coaches/College%20Head%20Coaches/LaVell_Edwards/1974_brigham-young_roster.csv,Tom Dignan,NA,WR,"2 Rec, 18 Yds, 9.0 Avg",1974,Brigham Young,LaVell Edwards
https://raw.githubusercontent.com/RKRoberts97/byu_football_tree/refs/heads/main/College/Coaches/College%20Head%20Coaches/LaVell_Edwards/1974_brigham-young_roster.csv,Craig VanLeeuwen,NA,WR,"6 Rec, 120 Yds, 20.0 Avg",1974,Brigham Young,LaVell Edwards
https://raw.githubusercontent.com/RKRoberts97/byu_football_tree/refs/heads/main/College/Coaches/College%20Head%20Coaches/LaVell_Edwards/1974_brigham-young_roster.csv,Jay Miller,NA,WR,"2 Rec, 33 Yds, 16.5 Avg",1974,Brigham Young,LaVell Edwards
https://raw.githubusercontent.com/RKRoberts97/byu_football_tree/refs/heads/main/College/Coaches/College%20Head%20Coaches/LaVell_Edwards/1974_brigham-young_roster.csv,Tom Toolson*,NA,TE,"11 Rec, 140 Yds, 12.7 Avg",1974,Brigham Young,LaVell Edwards
https://raw.githubusercontent.com/RKRoberts97/byu_football_tree/refs/heads/main/College/Coaches/College%20Head%20Coaches/LaVell_Edwards/1974_brigham-young_roster.csv,Kirk Tanner,NA,TE,"16 Rec, 103 Yds, 6.4 Avg",1974,Brigham Young,LaVell Edwards
https://raw.githubusercontent.com/RKRoberts97/byu_football_tree/refs/heads/main/College/Coaches/College%20Head%20Coaches/LaVell_Edwards/1974_brigham-young_roster.csv,Brian Billick,NA,TE,"7 Rec, 82 Yds, 11.7 Avg",1974,Brigham Young,LaVell Edwards
https://raw.githubusercontent.com/RKRoberts97/byu_football_tree/refs/heads/main/College/Coaches/College%20Head%20Coaches/LaVell_Edwards/1974_brigham-young_roster.csv,Lloyd Fairbanks*,NA,OL,,1974,Brigham Young,LaVell Edwards
https://raw.githubusercontent.com/RKRoberts97/byu_football_tree/refs/heads/main/College/Coaches/College%20Head%20Coaches/LaVell_Edwards/1974_brigham-young_roster.csv,Dave Meteer*,NA,OL,,1974,Brigham Young,LaVell Edwards
https://raw.githubusercontent.com/RKRoberts97/byu_football_tree/refs/heads/main/College/Coaches/College%20Head%20Coaches/LaVell_Edwards/1974_brigham-young_roster.csv,Brad Oates*,NA,OL,,1974,Brigham Young,LaVell Edwards
https://raw.githubusercontent.com/RKRoberts97/byu_football_tree/refs/heads/main/College/Coaches/College%20Head%20Coaches/LaVell_Edwards/1974_brigham-young_roster.csv,Orrin Olsen*,NA,OL,,1974,Brigham Young,LaVell Edwards
https://raw.githubusercontent.com/RKRoberts97/byu_football_tree/refs/heads/main/College/Coaches/College%20Head%20Coaches/LaVell_Edwards/1974_brigham-young_roster.csv,Dean Paynter*,NA,OL,,1974,Brigham Young,LaVell Edwards
https://raw.githubusercontent.com/RKRoberts97/byu_football_tree/refs/heads/main/College/Coaches/College%20Head%20Coaches/LaVell_Edwards/1974_brigham-young_roster.csv,Dave Hubbard,NA,OL,,1974,Brigham Young,LaVell Edwards
https://raw.githubusercontent.com/RKRoberts97/byu_football_tree/refs/heads/main/College/Coaches/College%20Head%20Coaches/LaVell_Edwards/1974_brigham-young_roster.csv,Wayne Baker*,NA,DL,,1974,Brigham Young,LaVell Edwards
https://raw.githubusercontent.com/RKRoberts97/byu_football_tree/refs/heads/main/College/Coaches/College%20Head%20Coaches/LaVell_Edwards/1974_brigham-young_roster.csv,Paul Linford*,NA,DL,,1974,Brigham Young,LaVell Edwards
https://raw.githubusercontent.com/RKRoberts97/byu_football_tree/refs/heads/main/College/Coaches/College%20Head%20Coaches/LaVell_Edwards/1974_brigham-young_roster.csv,Keith Rivera*,NA,DL,,1974,Brigham Young,LaVell Edwards
https://raw.githubusercontent.com/RKRoberts97/byu_football_tree/refs/heads/main/College/Coaches/College%20Head%20Coaches/LaVell_Edwards/1974_brigham-young_roster.csv,Stan Varner*,NA,DL,,1974,Brigham Young,LaVell Edwards
https://raw.githubusercontent.com/RKRoberts97/byu_football_tree/refs/heads/main/College/Coaches/College%20Head%20Coaches/LaVell_Edwards/1974_brigham-young_roster.csv,Doug Adams*,NA,LB,,1974,Brigham Young,LaVell Edwards
https://raw.githubusercontent.com/RKRoberts97/byu_football_tree/refs/heads/main/College/Coaches/College%20Head%20Coaches/LaVell_Edwards/1974_brigham-young_roster.csv,Larry Carr*,NA,LB,,1974,Brigham Young,LaVell Edwards
https://raw.githubusercontent.com/RKRoberts97/byu_football_tree/refs/heads/main/College/Coaches/College%20Head%20Coaches/LaVell_Edwards/1974_brigham-young_roster.csv,Phil Jensen*,NA,LB,,1974,Brigham Young,LaVell Edwards
https://raw.githubusercontent.com/RKRoberts97/byu_football_tree/refs/heads/main/College/Coaches/College%20Head%20Coaches/LaVell_Edwards/1974_brigham-young_roster.csv,Clark Carlson,NA,LB,,1974,Brigham Young,LaVell Edwards
https://raw.githubusercontent.com/RKRoberts97/byu_football_tree/refs/heads/main/College/Coaches/College%20Head%20Coaches/LaVell_Edwards/1974_brigham-young_roster.csv,Mark McCluskey*,NA,DB,,1974,Brigham Young,LaVell Edwards
https://raw.githubusercontent.com/RKRoberts97/byu_football_tree/refs/heads/main/College/Coaches/College%20Head%20Coaches/LaVell_Edwards/1974_brigham-young_roster.csv,Mike Russell*,NA,DB,,1974,Brigham Young,LaVell Edwards
https://raw.githubusercontent.com/RKRoberts97/byu_football_tree/refs/heads/main/College/Coaches/College%20Head%20Coaches/LaVell_Edwards/1974_brigham-young_roster.csv,Gary Shaw*,NA,DB,,1974,Brigham Young,LaVell Edwards
https://raw.githubusercontent.com/RKRoberts97/byu_football_tree/refs/heads/main/College/Coaches/College%20Head%20Coaches/LaVell_Edwards/1974_brigham-young_roster.csv,Dana Wilgar*,NA,DB,,1974,Brigham Young,LaVell Edwards
https://raw.githubusercontent.com/RKRoberts97/byu_football_tree/refs/heads/main/College/Coaches/College%20Head%20Coaches/LaVell_Edwards/1974_brigham-young_roster.csv,Gary Sheide,NA,,,1974,Brigham Young,LaVell Edwards
https://raw.githubusercontent.com/RKRoberts97/byu_football_tree/refs/heads/main/College/Coaches/College%20Head%20Coaches/LaVell_Edwards/1974_brigham-young_roster.csv,Gary Scheide,NA,,,1974,Brigham Young,LaVell Edwards
https://raw.githubusercontent.com/RKRoberts97/byu_football_tree/refs/heads/main/College/Coaches/College%20Head%20Coaches/LaVell_Edwards/1975_brigham-young_roster.csv,Gifford Nielson*,NA,QB,,1975,Brigham Young,LaVell Edwards
https://raw.githubusercontent.com/RKRoberts97/byu_football_tree/refs/heads/main/College/Coaches/College%20Head%20Coaches/LaVell_Edwards/1975_brigham-young_roster.csv,Mark Giles,NA,QB,"39 Cmp, 75 Att, 396 Yds, 3 TD",1975,Brigham Young,LaVell Edwards
https://raw.githubusercontent.com/RKRoberts97/byu_football_tree/refs/heads/main/College/Coaches/College%20Head%20Coaches/LaVell_Edwards/1975_brigham-young_roster.csv,Gifford Nielsen,NA,QB,"110 Cmp, 180 Att, 1471 Yds, 10 TD",1975,Brigham Young,LaVell Edwards
https://raw.githubusercontent.com/RKRoberts97/byu_football_tree/refs/heads/main/College/Coaches/College%20Head%20Coaches/LaVell_Edwards/1975_brigham-young_roster.csv,Jeff Duva,NA,QB,"6 Cmp, 25 Att, 84 Yds, 0 TD",1975,Brigham Young,LaVell Edwards
https://raw.githubusercontent.com/RKRoberts97/byu_football_tree/refs/heads/main/College/Coaches/College%20Head%20Coaches/LaVell_Edwards/1975_brigham-young_roster.csv,Danny Hartwig,NA,QB,"1 Cmp, 1 Att, 3 Yds, 0 TD",1975,Brigham Young,LaVell Edwards
https://raw.githubusercontent.com/RKRoberts97/byu_football_tree/refs/heads/main/College/Coaches/College%20Head%20Coaches/LaVell_Edwards/1975_brigham-young_roster.csv,Jeff Blanc*,NA,RB,"216 Att, 984 Yds, 4.6 Avg",1975,Brigham Young,LaVell Edwards
https://raw.githubusercontent.com/RKRoberts97/byu_football_tree/refs/heads/main/College/Coaches/College%20Head%20Coaches/LaVell_Edwards/1975_brigham-young_roster.csv,Todd Christensen*,NA,RB,"59 Att, 273 Yds, 4.6 Avg",1975,Brigham Young,LaVell Edwards
https://raw.githubusercontent.com/RKRoberts97/byu_football_tree/refs/heads/main/College/Coaches/College%20Head%20Coaches/LaVell_Edwards/1975_brigham-young_roster.csv,Charlie Ah You,NA,RB,"79 Att, 309 Yds, 3.9 Avg",1975,Brigham Young,LaVell Edwards
https://raw.githubusercontent.com/RKRoberts97/byu_football_tree/refs/heads/main/College/Coaches/College%20Head%20Coaches/LaVell_Edwards/1975_brigham-young_roster.csv,Roger Gourley,NA,RB,"34 Att, 115 Yds, 3.4 Avg",1975,Brigham Young,LaVell Edwards
https://raw.githubusercontent.com/RKRoberts97/byu_football_tree/refs/heads/main/College/Coaches/College%20Head%20Coaches/LaVell_Edwards/1975_brigham-young_roster.csv,Dave Lowry,NA,RB,"41 Att, 199 Yds, 4.9 Avg",1975,Brigham Young,LaVell Edwards
https://raw.githubusercontent.com/RKRoberts97/byu_football_tree/refs/heads/main/College/Coaches/College%20Head%20Coaches/LaVell_Edwards/1975_brigham-young_roster.csv,Pisa Finai,NA,RB,"8 Att, 32 Yds, 4.0 Avg",1975,Brigham Young,LaVell Edwards
https://raw.githubusercontent.com/RKRoberts97/byu_football_tree/refs/heads/main/College/Coaches/College%20Head%20Coaches/LaVell_Edwards/1975_brigham-young_roster.csv,Clay Blackwell,NA,RB,"5 Att, 13 Yds, 2.6 Avg",1975,Brigham Young,LaVell Edwards
https://raw.githubusercontent.com/RKRoberts97/byu_football_tree/refs/heads/main/College/Coaches/College%20Head%20Coaches/LaVell_Edwards/1975_brigham-young_roster.csv,John Van Der Wouden*,NA,WR,"29 Rec, 621 Yds, 21.4 Avg",1975,Brigham Young,LaVell Edwards
https://raw.githubusercontent.com/RKRoberts97/byu_football_tree/refs/heads/main/College/Coaches/College%20Head%20Coaches/LaVell_Edwards/1975_brigham-young_roster.csv,Jeff Nilsson*,NA,WR,"18 Rec, 236 Yds, 13.1 Avg",1975,Brigham Young,LaVell Edwards
https://raw.githubusercontent.com/RKRoberts97/byu_football_tree/refs/heads/main/College/Coaches/College%20Head%20Coaches/LaVell_Edwards/1975_brigham-young_roster.csv,Tom Dignan,NA,WR,"13 Rec, 135 Yds, 10.4 Avg",1975,Brigham Young,LaVell Edwards
https://raw.githubusercontent.com/RKRoberts97/byu_football_tree/refs/heads/main/College/Coaches/College%20Head%20Coaches/LaVell_Edwards/1975_brigham-young_roster.csv,George Harris,NA,WR,"1 Rec, 11 Yds, 11.0 Avg",1975,Brigham Young,LaVell Edwards
https://raw.githubusercontent.com/RKRoberts97/byu_football_tree/refs/heads/main/College/Coaches/College%20Head%20Coaches/LaVell_Edwards/1975_brigham-young_roster.csv,Bob Biddy,NA,WR,"2 Rec, 20 Yds, 10.0 Avg",1975,Brigham Young,LaVell Edwards
https://raw.githubusercontent.com/RKRoberts97/byu_football_tree/refs/heads/main/College/Coaches/College%20Head%20Coaches/LaVell_Edwards/1975_brigham-young_roster.csv,Brian Billick*,NA,TE,"19 Rec, 207 Yds, 10.9 Avg",1975,Brigham Young,LaVell Edwards
https://raw.githubusercontent.com/RKRoberts97/byu_football_tree/refs/heads/main/College/Coaches/College%20Head%20Coaches/LaVell_Edwards/1975_brigham-young_roster.csv,Bill Allen,NA,TE,"3 Rec, 30 Yds, 10.0 Avg",1975,Brigham Young,LaVell Edwards
https://raw.githubusercontent.com/RKRoberts97/byu_football_tree/refs/heads/main/College/Coaches/College%20Head%20Coaches/LaVell_Edwards/1975_brigham-young_roster.csv,Mike House,NA,TE,"3 Rec, 38 Yds, 12.7 Avg",1975,Brigham Young,LaVell Edwards
https://raw.githubusercontent.com/RKRoberts97/byu_football_tree/refs/heads/main/College/Coaches/College%20Head%20Coaches/LaVell_Edwards/1975_brigham-young_roster.csv,Kirk Tanner,NA,TE,"3 Rec, 36 Yds, 12.0 Avg",1975,Brigham Young,LaVell Edwards
https://raw.githubusercontent.com/RKRoberts97/byu_football_tree/refs/heads/main/College/Coaches/College%20Head%20Coaches/LaVell_Edwards/1975_brigham-young_roster.csv,Brad Oates*,NA,OL,,1975,Brigham Young,LaVell Edwards
https://raw.githubusercontent.com/RKRoberts97/byu_football_tree/refs/heads/main/College/Coaches/College%20Head%20Coaches/LaVell_Edwards/1975_brigham-young_roster.csv,Tom Bell*,NA,OL,,1975,Brigham Young,LaVell Edwards
https://raw.githubusercontent.com/RKRoberts97/byu_football_tree/refs/heads/main/College/Coaches/College%20Head%20Coaches/LaVell_Edwards/1975_brigham-young_roster.csv,Dave Hubbard*,NA,OL,,1975,Brigham Young,LaVell Edwards
https://raw.githubusercontent.com/RKRoberts97/byu_football_tree/refs/heads/main/College/Coaches/College%20Head%20Coaches/LaVell_Edwards/1975_brigham-young_roster.csv,Steve Miller*,NA,OL,,1975,Brigham Young,LaVell Edwards
https://raw.githubusercontent.com/RKRoberts97/byu_football_tree/refs/heads/main/College/Coaches/College%20Head%20Coaches/LaVell_Edwards/1975_brigham-young_roster.csv,Orrin Olsen*,NA,OL,,1975,Brigham Young,LaVell Edwards
https://raw.githubusercontent.com/RKRoberts97/byu_football_tree/refs/heads/main/College/Coaches/College%20Head%20Coaches/LaVell_Edwards/1975_brigham-young_roster.csv,Dave Meteer,NA,OL,,1975,Brigham Young,LaVell Edwards
https://raw.githubusercontent.com/RKRoberts97/byu_football_tree/refs/heads/main/College/Coaches/College%20Head%20Coaches/LaVell_Edwards/1975_brigham-young_roster.csv,Keith Uperesa,NA,OL,,1975,Brigham Young,LaVell Edwards
https://raw.githubusercontent.com/RKRoberts97/byu_football_tree/refs/heads/main/College/Coaches/College%20Head%20Coaches/LaVell_Edwards/1975_brigham-young_roster.csv,Mekeli Ieremia*,NA,DL,,1975,Brigham Young,LaVell Edwards
https://raw.githubusercontent.com/RKRoberts97/byu_football_tree/refs/heads/main/College/Coaches/College%20Head%20Coaches/LaVell_Edwards/1975_brigham-young_roster.csv,Marcus Kanahele*,NA,DL,,1975,Brigham Young,LaVell Edwards
https://raw.githubusercontent.com/RKRoberts97/byu_football_tree/refs/heads/main/College/Coaches/College%20Head%20Coaches/LaVell_Edwards/1975_brigham-young_roster.csv,Bill Rice*,NA,DL,,1975,Brigham Young,LaVell Edwards
https://raw.githubusercontent.com/RKRoberts97/byu_football_tree/refs/heads/main/College/Coaches/College%20Head%20Coaches/LaVell_Edwards/1975_brigham-young_roster.csv,Stan Varner*,NA,DL,,1975,Brigham Young,LaVell Edwards
https://raw.githubusercontent.com/RKRoberts97/byu_football_tree/refs/heads/main/College/Coaches/College%20Head%20Coaches/LaVell_Edwards/1975_brigham-young_roster.csv,Phil Jensen*,NA,LB,,1975,Brigham Young,LaVell Edwards
https://raw.githubusercontent.com/RKRoberts97/byu_football_tree/refs/heads/main/College/Coaches/College%20Head%20Coaches/LaVell_Edwards/1975_brigham-young_roster.csv,Blake Murdock*,NA,LB,,1975,Brigham Young,LaVell Edwards
https://raw.githubusercontent.com/RKRoberts97/byu_football_tree/refs/heads/main/College/Coaches/College%20Head%20Coaches/LaVell_Edwards/1975_brigham-young_roster.csv,Sid Smith*,NA,LB,,1975,Brigham Young,LaVell Edwards
https://raw.githubusercontent.com/RKRoberts97/byu_football_tree/refs/heads/main/College/Coaches/College%20Head%20Coaches/LaVell_Edwards/1975_brigham-young_roster.csv,Tim Halvorson*,NA,DB,,1975,Brigham Young,LaVell Edwards
https://raw.githubusercontent.com/RKRoberts97/byu_football_tree/refs/heads/main/College/Coaches/College%20Head%20Coaches/LaVell_Edwards/1975_brigham-young_roster.csv,Craig Jensen*,NA,DB,,1975,Brigham Young,LaVell Edwards
https://raw.githubusercontent.com/RKRoberts97/byu_football_tree/refs/heads/main/College/Coaches/College%20Head%20Coaches/LaVell_Edwards/1975_brigham-young_roster.csv,Gary Shaw*,NA,DB,,1975,Brigham Young,LaVell Edwards
https://raw.githubusercontent.com/RKRoberts97/byu_football_tree/refs/heads/main/College/Coaches/College%20Head%20Coaches/LaVell_Edwards/1975_brigham-young_roster.csv,Dana Wilgar*,NA,DB,,1975,Brigham Young,LaVell Edwards
https://raw.githubusercontent.com/RKRoberts97/byu_football_tree/refs/heads/main/College/Coaches/College%20Head%20Coaches/LaVell_Edwards/1975_brigham-young_roster.csv,Mark McCluskey,NA,DB,,1975,Brigham Young,LaVell Edwards
https://raw.githubusercontent.com/RKRoberts97/byu_football_tree/refs/heads/main/College/Coaches/College%20Head%20Coaches/LaVell_Edwards/1976_brigham-young_roster.csv,Gifford Nielsen*,NA,QB,"230 Cmp, 406 Att, 3401 Yds, 30 TD",1976,Brigham Young,LaVell Edwards
https://raw.githubusercontent.com/RKRoberts97/byu_football_tree/refs/heads/main/College/Coaches/College%20Head%20Coaches/LaVell_Edwards/1976_brigham-young_roster.csv,Terry McEwen,NA,QB,"16 Cmp, 31 Att, 194 Yds, 2 TD",1976,Brigham Young,LaVell Edwards
https://raw.githubusercontent.com/RKRoberts97/byu_football_tree/refs/heads/main/College/Coaches/College%20Head%20Coaches/LaVell_Edwards/1976_brigham-young_roster.csv,Jeff Blanc*,NA,RB,"149 Att, 594 Yds, 4.0 Avg",1976,Brigham Young,LaVell Edwards
https://raw.githubusercontent.com/RKRoberts97/byu_football_tree/refs/heads/main/College/Coaches/College%20Head%20Coaches/LaVell_Edwards/1976_brigham-young_roster.csv,Todd Christensen*,NA,RB,"91 Att, 353 Yds, 3.9 Avg",1976,Brigham Young,LaVell Edwards
https://raw.githubusercontent.com/RKRoberts97/byu_football_tree/refs/heads/main/College/Coaches/College%20Head%20Coaches/LaVell_Edwards/1976_brigham-young_roster.csv,Dave Lowry,NA,RB,"75 Att, 308 Yds, 4.1 Avg",1976,Brigham Young,LaVell Edwards
https://raw.githubusercontent.com/RKRoberts97/byu_football_tree/refs/heads/main/College/Coaches/College%20Head%20Coaches/LaVell_Edwards/1976_brigham-young_roster.csv,Roger Gourley,NA,RB,"36 Att, 172 Yds, 4.8 Avg",1976,Brigham Young,LaVell Edwards
https://raw.githubusercontent.com/RKRoberts97/byu_football_tree/refs/heads/main/College/Coaches/College%20Head%20Coaches/LaVell_Edwards/1976_brigham-young_roster.csv,Roy Ward,NA,RB,"17 Att, 69 Yds, 4.1 Avg",1976,Brigham Young,LaVell Edwards
https://raw.githubusercontent.com/RKRoberts97/byu_football_tree/refs/heads/main/College/Coaches/College%20Head%20Coaches/LaVell_Edwards/1976_brigham-young_roster.csv,John Van Der Wouden*,NA,WR,"42 Rec, 669 Yds, 15.9 Avg",1976,Brigham Young,LaVell Edwards
https://raw.githubusercontent.com/RKRoberts97/byu_football_tree/refs/heads/main/College/Coaches/College%20Head%20Coaches/LaVell_Edwards/1976_brigham-young_roster.csv,Mike Chronister*,NA,WR,"31 Rec, 706 Yds, 22.8 Avg",1976,Brigham Young,LaVell Edwards
https://raw.githubusercontent.com/RKRoberts97/byu_football_tree/refs/heads/main/College/Coaches/College%20Head%20Coaches/LaVell_Edwards/1976_brigham-young_roster.csv,Jeff Nilsson,NA,WR,"7 Rec, 94 Yds, 13.4 Avg",1976,Brigham Young,LaVell Edwards
https://raw.githubusercontent.com/RKRoberts97/byu_football_tree/refs/heads/main/College/Coaches/College%20Head%20Coaches/LaVell_Edwards/1976_brigham-young_roster.csv,George Harris,NA,WR,"12 Rec, 327 Yds, 27.3 Avg",1976,Brigham Young,LaVell Edwards
https://raw.githubusercontent.com/RKRoberts97/byu_football_tree/refs/heads/main/College/Coaches/College%20Head%20Coaches/LaVell_Edwards/1976_brigham-young_roster.csv,Brian Billick*,NA,TE,"6 Rec, 70 Yds, 11.7 Avg",1976,Brigham Young,LaVell Edwards
https://raw.githubusercontent.com/RKRoberts97/byu_football_tree/refs/heads/main/College/Coaches/College%20Head%20Coaches/LaVell_Edwards/1976_brigham-young_roster.csv,Tod Thompson,NA,TE,"16 Rec, 290 Yds, 18.1 Avg",1976,Brigham Young,LaVell Edwards
https://raw.githubusercontent.com/RKRoberts97/byu_football_tree/refs/heads/main/College/Coaches/College%20Head%20Coaches/LaVell_Edwards/1976_brigham-young_roster.csv,Chuck Carlson*,NA,OL,,1976,Brigham Young,LaVell Edwards
https://raw.githubusercontent.com/RKRoberts97/byu_football_tree/refs/heads/main/College/Coaches/College%20Head%20Coaches/LaVell_Edwards/1976_brigham-young_roster.csv,Dave Hubbard*,NA,OL,,1976,Brigham Young,LaVell Edwards
https://raw.githubusercontent.com/RKRoberts97/byu_football_tree/refs/heads/main/College/Coaches/College%20Head%20Coaches/LaVell_Edwards/1976_brigham-young_roster.csv,Steve Miller*,NA,OL,,1976,Brigham Young,LaVell Edwards
https://raw.githubusercontent.com/RKRoberts97/byu_football_tree/refs/heads/main/College/Coaches/College%20Head%20Coaches/LaVell_Edwards/1976_brigham-young_roster.csv,Lance Reynolds*,NA,OL,,1976,Brigham Young,LaVell Edwards
https://raw.githubusercontent.com/RKRoberts97/byu_football_tree/refs/heads/main/College/Coaches/College%20Head%20Coaches/LaVell_Edwards/1976_brigham-young_roster.csv,Keith Uperesa*,NA,OL,,1976,Brigham Young,LaVell Edwards
https://raw.githubusercontent.com/RKRoberts97/byu_football_tree/refs/heads/main/College/Coaches/College%20Head%20Coaches/LaVell_Edwards/1976_brigham-young_roster.csv,John Dowell,NA,OL,,1976,Brigham Young,LaVell Edwards
https://raw.githubusercontent.com/RKRoberts97/byu_football_tree/refs/heads/main/College/Coaches/College%20Head%20Coaches/LaVell_Edwards/1976_brigham-young_roster.csv,Dave Meteer,NA,OL,,1976,Brigham Young,LaVell Edwards
https://raw.githubusercontent.com/RKRoberts97/byu_football_tree/refs/heads/main/College/Coaches/College%20Head%20Coaches/LaVell_Edwards/1976_brigham-young_roster.csv,Dave Taylor,NA,K,,1976,Brigham Young,LaVell Edwards
https://raw.githubusercontent.com/RKRoberts97/byu_football_tree/refs/heads/main/College/Coaches/College%20Head%20Coaches/LaVell_Edwards/1976_brigham-young_roster.csv,Steve Dewey*,NA,DL,,1976,Brigham Young,LaVell Edwards
https://raw.githubusercontent.com/RKRoberts97/byu_football_tree/refs/heads/main/College/Coaches/College%20Head%20Coaches/LaVell_Edwards/1976_brigham-young_roster.csv,Mekeli Ieremia*,NA,DL,,1976,Brigham Young,LaVell Edwards
https://raw.githubusercontent.com/RKRoberts97/byu_football_tree/refs/heads/main/College/Coaches/College%20Head%20Coaches/LaVell_Edwards/1976_brigham-young_roster.csv,Marcus Kanahele*,NA,DL,,1976,Brigham Young,LaVell Edwards
https://raw.githubusercontent.com/RKRoberts97/byu_football_tree/refs/heads/main/College/Coaches/College%20Head%20Coaches/LaVell_Edwards/1976_brigham-young_roster.csv,Bill Rice*,NA,DL,,1976,Brigham Young,LaVell Edwards
https://raw.githubusercontent.com/RKRoberts97/byu_football_tree/refs/heads/main/College/Coaches/College%20Head%20Coaches/LaVell_Edwards/1976_brigham-young_roster.csv,Ross Varner,NA,DL,,1976,Brigham Young,LaVell Edwards
https://raw.githubusercontent.com/RKRoberts97/byu_football_tree/refs/heads/main/College/Coaches/College%20Head%20Coaches/LaVell_Edwards/1976_brigham-young_roster.csv,Larry Miller*,NA,LB,,1976,Brigham Young,LaVell Edwards
https://raw.githubusercontent.com/RKRoberts97/byu_football_tree/refs/heads/main/College/Coaches/College%20Head%20Coaches/LaVell_Edwards/1976_brigham-young_roster.csv,Blake Murdock*,NA,LB,,1976,Brigham Young,LaVell Edwards
https://raw.githubusercontent.com/RKRoberts97/byu_football_tree/refs/heads/main/College/Coaches/College%20Head%20Coaches/LaVell_Edwards/1976_brigham-young_roster.csv,Rod Wood*,NA,LB,,1976,Brigham Young,LaVell Edwards
https://raw.githubusercontent.com/RKRoberts97/byu_football_tree/refs/heads/main/College/Coaches/College%20Head%20Coaches/LaVell_Edwards/1976_brigham-young_roster.csv,Mark Berntsen,NA,LB,,1976,Brigham Young,LaVell Edwards
https://raw.githubusercontent.com/RKRoberts97/byu_football_tree/refs/heads/main/College/Coaches/College%20Head%20Coaches/LaVell_Edwards/1976_brigham-young_roster.csv,Tony Hernandez*,NA,DB,,1976,Brigham Young,LaVell Edwards
https://raw.githubusercontent.com/RKRoberts97/byu_football_tree/refs/heads/main/College/Coaches/College%20Head%20Coaches/LaVell_Edwards/1976_brigham-young_roster.csv,Craig Jensen*,NA,DB,,1976,Brigham Young,LaVell Edwards
https://raw.githubusercontent.com/RKRoberts97/byu_football_tree/refs/heads/main/College/Coaches/College%20Head%20Coaches/LaVell_Edwards/1976_brigham-young_roster.csv,Marc Swenson*,NA,DB,,1976,Brigham Young,LaVell Edwards
https://raw.githubusercontent.com/RKRoberts97/byu_football_tree/refs/heads/main/College/Coaches/College%20Head%20Coaches/LaVell_Edwards/1976_brigham-young_roster.csv,Dana Wilgar*,NA,DB,,1976,Brigham Young,LaVell Edwards
https://raw.githubusercontent.com/RKRoberts97/byu_football_tree/refs/heads/main/College/Coaches/College%20Head%20Coaches/LaVell_Edwards/1976_brigham-young_roster.csv,Bob Biddy,NA,DB,,1976,Brigham Young,LaVell Edwards
https://raw.githubusercontent.com/RKRoberts97/byu_football_tree/refs/heads/main/College/Coaches/College%20Head%20Coaches/LaVell_Edwards/1976_brigham-young_roster.csv,Jason Coloma,NA,DB,,1976,Brigham Young,LaVell Edwards
https://raw.githubusercontent.com/RKRoberts97/byu_football_tree/refs/heads/main/College/Coaches/College%20Head%20Coaches/LaVell_Edwards/1977_brigham-young_roster.csv,Marc Wilson*,NA,QB,"164 Cmp, 277 Att, 2418 Yds, 24 TD",1977,Brigham Young,LaVell Edwards
https://raw.githubusercontent.com/RKRoberts97/byu_football_tree/refs/heads/main/College/Coaches/College%20Head%20Coaches/LaVell_Edwards/1977_brigham-young_roster.csv,Gifford Nielsen,NA,QB,"98 Cmp, 156 Att, 1167 Yds, 16 TD",1977,Brigham Young,LaVell Edwards
https://raw.githubusercontent.com/RKRoberts97/byu_football_tree/refs/heads/main/College/Coaches/College%20Head%20Coaches/LaVell_Edwards/1977_brigham-young_roster.csv,Terry McEwen,NA,QB,"3 Cmp, 3 Att, 32 Yds, 0 TD",1977,Brigham Young,LaVell Edwards
https://raw.githubusercontent.com/RKRoberts97/byu_football_tree/refs/heads/main/College/Coaches/College%20Head%20Coaches/LaVell_Edwards/1977_brigham-young_roster.csv,Danny Hartwig,NA,QB,"1 Cmp, 2 Att, 9 Yds, 0 TD",1977,Brigham Young,LaVell Edwards
https://raw.githubusercontent.com/RKRoberts97/byu_football_tree/refs/heads/main/College/Coaches/College%20Head%20Coaches/LaVell_Edwards/1977_brigham-young_roster.csv,Scott Phillips*,NA,RB,"47 Att, 325 Yds, 6.9 Avg",1977,Brigham Young,LaVell Edwards
https://raw.githubusercontent.com/RKRoberts97/byu_football_tree/refs/heads/main/College/Coaches/College%20Head%20Coaches/LaVell_Edwards/1977_brigham-young_roster.csv,Todd Christensen*,NA,RB,"79 Att, 290 Yds, 3.7 Avg",1977,Brigham Young,LaVell Edwards
https://raw.githubusercontent.com/RKRoberts97/byu_football_tree/refs/heads/main/College/Coaches/College%20Head%20Coaches/LaVell_Edwards/1977_brigham-young_roster.csv,Roger Gourley,NA,RB,"76 Att, 294 Yds, 3.9 Avg",1977,Brigham Young,LaVell Edwards
https://raw.githubusercontent.com/RKRoberts97/byu_football_tree/refs/heads/main/College/Coaches/College%20Head%20Coaches/LaVell_Edwards/1977_brigham-young_roster.csv,Bill Ring,NA,RB,"58 Att, 262 Yds, 4.5 Avg",1977,Brigham Young,LaVell Edwards
https://raw.githubusercontent.com/RKRoberts97/byu_football_tree/refs/heads/main/College/Coaches/College%20Head%20Coaches/LaVell_Edwards/1977_brigham-young_roster.csv,Casey Wingard,NA,RB,"33 Att, 192 Yds, 5.8 Avg",1977,Brigham Young,LaVell Edwards
https://raw.githubusercontent.com/RKRoberts97/byu_football_tree/refs/heads/main/College/Coaches/College%20Head%20Coaches/LaVell_Edwards/1977_brigham-young_roster.csv,Scott Reber,NA,RB,"6 Att, 25 Yds, 4.2 Avg",1977,Brigham Young,LaVell Edwards
https://raw.githubusercontent.com/RKRoberts97/byu_football_tree/refs/heads/main/College/Coaches/College%20Head%20Coaches/LaVell_Edwards/1977_brigham-young_roster.csv,John Van Der Wouden*,NA,WR,"43 Rec, 661 Yds, 15.4 Avg",1977,Brigham Young,LaVell Edwards
https://raw.githubusercontent.com/RKRoberts97/byu_football_tree/refs/heads/main/College/Coaches/College%20Head%20Coaches/LaVell_Edwards/1977_brigham-young_roster.csv,Mike Chronister*,NA,WR,"38 Rec, 649 Yds, 17.1 Avg",1977,Brigham Young,LaVell Edwards
https://raw.githubusercontent.com/RKRoberts97/byu_football_tree/refs/heads/main/College/Coaches/College%20Head%20Coaches/LaVell_Edwards/1977_brigham-young_roster.csv,George Harris,NA,WR,"23 Rec, 313 Yds, 13.6 Avg",1977,Brigham Young,LaVell Edwards
https://raw.githubusercontent.com/RKRoberts97/byu_football_tree/refs/heads/main/College/Coaches/College%20Head%20Coaches/LaVell_Edwards/1977_brigham-young_roster.csv,Rick Jones,NA,WR,"7 Rec, 69 Yds, 9.9 Avg",1977,Brigham Young,LaVell Edwards
https://raw.githubusercontent.com/RKRoberts97/byu_football_tree/refs/heads/main/College/Coaches/College%20Head%20Coaches/LaVell_Edwards/1977_brigham-young_roster.csv,Stan Younger,NA,WR,"6 Rec, 74 Yds, 12.3 Avg",1977,Brigham Young,LaVell Edwards
https://raw.githubusercontent.com/RKRoberts97/byu_football_tree/refs/heads/main/College/Coaches/College%20Head%20Coaches/LaVell_Edwards/1977_brigham-young_roster.csv,Lynn Zwahlen,NA,WR,"5 Rec, 32 Yds, 6.4 Avg",1977,Brigham Young,LaVell Edwards
https://raw.githubusercontent.com/RKRoberts97/byu_football_tree/refs/heads/main/College/Coaches/College%20Head%20Coaches/LaVell_Edwards/1977_brigham-young_roster.csv,Tod Thompson*,NA,TE,"37 Rec, 602 Yds, 16.3 Avg",1977,Brigham Young,LaVell Edwards
https://raw.githubusercontent.com/RKRoberts97/byu_football_tree/refs/heads/main/College/Coaches/College%20Head%20Coaches/LaVell_Edwards/1977_brigham-young_roster.csv,Rob Anderson,NA,TE,"2 Rec, 16 Yds, 8.0 Avg",1977,Brigham Young,LaVell Edwards
https://raw.githubusercontent.com/RKRoberts97/byu_football_tree/refs/heads/main/College/Coaches/College%20Head%20Coaches/LaVell_Edwards/1977_brigham-young_roster.csv,Calvin Close*,NA,OL,,1977,Brigham Young,LaVell Edwards
https://raw.githubusercontent.com/RKRoberts97/byu_football_tree/refs/heads/main/College/Coaches/College%20Head%20Coaches/LaVell_Edwards/1977_brigham-young_roster.csv,Tom Miller*,NA,OL,,1977,Brigham Young,LaVell Edwards
https://raw.githubusercontent.com/RKRoberts97/byu_football_tree/refs/heads/main/College/Coaches/College%20Head%20Coaches/LaVell_Edwards/1977_brigham-young_roster.csv,Lance Reynolds*,NA,OL,,1977,Brigham Young,LaVell Edwards
https://raw.githubusercontent.com/RKRoberts97/byu_football_tree/refs/heads/main/College/Coaches/College%20Head%20Coaches/LaVell_Edwards/1977_brigham-young_roster.csv,Keith Uperesa*,NA,OL,,1977,Brigham Young,LaVell Edwards
https://raw.githubusercontent.com/RKRoberts97/byu_football_tree/refs/heads/main/College/Coaches/College%20Head%20Coaches/LaVell_Edwards/1977_brigham-young_roster.csv,Danny Hansen,NA,OL,,1977,Brigham Young,LaVell Edwards
https://raw.githubusercontent.com/RKRoberts97/byu_football_tree/refs/heads/main/College/Coaches/College%20Head%20Coaches/LaVell_Edwards/1977_brigham-young_roster.csv,Scott Nielson,NA,OL,,1977,Brigham Young,LaVell Edwards
https://raw.githubusercontent.com/RKRoberts97/byu_football_tree/refs/heads/main/College/Coaches/College%20Head%20Coaches/LaVell_Edwards/1977_brigham-young_roster.csv,Dev Duke,NA,K,,1977,Brigham Young,LaVell Edwards
https://raw.githubusercontent.com/RKRoberts97/byu_football_tree/refs/heads/main/College/Coaches/College%20Head%20Coaches/LaVell_Edwards/1977_brigham-young_roster.csv,Mekeli Ierema*,NA,DL,,1977,Brigham Young,LaVell Edwards
https://raw.githubusercontent.com/RKRoberts97/byu_football_tree/refs/heads/main/College/Coaches/College%20Head%20Coaches/LaVell_Edwards/1977_brigham-young_roster.csv,Mat Mendenhall*,NA,DL,,1977,Brigham Young,LaVell Edwards
https://raw.githubusercontent.com/RKRoberts97/byu_football_tree/refs/heads/main/College/Coaches/College%20Head%20Coaches/LaVell_Edwards/1977_brigham-young_roster.csv,Gary Peterson*,NA,DL,,1977,Brigham Young,LaVell Edwards
https://raw.githubusercontent.com/RKRoberts97/byu_football_tree/refs/heads/main/College/Coaches/College%20Head%20Coaches/LaVell_Edwards/1977_brigham-young_roster.csv,Ross Varner*,NA,DL,,1977,Brigham Young,LaVell Edwards
https://raw.githubusercontent.com/RKRoberts97/byu_football_tree/refs/heads/main/College/Coaches/College%20Head%20Coaches/LaVell_Edwards/1977_brigham-young_roster.csv,Mark Bernsten*,NA,LB,,1977,Brigham Young,LaVell Edwards
https://raw.githubusercontent.com/RKRoberts97/byu_football_tree/refs/heads/main/College/Coaches/College%20Head%20Coaches/LaVell_Edwards/1977_brigham-young_roster.csv,Larry Miller*,NA,LB,,1977,Brigham Young,LaVell Edwards
https://raw.githubusercontent.com/RKRoberts97/byu_football_tree/refs/heads/main/College/Coaches/College%20Head%20Coaches/LaVell_Edwards/1977_brigham-young_roster.csv,Rod Wood*,NA,LB,,1977,Brigham Young,LaVell Edwards
https://raw.githubusercontent.com/RKRoberts97/byu_football_tree/refs/heads/main/College/Coaches/College%20Head%20Coaches/LaVell_Edwards/1977_brigham-young_roster.csv,Jason Coloma*,NA,DB,,1977,Brigham Young,LaVell Edwards
https://raw.githubusercontent.com/RKRoberts97/byu_football_tree/refs/heads/main/College/Coaches/College%20Head%20Coaches/LaVell_Edwards/1977_brigham-young_roster.csv,Tony Hernandez*,NA,DB,,1977,Brigham Young,LaVell Edwards
https://raw.githubusercontent.com/RKRoberts97/byu_football_tree/refs/heads/main/College/Coaches/College%20Head%20Coaches/LaVell_Edwards/1977_brigham-young_roster.csv,Bob Prested*,NA,DB,,1977,Brigham Young,LaVell Edwards
https://raw.githubusercontent.com/RKRoberts97/byu_football_tree/refs/heads/main/College/Coaches/College%20Head%20Coaches/LaVell_Edwards/1977_brigham-young_roster.csv,Ron Velasco*,NA,DB,,1977,Brigham Young,LaVell Edwards
https://raw.githubusercontent.com/RKRoberts97/byu_football_tree/refs/heads/main/College/Coaches/College%20Head%20Coaches/LaVell_Edwards/1977_brigham-young_roster.csv,Marc Swensen,NA,DB,,1977,Brigham Young,LaVell Edwards
https://raw.githubusercontent.com/RKRoberts97/byu_football_tree/refs/heads/main/College/Coaches/College%20Head%20Coaches/LaVell_Edwards/1977_brigham-young_roster.csv,Dave McKee,NA,DB,,1977,Brigham Young,LaVell Edwards
https://raw.githubusercontent.com/RKRoberts97/byu_football_tree/refs/heads/main/College/Coaches/College%20Head%20Coaches/LaVell_Edwards/1977_brigham-young_roster.csv,John Neal,NA,DB,,1977,Brigham Young,LaVell Edwards
https://raw.githubusercontent.com/RKRoberts97/byu_football_tree/refs/heads/main/College/Coaches/College%20Head%20Coaches/LaVell_Edwards/1977_brigham-young_roster.csv,Marc Swenson,NA,DB,,1977,Brigham Young,LaVell Edwards
https://raw.githubusercontent.com/RKRoberts97/byu_football_tree/refs/heads/main/College/Coaches/College%20Head%20Coaches/LaVell_Edwards/1977_brigham-young_roster.csv,Jim McMahon,NA,P,,1977,Brigham Young,LaVell Edwards
https://raw.githubusercontent.com/RKRoberts97/byu_football_tree/refs/heads/main/College/Coaches/College%20Head%20Coaches/LaVell_Edwards/1978_brigham-young_roster.csv,Marc Wilson*,NA,QB,"121 Cmp, 233 Att, 1499 Yds, 8 TD",1978,Brigham Young,LaVell Edwards
https://raw.githubusercontent.com/RKRoberts97/byu_football_tree/refs/heads/main/College/Coaches/College%20Head%20Coaches/LaVell_Edwards/1978_brigham-young_roster.csv,Jim McMahon,NA,QB,"87 Cmp, 176 Att, 1307 Yds, 6 TD",1978,Brigham Young,LaVell Edwards
https://raw.githubusercontent.com/RKRoberts97/byu_football_tree/refs/heads/main/College/Coaches/College%20Head%20Coaches/LaVell_Edwards/1978_brigham-young_roster.csv,Mark Flammer,NA,QB,,1978,Brigham Young,LaVell Edwards
https://raw.githubusercontent.com/RKRoberts97/byu_football_tree/refs/heads/main/College/Coaches/College%20Head%20Coaches/LaVell_Edwards/1978_brigham-young_roster.csv,Scott Phillips*,NA,RB,"69 Att, 181 Yds, 2.6 Avg",1978,Brigham Young,LaVell Edwards
https://raw.githubusercontent.com/RKRoberts97/byu_football_tree/refs/heads/main/College/Coaches/College%20Head%20Coaches/LaVell_Edwards/1978_brigham-young_roster.csv,Bill Ring*,NA,RB,"116 Att, 520 Yds, 4.5 Avg",1978,Brigham Young,LaVell Edwards
https://raw.githubusercontent.com/RKRoberts97/byu_football_tree/refs/heads/main/College/Coaches/College%20Head%20Coaches/LaVell_Edwards/1978_brigham-young_roster.csv,Casey Wingard,NA,RB,"82 Att, 325 Yds, 4.0 Avg",1978,Brigham Young,LaVell Edwards
https://raw.githubusercontent.com/RKRoberts97/byu_football_tree/refs/heads/main/College/Coaches/College%20Head%20Coaches/LaVell_Edwards/1978_brigham-young_roster.csv,Doug Williams,NA,RB,"24 Att, 49 Yds, 2.0 Avg",1978,Brigham Young,LaVell Edwards
https://raw.githubusercontent.com/RKRoberts97/byu_football_tree/refs/heads/main/College/Coaches/College%20Head%20Coaches/LaVell_Edwards/1978_brigham-young_roster.csv,Clay Blackwell,NA,RB,"10 Att, 29 Yds, 2.9 Avg",1978,Brigham Young,LaVell Edwards
https://raw.githubusercontent.com/RKRoberts97/byu_football_tree/refs/heads/main/College/Coaches/College%20Head%20Coaches/LaVell_Edwards/1978_brigham-young_roster.csv,Perry Bradford,NA,RB,"4 Att, 22 Yds, 5.5 Avg",1978,Brigham Young,LaVell Edwards
https://raw.githubusercontent.com/RKRoberts97/byu_football_tree/refs/heads/main/College/Coaches/College%20Head%20Coaches/LaVell_Edwards/1978_brigham-young_roster.csv,Kyle Whittingham,NA,RB,"9 Att, 25 Yds, 2.8 Avg",1978,Brigham Young,LaVell Edwards
https://raw.githubusercontent.com/RKRoberts97/byu_football_tree/refs/heads/main/College/Coaches/College%20Head%20Coaches/LaVell_Edwards/1978_brigham-young_roster.csv,Mike Chronister*,NA,WR,"52 Rec, 850 Yds, 16.3 Avg",1978,Brigham Young,LaVell Edwards
https://raw.githubusercontent.com/RKRoberts97/byu_football_tree/refs/heads/main/College/Coaches/College%20Head%20Coaches/LaVell_Edwards/1978_brigham-young_roster.csv,Kent Tingey*,NA,WR,"20 Rec, 280 Yds, 14.0 Avg",1978,Brigham Young,LaVell Edwards
https://raw.githubusercontent.com/RKRoberts97/byu_football_tree/refs/heads/main/College/Coaches/College%20Head%20Coaches/LaVell_Edwards/1978_brigham-young_roster.csv,Lloyd Jones,NA,WR,"7 Rec, 148 Yds, 21.1 Avg",1978,Brigham Young,LaVell Edwards
https://raw.githubusercontent.com/RKRoberts97/byu_football_tree/refs/heads/main/College/Coaches/College%20Head%20Coaches/LaVell_Edwards/1978_brigham-young_roster.csv,Stan Younger,NA,WR,"1 Rec, 45 Yds, 45.0 Avg",1978,Brigham Young,LaVell Edwards
https://raw.githubusercontent.com/RKRoberts97/byu_football_tree/refs/heads/main/College/Coaches/College%20Head%20Coaches/LaVell_Edwards/1978_brigham-young_roster.csv,Bill Davis,NA,WR,"10 Rec, 148 Yds, 14.8 Avg",1978,Brigham Young,LaVell Edwards
https://raw.githubusercontent.com/RKRoberts97/byu_football_tree/refs/heads/main/College/Coaches/College%20Head%20Coaches/LaVell_Edwards/1978_brigham-young_roster.csv,Dan Plater,NA,WR,"1 Rec, 17 Yds, 17.0 Avg",1978,Brigham Young,LaVell Edwards
https://raw.githubusercontent.com/RKRoberts97/byu_football_tree/refs/heads/main/College/Coaches/College%20Head%20Coaches/LaVell_Edwards/1978_brigham-young_roster.csv,Tod Thompson*,NA,TE,"34 Rec, 560 Yds, 16.5 Avg",1978,Brigham Young,LaVell Edwards
https://raw.githubusercontent.com/RKRoberts97/byu_football_tree/refs/heads/main/College/Coaches/College%20Head%20Coaches/LaVell_Edwards/1978_brigham-young_roster.csv,Clay Brown,NA,TE,"9 Rec, 184 Yds, 20.4 Avg",1978,Brigham Young,LaVell Edwards
https://raw.githubusercontent.com/RKRoberts97/byu_football_tree/refs/heads/main/College/Coaches/College%20Head%20Coaches/LaVell_Edwards/1978_brigham-young_roster.csv,Tom Bell*,NA,OL,,1978,Brigham Young,LaVell Edwards
https://raw.githubusercontent.com/RKRoberts97/byu_football_tree/refs/heads/main/College/Coaches/College%20Head%20Coaches/LaVell_Edwards/1978_brigham-young_roster.csv,Nick Eyre*,NA,OL,,1978,Brigham Young,LaVell Edwards
https://raw.githubusercontent.com/RKRoberts97/byu_football_tree/refs/heads/main/College/Coaches/College%20Head%20Coaches/LaVell_Edwards/1978_brigham-young_roster.csv,Al Gaspard*,NA,OL,,1978,Brigham Young,LaVell Edwards
https://raw.githubusercontent.com/RKRoberts97/byu_football_tree/refs/heads/main/College/Coaches/College%20Head%20Coaches/LaVell_Edwards/1978_brigham-young_roster.csv,Danny Hansen*,NA,OL,,1978,Brigham Young,LaVell Edwards
https://raw.githubusercontent.com/RKRoberts97/byu_football_tree/refs/heads/main/College/Coaches/College%20Head%20Coaches/LaVell_Edwards/1978_brigham-young_roster.csv,Scott Neilson*,NA,OL,,1978,Brigham Young,LaVell Edwards
https://raw.githubusercontent.com/RKRoberts97/byu_football_tree/refs/heads/main/College/Coaches/College%20Head%20Coaches/LaVell_Edwards/1978_brigham-young_roster.csv,Randy Tidwell,NA,OL,,1978,Brigham Young,LaVell Edwards
https://raw.githubusercontent.com/RKRoberts97/byu_football_tree/refs/heads/main/College/Coaches/College%20Head%20Coaches/LaVell_Edwards/1978_brigham-young_roster.csv,Brent Johnson,NA,K,,1978,Brigham Young,LaVell Edwards
https://raw.githubusercontent.com/RKRoberts97/byu_football_tree/refs/heads/main/College/Coaches/College%20Head%20Coaches/LaVell_Edwards/1978_brigham-young_roster.csv,Bob Kittell,NA,K,,1978,Brigham Young,LaVell Edwards
https://raw.githubusercontent.com/RKRoberts97/byu_football_tree/refs/heads/main/College/Coaches/College%20Head%20Coaches/LaVell_Edwards/1978_brigham-young_roster.csv,John Kormylo*,NA,DL,,1978,Brigham Young,LaVell Edwards
https://raw.githubusercontent.com/RKRoberts97/byu_football_tree/refs/heads/main/College/Coaches/College%20Head%20Coaches/LaVell_Edwards/1978_brigham-young_roster.csv,Mat Mendenhall*,NA,DL,,1978,Brigham Young,LaVell Edwards
https://raw.githubusercontent.com/RKRoberts97/byu_football_tree/refs/heads/main/College/Coaches/College%20Head%20Coaches/LaVell_Edwards/1978_brigham-young_roster.csv,Doug Stromberg*,NA,DL,,1978,Brigham Young,LaVell Edwards
https://raw.githubusercontent.com/RKRoberts97/byu_football_tree/refs/heads/main/College/Coaches/College%20Head%20Coaches/LaVell_Edwards/1978_brigham-young_roster.csv,Ross Varner*,NA,DL,,1978,Brigham Young,LaVell Edwards
https://raw.githubusercontent.com/RKRoberts97/byu_football_tree/refs/heads/main/College/Coaches/College%20Head%20Coaches/LaVell_Edwards/1978_brigham-young_roster.csv,Tom Enlow*,NA,LB,,1978,Brigham Young,LaVell Edwards
https://raw.githubusercontent.com/RKRoberts97/byu_football_tree/refs/heads/main/College/Coaches/College%20Head%20Coaches/LaVell_Edwards/1978_brigham-young_roster.csv,Larry Miller*,NA,LB,,1978,Brigham Young,LaVell Edwards
https://raw.githubusercontent.com/RKRoberts97/byu_football_tree/refs/heads/main/College/Coaches/College%20Head%20Coaches/LaVell_Edwards/1978_brigham-young_roster.csv,Rod Wood*,NA,LB,,1978,Brigham Young,LaVell Edwards
https://raw.githubusercontent.com/RKRoberts97/byu_football_tree/refs/heads/main/College/Coaches/College%20Head%20Coaches/LaVell_Edwards/1978_brigham-young_roster.csv,Marv Allen,NA,LB,,1978,Brigham Young,LaVell Edwards
https://raw.githubusercontent.com/RKRoberts97/byu_football_tree/refs/heads/main/College/Coaches/College%20Head%20Coaches/LaVell_Edwards/1978_brigham-young_roster.csv,Jason Coloma*,NA,DB,,1978,Brigham Young,LaVell Edwards
https://raw.githubusercontent.com/RKRoberts97/byu_football_tree/refs/heads/main/College/Coaches/College%20Head%20Coaches/LaVell_Edwards/1978_brigham-young_roster.csv,Dave McKee*,NA,DB,,1978,Brigham Young,LaVell Edwards
https://raw.githubusercontent.com/RKRoberts97/byu_football_tree/refs/heads/main/College/Coaches/College%20Head%20Coaches/LaVell_Edwards/1978_brigham-young_roster.csv,Bill Schoepflin*,NA,DB,,1978,Brigham Young,LaVell Edwards
https://raw.githubusercontent.com/RKRoberts97/byu_football_tree/refs/heads/main/College/Coaches/College%20Head%20Coaches/LaVell_Edwards/1978_brigham-young_roster.csv,Ron Velasco*,NA,DB,,1978,Brigham Young,LaVell Edwards
https://raw.githubusercontent.com/RKRoberts97/byu_football_tree/refs/heads/main/College/Coaches/College%20Head%20Coaches/LaVell_Edwards/1978_brigham-young_roster.csv,Dave Francis,NA,DB,,1978,Brigham Young,LaVell Edwards
https://raw.githubusercontent.com/RKRoberts97/byu_football_tree/refs/heads/main/College/Coaches/College%20Head%20Coaches/LaVell_Edwards/1978_brigham-young_roster.csv,Bob Prested,NA,DB,,1978,Brigham Young,LaVell Edwards
https://raw.githubusercontent.com/RKRoberts97/byu_football_tree/refs/heads/main/College/Coaches/College%20Head%20Coaches/LaVell_Edwards/1978_brigham-young_roster.csv,Tim Halverson,NA,DB,,1978,Brigham Young,LaVell Edwards
https://raw.githubusercontent.com/RKRoberts97/byu_football_tree/refs/heads/main/College/Coaches/College%20Head%20Coaches/LaVell_Edwards/1978_brigham-young_roster.csv,Marc Swenson,NA,DB,,1978,Brigham Young,LaVell Edwards
https://raw.githubusercontent.com/RKRoberts97/byu_football_tree/refs/heads/main/College/Coaches/College%20Head%20Coaches/LaVell_Edwards/1979_brigham-young_roster.csv,Marc Wilson*,NA,QB,"250 Cmp, 427 Att, 3720 Yds, 29 TD",1979,Brigham Young,LaVell Edwards
https://raw.githubusercontent.com/RKRoberts97/byu_football_tree/refs/heads/main/College/Coaches/College%20Head%20Coaches/LaVell_Edwards/1979_brigham-young_roster.csv,Royce Bybee,NA,QB,"26 Cmp, 37 Att, 331 Yds, 4 TD",1979,Brigham Young,LaVell Edwards
https://raw.githubusercontent.com/RKRoberts97/byu_football_tree/refs/heads/main/College/Coaches/College%20Head%20Coaches/LaVell_Edwards/1979_brigham-young_roster.csv,Eric Lane*,NA,RB,"94 Att, 595 Yds, 6.3 Avg",1979,Brigham Young,LaVell Edwards
https://raw.githubusercontent.com/RKRoberts97/byu_football_tree/refs/heads/main/College/Coaches/College%20Head%20Coaches/LaVell_Edwards/1979_brigham-young_roster.csv,Homer Jones*,NA,RB,"75 Att, 546 Yds, 7.3 Avg",1979,Brigham Young,LaVell Edwards
https://raw.githubusercontent.com/RKRoberts97/byu_football_tree/refs/heads/main/College/Coaches/College%20Head%20Coaches/LaVell_Edwards/1979_brigham-young_roster.csv,Scott Phillips,NA,RB,"46 Att, 321 Yds, 7.0 Avg",1979,Brigham Young,LaVell Edwards
https://raw.githubusercontent.com/RKRoberts97/byu_football_tree/refs/heads/main/College/Coaches/College%20Head%20Coaches/LaVell_Edwards/1979_brigham-young_roster.csv,Steve Carlsen,NA,RB,"36 Att, 201 Yds, 5.6 Avg",1979,Brigham Young,LaVell Edwards
https://raw.githubusercontent.com/RKRoberts97/byu_football_tree/refs/heads/main/College/Coaches/College%20Head%20Coaches/LaVell_Edwards/1979_brigham-young_roster.csv,Doug Williams,NA,RB,"22 Att, 50 Yds, 2.3 Avg",1979,Brigham Young,LaVell Edwards
https://raw.githubusercontent.com/RKRoberts97/byu_football_tree/refs/heads/main/College/Coaches/College%20Head%20Coaches/LaVell_Edwards/1979_brigham-young_roster.csv,Mike Lacey,NA,RB,"7 Att, 8 Yds, 1.1 Avg",1979,Brigham Young,LaVell Edwards
https://raw.githubusercontent.com/RKRoberts97/byu_football_tree/refs/heads/main/College/Coaches/College%20Head%20Coaches/LaVell_Edwards/1979_brigham-young_roster.csv,Clay Blackwell,NA,RB,"7 Att, 30 Yds, 4.3 Avg",1979,Brigham Young,LaVell Edwards
https://raw.githubusercontent.com/RKRoberts97/byu_football_tree/refs/heads/main/College/Coaches/College%20Head%20Coaches/LaVell_Edwards/1979_brigham-young_roster.csv,Scott Reber,NA,RB,"5 Att, 51 Yds, 10.2 Avg",1979,Brigham Young,LaVell Edwards
https://raw.githubusercontent.com/RKRoberts97/byu_football_tree/refs/heads/main/College/Coaches/College%20Head%20Coaches/LaVell_Edwards/1979_brigham-young_roster.csv,Vic Whitsett,NA,RB,"5 Att, 35 Yds, 7.0 Avg",1979,Brigham Young,LaVell Edwards
https://raw.githubusercontent.com/RKRoberts97/byu_football_tree/refs/heads/main/College/Coaches/College%20Head%20Coaches/LaVell_Edwards/1979_brigham-young_roster.csv,Lloyd Jones*,NA,WR,"33 Rec, 735 Yds, 22.3 Avg",1979,Brigham Young,LaVell Edwards
https://raw.githubusercontent.com/RKRoberts97/byu_football_tree/refs/heads/main/College/Coaches/College%20Head%20Coaches/LaVell_Edwards/1979_brigham-young_roster.csv,Bill Davis*,NA,WR,"21 Rec, 379 Yds, 18.0 Avg",1979,Brigham Young,LaVell Edwards
https://raw.githubusercontent.com/RKRoberts97/byu_football_tree/refs/heads/main/College/Coaches/College%20Head%20Coaches/LaVell_Edwards/1979_brigham-young_roster.csv,Matt Braga,NA,WR,"21 Rec, 369 Yds, 17.6 Avg",1979,Brigham Young,LaVell Edwards
https://raw.githubusercontent.com/RKRoberts97/byu_football_tree/refs/heads/main/College/Coaches/College%20Head%20Coaches/LaVell_Edwards/1979_brigham-young_roster.csv,Dan Plater,NA,WR,"24 Rec, 411 Yds, 17.1 Avg",1979,Brigham Young,LaVell Edwards
https://raw.githubusercontent.com/RKRoberts97/byu_football_tree/refs/heads/main/College/Coaches/College%20Head%20Coaches/LaVell_Edwards/1979_brigham-young_roster.csv,Kent Tingey,NA,WR,"6 Rec, 87 Yds, 14.5 Avg",1979,Brigham Young,LaVell Edwards
https://raw.githubusercontent.com/RKRoberts97/byu_football_tree/refs/heads/main/College/Coaches/College%20Head%20Coaches/LaVell_Edwards/1979_brigham-young_roster.csv,Scott Collie,NA,WR,"1 Rec, 10 Yds, 10.0 Avg",1979,Brigham Young,LaVell Edwards
https://raw.githubusercontent.com/RKRoberts97/byu_football_tree/refs/heads/main/College/Coaches/College%20Head%20Coaches/LaVell_Edwards/1979_brigham-young_roster.csv,Clay Brown*,NA,TE,"31 Rec, 498 Yds, 16.1 Avg",1979,Brigham Young,LaVell Edwards
https://raw.githubusercontent.com/RKRoberts97/byu_football_tree/refs/heads/main/College/Coaches/College%20Head%20Coaches/LaVell_Edwards/1979_brigham-young_roster.csv,Rob Anderson,NA,TE,"4 Rec, 76 Yds, 19.0 Avg",1979,Brigham Young,LaVell Edwards
https://raw.githubusercontent.com/RKRoberts97/byu_football_tree/refs/heads/main/College/Coaches/College%20Head%20Coaches/LaVell_Edwards/1979_brigham-young_roster.csv,Dave Smith,NA,TE,"1 Rec, 25 Yds, 25.0 Avg",1979,Brigham Young,LaVell Edwards
https://raw.githubusercontent.com/RKRoberts97/byu_football_tree/refs/heads/main/College/Coaches/College%20Head%20Coaches/LaVell_Edwards/1979_brigham-young_roster.csv,Tom Bell*,NA,OL,,1979,Brigham Young,LaVell Edwards
https://raw.githubusercontent.com/RKRoberts97/byu_football_tree/refs/heads/main/College/Coaches/College%20Head%20Coaches/LaVell_Edwards/1979_brigham-young_roster.csv,Nick Eyre*,NA,OL,,1979,Brigham Young,LaVell Edwards
https://raw.githubusercontent.com/RKRoberts97/byu_football_tree/refs/heads/main/College/Coaches/College%20Head%20Coaches/LaVell_Edwards/1979_brigham-young_roster.csv,Danny Hansen*,NA,OL,,1979,Brigham Young,LaVell Edwards
https://raw.githubusercontent.com/RKRoberts97/byu_football_tree/refs/heads/main/College/Coaches/College%20Head%20Coaches/LaVell_Edwards/1979_brigham-young_roster.csv,Scott Nielson*,NA,OL,,1979,Brigham Young,LaVell Edwards
https://raw.githubusercontent.com/RKRoberts97/byu_football_tree/refs/heads/main/College/Coaches/College%20Head%20Coaches/LaVell_Edwards/1979_brigham-young_roster.csv,Randy Tidwell*,NA,OL,,1979,Brigham Young,LaVell Edwards
https://raw.githubusercontent.com/RKRoberts97/byu_football_tree/refs/heads/main/College/Coaches/College%20Head%20Coaches/LaVell_Edwards/1979_brigham-young_roster.csv,Brent Johnson,NA,K,,1979,Brigham Young,LaVell Edwards
https://raw.githubusercontent.com/RKRoberts97/byu_football_tree/refs/heads/main/College/Coaches/College%20Head%20Coaches/LaVell_Edwards/1979_brigham-young_roster.csv,Pulusila Filiaga*,NA,DL,,1979,Brigham Young,LaVell Edwards
https://raw.githubusercontent.com/RKRoberts97/byu_football_tree/refs/heads/main/College/Coaches/College%20Head%20Coaches/LaVell_Edwards/1979_brigham-young_roster.csv,Mat Mendenhall*,NA,DL,,1979,Brigham Young,LaVell Edwards
https://raw.githubusercontent.com/RKRoberts97/byu_football_tree/refs/heads/main/College/Coaches/College%20Head%20Coaches/LaVell_Edwards/1979_brigham-young_roster.csv,Mike Morgan*,NA,DL,,1979,Brigham Young,LaVell Edwards
https://raw.githubusercontent.com/RKRoberts97/byu_football_tree/refs/heads/main/College/Coaches/College%20Head%20Coaches/LaVell_Edwards/1979_brigham-young_roster.csv,Glen Titensor*,NA,DL,,1979,Brigham Young,LaVell Edwards
https://raw.githubusercontent.com/RKRoberts97/byu_football_tree/refs/heads/main/College/Coaches/College%20Head%20Coaches/LaVell_Edwards/1979_brigham-young_roster.csv,Rob Buchanan,NA,DL,,1979,Brigham Young,LaVell Edwards
https://raw.githubusercontent.com/RKRoberts97/byu_football_tree/refs/heads/main/College/Coaches/College%20Head%20Coaches/LaVell_Edwards/1979_brigham-young_roster.csv,Jim Jaramillo,NA,DL,,1979,Brigham Young,LaVell Edwards
https://raw.githubusercontent.com/RKRoberts97/byu_football_tree/refs/heads/main/College/Coaches/College%20Head%20Coaches/LaVell_Edwards/1979_brigham-young_roster.csv,Gary Kama*,NA,LB,,1979,Brigham Young,LaVell Edwards
https://raw.githubusercontent.com/RKRoberts97/byu_football_tree/refs/heads/main/College/Coaches/College%20Head%20Coaches/LaVell_Edwards/1979_brigham-young_roster.csv,Glen Redd*,NA,LB,,1979,Brigham Young,LaVell Edwards
https://raw.githubusercontent.com/RKRoberts97/byu_football_tree/refs/heads/main/College/Coaches/College%20Head%20Coaches/LaVell_Edwards/1979_brigham-young_roster.csv,Ed St. Pierre*,NA,LB,,1979,Brigham Young,LaVell Edwards
https://raw.githubusercontent.com/RKRoberts97/byu_football_tree/refs/heads/main/College/Coaches/College%20Head%20Coaches/LaVell_Edwards/1979_brigham-young_roster.csv,Tim Halverson*,NA,DB,,1979,Brigham Young,LaVell Edwards
https://raw.githubusercontent.com/RKRoberts97/byu_football_tree/refs/heads/main/College/Coaches/College%20Head%20Coaches/LaVell_Edwards/1979_brigham-young_roster.csv,John Neal*,NA,DB,,1979,Brigham Young,LaVell Edwards
https://raw.githubusercontent.com/RKRoberts97/byu_football_tree/refs/heads/main/College/Coaches/College%20Head%20Coaches/LaVell_Edwards/1979_brigham-young_roster.csv,Bob Prested*,NA,DB,,1979,Brigham Young,LaVell Edwards
https://raw.githubusercontent.com/RKRoberts97/byu_football_tree/refs/heads/main/College/Coaches/College%20Head%20Coaches/LaVell_Edwards/1979_brigham-young_roster.csv,Bill Schoepflin*,NA,DB,,1979,Brigham Young,LaVell Edwards
https://raw.githubusercontent.com/RKRoberts97/byu_football_tree/refs/heads/main/College/Coaches/College%20Head%20Coaches/LaVell_Edwards/1979_brigham-young_roster.csv,Dave Francis,NA,DB,,1979,Brigham Young,LaVell Edwards
https://raw.githubusercontent.com/RKRoberts97/byu_football_tree/refs/heads/main/College/Coaches/College%20Head%20Coaches/LaVell_Edwards/1979_brigham-young_roster.csv,Rob Wilson,NA,DB,,1979,Brigham Young,LaVell Edwards
https://raw.githubusercontent.com/RKRoberts97/byu_football_tree/refs/heads/main/College/Coaches/College%20Head%20Coaches/LaVell_Edwards/1979_brigham-young_roster.csv,Mark Brady,NA,DB,,1979,Brigham Young,LaVell Edwards
https://raw.githubusercontent.com/RKRoberts97/byu_football_tree/refs/heads/main/College/Coaches/College%20Head%20Coaches/LaVell_Edwards/1979_brigham-young_roster.csv,Kevin Walker,NA,DB,,1979,Brigham Young,LaVell Edwards
https://raw.githubusercontent.com/RKRoberts97/byu_football_tree/refs/heads/main/College/Coaches/College%20Head%20Coaches/LaVell_Edwards/1979_brigham-young_roster.csv,Mike Mees,NA,P,,1979,Brigham Young,LaVell Edwards
https://raw.githubusercontent.com/RKRoberts97/byu_football_tree/refs/heads/main/College/Coaches/College%20Head%20Coaches/LaVell_Edwards/1980_brigham-young_roster.csv,Jim McMahon*,NA,QB,"284 Cmp, 445 Att, 4571 Yds, 47 TD",1980,Brigham Young,LaVell Edwards
https://raw.githubusercontent.com/RKRoberts97/byu_football_tree/refs/heads/main/College/Coaches/College%20Head%20Coaches/LaVell_Edwards/1980_brigham-young_roster.csv,Royce Bybee,NA,QB,"33 Cmp, 53 Att, 347 Yds, 2 TD",1980,Brigham Young,LaVell Edwards
https://raw.githubusercontent.com/RKRoberts97/byu_football_tree/refs/heads/main/College/Coaches/College%20Head%20Coaches/LaVell_Edwards/1980_brigham-young_roster.csv,Eric Lane*,NA,RB,"96 Att, 467 Yds, 4.9 Avg",1980,Brigham Young,LaVell Edwards
https://raw.githubusercontent.com/RKRoberts97/byu_football_tree/refs/heads/main/College/Coaches/College%20Head%20Coaches/LaVell_Edwards/1980_brigham-young_roster.csv,Scott Phillips*,NA,RB,"60 Rec, 689 Yds, 11.5 Avg",1980,Brigham Young,LaVell Edwards
https://raw.githubusercontent.com/RKRoberts97/byu_football_tree/refs/heads/main/College/Coaches/College%20Head%20Coaches/LaVell_Edwards/1980_brigham-young_roster.csv,Homer Jones,NA,RB,,1980,Brigham Young,LaVell Edwards
https://raw.githubusercontent.com/RKRoberts97/byu_football_tree/refs/heads/main/College/Coaches/College%20Head%20Coaches/LaVell_Edwards/1980_brigham-young_roster.csv,Scott Pettis,NA,RB,"27 Att, 281 Yds, 10.4 Avg",1980,Brigham Young,LaVell Edwards
https://raw.githubusercontent.com/RKRoberts97/byu_football_tree/refs/heads/main/College/Coaches/College%20Head%20Coaches/LaVell_Edwards/1980_brigham-young_roster.csv,Steve Carlsen,NA,RB,"17 Att, 71 Yds, 4.2 Avg",1980,Brigham Young,LaVell Edwards
https://raw.githubusercontent.com/RKRoberts97/byu_football_tree/refs/heads/main/College/Coaches/College%20Head%20Coaches/LaVell_Edwards/1980_brigham-young_roster.csv,Bruce Hansen,NA,RB,"14 Att, 64 Yds, 4.6 Avg",1980,Brigham Young,LaVell Edwards
https://raw.githubusercontent.com/RKRoberts97/byu_football_tree/refs/heads/main/College/Coaches/College%20Head%20Coaches/LaVell_Edwards/1980_brigham-young_roster.csv,Vai Sikahema,NA,RB,"7 Att, 44 Yds, 6.3 Avg",1980,Brigham Young,LaVell Edwards
https://raw.githubusercontent.com/RKRoberts97/byu_football_tree/refs/heads/main/College/Coaches/College%20Head%20Coaches/LaVell_Edwards/1980_brigham-young_roster.csv,Waymon Hamilton,NA,RB,"6 Att, 45 Yds, 7.5 Avg",1980,Brigham Young,LaVell Edwards
https://raw.githubusercontent.com/RKRoberts97/byu_football_tree/refs/heads/main/College/Coaches/College%20Head%20Coaches/LaVell_Edwards/1980_brigham-young_roster.csv,Lloyd Jones*,NA,WR,"29 Rec, 661 Yds, 22.8 Avg",1980,Brigham Young,LaVell Edwards
https://raw.githubusercontent.com/RKRoberts97/byu_football_tree/refs/heads/main/College/Coaches/College%20Head%20Coaches/LaVell_Edwards/1980_brigham-young_roster.csv,Matt Braga*,NA,WR,"23 Rec, 431 Yds, 18.7 Avg",1980,Brigham Young,LaVell Edwards
https://raw.githubusercontent.com/RKRoberts97/byu_football_tree/refs/heads/main/College/Coaches/College%20Head%20Coaches/LaVell_Edwards/1980_brigham-young_roster.csv,Dan Plater,NA,WR,"37 Rec, 660 Yds, 17.8 Avg",1980,Brigham Young,LaVell Edwards
https://raw.githubusercontent.com/RKRoberts97/byu_football_tree/refs/heads/main/College/Coaches/College%20Head%20Coaches/LaVell_Edwards/1980_brigham-young_roster.csv,Bill Davis,NA,WR,"23 Rec, 411 Yds, 17.9 Avg",1980,Brigham Young,LaVell Edwards
https://raw.githubusercontent.com/RKRoberts97/byu_football_tree/refs/heads/main/College/Coaches/College%20Head%20Coaches/LaVell_Edwards/1980_brigham-young_roster.csv,Scott Collie,NA,WR,"1 Rec, 10 Yds, 10.0 Avg",1980,Brigham Young,LaVell Edwards
https://raw.githubusercontent.com/RKRoberts97/byu_football_tree/refs/heads/main/College/Coaches/College%20Head%20Coaches/LaVell_Edwards/1980_brigham-young_roster.csv,Clay Brown*,NA,TE,"48 Rec, 1009 Yds, 21.0 Avg",1980,Brigham Young,LaVell Edwards
https://raw.githubusercontent.com/RKRoberts97/byu_football_tree/refs/heads/main/College/Coaches/College%20Head%20Coaches/LaVell_Edwards/1980_brigham-young_roster.csv,Rob Anderson,NA,TE,"4 Rec, 58 Yds, 14.5 Avg",1980,Brigham Young,LaVell Edwards
https://raw.githubusercontent.com/RKRoberts97/byu_football_tree/refs/heads/main/College/Coaches/College%20Head%20Coaches/LaVell_Edwards/1980_brigham-young_roster.csv,Mike Lacey,NA,TE,,1980,Brigham Young,LaVell Edwards
https://raw.githubusercontent.com/RKRoberts97/byu_football_tree/refs/heads/main/College/Coaches/College%20Head%20Coaches/LaVell_Edwards/1980_brigham-young_roster.csv,Calvin Close*,NA,OL,,1980,Brigham Young,LaVell Edwards
https://raw.githubusercontent.com/RKRoberts97/byu_football_tree/refs/heads/main/College/Coaches/College%20Head%20Coaches/LaVell_Edwards/1980_brigham-young_roster.csv,Lloyd Eldredge*,NA,OL,,1980,Brigham Young,LaVell Edwards
https://raw.githubusercontent.com/RKRoberts97/byu_football_tree/refs/heads/main/College/Coaches/College%20Head%20Coaches/LaVell_Edwards/1980_brigham-young_roster.csv,Nick Eyre*,NA,OL,,1980,Brigham Young,LaVell Edwards
https://raw.githubusercontent.com/RKRoberts97/byu_football_tree/refs/heads/main/College/Coaches/College%20Head%20Coaches/LaVell_Edwards/1980_brigham-young_roster.csv,Ray Linford*,NA,OL,,1980,Brigham Young,LaVell Edwards
https://raw.githubusercontent.com/RKRoberts97/byu_football_tree/refs/heads/main/College/Coaches/College%20Head%20Coaches/LaVell_Edwards/1980_brigham-young_roster.csv,Bart Oates*,NA,OL,,1980,Brigham Young,LaVell Edwards
https://raw.githubusercontent.com/RKRoberts97/byu_football_tree/refs/heads/main/College/Coaches/College%20Head%20Coaches/LaVell_Edwards/1980_brigham-young_roster.csv,Kurt Gunther,NA,K,,1980,Brigham Young,LaVell Edwards
https://raw.githubusercontent.com/RKRoberts97/byu_football_tree/refs/heads/main/College/Coaches/College%20Head%20Coaches/LaVell_Edwards/1980_brigham-young_roster.csv,Lee Johnson,NA,K,,1980,Brigham Young,LaVell Edwards
https://raw.githubusercontent.com/RKRoberts97/byu_football_tree/refs/heads/main/College/Coaches/College%20Head%20Coaches/LaVell_Edwards/1980_brigham-young_roster.csv,Brad Anae*,NA,DL,,1980,Brigham Young,LaVell Edwards
https://raw.githubusercontent.com/RKRoberts97/byu_football_tree/refs/heads/main/College/Coaches/College%20Head%20Coaches/LaVell_Edwards/1980_brigham-young_roster.csv,Chuck Ehin*,NA,DL,,1980,Brigham Young,LaVell Edwards
https://raw.githubusercontent.com/RKRoberts97/byu_football_tree/refs/heads/main/College/Coaches/College%20Head%20Coaches/LaVell_Edwards/1980_brigham-young_roster.csv,Mike Morgan*,NA,DL,,1980,Brigham Young,LaVell Edwards
https://raw.githubusercontent.com/RKRoberts97/byu_football_tree/refs/heads/main/College/Coaches/College%20Head%20Coaches/LaVell_Edwards/1980_brigham-young_roster.csv,Glen Titensor*,NA,DL,,1980,Brigham Young,LaVell Edwards
https://raw.githubusercontent.com/RKRoberts97/byu_football_tree/refs/heads/main/College/Coaches/College%20Head%20Coaches/LaVell_Edwards/1980_brigham-young_roster.csv,Pulusila Filiaga,NA,DL,,1980,Brigham Young,LaVell Edwards
https://raw.githubusercontent.com/RKRoberts97/byu_football_tree/refs/heads/main/College/Coaches/College%20Head%20Coaches/LaVell_Edwards/1980_brigham-young_roster.csv,Glen Redd*,NA,LB,,1980,Brigham Young,LaVell Edwards
https://raw.githubusercontent.com/RKRoberts97/byu_football_tree/refs/heads/main/College/Coaches/College%20Head%20Coaches/LaVell_Edwards/1980_brigham-young_roster.csv,Ed St. Pierre*,NA,LB,,1980,Brigham Young,LaVell Edwards
https://raw.githubusercontent.com/RKRoberts97/byu_football_tree/refs/heads/main/College/Coaches/College%20Head%20Coaches/LaVell_Edwards/1980_brigham-young_roster.csv,Kyle Whittingham*,NA,LB,,1980,Brigham Young,LaVell Edwards
https://raw.githubusercontent.com/RKRoberts97/byu_football_tree/refs/heads/main/College/Coaches/College%20Head%20Coaches/LaVell_Edwards/1980_brigham-young_roster.csv,David Aupiu,NA,LB,,1980,Brigham Young,LaVell Edwards
https://raw.githubusercontent.com/RKRoberts97/byu_football_tree/refs/heads/main/College/Coaches/College%20Head%20Coaches/LaVell_Edwards/1980_brigham-young_roster.csv,John Ramage,NA,LB,,1980,Brigham Young,LaVell Edwards
https://raw.githubusercontent.com/RKRoberts97/byu_football_tree/refs/heads/main/College/Coaches/College%20Head%20Coaches/LaVell_Edwards/1980_brigham-young_roster.csv,Todd Shell,NA,LB,,1980,Brigham Young,LaVell Edwards
https://raw.githubusercontent.com/RKRoberts97/byu_football_tree/refs/heads/main/College/Coaches/College%20Head%20Coaches/LaVell_Edwards/1980_brigham-young_roster.csv,Mark Walker,NA,LB,,1980,Brigham Young,LaVell Edwards
https://raw.githubusercontent.com/RKRoberts97/byu_football_tree/refs/heads/main/College/Coaches/College%20Head%20Coaches/LaVell_Edwards/1980_brigham-young_roster.csv,Mark Brady*,NA,DB,,1980,Brigham Young,LaVell Edwards
https://raw.githubusercontent.com/RKRoberts97/byu_football_tree/refs/heads/main/College/Coaches/College%20Head%20Coaches/LaVell_Edwards/1980_brigham-young_roster.csv,Dave Francis*,NA,DB,,1980,Brigham Young,LaVell Edwards
https://raw.githubusercontent.com/RKRoberts97/byu_football_tree/refs/heads/main/College/Coaches/College%20Head%20Coaches/LaVell_Edwards/1980_brigham-young_roster.csv,Bob Prested*,NA,DB,,1980,Brigham Young,LaVell Edwards
https://raw.githubusercontent.com/RKRoberts97/byu_football_tree/refs/heads/main/College/Coaches/College%20Head%20Coaches/LaVell_Edwards/1980_brigham-young_roster.csv,Bill Schoepflin*,NA,DB,,1980,Brigham Young,LaVell Edwards
https://raw.githubusercontent.com/RKRoberts97/byu_football_tree/refs/heads/main/College/Coaches/College%20Head%20Coaches/LaVell_Edwards/1980_brigham-young_roster.csv,Tom Holmoe,NA,DB,,1980,Brigham Young,LaVell Edwards
https://raw.githubusercontent.com/RKRoberts97/byu_football_tree/refs/heads/main/College/Coaches/College%20Head%20Coaches/LaVell_Edwards/1980_brigham-young_roster.csv,Rob Wilson,NA,DB,,1980,Brigham Young,LaVell Edwards
https://raw.githubusercontent.com/RKRoberts97/byu_football_tree/refs/heads/main/College/Coaches/College%20Head%20Coaches/LaVell_Edwards/1981_brigham-young_roster.csv,Jim McMahon*,NA,QB,"272 Cmp, 423 Att, 3555 Yds, 30 TD",1981,Brigham Young,LaVell Edwards
https://raw.githubusercontent.com/RKRoberts97/byu_football_tree/refs/heads/main/College/Coaches/College%20Head%20Coaches/LaVell_Edwards/1981_brigham-young_roster.csv,Steve Young,NA,QB,"56 Cmp, 112 Att, 731 Yds, 5 TD",1981,Brigham Young,LaVell Edwards
https://raw.githubusercontent.com/RKRoberts97/byu_football_tree/refs/heads/main/College/Coaches/College%20Head%20Coaches/LaVell_Edwards/1981_brigham-young_roster.csv,Waymon Hamilton*,NA,RB,"96 Att, 394 Yds, 4.1 Avg",1981,Brigham Young,LaVell Edwards
https://raw.githubusercontent.com/RKRoberts97/byu_football_tree/refs/heads/main/College/Coaches/College%20Head%20Coaches/LaVell_Edwards/1981_brigham-young_roster.csv,Scott Pettis*,NA,RB,"94 Att, 499 Yds, 5.3 Avg",1981,Brigham Young,LaVell Edwards
https://raw.githubusercontent.com/RKRoberts97/byu_football_tree/refs/heads/main/College/Coaches/College%20Head%20Coaches/LaVell_Edwards/1981_brigham-young_roster.csv,Bruce Hansen,NA,RB,"35 Att, 176 Yds, 5.0 Avg",1981,Brigham Young,LaVell Edwards
https://raw.githubusercontent.com/RKRoberts97/byu_football_tree/refs/heads/main/College/Coaches/College%20Head%20Coaches/LaVell_Edwards/1981_brigham-young_roster.csv,Vai Sikahema,NA,RB,"35 Att, 242 Yds, 6.9 Avg",1981,Brigham Young,LaVell Edwards
https://raw.githubusercontent.com/RKRoberts97/byu_football_tree/refs/heads/main/College/Coaches/College%20Head%20Coaches/LaVell_Edwards/1981_brigham-young_roster.csv,Jimmy Jones,NA,RB,"12 Att, 64 Yds, 5.3 Avg",1981,Brigham Young,LaVell Edwards
https://raw.githubusercontent.com/RKRoberts97/byu_football_tree/refs/heads/main/College/Coaches/College%20Head%20Coaches/LaVell_Edwards/1981_brigham-young_roster.csv,Blair Buswell,NA,RB,"1 Att, 2 Yds, 2.0 Avg",1981,Brigham Young,LaVell Edwards
https://raw.githubusercontent.com/RKRoberts97/byu_football_tree/refs/heads/main/College/Coaches/College%20Head%20Coaches/LaVell_Edwards/1981_brigham-young_roster.csv,Dan Plater*,NA,WR,"62 Rec, 891 Yds, 14.4 Avg",1981,Brigham Young,LaVell Edwards
https://raw.githubusercontent.com/RKRoberts97/byu_football_tree/refs/heads/main/College/Coaches/College%20Head%20Coaches/LaVell_Edwards/1981_brigham-young_roster.csv,Scott Collie*,NA,WR,"26 Rec, 404 Yds, 15.5 Avg",1981,Brigham Young,LaVell Edwards
https://raw.githubusercontent.com/RKRoberts97/byu_football_tree/refs/heads/main/College/Coaches/College%20Head%20Coaches/LaVell_Edwards/1981_brigham-young_roster.csv,Glen Kozlowski,NA,WR,"29 Rec, 376 Yds, 13.0 Avg",1981,Brigham Young,LaVell Edwards
https://raw.githubusercontent.com/RKRoberts97/byu_football_tree/refs/heads/main/College/Coaches/College%20Head%20Coaches/LaVell_Edwards/1981_brigham-young_roster.csv,Neil Balholm,NA,WR,"31 Rec, 465 Yds, 15.0 Avg",1981,Brigham Young,LaVell Edwards
https://raw.githubusercontent.com/RKRoberts97/byu_football_tree/refs/heads/main/College/Coaches/College%20Head%20Coaches/LaVell_Edwards/1981_brigham-young_roster.csv,Kirk Pendleton,NA,WR,"1 Rec, 7 Yds, 7.0 Avg",1981,Brigham Young,LaVell Edwards
https://raw.githubusercontent.com/RKRoberts97/byu_football_tree/refs/heads/main/College/Coaches/College%20Head%20Coaches/LaVell_Edwards/1981_brigham-young_roster.csv,Gordon Hudson*,NA,TE,"67 Rec, 960 Yds, 14.3 Avg",1981,Brigham Young,LaVell Edwards
https://raw.githubusercontent.com/RKRoberts97/byu_football_tree/refs/heads/main/College/Coaches/College%20Head%20Coaches/LaVell_Edwards/1981_brigham-young_roster.csv,David Mills,NA,TE,"6 Rec, 64 Yds, 10.7 Avg",1981,Brigham Young,LaVell Edwards
https://raw.githubusercontent.com/RKRoberts97/byu_football_tree/refs/heads/main/College/Coaches/College%20Head%20Coaches/LaVell_Edwards/1981_brigham-young_roster.csv,Dave Aina,NA,TE,"1 Rec, 19 Yds, 19.0 Avg",1981,Brigham Young,LaVell Edwards
https://raw.githubusercontent.com/RKRoberts97/byu_football_tree/refs/heads/main/College/Coaches/College%20Head%20Coaches/LaVell_Edwards/1981_brigham-young_roster.csv,Calvin Close*,NA,OL,,1981,Brigham Young,LaVell Edwards
https://raw.githubusercontent.com/RKRoberts97/byu_football_tree/refs/heads/main/College/Coaches/College%20Head%20Coaches/LaVell_Edwards/1981_brigham-young_roster.csv,Lloyd Eldredge*,NA,OL,,1981,Brigham Young,LaVell Edwards
https://raw.githubusercontent.com/RKRoberts97/byu_football_tree/refs/heads/main/College/Coaches/College%20Head%20Coaches/LaVell_Edwards/1981_brigham-young_roster.csv,Bart Oates*,NA,OL,,1981,Brigham Young,LaVell Edwards
https://raw.githubusercontent.com/RKRoberts97/byu_football_tree/refs/heads/main/College/Coaches/College%20Head%20Coaches/LaVell_Edwards/1981_brigham-young_roster.csv,Steve Rogers*,NA,OL,,1981,Brigham Young,LaVell Edwards
https://raw.githubusercontent.com/RKRoberts97/byu_football_tree/refs/heads/main/College/Coaches/College%20Head%20Coaches/LaVell_Edwards/1981_brigham-young_roster.csv,Vince Stroth*,NA,OL,,1981,Brigham Young,LaVell Edwards
https://raw.githubusercontent.com/RKRoberts97/byu_football_tree/refs/heads/main/College/Coaches/College%20Head%20Coaches/LaVell_Edwards/1981_brigham-young_roster.csv,Wayne Faalufua,NA,OL,,1981,Brigham Young,LaVell Edwards
https://raw.githubusercontent.com/RKRoberts97/byu_football_tree/refs/heads/main/College/Coaches/College%20Head%20Coaches/LaVell_Edwards/1981_brigham-young_roster.csv,Walt Manwill,NA,OL,,1981,Brigham Young,LaVell Edwards
https://raw.githubusercontent.com/RKRoberts97/byu_football_tree/refs/heads/main/College/Coaches/College%20Head%20Coaches/LaVell_Edwards/1981_brigham-young_roster.csv,Corey Pace,NA,OL,,1981,Brigham Young,LaVell Edwards
https://raw.githubusercontent.com/RKRoberts97/byu_football_tree/refs/heads/main/College/Coaches/College%20Head%20Coaches/LaVell_Edwards/1981_brigham-young_roster.csv,Kurt Gunther,NA,K,,1981,Brigham Young,LaVell Edwards
https://raw.githubusercontent.com/RKRoberts97/byu_football_tree/refs/heads/main/College/Coaches/College%20Head%20Coaches/LaVell_Edwards/1981_brigham-young_roster.csv,Brad Anae*,NA,DL,,1981,Brigham Young,LaVell Edwards
https://raw.githubusercontent.com/RKRoberts97/byu_football_tree/refs/heads/main/College/Coaches/College%20Head%20Coaches/LaVell_Edwards/1981_brigham-young_roster.csv,Pulusila Filiaga*,NA,DL,,1981,Brigham Young,LaVell Edwards
https://raw.githubusercontent.com/RKRoberts97/byu_football_tree/refs/heads/main/College/Coaches/College%20Head%20Coaches/LaVell_Edwards/1981_brigham-young_roster.csv,Brandon Flint*,NA,DL,,1981,Brigham Young,LaVell Edwards
https://raw.githubusercontent.com/RKRoberts97/byu_football_tree/refs/heads/main/College/Coaches/College%20Head%20Coaches/LaVell_Edwards/1981_brigham-young_roster.csv,Mike Morgan*,NA,DL,,1981,Brigham Young,LaVell Edwards
https://raw.githubusercontent.com/RKRoberts97/byu_football_tree/refs/heads/main/College/Coaches/College%20Head%20Coaches/LaVell_Edwards/1981_brigham-young_roster.csv,Chuck Ehin,NA,DL,,1981,Brigham Young,LaVell Edwards
https://raw.githubusercontent.com/RKRoberts97/byu_football_tree/refs/heads/main/College/Coaches/College%20Head%20Coaches/LaVell_Edwards/1981_brigham-young_roster.csv,Barry Oates,NA,DL,,1981,Brigham Young,LaVell Edwards
https://raw.githubusercontent.com/RKRoberts97/byu_football_tree/refs/heads/main/College/Coaches/College%20Head%20Coaches/LaVell_Edwards/1981_brigham-young_roster.csv,David Aupiu*,NA,LB,,1981,Brigham Young,LaVell Edwards
https://raw.githubusercontent.com/RKRoberts97/byu_football_tree/refs/heads/main/College/Coaches/College%20Head%20Coaches/LaVell_Edwards/1981_brigham-young_roster.csv,Todd Shell*,NA,LB,,1981,Brigham Young,LaVell Edwards
https://raw.githubusercontent.com/RKRoberts97/byu_football_tree/refs/heads/main/College/Coaches/College%20Head%20Coaches/LaVell_Edwards/1981_brigham-young_roster.csv,Kyle Whittingham*,NA,LB,,1981,Brigham Young,LaVell Edwards
https://raw.githubusercontent.com/RKRoberts97/byu_football_tree/refs/heads/main/College/Coaches/College%20Head%20Coaches/LaVell_Edwards/1981_brigham-young_roster.csv,Mike O'Neil,NA,LB,,1981,Brigham Young,LaVell Edwards
https://raw.githubusercontent.com/RKRoberts97/byu_football_tree/refs/heads/main/College/Coaches/College%20Head%20Coaches/LaVell_Edwards/1981_brigham-young_roster.csv,Steve Brady*,NA,DB,,1981,Brigham Young,LaVell Edwards
https://raw.githubusercontent.com/RKRoberts97/byu_football_tree/refs/heads/main/College/Coaches/College%20Head%20Coaches/LaVell_Edwards/1981_brigham-young_roster.csv,Tom Holmoe*,NA,DB,,1981,Brigham Young,LaVell Edwards
https://raw.githubusercontent.com/RKRoberts97/byu_football_tree/refs/heads/main/College/Coaches/College%20Head%20Coaches/LaVell_Edwards/1981_brigham-young_roster.csv,Dave McKee*,NA,DB,,1981,Brigham Young,LaVell Edwards
https://raw.githubusercontent.com/RKRoberts97/byu_football_tree/refs/heads/main/College/Coaches/College%20Head%20Coaches/LaVell_Edwards/1981_brigham-young_roster.csv,Kevin Walker*,NA,DB,,1981,Brigham Young,LaVell Edwards
https://raw.githubusercontent.com/RKRoberts97/byu_football_tree/refs/heads/main/College/Coaches/College%20Head%20Coaches/LaVell_Edwards/1981_brigham-young_roster.csv,John Mannion,NA,DB,,1981,Brigham Young,LaVell Edwards
https://raw.githubusercontent.com/RKRoberts97/byu_football_tree/refs/heads/main/College/Coaches/College%20Head%20Coaches/LaVell_Edwards/1981_brigham-young_roster.csv,Mike Mees,NA,P,,1981,Brigham Young,LaVell Edwards
https://raw.githubusercontent.com/RKRoberts97/byu_football_tree/refs/heads/main/College/Coaches/College%20Head%20Coaches/LaVell_Edwards/1981_brigham-young_roster.csv,Kyle Whittington,NA,,,1981,Brigham Young,LaVell Edwards
https://raw.githubusercontent.com/RKRoberts97/byu_football_tree/refs/heads/main/College/Coaches/College%20Head%20Coaches/LaVell_Edwards/1982_brigham-young_roster.csv,Steve Young*,NA,QB,"230 Cmp, 367 Att, 3100 Yds, 18 TD",1982,Brigham Young,LaVell Edwards
https://raw.githubusercontent.com/RKRoberts97/byu_football_tree/refs/heads/main/College/Coaches/College%20Head%20Coaches/LaVell_Edwards/1982_brigham-young_roster.csv,Eric Krzmarzick,NA,QB,"9 Cmp, 14 Att, 61 Yds, 1 TD",1982,Brigham Young,LaVell Edwards
https://raw.githubusercontent.com/RKRoberts97/byu_football_tree/refs/heads/main/College/Coaches/College%20Head%20Coaches/LaVell_Edwards/1982_brigham-young_roster.csv,Blaine Fowler,NA,QB,"1 Cmp, 3 Att, 27 Yds, 0 TD",1982,Brigham Young,LaVell Edwards
https://raw.githubusercontent.com/RKRoberts97/byu_football_tree/refs/heads/main/College/Coaches/College%20Head%20Coaches/LaVell_Edwards/1982_brigham-young_roster.csv,Casey Tiumalu*,NA,RB,"110 Att, 665 Yds, 6.0 Avg",1982,Brigham Young,LaVell Edwards
https://raw.githubusercontent.com/RKRoberts97/byu_football_tree/refs/heads/main/College/Coaches/College%20Head%20Coaches/LaVell_Edwards/1982_brigham-young_roster.csv,Scott Pettis*,NA,RB,"28 Att, 119 Yds, 4.3 Avg",1982,Brigham Young,LaVell Edwards
https://raw.githubusercontent.com/RKRoberts97/byu_football_tree/refs/heads/main/College/Coaches/College%20Head%20Coaches/LaVell_Edwards/1982_brigham-young_roster.csv,Waymon Hamilton,NA,RB,"65 Att, 320 Yds, 4.9 Avg",1982,Brigham Young,LaVell Edwards
https://raw.githubusercontent.com/RKRoberts97/byu_football_tree/refs/heads/main/College/Coaches/College%20Head%20Coaches/LaVell_Edwards/1982_brigham-young_roster.csv,Eddie Stinnett,NA,RB,"46 Att, 267 Yds, 5.8 Avg",1982,Brigham Young,LaVell Edwards
https://raw.githubusercontent.com/RKRoberts97/byu_football_tree/refs/heads/main/College/Coaches/College%20Head%20Coaches/LaVell_Edwards/1982_brigham-young_roster.csv,Jimmy Jones,NA,RB,"28 Att, 121 Yds, 4.3 Avg",1982,Brigham Young,LaVell Edwards
https://raw.githubusercontent.com/RKRoberts97/byu_football_tree/refs/heads/main/College/Coaches/College%20Head%20Coaches/LaVell_Edwards/1982_brigham-young_roster.csv,Bill McNabb,NA,RB,"7 Att, 35 Yds, 5.0 Avg",1982,Brigham Young,LaVell Edwards
https://raw.githubusercontent.com/RKRoberts97/byu_football_tree/refs/heads/main/College/Coaches/College%20Head%20Coaches/LaVell_Edwards/1982_brigham-young_roster.csv,Scott Collie*,NA,WR,"16 Rec, 282 Yds, 17.6 Avg",1982,Brigham Young,LaVell Edwards
https://raw.githubusercontent.com/RKRoberts97/byu_football_tree/refs/heads/main/College/Coaches/College%20Head%20Coaches/LaVell_Edwards/1982_brigham-young_roster.csv,Neil Balholm*,NA,WR,"39 Rec, 749 Yds, 19.2 Avg",1982,Brigham Young,LaVell Edwards
https://raw.githubusercontent.com/RKRoberts97/byu_football_tree/refs/heads/main/College/Coaches/College%20Head%20Coaches/LaVell_Edwards/1982_brigham-young_roster.csv,Mike Eddo,NA,WR,"15 Rec, 229 Yds, 15.3 Avg",1982,Brigham Young,LaVell Edwards
https://raw.githubusercontent.com/RKRoberts97/byu_football_tree/refs/heads/main/College/Coaches/College%20Head%20Coaches/LaVell_Edwards/1982_brigham-young_roster.csv,Kirk Pendleton,NA,WR,"25 Rec, 334 Yds, 13.4 Avg",1982,Brigham Young,LaVell Edwards
https://raw.githubusercontent.com/RKRoberts97/byu_football_tree/refs/heads/main/College/Coaches/College%20Head%20Coaches/LaVell_Edwards/1982_brigham-young_roster.csv,Mark Bellini,NA,WR,"2 Rec, 10 Yds, 5.0 Avg",1982,Brigham Young,LaVell Edwards
https://raw.githubusercontent.com/RKRoberts97/byu_football_tree/refs/heads/main/College/Coaches/College%20Head%20Coaches/LaVell_Edwards/1982_brigham-young_roster.csv,Gordon Hudson*,NA,TE,"67 Rec, 928 Yds, 13.9 Avg",1982,Brigham Young,LaVell Edwards
https://raw.githubusercontent.com/RKRoberts97/byu_football_tree/refs/heads/main/College/Coaches/College%20Head%20Coaches/LaVell_Edwards/1982_brigham-young_roster.csv,Steve Harper,NA,TE,"3 Rec, 35 Yds, 11.7 Avg",1982,Brigham Young,LaVell Edwards
https://raw.githubusercontent.com/RKRoberts97/byu_football_tree/refs/heads/main/College/Coaches/College%20Head%20Coaches/LaVell_Edwards/1982_brigham-young_roster.csv,Lloyd Eldredge*,NA,OL,,1982,Brigham Young,LaVell Edwards
https://raw.githubusercontent.com/RKRoberts97/byu_football_tree/refs/heads/main/College/Coaches/College%20Head%20Coaches/LaVell_Edwards/1982_brigham-young_roster.csv,Wayne Faalufua*,NA,OL,,1982,Brigham Young,LaVell Edwards
https://raw.githubusercontent.com/RKRoberts97/byu_football_tree/refs/heads/main/College/Coaches/College%20Head%20Coaches/LaVell_Edwards/1982_brigham-young_roster.csv,Bart Oates*,NA,OL,,1982,Brigham Young,LaVell Edwards
https://raw.githubusercontent.com/RKRoberts97/byu_football_tree/refs/heads/main/College/Coaches/College%20Head%20Coaches/LaVell_Edwards/1982_brigham-young_roster.csv,Vince Stroth*,NA,OL,,1982,Brigham Young,LaVell Edwards
https://raw.githubusercontent.com/RKRoberts97/byu_football_tree/refs/heads/main/College/Coaches/College%20Head%20Coaches/LaVell_Edwards/1982_brigham-young_roster.csv,Neils Tidwell*,NA,OL,,1982,Brigham Young,LaVell Edwards
https://raw.githubusercontent.com/RKRoberts97/byu_football_tree/refs/heads/main/College/Coaches/College%20Head%20Coaches/LaVell_Edwards/1982_brigham-young_roster.csv,Kurt Gunther,NA,K,,1982,Brigham Young,LaVell Edwards
https://raw.githubusercontent.com/RKRoberts97/byu_football_tree/refs/heads/main/College/Coaches/College%20Head%20Coaches/LaVell_Edwards/1982_brigham-young_roster.csv,Chuck Ehin*,NA,DL,,1982,Brigham Young,LaVell Edwards
https://raw.githubusercontent.com/RKRoberts97/byu_football_tree/refs/heads/main/College/Coaches/College%20Head%20Coaches/LaVell_Edwards/1982_brigham-young_roster.csv,Brandon Flint*,NA,DL,,1982,Brigham Young,LaVell Edwards
https://raw.githubusercontent.com/RKRoberts97/byu_football_tree/refs/heads/main/College/Coaches/College%20Head%20Coaches/LaVell_Edwards/1982_brigham-young_roster.csv,Mike Morgan*,NA,DL,,1982,Brigham Young,LaVell Edwards
https://raw.githubusercontent.com/RKRoberts97/byu_football_tree/refs/heads/main/College/Coaches/College%20Head%20Coaches/LaVell_Edwards/1982_brigham-young_roster.csv,Neil Anderson,NA,DL,,1982,Brigham Young,LaVell Edwards
https://raw.githubusercontent.com/RKRoberts97/byu_football_tree/refs/heads/main/College/Coaches/College%20Head%20Coaches/LaVell_Edwards/1982_brigham-young_roster.csv,David Aupiu*,NA,LB,,1982,Brigham Young,LaVell Edwards
https://raw.githubusercontent.com/RKRoberts97/byu_football_tree/refs/heads/main/College/Coaches/College%20Head%20Coaches/LaVell_Edwards/1982_brigham-young_roster.csv,Brian Hansen*,NA,LB,,1982,Brigham Young,LaVell Edwards
https://raw.githubusercontent.com/RKRoberts97/byu_football_tree/refs/heads/main/College/Coaches/College%20Head%20Coaches/LaVell_Edwards/1982_brigham-young_roster.csv,Mike O'Neil*,NA,LB,,1982,Brigham Young,LaVell Edwards
https://raw.githubusercontent.com/RKRoberts97/byu_football_tree/refs/heads/main/College/Coaches/College%20Head%20Coaches/LaVell_Edwards/1982_brigham-young_roster.csv,Todd Shell*,NA,LB,,1982,Brigham Young,LaVell Edwards
https://raw.githubusercontent.com/RKRoberts97/byu_football_tree/refs/heads/main/College/Coaches/College%20Head%20Coaches/LaVell_Edwards/1982_brigham-young_roster.csv,David Neff,NA,LB,,1982,Brigham Young,LaVell Edwards
https://raw.githubusercontent.com/RKRoberts97/byu_football_tree/refs/heads/main/College/Coaches/College%20Head%20Coaches/LaVell_Edwards/1982_brigham-young_roster.csv,Tom Holmoe*,NA,DB,,1982,Brigham Young,LaVell Edwards
https://raw.githubusercontent.com/RKRoberts97/byu_football_tree/refs/heads/main/College/Coaches/College%20Head%20Coaches/LaVell_Edwards/1982_brigham-young_roster.csv,Blake Jensen*,NA,DB,,1982,Brigham Young,LaVell Edwards
https://raw.githubusercontent.com/RKRoberts97/byu_football_tree/refs/heads/main/College/Coaches/College%20Head%20Coaches/LaVell_Edwards/1982_brigham-young_roster.csv,Kyle Morrell*,NA,DB,,1982,Brigham Young,LaVell Edwards
https://raw.githubusercontent.com/RKRoberts97/byu_football_tree/refs/heads/main/College/Coaches/College%20Head%20Coaches/LaVell_Edwards/1982_brigham-young_roster.csv,Kevin Walker*,NA,DB,,1982,Brigham Young,LaVell Edwards
https://raw.githubusercontent.com/RKRoberts97/byu_football_tree/refs/heads/main/College/Coaches/College%20Head%20Coaches/LaVell_Edwards/1982_brigham-young_roster.csv,John Mannion,NA,DB,,1982,Brigham Young,LaVell Edwards
https://raw.githubusercontent.com/RKRoberts97/byu_football_tree/refs/heads/main/College/Coaches/College%20Head%20Coaches/LaVell_Edwards/1982_brigham-young_roster.csv,Greg Peterson,NA,DB,,1982,Brigham Young,LaVell Edwards
https://raw.githubusercontent.com/RKRoberts97/byu_football_tree/refs/heads/main/College/Coaches/College%20Head%20Coaches/LaVell_Edwards/1982_brigham-young_roster.csv,Mike Mees,NA,P,,1982,Brigham Young,LaVell Edwards
https://raw.githubusercontent.com/RKRoberts97/byu_football_tree/refs/heads/main/College/Coaches/College%20Head%20Coaches/LaVell_Edwards/1983_brigham-young_roster.csv,Steve Young*,NA,QB,"306 Cmp, 429 Att, 3902 Yds, 33 TD",1983,Brigham Young,LaVell Edwards
https://raw.githubusercontent.com/RKRoberts97/byu_football_tree/refs/heads/main/College/Coaches/College%20Head%20Coaches/LaVell_Edwards/1983_brigham-young_roster.csv,Robbie Bosco,NA,QB,"17 Cmp, 28 Att, 252 Yds, 3 TD",1983,Brigham Young,LaVell Edwards
https://raw.githubusercontent.com/RKRoberts97/byu_football_tree/refs/heads/main/College/Coaches/College%20Head%20Coaches/LaVell_Edwards/1983_brigham-young_roster.csv,Casey Tiumalu*,NA,RB,"139 Att, 851 Yds, 6.1 Avg",1983,Brigham Young,LaVell Edwards
https://raw.githubusercontent.com/RKRoberts97/byu_football_tree/refs/heads/main/College/Coaches/College%20Head%20Coaches/LaVell_Edwards/1983_brigham-young_roster.csv,Eddie Stinnett*,NA,RB,"55 Att, 475 Yds, 8.6 Avg",1983,Brigham Young,LaVell Edwards
https://raw.githubusercontent.com/RKRoberts97/byu_football_tree/refs/heads/main/College/Coaches/College%20Head%20Coaches/LaVell_Edwards/1983_brigham-young_roster.csv,Waymon Hamilton,NA,RB,"51 Att, 305 Yds, 6.0 Avg",1983,Brigham Young,LaVell Edwards
https://raw.githubusercontent.com/RKRoberts97/byu_football_tree/refs/heads/main/College/Coaches/College%20Head%20Coaches/LaVell_Edwards/1983_brigham-young_roster.csv,Lakei Heimuli,NA,RB,"29 Att, 91 Yds, 3.1 Avg",1983,Brigham Young,LaVell Edwards
https://raw.githubusercontent.com/RKRoberts97/byu_football_tree/refs/heads/main/College/Coaches/College%20Head%20Coaches/LaVell_Edwards/1983_brigham-young_roster.csv,Bill McNabb,NA,RB,"8 Att, 33 Yds, 4.1 Avg",1983,Brigham Young,LaVell Edwards
https://raw.githubusercontent.com/RKRoberts97/byu_football_tree/refs/heads/main/College/Coaches/College%20Head%20Coaches/LaVell_Edwards/1983_brigham-young_roster.csv,Mike Stanger,NA,RB,"3 Att, 7 Yds, 2.3 Avg",1983,Brigham Young,LaVell Edwards
https://raw.githubusercontent.com/RKRoberts97/byu_football_tree/refs/heads/main/College/Coaches/College%20Head%20Coaches/LaVell_Edwards/1983_brigham-young_roster.csv,Tom Tuipulotu,NA,RB,"1 Att, 2 Yds, 2.0 Avg",1983,Brigham Young,LaVell Edwards
https://raw.githubusercontent.com/RKRoberts97/byu_football_tree/refs/heads/main/College/Coaches/College%20Head%20Coaches/LaVell_Edwards/1983_brigham-young_roster.csv,Kirk Pendleton*,NA,WR,"50 Rec, 810 Yds, 16.2 Avg",1983,Brigham Young,LaVell Edwards
https://raw.githubusercontent.com/RKRoberts97/byu_football_tree/refs/heads/main/College/Coaches/College%20Head%20Coaches/LaVell_Edwards/1983_brigham-young_roster.csv,Mike Eddo*,NA,WR,"21 Rec, 303 Yds, 14.4 Avg",1983,Brigham Young,LaVell Edwards
https://raw.githubusercontent.com/RKRoberts97/byu_football_tree/refs/heads/main/College/Coaches/College%20Head%20Coaches/LaVell_Edwards/1983_brigham-young_roster.csv,Glen Kozlowski,NA,WR,"29 Rec, 532 Yds, 18.3 Avg",1983,Brigham Young,LaVell Edwards
https://raw.githubusercontent.com/RKRoberts97/byu_football_tree/refs/heads/main/College/Coaches/College%20Head%20Coaches/LaVell_Edwards/1983_brigham-young_roster.csv,Adam Haysbert,NA,WR,"11 Rec, 167 Yds, 15.2 Avg",1983,Brigham Young,LaVell Edwards
https://raw.githubusercontent.com/RKRoberts97/byu_football_tree/refs/heads/main/College/Coaches/College%20Head%20Coaches/LaVell_Edwards/1983_brigham-young_roster.csv,Scott Norberg,NA,WR,"1 Rec, 13 Yds, 13.0 Avg",1983,Brigham Young,LaVell Edwards
https://raw.githubusercontent.com/RKRoberts97/byu_football_tree/refs/heads/main/College/Coaches/College%20Head%20Coaches/LaVell_Edwards/1983_brigham-young_roster.csv,Brian Hazelgren,NA,WR,,1983,Brigham Young,LaVell Edwards
https://raw.githubusercontent.com/RKRoberts97/byu_football_tree/refs/heads/main/College/Coaches/College%20Head%20Coaches/LaVell_Edwards/1983_brigham-young_roster.csv,Gordon Hudson*,NA,TE,"44 Rec, 596 Yds, 13.5 Avg",1983,Brigham Young,LaVell Edwards
https://raw.githubusercontent.com/RKRoberts97/byu_football_tree/refs/heads/main/College/Coaches/College%20Head%20Coaches/LaVell_Edwards/1983_brigham-young_roster.csv,Steve Harper,NA,TE,"26 Rec, 366 Yds, 14.1 Avg",1983,Brigham Young,LaVell Edwards
https://raw.githubusercontent.com/RKRoberts97/byu_football_tree/refs/heads/main/College/Coaches/College%20Head%20Coaches/LaVell_Edwards/1983_brigham-young_roster.csv,David Mills,NA,TE,"3 Rec, 34 Yds, 11.3 Avg",1983,Brigham Young,LaVell Edwards
https://raw.githubusercontent.com/RKRoberts97/byu_football_tree/refs/heads/main/College/Coaches/College%20Head%20Coaches/LaVell_Edwards/1983_brigham-young_roster.csv,Brett Varoz,NA,TE,"1 Rec, 10 Yds, 10.0 Avg",1983,Brigham Young,LaVell Edwards
https://raw.githubusercontent.com/RKRoberts97/byu_football_tree/refs/heads/main/College/Coaches/College%20Head%20Coaches/LaVell_Edwards/1983_brigham-young_roster.csv,Rex Burningham*,NA,OL,,1983,Brigham Young,LaVell Edwards
https://raw.githubusercontent.com/RKRoberts97/byu_football_tree/refs/heads/main/College/Coaches/College%20Head%20Coaches/LaVell_Edwards/1983_brigham-young_roster.csv,Craig Garrick*,NA,OL,,1983,Brigham Young,LaVell Edwards
https://raw.githubusercontent.com/RKRoberts97/byu_football_tree/refs/heads/main/College/Coaches/College%20Head%20Coaches/LaVell_Edwards/1983_brigham-young_roster.csv,Doug Kellermeyer*,NA,OL,,1983,Brigham Young,LaVell Edwards
https://raw.githubusercontent.com/RKRoberts97/byu_football_tree/refs/heads/main/College/Coaches/College%20Head%20Coaches/LaVell_Edwards/1983_brigham-young_roster.csv,Trevor Matich*,NA,OL,,1983,Brigham Young,LaVell Edwards
https://raw.githubusercontent.com/RKRoberts97/byu_football_tree/refs/heads/main/College/Coaches/College%20Head%20Coaches/LaVell_Edwards/1983_brigham-young_roster.csv,Louis Wong*,NA,OL,,1983,Brigham Young,LaVell Edwards
https://raw.githubusercontent.com/RKRoberts97/byu_football_tree/refs/heads/main/College/Coaches/College%20Head%20Coaches/LaVell_Edwards/1983_brigham-young_roster.csv,Randy Rawlinson,NA,OL,,1983,Brigham Young,LaVell Edwards
https://raw.githubusercontent.com/RKRoberts97/byu_football_tree/refs/heads/main/College/Coaches/College%20Head%20Coaches/LaVell_Edwards/1983_brigham-young_roster.csv,Lee Johnson,NA,K,,1983,Brigham Young,LaVell Edwards
https://raw.githubusercontent.com/RKRoberts97/byu_football_tree/refs/heads/main/College/Coaches/College%20Head%20Coaches/LaVell_Edwards/1983_brigham-young_roster.csv,Kevin Mitchell,NA,K,,1983,Brigham Young,LaVell Edwards
https://raw.githubusercontent.com/RKRoberts97/byu_football_tree/refs/heads/main/College/Coaches/College%20Head%20Coaches/LaVell_Edwards/1983_brigham-young_roster.csv,Pete Rossi,NA,K,,1983,Brigham Young,LaVell Edwards
https://raw.githubusercontent.com/RKRoberts97/byu_football_tree/refs/heads/main/College/Coaches/College%20Head%20Coaches/LaVell_Edwards/1983_brigham-young_roster.csv,Brandon Flint*,NA,DL,,1983,Brigham Young,LaVell Edwards
https://raw.githubusercontent.com/RKRoberts97/byu_football_tree/refs/heads/main/College/Coaches/College%20Head%20Coaches/LaVell_Edwards/1983_brigham-young_roster.csv,Jim Herrmann*,NA,DL,,1983,Brigham Young,LaVell Edwards
https://raw.githubusercontent.com/RKRoberts97/byu_football_tree/refs/heads/main/College/Coaches/College%20Head%20Coaches/LaVell_Edwards/1983_brigham-young_roster.csv,Brad Smith*,NA,DL,,1983,Brigham Young,LaVell Edwards
https://raw.githubusercontent.com/RKRoberts97/byu_football_tree/refs/heads/main/College/Coaches/College%20Head%20Coaches/LaVell_Edwards/1983_brigham-young_roster.csv,Shawn Knight,NA,DL,,1983,Brigham Young,LaVell Edwards
https://raw.githubusercontent.com/RKRoberts97/byu_football_tree/refs/heads/main/College/Coaches/College%20Head%20Coaches/LaVell_Edwards/1983_brigham-young_roster.csv,Marv Allen*,NA,LB,,1983,Brigham Young,LaVell Edwards
https://raw.githubusercontent.com/RKRoberts97/byu_football_tree/refs/heads/main/College/Coaches/College%20Head%20Coaches/LaVell_Edwards/1983_brigham-young_roster.csv,Todd Shell*,NA,LB,,1983,Brigham Young,LaVell Edwards
https://raw.githubusercontent.com/RKRoberts97/byu_football_tree/refs/heads/main/College/Coaches/College%20Head%20Coaches/LaVell_Edwards/1983_brigham-young_roster.csv,Leon White*,NA,LB,,1983,Brigham Young,LaVell Edwards
https://raw.githubusercontent.com/RKRoberts97/byu_football_tree/refs/heads/main/College/Coaches/College%20Head%20Coaches/LaVell_Edwards/1983_brigham-young_roster.csv,Cary Whittingham*,NA,LB,,1983,Brigham Young,LaVell Edwards
https://raw.githubusercontent.com/RKRoberts97/byu_football_tree/refs/heads/main/College/Coaches/College%20Head%20Coaches/LaVell_Edwards/1983_brigham-young_roster.csv,Dave Neff,NA,LB,,1983,Brigham Young,LaVell Edwards
https://raw.githubusercontent.com/RKRoberts97/byu_football_tree/refs/heads/main/College/Coaches/College%20Head%20Coaches/LaVell_Edwards/1983_brigham-young_roster.csv,Dan Akerfelds,NA,LB,,1983,Brigham Young,LaVell Edwards
https://raw.githubusercontent.com/RKRoberts97/byu_football_tree/refs/heads/main/College/Coaches/College%20Head%20Coaches/LaVell_Edwards/1983_brigham-young_roster.csv,John Bechtold,NA,LB,,1983,Brigham Young,LaVell Edwards
https://raw.githubusercontent.com/RKRoberts97/byu_football_tree/refs/heads/main/College/Coaches/College%20Head%20Coaches/LaVell_Edwards/1983_brigham-young_roster.csv,Blake Jensen*,NA,DB,,1983,Brigham Young,LaVell Edwards
https://raw.githubusercontent.com/RKRoberts97/byu_football_tree/refs/heads/main/College/Coaches/College%20Head%20Coaches/LaVell_Edwards/1983_brigham-young_roster.csv,Kyle Morrell*,NA,DB,,1983,Brigham Young,LaVell Edwards
https://raw.githubusercontent.com/RKRoberts97/byu_football_tree/refs/heads/main/College/Coaches/College%20Head%20Coaches/LaVell_Edwards/1983_brigham-young_roster.csv,Greg Peterson*,NA,DB,,1983,Brigham Young,LaVell Edwards
https://raw.githubusercontent.com/RKRoberts97/byu_football_tree/refs/heads/main/College/Coaches/College%20Head%20Coaches/LaVell_Edwards/1983_brigham-young_roster.csv,Jon Young*,NA,DB,,1983,Brigham Young,LaVell Edwards
https://raw.githubusercontent.com/RKRoberts97/byu_football_tree/refs/heads/main/College/Coaches/College%20Head%20Coaches/LaVell_Edwards/1983_brigham-young_roster.csv,Mark Allen,NA,DB,,1983,Brigham Young,LaVell Edwards
https://raw.githubusercontent.com/RKRoberts97/byu_football_tree/refs/heads/main/College/Coaches/College%20Head%20Coaches/LaVell_Edwards/1983_brigham-young_roster.csv,Bobby Salazar,NA,DB,,1983,Brigham Young,LaVell Edwards
https://raw.githubusercontent.com/RKRoberts97/byu_football_tree/refs/heads/main/College/Coaches/College%20Head%20Coaches/LaVell_Edwards/1984_brigham-young_roster.csv,Robbie Bosco*,NA,QB,"313 Cmp, 500 Att, 4218 Yds, 35 TD",1984,Brigham Young,LaVell Edwards
https://raw.githubusercontent.com/RKRoberts97/byu_football_tree/refs/heads/main/College/Coaches/College%20Head%20Coaches/LaVell_Edwards/1984_brigham-young_roster.csv,Blaine Fowler,NA,QB,"27 Cmp, 42 Att, 307 Yds, 1 TD",1984,Brigham Young,LaVell Edwards
https://raw.githubusercontent.com/RKRoberts97/byu_football_tree/refs/heads/main/College/Coaches/College%20Head%20Coaches/LaVell_Edwards/1984_brigham-young_roster.csv,Lakei Heimuli*,NA,RB,"174 Att, 878 Yds, 5.0 Avg",1984,Brigham Young,LaVell Edwards
https://raw.githubusercontent.com/RKRoberts97/byu_football_tree/refs/heads/main/College/Coaches/College%20Head%20Coaches/LaVell_Edwards/1984_brigham-young_roster.csv,Kelly Smith*,NA,RB,"56 Rec, 686 Yds, 12.3 Avg",1984,Brigham Young,LaVell Edwards
https://raw.githubusercontent.com/RKRoberts97/byu_football_tree/refs/heads/main/College/Coaches/College%20Head%20Coaches/LaVell_Edwards/1984_brigham-young_roster.csv,Robert Parker,NA,RB,"43 Att, 214 Yds, 5.0 Avg",1984,Brigham Young,LaVell Edwards
https://raw.githubusercontent.com/RKRoberts97/byu_football_tree/refs/heads/main/College/Coaches/College%20Head%20Coaches/LaVell_Edwards/1984_brigham-young_roster.csv,Fred Whittingham,NA,RB,"25 Att, 67 Yds, 2.7 Avg",1984,Brigham Young,LaVell Edwards
https://raw.githubusercontent.com/RKRoberts97/byu_football_tree/refs/heads/main/College/Coaches/College%20Head%20Coaches/LaVell_Edwards/1984_brigham-young_roster.csv,Thor Salanoa,NA,RB,"15 Att, 72 Yds, 4.8 Avg",1984,Brigham Young,LaVell Edwards
https://raw.githubusercontent.com/RKRoberts97/byu_football_tree/refs/heads/main/College/Coaches/College%20Head%20Coaches/LaVell_Edwards/1984_brigham-young_roster.csv,Vai Sikahema,NA,RB,"12 Att, 76 Yds, 6.3 Avg",1984,Brigham Young,LaVell Edwards
https://raw.githubusercontent.com/RKRoberts97/byu_football_tree/refs/heads/main/College/Coaches/College%20Head%20Coaches/LaVell_Edwards/1984_brigham-young_roster.csv,Paul Crawford,NA,RB,"2 Att, 12 Yds, 6.0 Avg",1984,Brigham Young,LaVell Edwards
https://raw.githubusercontent.com/RKRoberts97/byu_football_tree/refs/heads/main/College/Coaches/College%20Head%20Coaches/LaVell_Edwards/1984_brigham-young_roster.csv,Glen Kozlowski*,NA,WR,"58 Rec, 914 Yds, 15.8 Avg",1984,Brigham Young,LaVell Edwards
https://raw.githubusercontent.com/RKRoberts97/byu_football_tree/refs/heads/main/College/Coaches/College%20Head%20Coaches/LaVell_Edwards/1984_brigham-young_roster.csv,Mark Bellini*,NA,WR,"38 Rec, 620 Yds, 16.3 Avg",1984,Brigham Young,LaVell Edwards
https://raw.githubusercontent.com/RKRoberts97/byu_football_tree/refs/heads/main/College/Coaches/College%20Head%20Coaches/LaVell_Edwards/1984_brigham-young_roster.csv,Adam Haysbert,NA,WR,"35 Rec, 443 Yds, 12.7 Avg",1984,Brigham Young,LaVell Edwards
https://raw.githubusercontent.com/RKRoberts97/byu_football_tree/refs/heads/main/College/Coaches/College%20Head%20Coaches/LaVell_Edwards/1984_brigham-young_roster.csv,Richard Orr,NA,WR,"10 Rec, 153 Yds, 15.3 Avg",1984,Brigham Young,LaVell Edwards
https://raw.githubusercontent.com/RKRoberts97/byu_football_tree/refs/heads/main/College/Coaches/College%20Head%20Coaches/LaVell_Edwards/1984_brigham-young_roster.csv,Jim Edwards,NA,WR,"3 Rec, 41 Yds, 13.7 Avg",1984,Brigham Young,LaVell Edwards
https://raw.githubusercontent.com/RKRoberts97/byu_football_tree/refs/heads/main/College/Coaches/College%20Head%20Coaches/LaVell_Edwards/1984_brigham-young_roster.csv,David Mills*,NA,TE,"71 Rec, 1126 Yds, 15.9 Avg",1984,Brigham Young,LaVell Edwards
https://raw.githubusercontent.com/RKRoberts97/byu_football_tree/refs/heads/main/College/Coaches/College%20Head%20Coaches/LaVell_Edwards/1984_brigham-young_roster.csv,Trevor Molini,NA,TE,"8 Rec, 62 Yds, 7.8 Avg",1984,Brigham Young,LaVell Edwards
https://raw.githubusercontent.com/RKRoberts97/byu_football_tree/refs/heads/main/College/Coaches/College%20Head%20Coaches/LaVell_Edwards/1984_brigham-young_roster.csv,Lance Lindley,NA,TE,"2 Rec, 18 Yds, 9.0 Avg",1984,Brigham Young,LaVell Edwards
https://raw.githubusercontent.com/RKRoberts97/byu_football_tree/refs/heads/main/College/Coaches/College%20Head%20Coaches/LaVell_Edwards/1984_brigham-young_roster.csv,Robert Anae*,NA,OL,,1984,Brigham Young,LaVell Edwards
https://raw.githubusercontent.com/RKRoberts97/byu_football_tree/refs/heads/main/College/Coaches/College%20Head%20Coaches/LaVell_Edwards/1984_brigham-young_roster.csv,Craig Garrick*,NA,OL,,1984,Brigham Young,LaVell Edwards
https://raw.githubusercontent.com/RKRoberts97/byu_football_tree/refs/heads/main/College/Coaches/College%20Head%20Coaches/LaVell_Edwards/1984_brigham-young_roster.csv,Trevor Matich*,NA,OL,,1984,Brigham Young,LaVell Edwards
https://raw.githubusercontent.com/RKRoberts97/byu_football_tree/refs/heads/main/College/Coaches/College%20Head%20Coaches/LaVell_Edwards/1984_brigham-young_roster.csv,Louis Wong*,NA,OL,,1984,Brigham Young,LaVell Edwards
https://raw.githubusercontent.com/RKRoberts97/byu_football_tree/refs/heads/main/College/Coaches/College%20Head%20Coaches/LaVell_Edwards/1984_brigham-young_roster.csv,Dave Wright*,NA,OL,,1984,Brigham Young,LaVell Edwards
https://raw.githubusercontent.com/RKRoberts97/byu_football_tree/refs/heads/main/College/Coaches/College%20Head%20Coaches/LaVell_Edwards/1984_brigham-young_roster.csv,David King,NA,OL,,1984,Brigham Young,LaVell Edwards
https://raw.githubusercontent.com/RKRoberts97/byu_football_tree/refs/heads/main/College/Coaches/College%20Head%20Coaches/LaVell_Edwards/1984_brigham-young_roster.csv,Scott Robinson,NA,OL,,1984,Brigham Young,LaVell Edwards
https://raw.githubusercontent.com/RKRoberts97/byu_football_tree/refs/heads/main/College/Coaches/College%20Head%20Coaches/LaVell_Edwards/1984_brigham-young_roster.csv,Lee Johnson,NA,K,,1984,Brigham Young,LaVell Edwards
https://raw.githubusercontent.com/RKRoberts97/byu_football_tree/refs/heads/main/College/Coaches/College%20Head%20Coaches/LaVell_Edwards/1984_brigham-young_roster.csv,Pete Rossi,NA,K,,1984,Brigham Young,LaVell Edwards
https://raw.githubusercontent.com/RKRoberts97/byu_football_tree/refs/heads/main/College/Coaches/College%20Head%20Coaches/LaVell_Edwards/1984_brigham-young_roster.csv,Larry Hamilton*,NA,DL,,1984,Brigham Young,LaVell Edwards
https://raw.githubusercontent.com/RKRoberts97/byu_football_tree/refs/heads/main/College/Coaches/College%20Head%20Coaches/LaVell_Edwards/1984_brigham-young_roster.csv,Jim Herrmann*,NA,DL,,1984,Brigham Young,LaVell Edwards
https://raw.githubusercontent.com/RKRoberts97/byu_football_tree/refs/heads/main/College/Coaches/College%20Head%20Coaches/LaVell_Edwards/1984_brigham-young_roster.csv,Brad Smith*,NA,DL,,1984,Brigham Young,LaVell Edwards
https://raw.githubusercontent.com/RKRoberts97/byu_football_tree/refs/heads/main/College/Coaches/College%20Head%20Coaches/LaVell_Edwards/1984_brigham-young_roster.csv,Shawn Knight,NA,DL,,1984,Brigham Young,LaVell Edwards
https://raw.githubusercontent.com/RKRoberts97/byu_football_tree/refs/heads/main/College/Coaches/College%20Head%20Coaches/LaVell_Edwards/1984_brigham-young_roster.csv,Marv Allen*,NA,LB,,1984,Brigham Young,LaVell Edwards
https://raw.githubusercontent.com/RKRoberts97/byu_football_tree/refs/heads/main/College/Coaches/College%20Head%20Coaches/LaVell_Edwards/1984_brigham-young_roster.csv,Kurt Gouveia*,NA,LB,,1984,Brigham Young,LaVell Edwards
https://raw.githubusercontent.com/RKRoberts97/byu_football_tree/refs/heads/main/College/Coaches/College%20Head%20Coaches/LaVell_Edwards/1984_brigham-young_roster.csv,Leon White*,NA,LB,,1984,Brigham Young,LaVell Edwards
https://raw.githubusercontent.com/RKRoberts97/byu_football_tree/refs/heads/main/College/Coaches/College%20Head%20Coaches/LaVell_Edwards/1984_brigham-young_roster.csv,Cary Whittingham*,NA,LB,,1984,Brigham Young,LaVell Edwards
https://raw.githubusercontent.com/RKRoberts97/byu_football_tree/refs/heads/main/College/Coaches/College%20Head%20Coaches/LaVell_Edwards/1984_brigham-young_roster.csv,Dave Neff,NA,LB,,1984,Brigham Young,LaVell Edwards
https://raw.githubusercontent.com/RKRoberts97/byu_football_tree/refs/heads/main/College/Coaches/College%20Head%20Coaches/LaVell_Edwards/1984_brigham-young_roster.csv,Mark Allen*,NA,DB,,1984,Brigham Young,LaVell Edwards
https://raw.githubusercontent.com/RKRoberts97/byu_football_tree/refs/heads/main/College/Coaches/College%20Head%20Coaches/LaVell_Edwards/1984_brigham-young_roster.csv,Steve Haymond*,NA,DB,,1984,Brigham Young,LaVell Edwards
https://raw.githubusercontent.com/RKRoberts97/byu_football_tree/refs/heads/main/College/Coaches/College%20Head%20Coaches/LaVell_Edwards/1984_brigham-young_roster.csv,Kyle Morrell*,NA,DB,,1984,Brigham Young,LaVell Edwards
https://raw.githubusercontent.com/RKRoberts97/byu_football_tree/refs/heads/main/College/Coaches/College%20Head%20Coaches/LaVell_Edwards/1984_brigham-young_roster.csv,Jeff Sprowls*,NA,DB,,1984,Brigham Young,LaVell Edwards
https://raw.githubusercontent.com/RKRoberts97/byu_football_tree/refs/heads/main/College/Coaches/College%20Head%20Coaches/LaVell_Edwards/1984_brigham-young_roster.csv,Korey Rasmussen,NA,DB,,1984,Brigham Young,LaVell Edwards
https://raw.githubusercontent.com/RKRoberts97/byu_football_tree/refs/heads/main/College/Coaches/College%20Head%20Coaches/LaVell_Edwards/1985_brigham-young_roster.csv,Robbie Bosco*,NA,QB,"338 Cmp, 511 Att, 4273 Yds, 30 TD",1985,Brigham Young,LaVell Edwards
https://raw.githubusercontent.com/RKRoberts97/byu_football_tree/refs/heads/main/College/Coaches/College%20Head%20Coaches/LaVell_Edwards/1985_brigham-young_roster.csv,Blaine Fowler,NA,QB,"26 Cmp, 44 Att, 309 Yds, 2 TD",1985,Brigham Young,LaVell Edwards
https://raw.githubusercontent.com/RKRoberts97/byu_football_tree/refs/heads/main/College/Coaches/College%20Head%20Coaches/LaVell_Edwards/1985_brigham-young_roster.csv,Steve Lindsley,NA,QB,"2 Cmp, 3 Att, 26 Yds, 0 TD",1985,Brigham Young,LaVell Edwards
https://raw.githubusercontent.com/RKRoberts97/byu_football_tree/refs/heads/main/College/Coaches/College%20Head%20Coaches/LaVell_Edwards/1985_brigham-young_roster.csv,Vai Sikahema*,NA,RB,"58 Att, 383 Yds, 6.6 Avg",1985,Brigham Young,LaVell Edwards
https://raw.githubusercontent.com/RKRoberts97/byu_football_tree/refs/heads/main/College/Coaches/College%20Head%20Coaches/LaVell_Edwards/1985_brigham-young_roster.csv,Lakei Heimuli*,NA,RB,"188 Att, 857 Yds, 4.6 Avg",1985,Brigham Young,LaVell Edwards
https://raw.githubusercontent.com/RKRoberts97/byu_football_tree/refs/heads/main/College/Coaches/College%20Head%20Coaches/LaVell_Edwards/1985_brigham-young_roster.csv,Tom Tuipulotu,NA,RB,"90 Att, 587 Yds, 6.5 Avg",1985,Brigham Young,LaVell Edwards
https://raw.githubusercontent.com/RKRoberts97/byu_football_tree/refs/heads/main/College/Coaches/College%20Head%20Coaches/LaVell_Edwards/1985_brigham-young_roster.csv,Kelly Smith,NA,RB,"49 Rec, 530 Yds, 10.8 Avg",1985,Brigham Young,LaVell Edwards
https://raw.githubusercontent.com/RKRoberts97/byu_football_tree/refs/heads/main/College/Coaches/College%20Head%20Coaches/LaVell_Edwards/1985_brigham-young_roster.csv,Bruce Hansen,NA,RB,"15 Att, 64 Yds, 4.3 Avg",1985,Brigham Young,LaVell Edwards
https://raw.githubusercontent.com/RKRoberts97/byu_football_tree/refs/heads/main/College/Coaches/College%20Head%20Coaches/LaVell_Edwards/1985_brigham-young_roster.csv,Alema Harrington,NA,RB,"14 Att, 44 Yds, 3.1 Avg",1985,Brigham Young,LaVell Edwards
https://raw.githubusercontent.com/RKRoberts97/byu_football_tree/refs/heads/main/College/Coaches/College%20Head%20Coaches/LaVell_Edwards/1985_brigham-young_roster.csv,Ed Rowe,NA,RB,"9 Att, 20 Yds, 2.2 Avg",1985,Brigham Young,LaVell Edwards
https://raw.githubusercontent.com/RKRoberts97/byu_football_tree/refs/heads/main/College/Coaches/College%20Head%20Coaches/LaVell_Edwards/1985_brigham-young_roster.csv,Glen Kozlowski*,NA,WR,"23 Rec, 436 Yds, 19.0 Avg",1985,Brigham Young,LaVell Edwards
https://raw.githubusercontent.com/RKRoberts97/byu_football_tree/refs/heads/main/College/Coaches/College%20Head%20Coaches/LaVell_Edwards/1985_brigham-young_roster.csv,Mark Bellini*,NA,WR,"63 Rec, 1008 Yds, 16.0 Avg",1985,Brigham Young,LaVell Edwards
https://raw.githubusercontent.com/RKRoberts97/byu_football_tree/refs/heads/main/College/Coaches/College%20Head%20Coaches/LaVell_Edwards/1985_brigham-young_roster.csv,Jim Edwards,NA,WR,"8 Rec, 114 Yds, 14.3 Avg",1985,Brigham Young,LaVell Edwards
https://raw.githubusercontent.com/RKRoberts97/byu_football_tree/refs/heads/main/College/Coaches/College%20Head%20Coaches/LaVell_Edwards/1985_brigham-young_roster.csv,Scott Norberg,NA,WR,"21 Rec, 281 Yds, 13.4 Avg",1985,Brigham Young,LaVell Edwards
https://raw.githubusercontent.com/RKRoberts97/byu_football_tree/refs/heads/main/College/Coaches/College%20Head%20Coaches/LaVell_Edwards/1985_brigham-young_roster.csv,David Miles,NA,WR,"8 Rec, 86 Yds, 10.8 Avg",1985,Brigham Young,LaVell Edwards
https://raw.githubusercontent.com/RKRoberts97/byu_football_tree/refs/heads/main/College/Coaches/College%20Head%20Coaches/LaVell_Edwards/1985_brigham-young_roster.csv,Keith Doman,NA,WR,"3 Rec, 53 Yds, 17.7 Avg",1985,Brigham Young,LaVell Edwards
https://raw.githubusercontent.com/RKRoberts97/byu_football_tree/refs/heads/main/College/Coaches/College%20Head%20Coaches/LaVell_Edwards/1985_brigham-young_roster.csv,Trevor Molini*,NA,TE,"63 Rec, 849 Yds, 13.5 Avg",1985,Brigham Young,LaVell Edwards
https://raw.githubusercontent.com/RKRoberts97/byu_football_tree/refs/heads/main/College/Coaches/College%20Head%20Coaches/LaVell_Edwards/1985_brigham-young_roster.csv,Lance Lindley,NA,TE,"13 Rec, 120 Yds, 9.2 Avg",1985,Brigham Young,LaVell Edwards
https://raw.githubusercontent.com/RKRoberts97/byu_football_tree/refs/heads/main/College/Coaches/College%20Head%20Coaches/LaVell_Edwards/1985_brigham-young_roster.csv,George Tavita,NA,TE,"3 Rec, 35 Yds, 11.7 Avg",1985,Brigham Young,LaVell Edwards
https://raw.githubusercontent.com/RKRoberts97/byu_football_tree/refs/heads/main/College/Coaches/College%20Head%20Coaches/LaVell_Edwards/1985_brigham-young_roster.csv,John Borgia*,NA,OL,,1985,Brigham Young,LaVell Edwards
https://raw.githubusercontent.com/RKRoberts97/byu_football_tree/refs/heads/main/College/Coaches/College%20Head%20Coaches/LaVell_Edwards/1985_brigham-young_roster.csv,Keith McCullough*,NA,OL,,1985,Brigham Young,LaVell Edwards
https://raw.githubusercontent.com/RKRoberts97/byu_football_tree/refs/heads/main/College/Coaches/College%20Head%20Coaches/LaVell_Edwards/1985_brigham-young_roster.csv,Scott Robinson*,NA,OL,,1985,Brigham Young,LaVell Edwards
https://raw.githubusercontent.com/RKRoberts97/byu_football_tree/refs/heads/main/College/Coaches/College%20Head%20Coaches/LaVell_Edwards/1985_brigham-young_roster.csv,Dave Tidwell*,NA,OL,,1985,Brigham Young,LaVell Edwards
https://raw.githubusercontent.com/RKRoberts97/byu_football_tree/refs/heads/main/College/Coaches/College%20Head%20Coaches/LaVell_Edwards/1985_brigham-young_roster.csv,Dave Wright*,NA,OL,,1985,Brigham Young,LaVell Edwards
https://raw.githubusercontent.com/RKRoberts97/byu_football_tree/refs/heads/main/College/Coaches/College%20Head%20Coaches/LaVell_Edwards/1985_brigham-young_roster.csv,Mark Ormsby,NA,K,,1985,Brigham Young,LaVell Edwards
https://raw.githubusercontent.com/RKRoberts97/byu_football_tree/refs/heads/main/College/Coaches/College%20Head%20Coaches/LaVell_Edwards/1985_brigham-young_roster.csv,Gary Webster,NA,K,,1985,Brigham Young,LaVell Edwards
https://raw.githubusercontent.com/RKRoberts97/byu_football_tree/refs/heads/main/College/Coaches/College%20Head%20Coaches/LaVell_Edwards/1985_brigham-young_roster.csv,Jason Buck*,NA,DL,,1985,Brigham Young,LaVell Edwards
https://raw.githubusercontent.com/RKRoberts97/byu_football_tree/refs/heads/main/College/Coaches/College%20Head%20Coaches/LaVell_Edwards/1985_brigham-young_roster.csv,Shawn Knight*,NA,DL,,1985,Brigham Young,LaVell Edwards
https://raw.githubusercontent.com/RKRoberts97/byu_football_tree/refs/heads/main/College/Coaches/College%20Head%20Coaches/LaVell_Edwards/1985_brigham-young_roster.csv,Ken Smith*,NA,DL,,1985,Brigham Young,LaVell Edwards
https://raw.githubusercontent.com/RKRoberts97/byu_football_tree/refs/heads/main/College/Coaches/College%20Head%20Coaches/LaVell_Edwards/1985_brigham-young_roster.csv,David Futrell,NA,DL,,1985,Brigham Young,LaVell Edwards
https://raw.githubusercontent.com/RKRoberts97/byu_football_tree/refs/heads/main/College/Coaches/College%20Head%20Coaches/LaVell_Edwards/1985_brigham-young_roster.csv,Ladd Akeo*,NA,LB,,1985,Brigham Young,LaVell Edwards
https://raw.githubusercontent.com/RKRoberts97/byu_football_tree/refs/heads/main/College/Coaches/College%20Head%20Coaches/LaVell_Edwards/1985_brigham-young_roster.csv,Kurt Gouveia*,NA,LB,,1985,Brigham Young,LaVell Edwards
https://raw.githubusercontent.com/RKRoberts97/byu_football_tree/refs/heads/main/College/Coaches/College%20Head%20Coaches/LaVell_Edwards/1985_brigham-young_roster.csv,Leon White*,NA,LB,,1985,Brigham Young,LaVell Edwards
https://raw.githubusercontent.com/RKRoberts97/byu_football_tree/refs/heads/main/College/Coaches/College%20Head%20Coaches/LaVell_Edwards/1985_brigham-young_roster.csv,Cary Whittingham*,NA,LB,,1985,Brigham Young,LaVell Edwards
https://raw.githubusercontent.com/RKRoberts97/byu_football_tree/refs/heads/main/College/Coaches/College%20Head%20Coaches/LaVell_Edwards/1985_brigham-young_roster.csv,Steve Sanders,NA,LB,,1985,Brigham Young,LaVell Edwards
https://raw.githubusercontent.com/RKRoberts97/byu_football_tree/refs/heads/main/College/Coaches/College%20Head%20Coaches/LaVell_Edwards/1985_brigham-young_roster.csv,Rob Ledenko*,NA,DB,,1985,Brigham Young,LaVell Edwards
https://raw.githubusercontent.com/RKRoberts97/byu_football_tree/refs/heads/main/College/Coaches/College%20Head%20Coaches/LaVell_Edwards/1985_brigham-young_roster.csv,Marc Sherman*,NA,DB,,1985,Brigham Young,LaVell Edwards
https://raw.githubusercontent.com/RKRoberts97/byu_football_tree/refs/heads/main/College/Coaches/College%20Head%20Coaches/LaVell_Edwards/1985_brigham-young_roster.csv,Jeff Sprowls*,NA,DB,,1985,Brigham Young,LaVell Edwards
https://raw.githubusercontent.com/RKRoberts97/byu_football_tree/refs/heads/main/College/Coaches/College%20Head%20Coaches/LaVell_Edwards/1985_brigham-young_roster.csv,Rodney Thomas*,NA,DB,,1985,Brigham Young,LaVell Edwards
https://raw.githubusercontent.com/RKRoberts97/byu_football_tree/refs/heads/main/College/Coaches/College%20Head%20Coaches/LaVell_Edwards/1985_brigham-young_roster.csv,Troy Long,NA,DB,,1985,Brigham Young,LaVell Edwards
https://raw.githubusercontent.com/RKRoberts97/byu_football_tree/refs/heads/main/College/Coaches/College%20Head%20Coaches/LaVell_Edwards/1985_brigham-young_roster.csv,Shane Shumway,NA,DB,,1985,Brigham Young,LaVell Edwards
https://raw.githubusercontent.com/RKRoberts97/byu_football_tree/refs/heads/main/College/Coaches/College%20Head%20Coaches/LaVell_Edwards/1985_brigham-young_roster.csv,Jeff Wilcox,NA,DB,,1985,Brigham Young,LaVell Edwards
https://raw.githubusercontent.com/RKRoberts97/byu_football_tree/refs/heads/main/College/Coaches/College%20Head%20Coaches/LaVell_Edwards/1985_brigham-young_roster.csv,Kevin Towle,NA,P,,1985,Brigham Young,LaVell Edwards
https://raw.githubusercontent.com/RKRoberts97/byu_football_tree/refs/heads/main/College/Coaches/College%20Head%20Coaches/LaVell_Edwards/1985_brigham-young_roster.csv,Pat Thompson,NA,P,,1985,Brigham Young,LaVell Edwards
https://raw.githubusercontent.com/RKRoberts97/byu_football_tree/refs/heads/main/College/Coaches/College%20Head%20Coaches/LaVell_Edwards/1985_brigham-young_roster.csv,John Oates,NA,KR,,1985,Brigham Young,LaVell Edwards
https://raw.githubusercontent.com/RKRoberts97/byu_football_tree/refs/heads/main/College/Coaches/College%20Head%20Coaches/LaVell_Edwards/1986_brigham-young_roster.csv,Steve Lindsley*,NA,QB,"180 Cmp, 287 Att, 2247 Yds, 12 TD",1986,Brigham Young,LaVell Edwards
https://raw.githubusercontent.com/RKRoberts97/byu_football_tree/refs/heads/main/College/Coaches/College%20Head%20Coaches/LaVell_Edwards/1986_brigham-young_roster.csv,Bob Jensen,NA,QB,"25 Cmp, 54 Att, 465 Yds, 3 TD",1986,Brigham Young,LaVell Edwards
https://raw.githubusercontent.com/RKRoberts97/byu_football_tree/refs/heads/main/College/Coaches/College%20Head%20Coaches/LaVell_Edwards/1986_brigham-young_roster.csv,Mike Young,NA,QB,"8 Cmp, 14 Att, 115 Yds, 1 TD",1986,Brigham Young,LaVell Edwards
https://raw.githubusercontent.com/RKRoberts97/byu_football_tree/refs/heads/main/College/Coaches/College%20Head%20Coaches/LaVell_Edwards/1986_brigham-young_roster.csv,Lakei Heimuli*,NA,RB,"230 Att, 966 Yds, 4.2 Avg",1986,Brigham Young,LaVell Edwards
https://raw.githubusercontent.com/RKRoberts97/byu_football_tree/refs/heads/main/College/Coaches/College%20Head%20Coaches/LaVell_Edwards/1986_brigham-young_roster.csv,Robert Parker*,NA,RB,"86 Att, 542 Yds, 6.3 Avg",1986,Brigham Young,LaVell Edwards
https://raw.githubusercontent.com/RKRoberts97/byu_football_tree/refs/heads/main/College/Coaches/College%20Head%20Coaches/LaVell_Edwards/1986_brigham-young_roster.csv,Bruce Hansen,NA,RB,"71 Att, 406 Yds, 5.7 Avg",1986,Brigham Young,LaVell Edwards
https://raw.githubusercontent.com/RKRoberts97/byu_football_tree/refs/heads/main/College/Coaches/College%20Head%20Coaches/LaVell_Edwards/1986_brigham-young_roster.csv,Roger Price,NA,RB,"10 Att, 54 Yds, 5.4 Avg",1986,Brigham Young,LaVell Edwards
https://raw.githubusercontent.com/RKRoberts97/byu_football_tree/refs/heads/main/College/Coaches/College%20Head%20Coaches/LaVell_Edwards/1986_brigham-young_roster.csv,Mike O'Brien,NA,RB,"4 Att, 15 Yds, 3.8 Avg",1986,Brigham Young,LaVell Edwards
https://raw.githubusercontent.com/RKRoberts97/byu_football_tree/refs/heads/main/College/Coaches/College%20Head%20Coaches/LaVell_Edwards/1986_brigham-young_roster.csv,Mark Bellini*,NA,WR,"46 Rec, 839 Yds, 18.2 Avg",1986,Brigham Young,LaVell Edwards
https://raw.githubusercontent.com/RKRoberts97/byu_football_tree/refs/heads/main/College/Coaches/College%20Head%20Coaches/LaVell_Edwards/1986_brigham-young_roster.csv,David Miles*,NA,WR,"6 Rec, 104 Yds, 17.3 Avg",1986,Brigham Young,LaVell Edwards
https://raw.githubusercontent.com/RKRoberts97/byu_football_tree/refs/heads/main/College/Coaches/College%20Head%20Coaches/LaVell_Edwards/1986_brigham-young_roster.csv,Rich Zayas,NA,WR,"8 Rec, 176 Yds, 22.0 Avg",1986,Brigham Young,LaVell Edwards
https://raw.githubusercontent.com/RKRoberts97/byu_football_tree/refs/heads/main/College/Coaches/College%20Head%20Coaches/LaVell_Edwards/1986_brigham-young_roster.csv,Kevin Doman,NA,WR,"5 Rec, 83 Yds, 16.6 Avg",1986,Brigham Young,LaVell Edwards
https://raw.githubusercontent.com/RKRoberts97/byu_football_tree/refs/heads/main/College/Coaches/College%20Head%20Coaches/LaVell_Edwards/1986_brigham-young_roster.csv,Chuck Cutler,NA,WR,"3 Rec, 13 Yds, 4.3 Avg",1986,Brigham Young,LaVell Edwards
https://raw.githubusercontent.com/RKRoberts97/byu_football_tree/refs/heads/main/College/Coaches/College%20Head%20Coaches/LaVell_Edwards/1986_brigham-young_roster.csv,Jim Edwards,NA,WR,"1 Rec, 4 Yds, 4.0 Avg",1986,Brigham Young,LaVell Edwards
https://raw.githubusercontent.com/RKRoberts97/byu_football_tree/refs/heads/main/College/Coaches/College%20Head%20Coaches/LaVell_Edwards/1986_brigham-young_roster.csv,Trevor Molini*,NA,TE,"34 Rec, 444 Yds, 13.1 Avg",1986,Brigham Young,LaVell Edwards
https://raw.githubusercontent.com/RKRoberts97/byu_football_tree/refs/heads/main/College/Coaches/College%20Head%20Coaches/LaVell_Edwards/1986_brigham-young_roster.csv,Darren Handley,NA,TE,"11 Rec, 178 Yds, 16.2 Avg",1986,Brigham Young,LaVell Edwards
https://raw.githubusercontent.com/RKRoberts97/byu_football_tree/refs/heads/main/College/Coaches/College%20Head%20Coaches/LaVell_Edwards/1986_brigham-young_roster.csv,Ralph Martini,NA,TE,"2 Rec, 6 Yds, 3.0 Avg",1986,Brigham Young,LaVell Edwards
https://raw.githubusercontent.com/RKRoberts97/byu_football_tree/refs/heads/main/College/Coaches/College%20Head%20Coaches/LaVell_Edwards/1986_brigham-young_roster.csv,Chris Bisho*,NA,OL,,1986,Brigham Young,LaVell Edwards
https://raw.githubusercontent.com/RKRoberts97/byu_football_tree/refs/heads/main/College/Coaches/College%20Head%20Coaches/LaVell_Edwards/1986_brigham-young_roster.csv,David King*,NA,OL,,1986,Brigham Young,LaVell Edwards
https://raw.githubusercontent.com/RKRoberts97/byu_football_tree/refs/heads/main/College/Coaches/College%20Head%20Coaches/LaVell_Edwards/1986_brigham-young_roster.csv,Chris Matau*,NA,OL,,1986,Brigham Young,LaVell Edwards
https://raw.githubusercontent.com/RKRoberts97/byu_football_tree/refs/heads/main/College/Coaches/College%20Head%20Coaches/LaVell_Edwards/1986_brigham-young_roster.csv,Brian White*,NA,OL,,1986,Brigham Young,LaVell Edwards
https://raw.githubusercontent.com/RKRoberts97/byu_football_tree/refs/heads/main/College/Coaches/College%20Head%20Coaches/LaVell_Edwards/1986_brigham-young_roster.csv,Brian Rodoni,NA,OL,,1986,Brigham Young,LaVell Edwards
https://raw.githubusercontent.com/RKRoberts97/byu_football_tree/refs/heads/main/College/Coaches/College%20Head%20Coaches/LaVell_Edwards/1986_brigham-young_roster.csv,Leonard Chitty,NA,K,,1986,Brigham Young,LaVell Edwards
https://raw.githubusercontent.com/RKRoberts97/byu_football_tree/refs/heads/main/College/Coaches/College%20Head%20Coaches/LaVell_Edwards/1986_brigham-young_roster.csv,Chris Germann,NA,K,,1986,Brigham Young,LaVell Edwards
https://raw.githubusercontent.com/RKRoberts97/byu_football_tree/refs/heads/main/College/Coaches/College%20Head%20Coaches/LaVell_Edwards/1986_brigham-young_roster.csv,Jason Buck*,NA,DL,,1986,Brigham Young,LaVell Edwards
https://raw.githubusercontent.com/RKRoberts97/byu_football_tree/refs/heads/main/College/Coaches/College%20Head%20Coaches/LaVell_Edwards/1986_brigham-young_roster.csv,David Futrell*,NA,DL,,1986,Brigham Young,LaVell Edwards
https://raw.githubusercontent.com/RKRoberts97/byu_football_tree/refs/heads/main/College/Coaches/College%20Head%20Coaches/LaVell_Edwards/1986_brigham-young_roster.csv,Shawn Knight*,NA,DL,,1986,Brigham Young,LaVell Edwards
https://raw.githubusercontent.com/RKRoberts97/byu_football_tree/refs/heads/main/College/Coaches/College%20Head%20Coaches/LaVell_Edwards/1986_brigham-young_roster.csv,Ladd Akeo*,NA,LB,,1986,Brigham Young,LaVell Edwards
https://raw.githubusercontent.com/RKRoberts97/byu_football_tree/refs/heads/main/College/Coaches/College%20Head%20Coaches/LaVell_Edwards/1986_brigham-young_roster.csv,Richard Hobbs*,NA,LB,,1986,Brigham Young,LaVell Edwards
https://raw.githubusercontent.com/RKRoberts97/byu_football_tree/refs/heads/main/College/Coaches/College%20Head%20Coaches/LaVell_Edwards/1986_brigham-young_roster.csv,Thor Salanoa*,NA,LB,,1986,Brigham Young,LaVell Edwards
https://raw.githubusercontent.com/RKRoberts97/byu_football_tree/refs/heads/main/College/Coaches/College%20Head%20Coaches/LaVell_Edwards/1986_brigham-young_roster.csv,J.C. VonColln*,NA,LB,,1986,Brigham Young,LaVell Edwards
https://raw.githubusercontent.com/RKRoberts97/byu_football_tree/refs/heads/main/College/Coaches/College%20Head%20Coaches/LaVell_Edwards/1986_brigham-young_roster.csv,Steve Kaufusi,NA,LB,,1986,Brigham Young,LaVell Edwards
https://raw.githubusercontent.com/RKRoberts97/byu_football_tree/refs/heads/main/College/Coaches/College%20Head%20Coaches/LaVell_Edwards/1986_brigham-young_roster.csv,Regan Hansen,NA,LB,,1986,Brigham Young,LaVell Edwards
https://raw.githubusercontent.com/RKRoberts97/byu_football_tree/refs/heads/main/College/Coaches/College%20Head%20Coaches/LaVell_Edwards/1986_brigham-young_roster.csv,Andy Katoa,NA,LB,,1986,Brigham Young,LaVell Edwards
https://raw.githubusercontent.com/RKRoberts97/byu_football_tree/refs/heads/main/College/Coaches/College%20Head%20Coaches/LaVell_Edwards/1986_brigham-young_roster.csv,Korey Rasmussen*,NA,DB,,1986,Brigham Young,LaVell Edwards
https://raw.githubusercontent.com/RKRoberts97/byu_football_tree/refs/heads/main/College/Coaches/College%20Head%20Coaches/LaVell_Edwards/1986_brigham-young_roster.csv,Shane Shumway*,NA,DB,,1986,Brigham Young,LaVell Edwards
https://raw.githubusercontent.com/RKRoberts97/byu_football_tree/refs/heads/main/College/Coaches/College%20Head%20Coaches/LaVell_Edwards/1986_brigham-young_roster.csv,Rodney Thomas*,NA,DB,,1986,Brigham Young,LaVell Edwards
https://raw.githubusercontent.com/RKRoberts97/byu_football_tree/refs/heads/main/College/Coaches/College%20Head%20Coaches/LaVell_Edwards/1986_brigham-young_roster.csv,Jeff Wilcox*,NA,DB,,1986,Brigham Young,LaVell Edwards
https://raw.githubusercontent.com/RKRoberts97/byu_football_tree/refs/heads/main/College/Coaches/College%20Head%20Coaches/LaVell_Edwards/1986_brigham-young_roster.csv,Troy Long,NA,DB,,1986,Brigham Young,LaVell Edwards
https://raw.githubusercontent.com/RKRoberts97/byu_football_tree/refs/heads/main/College/Coaches/College%20Head%20Coaches/LaVell_Edwards/1986_brigham-young_roster.csv,Scott Peterson,NA,DB,,1986,Brigham Young,LaVell Edwards
https://raw.githubusercontent.com/RKRoberts97/byu_football_tree/refs/heads/main/College/Coaches/College%20Head%20Coaches/LaVell_Edwards/1986_brigham-young_roster.csv,Pat Thompson,NA,P,,1986,Brigham Young,LaVell Edwards
https://raw.githubusercontent.com/RKRoberts97/byu_football_tree/refs/heads/main/College/Coaches/College%20Head%20Coaches/LaVell_Edwards/1987_brigham-young_roster.csv,Sean Covey*,NA,QB,"132 Cmp, 217 Att, 1688 Yds, 8 TD",1987,Brigham Young,LaVell Edwards
https://raw.githubusercontent.com/RKRoberts97/byu_football_tree/refs/heads/main/College/Coaches/College%20Head%20Coaches/LaVell_Edwards/1987_brigham-young_roster.csv,Bob Jensen,NA,QB,"144 Cmp, 259 Att, 1833 Yds, 10 TD",1987,Brigham Young,LaVell Edwards
https://raw.githubusercontent.com/RKRoberts97/byu_football_tree/refs/heads/main/College/Coaches/College%20Head%20Coaches/LaVell_Edwards/1987_brigham-young_roster.csv,Fred Whittingham*,NA,RB,"129 Att, 418 Yds, 3.2 Avg",1987,Brigham Young,LaVell Edwards
https://raw.githubusercontent.com/RKRoberts97/byu_football_tree/refs/heads/main/College/Coaches/College%20Head%20Coaches/LaVell_Edwards/1987_brigham-young_roster.csv,Matt Bellini*,NA,RB,"51 Rec, 548 Yds, 10.7 Avg",1987,Brigham Young,LaVell Edwards
https://raw.githubusercontent.com/RKRoberts97/byu_football_tree/refs/heads/main/College/Coaches/College%20Head%20Coaches/LaVell_Edwards/1987_brigham-young_roster.csv,Thor Salanoa*,NA,RB,"1 Att, 1 Yds, 1.0 Avg",1987,Brigham Young,LaVell Edwards
https://raw.githubusercontent.com/RKRoberts97/byu_football_tree/refs/heads/main/College/Coaches/College%20Head%20Coaches/LaVell_Edwards/1987_brigham-young_roster.csv,Mike O'Brien,NA,RB,"87 Att, 309 Yds, 3.6 Avg",1987,Brigham Young,LaVell Edwards
https://raw.githubusercontent.com/RKRoberts97/byu_football_tree/refs/heads/main/College/Coaches/College%20Head%20Coaches/LaVell_Edwards/1987_brigham-young_roster.csv,Mike Salido,NA,RB,"48 Att, 239 Yds, 5.0 Avg",1987,Brigham Young,LaVell Edwards
https://raw.githubusercontent.com/RKRoberts97/byu_football_tree/refs/heads/main/College/Coaches/College%20Head%20Coaches/LaVell_Edwards/1987_brigham-young_roster.csv,Peter Tuipulotu,NA,RB,"24 Att, 77 Yds, 3.2 Avg",1987,Brigham Young,LaVell Edwards
https://raw.githubusercontent.com/RKRoberts97/byu_football_tree/refs/heads/main/College/Coaches/College%20Head%20Coaches/LaVell_Edwards/1987_brigham-young_roster.csv,Alema Harrington,NA,RB,"6 Att, -8 Yds, -1.3 Avg",1987,Brigham Young,LaVell Edwards
https://raw.githubusercontent.com/RKRoberts97/byu_football_tree/refs/heads/main/College/Coaches/College%20Head%20Coaches/LaVell_Edwards/1987_brigham-young_roster.csv,David Miles*,NA,WR,"34 Rec, 581 Yds, 17.1 Avg",1987,Brigham Young,LaVell Edwards
https://raw.githubusercontent.com/RKRoberts97/byu_football_tree/refs/heads/main/College/Coaches/College%20Head%20Coaches/LaVell_Edwards/1987_brigham-young_roster.csv,Chuck Cutler*,NA,WR,"30 Rec, 444 Yds, 14.8 Avg",1987,Brigham Young,LaVell Edwards
https://raw.githubusercontent.com/RKRoberts97/byu_football_tree/refs/heads/main/College/Coaches/College%20Head%20Coaches/LaVell_Edwards/1987_brigham-young_roster.csv,Rich Zayas,NA,WR,"25 Rec, 489 Yds, 19.6 Avg",1987,Brigham Young,LaVell Edwards
https://raw.githubusercontent.com/RKRoberts97/byu_football_tree/refs/heads/main/College/Coaches/College%20Head%20Coaches/LaVell_Edwards/1987_brigham-young_roster.csv,Jeff Frandsen,NA,WR,"3 Rec, 28 Yds, 9.3 Avg",1987,Brigham Young,LaVell Edwards
https://raw.githubusercontent.com/RKRoberts97/byu_football_tree/refs/heads/main/College/Coaches/College%20Head%20Coaches/LaVell_Edwards/1987_brigham-young_roster.csv,Garen Jeppesen,NA,WR,"1 Rec, 7 Yds, 7.0 Avg",1987,Brigham Young,LaVell Edwards
https://raw.githubusercontent.com/RKRoberts97/byu_football_tree/refs/heads/main/College/Coaches/College%20Head%20Coaches/LaVell_Edwards/1987_brigham-young_roster.csv,Darren Handley*,NA,TE,"52 Rec, 636 Yds, 12.2 Avg",1987,Brigham Young,LaVell Edwards
https://raw.githubusercontent.com/RKRoberts97/byu_football_tree/refs/heads/main/College/Coaches/College%20Head%20Coaches/LaVell_Edwards/1987_brigham-young_roster.csv,Travis McBeth,NA,TE,"10 Rec, 230 Yds, 23.0 Avg",1987,Brigham Young,LaVell Edwards
https://raw.githubusercontent.com/RKRoberts97/byu_football_tree/refs/heads/main/College/Coaches/College%20Head%20Coaches/LaVell_Edwards/1987_brigham-young_roster.csv,Brian White*,NA,OL,,1987,Brigham Young,LaVell Edwards
https://raw.githubusercontent.com/RKRoberts97/byu_football_tree/refs/heads/main/College/Coaches/College%20Head%20Coaches/LaVell_Edwards/1987_brigham-young_roster.csv,John Borgia*,NA,OL,,1987,Brigham Young,LaVell Edwards
https://raw.githubusercontent.com/RKRoberts97/byu_football_tree/refs/heads/main/College/Coaches/College%20Head%20Coaches/LaVell_Edwards/1987_brigham-young_roster.csv,Don Busenbark*,NA,OL,,1987,Brigham Young,LaVell Edwards
https://raw.githubusercontent.com/RKRoberts97/byu_football_tree/refs/heads/main/College/Coaches/College%20Head%20Coaches/LaVell_Edwards/1987_brigham-young_roster.csv,John Hunter*,NA,OL,,1987,Brigham Young,LaVell Edwards
https://raw.githubusercontent.com/RKRoberts97/byu_football_tree/refs/heads/main/College/Coaches/College%20Head%20Coaches/LaVell_Edwards/1987_brigham-young_roster.csv,Phil Nauahi*,NA,OL,,1987,Brigham Young,LaVell Edwards
https://raw.githubusercontent.com/RKRoberts97/byu_football_tree/refs/heads/main/College/Coaches/College%20Head%20Coaches/LaVell_Edwards/1987_brigham-young_roster.csv,Brian Rodoni,NA,OL,,1987,Brigham Young,LaVell Edwards
https://raw.githubusercontent.com/RKRoberts97/byu_football_tree/refs/heads/main/College/Coaches/College%20Head%20Coaches/LaVell_Edwards/1987_brigham-young_roster.csv,Warren Wheat,NA,OL,,1987,Brigham Young,LaVell Edwards
https://raw.githubusercontent.com/RKRoberts97/byu_football_tree/refs/heads/main/College/Coaches/College%20Head%20Coaches/LaVell_Edwards/1987_brigham-young_roster.csv,Leonard Chitty,NA,K,,1987,Brigham Young,LaVell Edwards
https://raw.githubusercontent.com/RKRoberts97/byu_football_tree/refs/heads/main/College/Coaches/College%20Head%20Coaches/LaVell_Edwards/1987_brigham-young_roster.csv,Tim Clark*,NA,DL,,1987,Brigham Young,LaVell Edwards
https://raw.githubusercontent.com/RKRoberts97/byu_football_tree/refs/heads/main/College/Coaches/College%20Head%20Coaches/LaVell_Edwards/1987_brigham-young_roster.csv,David Futrell*,NA,DL,,1987,Brigham Young,LaVell Edwards
https://raw.githubusercontent.com/RKRoberts97/byu_football_tree/refs/heads/main/College/Coaches/College%20Head%20Coaches/LaVell_Edwards/1987_brigham-young_roster.csv,Craig Patterson*,NA,DL,,1987,Brigham Young,LaVell Edwards
https://raw.githubusercontent.com/RKRoberts97/byu_football_tree/refs/heads/main/College/Coaches/College%20Head%20Coaches/LaVell_Edwards/1987_brigham-young_roster.csv,Steve Kaufusi,NA,DL,,1987,Brigham Young,LaVell Edwards
https://raw.githubusercontent.com/RKRoberts97/byu_football_tree/refs/heads/main/College/Coaches/College%20Head%20Coaches/LaVell_Edwards/1987_brigham-young_roster.csv,Bob Davis*,NA,LB,,1987,Brigham Young,LaVell Edwards
https://raw.githubusercontent.com/RKRoberts97/byu_football_tree/refs/heads/main/College/Coaches/College%20Head%20Coaches/LaVell_Edwards/1987_brigham-young_roster.csv,Regan Hansen*,NA,LB,,1987,Brigham Young,LaVell Edwards
https://raw.githubusercontent.com/RKRoberts97/byu_football_tree/refs/heads/main/College/Coaches/College%20Head%20Coaches/LaVell_Edwards/1987_brigham-young_roster.csv,Richard Hobbs*,NA,LB,,1987,Brigham Young,LaVell Edwards
https://raw.githubusercontent.com/RKRoberts97/byu_football_tree/refs/heads/main/College/Coaches/College%20Head%20Coaches/LaVell_Edwards/1987_brigham-young_roster.csv,Chad Robinson,NA,LB,,1987,Brigham Young,LaVell Edwards
https://raw.githubusercontent.com/RKRoberts97/byu_football_tree/refs/heads/main/College/Coaches/College%20Head%20Coaches/LaVell_Edwards/1987_brigham-young_roster.csv,J.C. VonColln,NA,LB,,1987,Brigham Young,LaVell Edwards
https://raw.githubusercontent.com/RKRoberts97/byu_football_tree/refs/heads/main/College/Coaches/College%20Head%20Coaches/LaVell_Edwards/1987_brigham-young_roster.csv,David Porter,NA,LB,,1987,Brigham Young,LaVell Edwards
https://raw.githubusercontent.com/RKRoberts97/byu_football_tree/refs/heads/main/College/Coaches/College%20Head%20Coaches/LaVell_Edwards/1987_brigham-young_roster.csv,Paul Sinclair,NA,LB,,1987,Brigham Young,LaVell Edwards
https://raw.githubusercontent.com/RKRoberts97/byu_football_tree/refs/heads/main/College/Coaches/College%20Head%20Coaches/LaVell_Edwards/1987_brigham-young_roster.csv,Troy Long*,NA,DB,,1987,Brigham Young,LaVell Edwards
https://raw.githubusercontent.com/RKRoberts97/byu_football_tree/refs/heads/main/College/Coaches/College%20Head%20Coaches/LaVell_Edwards/1987_brigham-young_roster.csv,Scott Peterson*,NA,DB,,1987,Brigham Young,LaVell Edwards
https://raw.githubusercontent.com/RKRoberts97/byu_football_tree/refs/heads/main/College/Coaches/College%20Head%20Coaches/LaVell_Edwards/1987_brigham-young_roster.csv,Rodney Rice*,NA,DB,,1987,Brigham Young,LaVell Edwards
https://raw.githubusercontent.com/RKRoberts97/byu_football_tree/refs/heads/main/College/Coaches/College%20Head%20Coaches/LaVell_Edwards/1987_brigham-young_roster.csv,Rodney Thomas*,NA,DB,,1987,Brigham Young,LaVell Edwards
https://raw.githubusercontent.com/RKRoberts97/byu_football_tree/refs/heads/main/College/Coaches/College%20Head%20Coaches/LaVell_Edwards/1987_brigham-young_roster.csv,Darrin Lambert,NA,DB,,1987,Brigham Young,LaVell Edwards
https://raw.githubusercontent.com/RKRoberts97/byu_football_tree/refs/heads/main/College/Coaches/College%20Head%20Coaches/LaVell_Edwards/1987_brigham-young_roster.csv,Courtney Rogers,NA,DB,,1987,Brigham Young,LaVell Edwards
https://raw.githubusercontent.com/RKRoberts97/byu_football_tree/refs/heads/main/College/Coaches/College%20Head%20Coaches/LaVell_Edwards/1987_brigham-young_roster.csv,Pat Thompson,NA,P,,1987,Brigham Young,LaVell Edwards
https://raw.githubusercontent.com/RKRoberts97/byu_football_tree/refs/heads/main/College/Coaches/College%20Head%20Coaches/LaVell_Edwards/1988_brigham-young_roster.csv,Sean Covey*,NA,QB,"174 Cmp, 319 Att, 2607 Yds, 13 TD",1988,Brigham Young,LaVell Edwards
https://raw.githubusercontent.com/RKRoberts97/byu_football_tree/refs/heads/main/College/Coaches/College%20Head%20Coaches/LaVell_Edwards/1988_brigham-young_roster.csv,Ty Detmer,NA,QB,"83 Cmp, 153 Att, 1252 Yds, 13 TD",1988,Brigham Young,LaVell Edwards
https://raw.githubusercontent.com/RKRoberts97/byu_football_tree/refs/heads/main/College/Coaches/College%20Head%20Coaches/LaVell_Edwards/1988_brigham-young_roster.csv,Matt Bellini*,NA,RB,"98 Att, 488 Yds, 5.0 Avg",1988,Brigham Young,LaVell Edwards
https://raw.githubusercontent.com/RKRoberts97/byu_football_tree/refs/heads/main/College/Coaches/College%20Head%20Coaches/LaVell_Edwards/1988_brigham-young_roster.csv,Fred Whittingham*,NA,RB,"88 Att, 513 Yds, 5.8 Avg",1988,Brigham Young,LaVell Edwards
https://raw.githubusercontent.com/RKRoberts97/byu_football_tree/refs/heads/main/College/Coaches/College%20Head%20Coaches/LaVell_Edwards/1988_brigham-young_roster.csv,Mike O'Brien,NA,RB,"30 Att, 87 Yds, 2.9 Avg",1988,Brigham Young,LaVell Edwards
https://raw.githubusercontent.com/RKRoberts97/byu_football_tree/refs/heads/main/College/Coaches/College%20Head%20Coaches/LaVell_Edwards/1988_brigham-young_roster.csv,Mike Salido,NA,RB,"61 Att, 336 Yds, 5.5 Avg",1988,Brigham Young,LaVell Edwards
https://raw.githubusercontent.com/RKRoberts97/byu_football_tree/refs/heads/main/College/Coaches/College%20Head%20Coaches/LaVell_Edwards/1988_brigham-young_roster.csv,Eric Mortensen,NA,RB,"20 Att, 116 Yds, 5.8 Avg",1988,Brigham Young,LaVell Edwards
https://raw.githubusercontent.com/RKRoberts97/byu_football_tree/refs/heads/main/College/Coaches/College%20Head%20Coaches/LaVell_Edwards/1988_brigham-young_roster.csv,Stacey Corley,NA,RB,"15 Att, 76 Yds, 5.1 Avg",1988,Brigham Young,LaVell Edwards
https://raw.githubusercontent.com/RKRoberts97/byu_football_tree/refs/heads/main/College/Coaches/College%20Head%20Coaches/LaVell_Edwards/1988_brigham-young_roster.csv,Alema Harrington,NA,RB,"10 Att, 68 Yds, 6.8 Avg",1988,Brigham Young,LaVell Edwards
https://raw.githubusercontent.com/RKRoberts97/byu_football_tree/refs/heads/main/College/Coaches/College%20Head%20Coaches/LaVell_Edwards/1988_brigham-young_roster.csv,Michael Brooks,NA,RB,"7 Att, 13 Yds, 1.9 Avg",1988,Brigham Young,LaVell Edwards
https://raw.githubusercontent.com/RKRoberts97/byu_football_tree/refs/heads/main/College/Coaches/College%20Head%20Coaches/LaVell_Edwards/1988_brigham-young_roster.csv,Sim Tiatia,NA,RB,,1988,Brigham Young,LaVell Edwards
https://raw.githubusercontent.com/RKRoberts97/byu_football_tree/refs/heads/main/College/Coaches/College%20Head%20Coaches/LaVell_Edwards/1988_brigham-young_roster.csv,Chuck Cutler*,NA,WR,"64 Rec, 1039 Yds, 16.2 Avg",1988,Brigham Young,LaVell Edwards
https://raw.githubusercontent.com/RKRoberts97/byu_football_tree/refs/heads/main/College/Coaches/College%20Head%20Coaches/LaVell_Edwards/1988_brigham-young_roster.csv,Jeff Frandsen*,NA,WR,"20 Rec, 417 Yds, 20.9 Avg",1988,Brigham Young,LaVell Edwards
https://raw.githubusercontent.com/RKRoberts97/byu_football_tree/refs/heads/main/College/Coaches/College%20Head%20Coaches/LaVell_Edwards/1988_brigham-young_roster.csv,Bryce Doman,NA,WR,"10 Rec, 237 Yds, 23.7 Avg",1988,Brigham Young,LaVell Edwards
https://raw.githubusercontent.com/RKRoberts97/byu_football_tree/refs/heads/main/College/Coaches/College%20Head%20Coaches/LaVell_Edwards/1988_brigham-young_roster.csv,Tyler Anderson,NA,WR,"6 Rec, 159 Yds, 26.5 Avg",1988,Brigham Young,LaVell Edwards
https://raw.githubusercontent.com/RKRoberts97/byu_football_tree/refs/heads/main/College/Coaches/College%20Head%20Coaches/LaVell_Edwards/1988_brigham-young_roster.csv,Mail Odle,NA,WR,"3 Rec, 30 Yds, 10.0 Avg",1988,Brigham Young,LaVell Edwards
https://raw.githubusercontent.com/RKRoberts97/byu_football_tree/refs/heads/main/College/Coaches/College%20Head%20Coaches/LaVell_Edwards/1988_brigham-young_roster.csv,Darren Handley*,NA,TE,"34 Rec, 430 Yds, 12.6 Avg",1988,Brigham Young,LaVell Edwards
https://raw.githubusercontent.com/RKRoberts97/byu_football_tree/refs/heads/main/College/Coaches/College%20Head%20Coaches/LaVell_Edwards/1988_brigham-young_roster.csv,Travis McBeth,NA,TE,"12 Rec, 123 Yds, 10.3 Avg",1988,Brigham Young,LaVell Edwards
https://raw.githubusercontent.com/RKRoberts97/byu_football_tree/refs/heads/main/College/Coaches/College%20Head%20Coaches/LaVell_Edwards/1988_brigham-young_roster.csv,Chris Smith,NA,TE,"9 Rec, 121 Yds, 13.4 Avg",1988,Brigham Young,LaVell Edwards
https://raw.githubusercontent.com/RKRoberts97/byu_football_tree/refs/heads/main/College/Coaches/College%20Head%20Coaches/LaVell_Edwards/1988_brigham-young_roster.csv,Don Busenbark*,NA,OL,,1988,Brigham Young,LaVell Edwards
https://raw.githubusercontent.com/RKRoberts97/byu_football_tree/refs/heads/main/College/Coaches/College%20Head%20Coaches/LaVell_Edwards/1988_brigham-young_roster.csv,John Hunter*,NA,OL,,1988,Brigham Young,LaVell Edwards
https://raw.githubusercontent.com/RKRoberts97/byu_football_tree/refs/heads/main/College/Coaches/College%20Head%20Coaches/LaVell_Edwards/1988_brigham-young_roster.csv,Phil Nauahi*,NA,OL,,1988,Brigham Young,LaVell Edwards
https://raw.githubusercontent.com/RKRoberts97/byu_football_tree/refs/heads/main/College/Coaches/College%20Head%20Coaches/LaVell_Edwards/1988_brigham-young_roster.csv,Warren Wheat*,NA,OL,,1988,Brigham Young,LaVell Edwards
https://raw.githubusercontent.com/RKRoberts97/byu_football_tree/refs/heads/main/College/Coaches/College%20Head%20Coaches/LaVell_Edwards/1988_brigham-young_roster.csv,Brian White*,NA,OL,,1988,Brigham Young,LaVell Edwards
https://raw.githubusercontent.com/RKRoberts97/byu_football_tree/refs/heads/main/College/Coaches/College%20Head%20Coaches/LaVell_Edwards/1988_brigham-young_roster.csv,Mohammed Elewonibi,NA,OL,,1988,Brigham Young,LaVell Edwards
https://raw.githubusercontent.com/RKRoberts97/byu_football_tree/refs/heads/main/College/Coaches/College%20Head%20Coaches/LaVell_Edwards/1988_brigham-young_roster.csv,Jason Chaffetz,NA,K,,1988,Brigham Young,LaVell Edwards
https://raw.githubusercontent.com/RKRoberts97/byu_football_tree/refs/heads/main/College/Coaches/College%20Head%20Coaches/LaVell_Edwards/1988_brigham-young_roster.csv,Earl Kauffman,NA,K,,1988,Brigham Young,LaVell Edwards
https://raw.githubusercontent.com/RKRoberts97/byu_football_tree/refs/heads/main/College/Coaches/College%20Head%20Coaches/LaVell_Edwards/1988_brigham-young_roster.csv,Tim Clark*,NA,DL,,1988,Brigham Young,LaVell Edwards
https://raw.githubusercontent.com/RKRoberts97/byu_football_tree/refs/heads/main/College/Coaches/College%20Head%20Coaches/LaVell_Edwards/1988_brigham-young_roster.csv,Tim Knight*,NA,DL,,1988,Brigham Young,LaVell Edwards
https://raw.githubusercontent.com/RKRoberts97/byu_football_tree/refs/heads/main/College/Coaches/College%20Head%20Coaches/LaVell_Edwards/1988_brigham-young_roster.csv,Budd Orr*,NA,DL,,1988,Brigham Young,LaVell Edwards
https://raw.githubusercontent.com/RKRoberts97/byu_football_tree/refs/heads/main/College/Coaches/College%20Head%20Coaches/LaVell_Edwards/1988_brigham-young_roster.csv,Pete Harston,NA,DL,,1988,Brigham Young,LaVell Edwards
https://raw.githubusercontent.com/RKRoberts97/byu_football_tree/refs/heads/main/College/Coaches/College%20Head%20Coaches/LaVell_Edwards/1988_brigham-young_roster.csv,Mark Smith,NA,DL,,1988,Brigham Young,LaVell Edwards
https://raw.githubusercontent.com/RKRoberts97/byu_football_tree/refs/heads/main/College/Coaches/College%20Head%20Coaches/LaVell_Edwards/1988_brigham-young_roster.csv,Bob Davis*,NA,LB,,1988,Brigham Young,LaVell Edwards
https://raw.githubusercontent.com/RKRoberts97/byu_football_tree/refs/heads/main/College/Coaches/College%20Head%20Coaches/LaVell_Edwards/1988_brigham-young_roster.csv,Regan Hansen*,NA,LB,,1988,Brigham Young,LaVell Edwards
https://raw.githubusercontent.com/RKRoberts97/byu_football_tree/refs/heads/main/College/Coaches/College%20Head%20Coaches/LaVell_Edwards/1988_brigham-young_roster.csv,Duane Johnson*,NA,LB,,1988,Brigham Young,LaVell Edwards
https://raw.githubusercontent.com/RKRoberts97/byu_football_tree/refs/heads/main/College/Coaches/College%20Head%20Coaches/LaVell_Edwards/1988_brigham-young_roster.csv,Chad Robinson*,NA,LB,,1988,Brigham Young,LaVell Edwards
https://raw.githubusercontent.com/RKRoberts97/byu_football_tree/refs/heads/main/College/Coaches/College%20Head%20Coaches/LaVell_Edwards/1988_brigham-young_roster.csv,Marc Neal,NA,LB,,1988,Brigham Young,LaVell Edwards
https://raw.githubusercontent.com/RKRoberts97/byu_football_tree/refs/heads/main/College/Coaches/College%20Head%20Coaches/LaVell_Edwards/1988_brigham-young_roster.csv,Rocky Biegel,NA,LB,,1988,Brigham Young,LaVell Edwards
https://raw.githubusercontent.com/RKRoberts97/byu_football_tree/refs/heads/main/College/Coaches/College%20Head%20Coaches/LaVell_Edwards/1988_brigham-young_roster.csv,Eric Bergeson*,NA,DB,,1988,Brigham Young,LaVell Edwards
https://raw.githubusercontent.com/RKRoberts97/byu_football_tree/refs/heads/main/College/Coaches/College%20Head%20Coaches/LaVell_Edwards/1988_brigham-young_roster.csv,Troy Long*,NA,DB,,1988,Brigham Young,LaVell Edwards
https://raw.githubusercontent.com/RKRoberts97/byu_football_tree/refs/heads/main/College/Coaches/College%20Head%20Coaches/LaVell_Edwards/1988_brigham-young_roster.csv,Scott Peterson*,NA,DB,,1988,Brigham Young,LaVell Edwards
https://raw.githubusercontent.com/RKRoberts97/byu_football_tree/refs/heads/main/College/Coaches/College%20Head%20Coaches/LaVell_Edwards/1988_brigham-young_roster.csv,Rodney Rice*,NA,DB,,1988,Brigham Young,LaVell Edwards
https://raw.githubusercontent.com/RKRoberts97/byu_football_tree/refs/heads/main/College/Coaches/College%20Head%20Coaches/LaVell_Edwards/1988_brigham-young_roster.csv,Norm Dixon,NA,DB,,1988,Brigham Young,LaVell Edwards
https://raw.githubusercontent.com/RKRoberts97/byu_football_tree/refs/heads/main/College/Coaches/College%20Head%20Coaches/LaVell_Edwards/1988_brigham-young_roster.csv,Brian Mitchell,NA,DB,,1988,Brigham Young,LaVell Edwards
https://raw.githubusercontent.com/RKRoberts97/byu_football_tree/refs/heads/main/College/Coaches/College%20Head%20Coaches/LaVell_Edwards/1988_brigham-young_roster.csv,Josh Arnold,NA,DB,,1988,Brigham Young,LaVell Edwards
https://raw.githubusercontent.com/RKRoberts97/byu_football_tree/refs/heads/main/College/Coaches/College%20Head%20Coaches/LaVell_Edwards/1988_brigham-young_roster.csv,Tony Crutchfield,NA,DB,,1988,Brigham Young,LaVell Edwards
https://raw.githubusercontent.com/RKRoberts97/byu_football_tree/refs/heads/main/College/Coaches/College%20Head%20Coaches/LaVell_Edwards/1988_brigham-young_roster.csv,Ervin Lee,NA,DB,,1988,Brigham Young,LaVell Edwards
https://raw.githubusercontent.com/RKRoberts97/byu_football_tree/refs/heads/main/College/Coaches/College%20Head%20Coaches/LaVell_Edwards/1988_brigham-young_roster.csv,Pat Thompson,NA,P,,1988,Brigham Young,LaVell Edwards
https://raw.githubusercontent.com/RKRoberts97/byu_football_tree/refs/heads/main/College/Coaches/College%20Head%20Coaches/LaVell_Edwards/1989_brigham-young_roster.csv,Ty Detmer*,NA,QB,"265 Cmp, 412 Att, 4560 Yds, 32 TD",1989,Brigham Young,LaVell Edwards
https://raw.githubusercontent.com/RKRoberts97/byu_football_tree/refs/heads/main/College/Coaches/College%20Head%20Coaches/LaVell_Edwards/1989_brigham-young_roster.csv,Sean Covey,NA,QB,"14 Cmp, 21 Att, 172 Yds, 1 TD",1989,Brigham Young,LaVell Edwards
https://raw.githubusercontent.com/RKRoberts97/byu_football_tree/refs/heads/main/College/Coaches/College%20Head%20Coaches/LaVell_Edwards/1989_brigham-young_roster.csv,Fred Whittingham*,NA,RB,"109 Att, 582 Yds, 5.3 Avg",1989,Brigham Young,LaVell Edwards
https://raw.githubusercontent.com/RKRoberts97/byu_football_tree/refs/heads/main/College/Coaches/College%20Head%20Coaches/LaVell_Edwards/1989_brigham-young_roster.csv,Matt Bellini*,NA,RB,"90 Att, 389 Yds, 4.3 Avg",1989,Brigham Young,LaVell Edwards
https://raw.githubusercontent.com/RKRoberts97/byu_football_tree/refs/heads/main/College/Coaches/College%20Head%20Coaches/LaVell_Edwards/1989_brigham-young_roster.csv,Stacey Corley,NA,RB,"53 Att, 457 Yds, 8.6 Avg",1989,Brigham Young,LaVell Edwards
https://raw.githubusercontent.com/RKRoberts97/byu_football_tree/refs/heads/main/College/Coaches/College%20Head%20Coaches/LaVell_Edwards/1989_brigham-young_roster.csv,Eric Mortensen,NA,RB,"32 Att, 164 Yds, 5.1 Avg",1989,Brigham Young,LaVell Edwards
https://raw.githubusercontent.com/RKRoberts97/byu_football_tree/refs/heads/main/College/Coaches/College%20Head%20Coaches/LaVell_Edwards/1989_brigham-young_roster.csv,Peter Tuipulotu,NA,RB,"30 Att, 195 Yds, 6.5 Avg",1989,Brigham Young,LaVell Edwards
https://raw.githubusercontent.com/RKRoberts97/byu_football_tree/refs/heads/main/College/Coaches/College%20Head%20Coaches/LaVell_Edwards/1989_brigham-young_roster.csv,Scott Charlton,NA,RB,"9 Att, 43 Yds, 4.8 Avg",1989,Brigham Young,LaVell Edwards
https://raw.githubusercontent.com/RKRoberts97/byu_football_tree/refs/heads/main/College/Coaches/College%20Head%20Coaches/LaVell_Edwards/1989_brigham-young_roster.csv,Brad Clark,NA,RB,"4 Att, 26 Yds, 6.5 Avg",1989,Brigham Young,LaVell Edwards
https://raw.githubusercontent.com/RKRoberts97/byu_football_tree/refs/heads/main/College/Coaches/College%20Head%20Coaches/LaVell_Edwards/1989_brigham-young_roster.csv,Chad Knowles,NA,RB,"1 Att, 8 Yds, 8.0 Avg",1989,Brigham Young,LaVell Edwards
https://raw.githubusercontent.com/RKRoberts97/byu_football_tree/refs/heads/main/College/Coaches/College%20Head%20Coaches/LaVell_Edwards/1989_brigham-young_roster.csv,Andy Boyce*,NA,WR,"39 Rec, 712 Yds, 18.3 Avg",1989,Brigham Young,LaVell Edwards
https://raw.githubusercontent.com/RKRoberts97/byu_football_tree/refs/heads/main/College/Coaches/College%20Head%20Coaches/LaVell_Edwards/1989_brigham-young_roster.csv,Jeff Frandsen*,NA,WR,"32 Rec, 596 Yds, 18.6 Avg",1989,Brigham Young,LaVell Edwards
https://raw.githubusercontent.com/RKRoberts97/byu_football_tree/refs/heads/main/College/Coaches/College%20Head%20Coaches/LaVell_Edwards/1989_brigham-young_roster.csv,Nati Valdez,NA,WR,"6 Rec, 76 Yds, 12.7 Avg",1989,Brigham Young,LaVell Edwards
https://raw.githubusercontent.com/RKRoberts97/byu_football_tree/refs/heads/main/College/Coaches/College%20Head%20Coaches/LaVell_Edwards/1989_brigham-young_roster.csv,Brent Nyberg,NA,WR,"18 Rec, 315 Yds, 17.5 Avg",1989,Brigham Young,LaVell Edwards
https://raw.githubusercontent.com/RKRoberts97/byu_football_tree/refs/heads/main/College/Coaches/College%20Head%20Coaches/LaVell_Edwards/1989_brigham-young_roster.csv,Matt Odle,NA,WR,"16 Rec, 330 Yds, 20.6 Avg",1989,Brigham Young,LaVell Edwards
https://raw.githubusercontent.com/RKRoberts97/byu_football_tree/refs/heads/main/College/Coaches/College%20Head%20Coaches/LaVell_Edwards/1989_brigham-young_roster.csv,Micah Matsuzaki,NA,WR,"9 Rec, 174 Yds, 19.3 Avg",1989,Brigham Young,LaVell Edwards
https://raw.githubusercontent.com/RKRoberts97/byu_football_tree/refs/heads/main/College/Coaches/College%20Head%20Coaches/LaVell_Edwards/1989_brigham-young_roster.csv,Chris Smith*,NA,TE,"60 Rec, 1090 Yds, 18.2 Avg",1989,Brigham Young,LaVell Edwards
https://raw.githubusercontent.com/RKRoberts97/byu_football_tree/refs/heads/main/College/Coaches/College%20Head%20Coaches/LaVell_Edwards/1989_brigham-young_roster.csv,Matt Zundel,NA,TE,"3 Rec, 49 Yds, 16.3 Avg",1989,Brigham Young,LaVell Edwards
https://raw.githubusercontent.com/RKRoberts97/byu_football_tree/refs/heads/main/College/Coaches/College%20Head%20Coaches/LaVell_Edwards/1989_brigham-young_roster.csv,Fotu Katoa,NA,TE,"1 Rec, 15 Yds, 15.0 Avg",1989,Brigham Young,LaVell Edwards
https://raw.githubusercontent.com/RKRoberts97/byu_football_tree/refs/heads/main/College/Coaches/College%20Head%20Coaches/LaVell_Edwards/1989_brigham-young_roster.csv,Jim Balmforth*,NA,OL,,1989,Brigham Young,LaVell Edwards
https://raw.githubusercontent.com/RKRoberts97/byu_football_tree/refs/heads/main/College/Coaches/College%20Head%20Coaches/LaVell_Edwards/1989_brigham-young_roster.csv,Mohammed Elewonibi*,NA,OL,,1989,Brigham Young,LaVell Edwards
https://raw.githubusercontent.com/RKRoberts97/byu_football_tree/refs/heads/main/College/Coaches/College%20Head%20Coaches/LaVell_Edwards/1989_brigham-young_roster.csv,Neal Fort*,NA,OL,,1989,Brigham Young,LaVell Edwards
https://raw.githubusercontent.com/RKRoberts97/byu_football_tree/refs/heads/main/College/Coaches/College%20Head%20Coaches/LaVell_Edwards/1989_brigham-young_roster.csv,Robert Stephens*,NA,OL,,1989,Brigham Young,LaVell Edwards
https://raw.githubusercontent.com/RKRoberts97/byu_football_tree/refs/heads/main/College/Coaches/College%20Head%20Coaches/LaVell_Edwards/1989_brigham-young_roster.csv,Mike Keim,NA,OL,,1989,Brigham Young,LaVell Edwards
https://raw.githubusercontent.com/RKRoberts97/byu_football_tree/refs/heads/main/College/Coaches/College%20Head%20Coaches/LaVell_Edwards/1989_brigham-young_roster.csv,Jason Chaffetz,NA,K,,1989,Brigham Young,LaVell Edwards
https://raw.githubusercontent.com/RKRoberts97/byu_football_tree/refs/heads/main/College/Coaches/College%20Head%20Coaches/LaVell_Edwards/1989_brigham-young_roster.csv,Tim Adams*,NA,DL,,1989,Brigham Young,LaVell Edwards
https://raw.githubusercontent.com/RKRoberts97/byu_football_tree/refs/heads/main/College/Coaches/College%20Head%20Coaches/LaVell_Edwards/1989_brigham-young_roster.csv,Rich Kaufusi*,NA,DL,,1989,Brigham Young,LaVell Edwards
https://raw.githubusercontent.com/RKRoberts97/byu_football_tree/refs/heads/main/College/Coaches/College%20Head%20Coaches/LaVell_Edwards/1989_brigham-young_roster.csv,Budd Orr*,NA,DL,,1989,Brigham Young,LaVell Edwards
https://raw.githubusercontent.com/RKRoberts97/byu_football_tree/refs/heads/main/College/Coaches/College%20Head%20Coaches/LaVell_Edwards/1989_brigham-young_roster.csv,Rocky Biegel*,NA,LB,,1989,Brigham Young,LaVell Edwards
https://raw.githubusercontent.com/RKRoberts97/byu_football_tree/refs/heads/main/College/Coaches/College%20Head%20Coaches/LaVell_Edwards/1989_brigham-young_roster.csv,Bob Davis*,NA,LB,,1989,Brigham Young,LaVell Edwards
https://raw.githubusercontent.com/RKRoberts97/byu_football_tree/refs/heads/main/College/Coaches/College%20Head%20Coaches/LaVell_Edwards/1989_brigham-young_roster.csv,Duane Johnson*,NA,LB,,1989,Brigham Young,LaVell Edwards
https://raw.githubusercontent.com/RKRoberts97/byu_football_tree/refs/heads/main/College/Coaches/College%20Head%20Coaches/LaVell_Edwards/1989_brigham-young_roster.csv,Chad Robinson*,NA,LB,,1989,Brigham Young,LaVell Edwards
https://raw.githubusercontent.com/RKRoberts97/byu_football_tree/refs/heads/main/College/Coaches/College%20Head%20Coaches/LaVell_Edwards/1989_brigham-young_roster.csv,Mark Smith,NA,LB,,1989,Brigham Young,LaVell Edwards
https://raw.githubusercontent.com/RKRoberts97/byu_football_tree/refs/heads/main/College/Coaches/College%20Head%20Coaches/LaVell_Edwards/1989_brigham-young_roster.csv,Byron Beatty,NA,LB,,1989,Brigham Young,LaVell Edwards
https://raw.githubusercontent.com/RKRoberts97/byu_football_tree/refs/heads/main/College/Coaches/College%20Head%20Coaches/LaVell_Edwards/1989_brigham-young_roster.csv,Shad Hansen,NA,LB,,1989,Brigham Young,LaVell Edwards
https://raw.githubusercontent.com/RKRoberts97/byu_football_tree/refs/heads/main/College/Coaches/College%20Head%20Coaches/LaVell_Edwards/1989_brigham-young_roster.csv,Eric Bergeson*,NA,DB,,1989,Brigham Young,LaVell Edwards
https://raw.githubusercontent.com/RKRoberts97/byu_football_tree/refs/heads/main/College/Coaches/College%20Head%20Coaches/LaVell_Edwards/1989_brigham-young_roster.csv,Tony Crutchfield*,NA,DB,,1989,Brigham Young,LaVell Edwards
https://raw.githubusercontent.com/RKRoberts97/byu_football_tree/refs/heads/main/College/Coaches/College%20Head%20Coaches/LaVell_Edwards/1989_brigham-young_roster.csv,Norm Dixon*,NA,DB,,1989,Brigham Young,LaVell Edwards
https://raw.githubusercontent.com/RKRoberts97/byu_football_tree/refs/heads/main/College/Coaches/College%20Head%20Coaches/LaVell_Edwards/1989_brigham-young_roster.csv,Brian Mitchell*,NA,DB,,1989,Brigham Young,LaVell Edwards
https://raw.githubusercontent.com/RKRoberts97/byu_football_tree/refs/heads/main/College/Coaches/College%20Head%20Coaches/LaVell_Edwards/1989_brigham-young_roster.csv,Troy Fuller,NA,DB,,1989,Brigham Young,LaVell Edwards
https://raw.githubusercontent.com/RKRoberts97/byu_football_tree/refs/heads/main/College/Coaches/College%20Head%20Coaches/LaVell_Edwards/1989_brigham-young_roster.csv,Josh Arnold,NA,DB,,1989,Brigham Young,LaVell Edwards
https://raw.githubusercontent.com/RKRoberts97/byu_football_tree/refs/heads/main/College/Coaches/College%20Head%20Coaches/LaVell_Edwards/1989_brigham-young_roster.csv,Derwin Gray,NA,DB,,1989,Brigham Young,LaVell Edwards
https://raw.githubusercontent.com/RKRoberts97/byu_football_tree/refs/heads/main/College/Coaches/College%20Head%20Coaches/LaVell_Edwards/1989_brigham-young_roster.csv,David Henderson,NA,DB,,1989,Brigham Young,LaVell Edwards
https://raw.githubusercontent.com/RKRoberts97/byu_football_tree/refs/heads/main/College/Coaches/College%20Head%20Coaches/LaVell_Edwards/1989_brigham-young_roster.csv,Earl Kauffman,NA,P,,1989,Brigham Young,LaVell Edwards
https://raw.githubusercontent.com/RKRoberts97/byu_football_tree/refs/heads/main/College/Coaches/College%20Head%20Coaches/LaVell_Edwards/1990_brigham-young_roster.csv,Ty Detmer*,NA,QB,"361 Cmp, 562 Att, 5188 Yds, 41 TD",1990,Brigham Young,LaVell Edwards
https://raw.githubusercontent.com/RKRoberts97/byu_football_tree/refs/heads/main/College/Coaches/College%20Head%20Coaches/LaVell_Edwards/1990_brigham-young_roster.csv,Joe Evans,NA,QB,"11 Cmp, 16 Att, 148 Yds, 0 TD",1990,Brigham Young,LaVell Edwards
https://raw.githubusercontent.com/RKRoberts97/byu_football_tree/refs/heads/main/College/Coaches/College%20Head%20Coaches/LaVell_Edwards/1990_brigham-young_roster.csv,Brent Smith,NA,QB,,1990,Brigham Young,LaVell Edwards
https://raw.githubusercontent.com/RKRoberts97/byu_football_tree/refs/heads/main/College/Coaches/College%20Head%20Coaches/LaVell_Edwards/1990_brigham-young_roster.csv,Brock Spencer,NA,QB,,1990,Brigham Young,LaVell Edwards
https://raw.githubusercontent.com/RKRoberts97/byu_football_tree/refs/heads/main/College/Coaches/College%20Head%20Coaches/LaVell_Edwards/1990_brigham-young_roster.csv,Matt Bellini*,NA,RB,"59 Rec, 601 Yds, 10.2 Avg",1990,Brigham Young,LaVell Edwards
https://raw.githubusercontent.com/RKRoberts97/byu_football_tree/refs/heads/main/College/Coaches/College%20Head%20Coaches/LaVell_Edwards/1990_brigham-young_roster.csv,Peter Tuipulotu*,NA,RB,"98 Att, 637 Yds, 6.5 Avg",1990,Brigham Young,LaVell Edwards
https://raw.githubusercontent.com/RKRoberts97/byu_football_tree/refs/heads/main/College/Coaches/College%20Head%20Coaches/LaVell_Edwards/1990_brigham-young_roster.csv,Stacey Corley,NA,RB,"70 Att, 288 Yds, 4.1 Avg",1990,Brigham Young,LaVell Edwards
https://raw.githubusercontent.com/RKRoberts97/byu_football_tree/refs/heads/main/College/Coaches/College%20Head%20Coaches/LaVell_Edwards/1990_brigham-young_roster.csv,Mike Salido,NA,RB,"68 Att, 410 Yds, 6.0 Avg",1990,Brigham Young,LaVell Edwards
https://raw.githubusercontent.com/RKRoberts97/byu_football_tree/refs/heads/main/College/Coaches/College%20Head%20Coaches/LaVell_Edwards/1990_brigham-young_roster.csv,Scott Charlton,NA,RB,"37 Att, 168 Yds, 4.5 Avg",1990,Brigham Young,LaVell Edwards
https://raw.githubusercontent.com/RKRoberts97/byu_football_tree/refs/heads/main/College/Coaches/College%20Head%20Coaches/LaVell_Edwards/1990_brigham-young_roster.csv,Eric Mortensen,NA,RB,"18 Att, 70 Yds, 3.9 Avg",1990,Brigham Young,LaVell Edwards
https://raw.githubusercontent.com/RKRoberts97/byu_football_tree/refs/heads/main/College/Coaches/College%20Head%20Coaches/LaVell_Edwards/1990_brigham-young_roster.csv,Brad Clark,NA,RB,"7 Att, 25 Yds, 3.6 Avg",1990,Brigham Young,LaVell Edwards
https://raw.githubusercontent.com/RKRoberts97/byu_football_tree/refs/heads/main/College/Coaches/College%20Head%20Coaches/LaVell_Edwards/1990_brigham-young_roster.csv,Andy Boyce*,NA,WR,"79 Rec, 1241 Yds, 15.7 Avg",1990,Brigham Young,LaVell Edwards
https://raw.githubusercontent.com/RKRoberts97/byu_football_tree/refs/heads/main/College/Coaches/College%20Head%20Coaches/LaVell_Edwards/1990_brigham-young_roster.csv,Brent Nyberg*,NA,WR,"47 Rec, 816 Yds, 17.4 Avg",1990,Brigham Young,LaVell Edwards
https://raw.githubusercontent.com/RKRoberts97/byu_football_tree/refs/heads/main/College/Coaches/College%20Head%20Coaches/LaVell_Edwards/1990_brigham-young_roster.csv,Micah Matsuzaki,NA,WR,"26 Rec, 493 Yds, 19.0 Avg",1990,Brigham Young,LaVell Edwards
https://raw.githubusercontent.com/RKRoberts97/byu_football_tree/refs/heads/main/College/Coaches/College%20Head%20Coaches/LaVell_Edwards/1990_brigham-young_roster.csv,Nati Valdez,NA,WR,"8 Rec, 106 Yds, 13.3 Avg",1990,Brigham Young,LaVell Edwards
https://raw.githubusercontent.com/RKRoberts97/byu_football_tree/refs/heads/main/College/Coaches/College%20Head%20Coaches/LaVell_Edwards/1990_brigham-young_roster.csv,Eric Drage,NA,WR,"6 Rec, 87 Yds, 14.5 Avg",1990,Brigham Young,LaVell Edwards
https://raw.githubusercontent.com/RKRoberts97/byu_football_tree/refs/heads/main/College/Coaches/College%20Head%20Coaches/LaVell_Edwards/1990_brigham-young_roster.csv,Chris Smith*,NA,TE,"68 Rec, 1156 Yds, 17.0 Avg",1990,Brigham Young,LaVell Edwards
https://raw.githubusercontent.com/RKRoberts97/byu_football_tree/refs/heads/main/College/Coaches/College%20Head%20Coaches/LaVell_Edwards/1990_brigham-young_roster.csv,Matt Zundel,NA,TE,"5 Rec, 92 Yds, 18.4 Avg",1990,Brigham Young,LaVell Edwards
https://raw.githubusercontent.com/RKRoberts97/byu_football_tree/refs/heads/main/College/Coaches/College%20Head%20Coaches/LaVell_Edwards/1990_brigham-young_roster.csv,Byron Rex,NA,TE,"4 Rec, 50 Yds, 12.5 Avg",1990,Brigham Young,LaVell Edwards
https://raw.githubusercontent.com/RKRoberts97/byu_football_tree/refs/heads/main/College/Coaches/College%20Head%20Coaches/LaVell_Edwards/1990_brigham-young_roster.csv,Neal Fort*,NA,OL,,1990,Brigham Young,LaVell Edwards
https://raw.githubusercontent.com/RKRoberts97/byu_football_tree/refs/heads/main/College/Coaches/College%20Head%20Coaches/LaVell_Edwards/1990_brigham-young_roster.csv,Jim Balmforth*,NA,OL,,1990,Brigham Young,LaVell Edwards
https://raw.githubusercontent.com/RKRoberts97/byu_football_tree/refs/heads/main/College/Coaches/College%20Head%20Coaches/LaVell_Edwards/1990_brigham-young_roster.csv,Mike Keim*,NA,OL,,1990,Brigham Young,LaVell Edwards
https://raw.githubusercontent.com/RKRoberts97/byu_football_tree/refs/heads/main/College/Coaches/College%20Head%20Coaches/LaVell_Edwards/1990_brigham-young_roster.csv,Brian May*,NA,OL,,1990,Brigham Young,LaVell Edwards
https://raw.githubusercontent.com/RKRoberts97/byu_football_tree/refs/heads/main/College/Coaches/College%20Head%20Coaches/LaVell_Edwards/1990_brigham-young_roster.csv,Robert Stephens*,NA,OL,,1990,Brigham Young,LaVell Edwards
https://raw.githubusercontent.com/RKRoberts97/byu_football_tree/refs/heads/main/College/Coaches/College%20Head%20Coaches/LaVell_Edwards/1990_brigham-young_roster.csv,Earl Kauffman,NA,K,,1990,Brigham Young,LaVell Edwards
https://raw.githubusercontent.com/RKRoberts97/byu_football_tree/refs/heads/main/College/Coaches/College%20Head%20Coaches/LaVell_Edwards/1990_brigham-young_roster.csv,Keith Lever,NA,K,,1990,Brigham Young,LaVell Edwards
https://raw.githubusercontent.com/RKRoberts97/byu_football_tree/refs/heads/main/College/Coaches/College%20Head%20Coaches/LaVell_Edwards/1990_brigham-young_roster.csv,Pete Harston*,NA,DL,,1990,Brigham Young,LaVell Edwards
https://raw.githubusercontent.com/RKRoberts97/byu_football_tree/refs/heads/main/College/Coaches/College%20Head%20Coaches/LaVell_Edwards/1990_brigham-young_roster.csv,Rich Kaufusi*,NA,DL,,1990,Brigham Young,LaVell Edwards
https://raw.githubusercontent.com/RKRoberts97/byu_football_tree/refs/heads/main/College/Coaches/College%20Head%20Coaches/LaVell_Edwards/1990_brigham-young_roster.csv,Mark Smith*,NA,DL,,1990,Brigham Young,LaVell Edwards
https://raw.githubusercontent.com/RKRoberts97/byu_football_tree/refs/heads/main/College/Coaches/College%20Head%20Coaches/LaVell_Edwards/1990_brigham-young_roster.csv,Eddie Green,NA,DL,,1990,Brigham Young,LaVell Edwards
https://raw.githubusercontent.com/RKRoberts97/byu_football_tree/refs/heads/main/College/Coaches/College%20Head%20Coaches/LaVell_Edwards/1990_brigham-young_roster.csv,Rick Wilson,NA,DL,,1990,Brigham Young,LaVell Edwards
https://raw.githubusercontent.com/RKRoberts97/byu_football_tree/refs/heads/main/College/Coaches/College%20Head%20Coaches/LaVell_Edwards/1990_brigham-young_roster.csv,Rocky Biegel*,NA,LB,,1990,Brigham Young,LaVell Edwards
https://raw.githubusercontent.com/RKRoberts97/byu_football_tree/refs/heads/main/College/Coaches/College%20Head%20Coaches/LaVell_Edwards/1990_brigham-young_roster.csv,Alema Fitisemanu*,NA,LB,,1990,Brigham Young,LaVell Edwards
https://raw.githubusercontent.com/RKRoberts97/byu_football_tree/refs/heads/main/College/Coaches/College%20Head%20Coaches/LaVell_Edwards/1990_brigham-young_roster.csv,Scott Giles*,NA,LB,,1990,Brigham Young,LaVell Edwards
https://raw.githubusercontent.com/RKRoberts97/byu_football_tree/refs/heads/main/College/Coaches/College%20Head%20Coaches/LaVell_Edwards/1990_brigham-young_roster.csv,Shad Hansen*,NA,LB,,1990,Brigham Young,LaVell Edwards
https://raw.githubusercontent.com/RKRoberts97/byu_football_tree/refs/heads/main/College/Coaches/College%20Head%20Coaches/LaVell_Edwards/1990_brigham-young_roster.csv,Jared Leavitt,NA,LB,,1990,Brigham Young,LaVell Edwards
https://raw.githubusercontent.com/RKRoberts97/byu_football_tree/refs/heads/main/College/Coaches/College%20Head%20Coaches/LaVell_Edwards/1990_brigham-young_roster.csv,Josh Arnold*,NA,DB,,1990,Brigham Young,LaVell Edwards
https://raw.githubusercontent.com/RKRoberts97/byu_football_tree/refs/heads/main/College/Coaches/College%20Head%20Coaches/LaVell_Edwards/1990_brigham-young_roster.csv,Tony Crutchfield*,NA,DB,,1990,Brigham Young,LaVell Edwards
https://raw.githubusercontent.com/RKRoberts97/byu_football_tree/refs/heads/main/College/Coaches/College%20Head%20Coaches/LaVell_Edwards/1990_brigham-young_roster.csv,Derwin Gray*,NA,DB,,1990,Brigham Young,LaVell Edwards
https://raw.githubusercontent.com/RKRoberts97/byu_football_tree/refs/heads/main/College/Coaches/College%20Head%20Coaches/LaVell_Edwards/1990_brigham-young_roster.csv,Brian Mitchell*,NA,DB,,1990,Brigham Young,LaVell Edwards
https://raw.githubusercontent.com/RKRoberts97/byu_football_tree/refs/heads/main/College/Coaches/College%20Head%20Coaches/LaVell_Edwards/1990_brigham-young_roster.csv,Norm Dixon,NA,DB,,1990,Brigham Young,LaVell Edwards
https://raw.githubusercontent.com/RKRoberts97/byu_football_tree/refs/heads/main/College/Coaches/College%20Head%20Coaches/LaVell_Edwards/1990_brigham-young_roster.csv,Tau Harrington,NA,DB,,1990,Brigham Young,LaVell Edwards
https://raw.githubusercontent.com/RKRoberts97/byu_football_tree/refs/heads/main/College/Coaches/College%20Head%20Coaches/LaVell_Edwards/1990_brigham-young_roster.csv,David Henderson,NA,DB,,1990,Brigham Young,LaVell Edwards
https://raw.githubusercontent.com/RKRoberts97/byu_football_tree/refs/heads/main/College/Coaches/College%20Head%20Coaches/LaVell_Edwards/1990_brigham-young_roster.csv,Ervin Lee,NA,DB,,1990,Brigham Young,LaVell Edwards
https://raw.githubusercontent.com/RKRoberts97/byu_football_tree/refs/heads/main/College/Coaches/College%20Head%20Coaches/LaVell_Edwards/1990_brigham-young_roster.csv,Joe Herrick,NA,P,,1990,Brigham Young,LaVell Edwards
https://raw.githubusercontent.com/RKRoberts97/byu_football_tree/refs/heads/main/College/Coaches/College%20Head%20Coaches/LaVell_Edwards/1990_brigham-young_roster.csv,Brad Hunter,NA,P,,1990,Brigham Young,LaVell Edwards
https://raw.githubusercontent.com/RKRoberts97/byu_football_tree/refs/heads/main/College/Coaches/College%20Head%20Coaches/LaVell_Edwards/1990_brigham-young_roster.csv,Sim Tiatia,NA,KR,,1990,Brigham Young,LaVell Edwards
https://raw.githubusercontent.com/RKRoberts97/byu_football_tree/refs/heads/main/College/Coaches/College%20Head%20Coaches/LaVell_Edwards/1991_brigham-young_roster.csv,Ty Detmer*,NA,QB,"249 Cmp, 403 Att, 4031 Yds, 35 TD",1991,Brigham Young,LaVell Edwards
https://raw.githubusercontent.com/RKRoberts97/byu_football_tree/refs/heads/main/College/Coaches/College%20Head%20Coaches/LaVell_Edwards/1991_brigham-young_roster.csv,John Walsh,NA,QB,"8 Cmp, 16 Att, 94 Yds, 0 TD",1991,Brigham Young,LaVell Edwards
https://raw.githubusercontent.com/RKRoberts97/byu_football_tree/refs/heads/main/College/Coaches/College%20Head%20Coaches/LaVell_Edwards/1991_brigham-young_roster.csv,Peter Tuipulotu*,NA,RB,"125 Att, 619 Yds, 5.0 Avg",1991,Brigham Young,LaVell Edwards
https://raw.githubusercontent.com/RKRoberts97/byu_football_tree/refs/heads/main/College/Coaches/College%20Head%20Coaches/LaVell_Edwards/1991_brigham-young_roster.csv,Jamal Willis*,NA,RB,"86 Att, 520 Yds, 6.0 Avg",1991,Brigham Young,LaVell Edwards
https://raw.githubusercontent.com/RKRoberts97/byu_football_tree/refs/heads/main/College/Coaches/College%20Head%20Coaches/LaVell_Edwards/1991_brigham-young_roster.csv,Mark Atuaia,NA,RB,"76 Att, 361 Yds, 4.8 Avg",1991,Brigham Young,LaVell Edwards
https://raw.githubusercontent.com/RKRoberts97/byu_football_tree/refs/heads/main/College/Coaches/College%20Head%20Coaches/LaVell_Edwards/1991_brigham-young_roster.csv,Eric Mortensen,NA,RB,"21 Att, 92 Yds, 4.4 Avg",1991,Brigham Young,LaVell Edwards
https://raw.githubusercontent.com/RKRoberts97/byu_football_tree/refs/heads/main/College/Coaches/College%20Head%20Coaches/LaVell_Edwards/1991_brigham-young_roster.csv,Brad Clark,NA,RB,"10 Att, 45 Yds, 4.5 Avg",1991,Brigham Young,LaVell Edwards
https://raw.githubusercontent.com/RKRoberts97/byu_football_tree/refs/heads/main/College/Coaches/College%20Head%20Coaches/LaVell_Edwards/1991_brigham-young_roster.csv,Scott Charlton,NA,RB,,1991,Brigham Young,LaVell Edwards
https://raw.githubusercontent.com/RKRoberts97/byu_football_tree/refs/heads/main/College/Coaches/College%20Head%20Coaches/LaVell_Edwards/1991_brigham-young_roster.csv,Micah Matsuzaki*,NA,WR,"26 Rec, 437 Yds, 16.8 Avg",1991,Brigham Young,LaVell Edwards
https://raw.githubusercontent.com/RKRoberts97/byu_football_tree/refs/heads/main/College/Coaches/College%20Head%20Coaches/LaVell_Edwards/1991_brigham-young_roster.csv,Eric Drage*,NA,WR,"46 Rec, 1018 Yds, 22.1 Avg",1991,Brigham Young,LaVell Edwards
https://raw.githubusercontent.com/RKRoberts97/byu_football_tree/refs/heads/main/College/Coaches/College%20Head%20Coaches/LaVell_Edwards/1991_brigham-young_roster.csv,Tyler Anderson,NA,WR,"14 Rec, 293 Yds, 20.9 Avg",1991,Brigham Young,LaVell Edwards
https://raw.githubusercontent.com/RKRoberts97/byu_football_tree/refs/heads/main/College/Coaches/College%20Head%20Coaches/LaVell_Edwards/1991_brigham-young_roster.csv,Itula Mili,NA,WR,"10 Rec, 128 Yds, 12.8 Avg",1991,Brigham Young,LaVell Edwards
https://raw.githubusercontent.com/RKRoberts97/byu_football_tree/refs/heads/main/College/Coaches/College%20Head%20Coaches/LaVell_Edwards/1991_brigham-young_roster.csv,Erik Hughes,NA,WR,"2 Rec, 11 Yds, 5.5 Avg",1991,Brigham Young,LaVell Edwards
https://raw.githubusercontent.com/RKRoberts97/byu_football_tree/refs/heads/main/College/Coaches/College%20Head%20Coaches/LaVell_Edwards/1991_brigham-young_roster.csv,Nati Valdez,NA,WR,"24 Rec, 338 Yds, 14.1 Avg",1991,Brigham Young,LaVell Edwards
https://raw.githubusercontent.com/RKRoberts97/byu_football_tree/refs/heads/main/College/Coaches/College%20Head%20Coaches/LaVell_Edwards/1991_brigham-young_roster.csv,Otis Sterling,NA,WR,"5 Rec, 66 Yds, 13.2 Avg",1991,Brigham Young,LaVell Edwards
https://raw.githubusercontent.com/RKRoberts97/byu_football_tree/refs/heads/main/College/Coaches/College%20Head%20Coaches/LaVell_Edwards/1991_brigham-young_roster.csv,Bryce Doman,NA,WR,"4 Rec, 88 Yds, 22.0 Avg",1991,Brigham Young,LaVell Edwards
https://raw.githubusercontent.com/RKRoberts97/byu_football_tree/refs/heads/main/College/Coaches/College%20Head%20Coaches/LaVell_Edwards/1991_brigham-young_roster.csv,Tim Nowatzke,NA,WR,"4 Rec, 58 Yds, 14.5 Avg",1991,Brigham Young,LaVell Edwards
https://raw.githubusercontent.com/RKRoberts97/byu_football_tree/refs/heads/main/College/Coaches/College%20Head%20Coaches/LaVell_Edwards/1991_brigham-young_roster.csv,Byron Rex*,NA,TE,"38 Rec, 547 Yds, 14.4 Avg",1991,Brigham Young,LaVell Edwards
https://raw.githubusercontent.com/RKRoberts97/byu_football_tree/refs/heads/main/College/Coaches/College%20Head%20Coaches/LaVell_Edwards/1991_brigham-young_roster.csv,Matt Zundel,NA,TE,"1 Rec, 1 Yds, 1.0 Avg",1991,Brigham Young,LaVell Edwards
https://raw.githubusercontent.com/RKRoberts97/byu_football_tree/refs/heads/main/College/Coaches/College%20Head%20Coaches/LaVell_Edwards/1991_brigham-young_roster.csv,Tom Ladd*,NA,OL,,1991,Brigham Young,LaVell Edwards
https://raw.githubusercontent.com/RKRoberts97/byu_football_tree/refs/heads/main/College/Coaches/College%20Head%20Coaches/LaVell_Edwards/1991_brigham-young_roster.csv,Eli Herring*,NA,OL,,1991,Brigham Young,LaVell Edwards
https://raw.githubusercontent.com/RKRoberts97/byu_football_tree/refs/heads/main/College/Coaches/College%20Head%20Coaches/LaVell_Edwards/1991_brigham-young_roster.csv,Bryan May*,NA,OL,,1991,Brigham Young,LaVell Edwards
https://raw.githubusercontent.com/RKRoberts97/byu_football_tree/refs/heads/main/College/Coaches/College%20Head%20Coaches/LaVell_Edwards/1991_brigham-young_roster.csv,Garry Pay*,NA,OL,,1991,Brigham Young,LaVell Edwards
https://raw.githubusercontent.com/RKRoberts97/byu_football_tree/refs/heads/main/College/Coaches/College%20Head%20Coaches/LaVell_Edwards/1991_brigham-young_roster.csv,Garett Tujague*,NA,OL,,1991,Brigham Young,LaVell Edwards
https://raw.githubusercontent.com/RKRoberts97/byu_football_tree/refs/heads/main/College/Coaches/College%20Head%20Coaches/LaVell_Edwards/1991_brigham-young_roster.csv,Scott Brumfield,NA,OL,,1991,Brigham Young,LaVell Edwards
https://raw.githubusercontent.com/RKRoberts97/byu_football_tree/refs/heads/main/College/Coaches/College%20Head%20Coaches/LaVell_Edwards/1991_brigham-young_roster.csv,Mike Empey,NA,OL,,1991,Brigham Young,LaVell Edwards
https://raw.githubusercontent.com/RKRoberts97/byu_football_tree/refs/heads/main/College/Coaches/College%20Head%20Coaches/LaVell_Edwards/1991_brigham-young_roster.csv,Earl Kauffman,NA,K,,1991,Brigham Young,LaVell Edwards
https://raw.githubusercontent.com/RKRoberts97/byu_football_tree/refs/heads/main/College/Coaches/College%20Head%20Coaches/LaVell_Edwards/1991_brigham-young_roster.csv,Keith Lever,NA,K,,1991,Brigham Young,LaVell Edwards
https://raw.githubusercontent.com/RKRoberts97/byu_football_tree/refs/heads/main/College/Coaches/College%20Head%20Coaches/LaVell_Edwards/1991_brigham-young_roster.csv,Randy Brock*,NA,DL,,1991,Brigham Young,LaVell Edwards
https://raw.githubusercontent.com/RKRoberts97/byu_football_tree/refs/heads/main/College/Coaches/College%20Head%20Coaches/LaVell_Edwards/1991_brigham-young_roster.csv,Lenny Gomes*,NA,DL,,1991,Brigham Young,LaVell Edwards
https://raw.githubusercontent.com/RKRoberts97/byu_football_tree/refs/heads/main/College/Coaches/College%20Head%20Coaches/LaVell_Edwards/1991_brigham-young_roster.csv,Greg Pitts*,NA,DL,,1991,Brigham Young,LaVell Edwards
https://raw.githubusercontent.com/RKRoberts97/byu_football_tree/refs/heads/main/College/Coaches/College%20Head%20Coaches/LaVell_Edwards/1991_brigham-young_roster.csv,Scott Sralla,NA,DL,,1991,Brigham Young,LaVell Edwards
https://raw.githubusercontent.com/RKRoberts97/byu_football_tree/refs/heads/main/College/Coaches/College%20Head%20Coaches/LaVell_Edwards/1991_brigham-young_roster.csv,Rocky Biegel*,NA,LB,,1991,Brigham Young,LaVell Edwards
https://raw.githubusercontent.com/RKRoberts97/byu_football_tree/refs/heads/main/College/Coaches/College%20Head%20Coaches/LaVell_Edwards/1991_brigham-young_roster.csv,Scott Giles*,NA,LB,,1991,Brigham Young,LaVell Edwards
https://raw.githubusercontent.com/RKRoberts97/byu_football_tree/refs/heads/main/College/Coaches/College%20Head%20Coaches/LaVell_Edwards/1991_brigham-young_roster.csv,Shad Hansen*,NA,LB,,1991,Brigham Young,LaVell Edwards
https://raw.githubusercontent.com/RKRoberts97/byu_football_tree/refs/heads/main/College/Coaches/College%20Head%20Coaches/LaVell_Edwards/1991_brigham-young_roster.csv,Jared Leavitt*,NA,LB,,1991,Brigham Young,LaVell Edwards
https://raw.githubusercontent.com/RKRoberts97/byu_football_tree/refs/heads/main/College/Coaches/College%20Head%20Coaches/LaVell_Edwards/1991_brigham-young_roster.csv,Kevin Nicoll,NA,LB,,1991,Brigham Young,LaVell Edwards
https://raw.githubusercontent.com/RKRoberts97/byu_football_tree/refs/heads/main/College/Coaches/College%20Head%20Coaches/LaVell_Edwards/1991_brigham-young_roster.csv,Bill Bryant,NA,LB,,1991,Brigham Young,LaVell Edwards
https://raw.githubusercontent.com/RKRoberts97/byu_football_tree/refs/heads/main/College/Coaches/College%20Head%20Coaches/LaVell_Edwards/1991_brigham-young_roster.csv,Josh Arnold*,NA,DB,,1991,Brigham Young,LaVell Edwards
https://raw.githubusercontent.com/RKRoberts97/byu_football_tree/refs/heads/main/College/Coaches/College%20Head%20Coaches/LaVell_Edwards/1991_brigham-young_roster.csv,Tony Crutchfield*,NA,DB,,1991,Brigham Young,LaVell Edwards
https://raw.githubusercontent.com/RKRoberts97/byu_football_tree/refs/heads/main/College/Coaches/College%20Head%20Coaches/LaVell_Edwards/1991_brigham-young_roster.csv,Derwin Gray*,NA,DB,,1991,Brigham Young,LaVell Edwards
https://raw.githubusercontent.com/RKRoberts97/byu_football_tree/refs/heads/main/College/Coaches/College%20Head%20Coaches/LaVell_Edwards/1991_brigham-young_roster.csv,Ervin Lee*,NA,DB,,1991,Brigham Young,LaVell Edwards
https://raw.githubusercontent.com/RKRoberts97/byu_football_tree/refs/heads/main/College/Coaches/College%20Head%20Coaches/LaVell_Edwards/1991_brigham-young_roster.csv,Patrick Mitchell,NA,DB,,1991,Brigham Young,LaVell Edwards
https://raw.githubusercontent.com/RKRoberts97/byu_football_tree/refs/heads/main/College/Coaches/College%20Head%20Coaches/LaVell_Edwards/1991_brigham-young_roster.csv,Paul Pitts,NA,DB,,1991,Brigham Young,LaVell Edwards
https://raw.githubusercontent.com/RKRoberts97/byu_football_tree/refs/heads/main/College/Coaches/College%20Head%20Coaches/LaVell_Edwards/1991_brigham-young_roster.csv,Kapi Sikahema,NA,DB,,1991,Brigham Young,LaVell Edwards
https://raw.githubusercontent.com/RKRoberts97/byu_football_tree/refs/heads/main/College/Coaches/College%20Head%20Coaches/LaVell_Edwards/1991_brigham-young_roster.csv,Joe Herrick,NA,P,,1991,Brigham Young,LaVell Edwards
https://raw.githubusercontent.com/RKRoberts97/byu_football_tree/refs/heads/main/College/Coaches/College%20Head%20Coaches/LaVell_Edwards/1991_brigham-young_roster.csv,Brad Hunter,NA,P,,1991,Brigham Young,LaVell Edwards
https://raw.githubusercontent.com/RKRoberts97/byu_football_tree/refs/heads/main/College/Coaches/College%20Head%20Coaches/LaVell_Edwards/1991_brigham-young_roster.csv,Jason Schmidt,NA,KR,,1991,Brigham Young,LaVell Edwards
https://raw.githubusercontent.com/RKRoberts97/byu_football_tree/refs/heads/main/College/Coaches/College%20Head%20Coaches/LaVell_Edwards/1992_brigham-young_roster.csv,Ryan Hancock*,NA,QB,"165 Cmp, 288 Att, 2635 Yds, 17 TD",1992,Brigham Young,LaVell Edwards
https://raw.githubusercontent.com/RKRoberts97/byu_football_tree/refs/heads/main/College/Coaches/College%20Head%20Coaches/LaVell_Edwards/1992_brigham-young_roster.csv,John Walsh,NA,QB,"52 Cmp, 100 Att, 857 Yds, 9 TD",1992,Brigham Young,LaVell Edwards
https://raw.githubusercontent.com/RKRoberts97/byu_football_tree/refs/heads/main/College/Coaches/College%20Head%20Coaches/LaVell_Edwards/1992_brigham-young_roster.csv,Steve Clements,NA,QB,"3 Cmp, 13 Att, 57 Yds, 0 TD",1992,Brigham Young,LaVell Edwards
https://raw.githubusercontent.com/RKRoberts97/byu_football_tree/refs/heads/main/College/Coaches/College%20Head%20Coaches/LaVell_Edwards/1992_brigham-young_roster.csv,Tom Young,NA,QB,"1 Cmp, 3 Att, 7 Yds, 0 TD",1992,Brigham Young,LaVell Edwards
https://raw.githubusercontent.com/RKRoberts97/byu_football_tree/refs/heads/main/College/Coaches/College%20Head%20Coaches/LaVell_Edwards/1992_brigham-young_roster.csv,Jamal Willis*,NA,RB,"204 Att, 1004 Yds, 4.9 Avg",1992,Brigham Young,LaVell Edwards
https://raw.githubusercontent.com/RKRoberts97/byu_football_tree/refs/heads/main/College/Coaches/College%20Head%20Coaches/LaVell_Edwards/1992_brigham-young_roster.csv,Kalin Hall*,NA,RB,"138 Att, 742 Yds, 5.4 Avg",1992,Brigham Young,LaVell Edwards
https://raw.githubusercontent.com/RKRoberts97/byu_football_tree/refs/heads/main/College/Coaches/College%20Head%20Coaches/LaVell_Edwards/1992_brigham-young_roster.csv,Hema Heimuli,NA,RB,"41 Att, 156 Yds, 3.8 Avg",1992,Brigham Young,LaVell Edwards
https://raw.githubusercontent.com/RKRoberts97/byu_football_tree/refs/heads/main/College/Coaches/College%20Head%20Coaches/LaVell_Edwards/1992_brigham-young_roster.csv,Steve Christensen,NA,RB,"22 Att, 128 Yds, 5.8 Avg",1992,Brigham Young,LaVell Edwards
https://raw.githubusercontent.com/RKRoberts97/byu_football_tree/refs/heads/main/College/Coaches/College%20Head%20Coaches/LaVell_Edwards/1992_brigham-young_roster.csv,Chad Knowles,NA,RB,"3 Att, 13 Yds, 4.3 Avg",1992,Brigham Young,LaVell Edwards
https://raw.githubusercontent.com/RKRoberts97/byu_football_tree/refs/heads/main/College/Coaches/College%20Head%20Coaches/LaVell_Edwards/1992_brigham-young_roster.csv,Tyler Anderson*,NA,WR,"11 Rec, 249 Yds, 22.6 Avg",1992,Brigham Young,LaVell Edwards
https://raw.githubusercontent.com/RKRoberts97/byu_football_tree/refs/heads/main/College/Coaches/College%20Head%20Coaches/LaVell_Edwards/1992_brigham-young_roster.csv,Eric Drage*,NA,WR,"56 Rec, 1093 Yds, 19.5 Avg",1992,Brigham Young,LaVell Edwards
https://raw.githubusercontent.com/RKRoberts97/byu_football_tree/refs/heads/main/College/Coaches/College%20Head%20Coaches/LaVell_Edwards/1992_brigham-young_roster.csv,Otis Sterling,NA,WR,"25 Rec, 553 Yds, 22.1 Avg",1992,Brigham Young,LaVell Edwards
https://raw.githubusercontent.com/RKRoberts97/byu_football_tree/refs/heads/main/College/Coaches/College%20Head%20Coaches/LaVell_Edwards/1992_brigham-young_roster.csv,Bryce Doman,NA,WR,"19 Rec, 275 Yds, 14.5 Avg",1992,Brigham Young,LaVell Edwards
https://raw.githubusercontent.com/RKRoberts97/byu_football_tree/refs/heads/main/College/Coaches/College%20Head%20Coaches/LaVell_Edwards/1992_brigham-young_roster.csv,Tim Nowatzke,NA,WR,"6 Rec, 119 Yds, 19.8 Avg",1992,Brigham Young,LaVell Edwards
https://raw.githubusercontent.com/RKRoberts97/byu_football_tree/refs/heads/main/College/Coaches/College%20Head%20Coaches/LaVell_Edwards/1992_brigham-young_roster.csv,Nati Valdez,NA,WR,"1 Rec, 4 Yds, 4.0 Avg",1992,Brigham Young,LaVell Edwards
https://raw.githubusercontent.com/RKRoberts97/byu_football_tree/refs/heads/main/College/Coaches/College%20Head%20Coaches/LaVell_Edwards/1992_brigham-young_roster.csv,Erik Hughes,NA,WR,,1992,Brigham Young,LaVell Edwards
https://raw.githubusercontent.com/RKRoberts97/byu_football_tree/refs/heads/main/College/Coaches/College%20Head%20Coaches/LaVell_Edwards/1992_brigham-young_roster.csv,Mike Johnston,NA,WR,,1992,Brigham Young,LaVell Edwards
https://raw.githubusercontent.com/RKRoberts97/byu_football_tree/refs/heads/main/College/Coaches/College%20Head%20Coaches/LaVell_Edwards/1992_brigham-young_roster.csv,Byron Rex*,NA,TE,"45 Rec, 612 Yds, 13.6 Avg",1992,Brigham Young,LaVell Edwards
https://raw.githubusercontent.com/RKRoberts97/byu_football_tree/refs/heads/main/College/Coaches/College%20Head%20Coaches/LaVell_Edwards/1992_brigham-young_roster.csv,Terence Saluone,NA,TE,"4 Rec, 73 Yds, 18.3 Avg",1992,Brigham Young,LaVell Edwards
https://raw.githubusercontent.com/RKRoberts97/byu_football_tree/refs/heads/main/College/Coaches/College%20Head%20Coaches/LaVell_Edwards/1992_brigham-young_roster.csv,Scott Brumfield*,NA,OL,,1992,Brigham Young,LaVell Edwards
https://raw.githubusercontent.com/RKRoberts97/byu_football_tree/refs/heads/main/College/Coaches/College%20Head%20Coaches/LaVell_Edwards/1992_brigham-young_roster.csv,Jim Edwards*,NA,OL,,1992,Brigham Young,LaVell Edwards
https://raw.githubusercontent.com/RKRoberts97/byu_football_tree/refs/heads/main/College/Coaches/College%20Head%20Coaches/LaVell_Edwards/1992_brigham-young_roster.csv,Garry Pay*,NA,OL,,1992,Brigham Young,LaVell Edwards
https://raw.githubusercontent.com/RKRoberts97/byu_football_tree/refs/heads/main/College/Coaches/College%20Head%20Coaches/LaVell_Edwards/1992_brigham-young_roster.csv,Evan Pilgrim*,NA,OL,,1992,Brigham Young,LaVell Edwards
https://raw.githubusercontent.com/RKRoberts97/byu_football_tree/refs/heads/main/College/Coaches/College%20Head%20Coaches/LaVell_Edwards/1992_brigham-young_roster.csv,Eli Herring,NA,OL,,1992,Brigham Young,LaVell Edwards
https://raw.githubusercontent.com/RKRoberts97/byu_football_tree/refs/heads/main/College/Coaches/College%20Head%20Coaches/LaVell_Edwards/1992_brigham-young_roster.csv,David Lauder,NA,K,,1992,Brigham Young,LaVell Edwards
https://raw.githubusercontent.com/RKRoberts97/byu_football_tree/refs/heads/main/College/Coaches/College%20Head%20Coaches/LaVell_Edwards/1992_brigham-young_roster.csv,Randy Brock*,NA,DL,,1992,Brigham Young,LaVell Edwards
https://raw.githubusercontent.com/RKRoberts97/byu_football_tree/refs/heads/main/College/Coaches/College%20Head%20Coaches/LaVell_Edwards/1992_brigham-young_roster.csv,Lenny Gomes*,NA,DL,,1992,Brigham Young,LaVell Edwards
https://raw.githubusercontent.com/RKRoberts97/byu_football_tree/refs/heads/main/College/Coaches/College%20Head%20Coaches/LaVell_Edwards/1992_brigham-young_roster.csv,Kevin Nicoll*,NA,DL,,1992,Brigham Young,LaVell Edwards
https://raw.githubusercontent.com/RKRoberts97/byu_football_tree/refs/heads/main/College/Coaches/College%20Head%20Coaches/LaVell_Edwards/1992_brigham-young_roster.csv,Greg Pitts*,NA,DL,,1992,Brigham Young,LaVell Edwards
https://raw.githubusercontent.com/RKRoberts97/byu_football_tree/refs/heads/main/College/Coaches/College%20Head%20Coaches/LaVell_Edwards/1992_brigham-young_roster.csv,Nathan Hall*,NA,LB,,1992,Brigham Young,LaVell Edwards
https://raw.githubusercontent.com/RKRoberts97/byu_football_tree/refs/heads/main/College/Coaches/College%20Head%20Coaches/LaVell_Edwards/1992_brigham-young_roster.csv,Shad Hansen*,NA,LB,,1992,Brigham Young,LaVell Edwards
https://raw.githubusercontent.com/RKRoberts97/byu_football_tree/refs/heads/main/College/Coaches/College%20Head%20Coaches/LaVell_Edwards/1992_brigham-young_roster.csv,Todd Herget*,NA,LB,,1992,Brigham Young,LaVell Edwards
https://raw.githubusercontent.com/RKRoberts97/byu_football_tree/refs/heads/main/College/Coaches/College%20Head%20Coaches/LaVell_Edwards/1992_brigham-young_roster.csv,Barrett Awai,NA,LB,,1992,Brigham Young,LaVell Edwards
https://raw.githubusercontent.com/RKRoberts97/byu_football_tree/refs/heads/main/College/Coaches/College%20Head%20Coaches/LaVell_Edwards/1992_brigham-young_roster.csv,Ted Dawson,NA,LB,,1992,Brigham Young,LaVell Edwards
https://raw.githubusercontent.com/RKRoberts97/byu_football_tree/refs/heads/main/College/Coaches/College%20Head%20Coaches/LaVell_Edwards/1992_brigham-young_roster.csv,Scott Merkley,NA,LB,,1992,Brigham Young,LaVell Edwards
https://raw.githubusercontent.com/RKRoberts97/byu_football_tree/refs/heads/main/College/Coaches/College%20Head%20Coaches/LaVell_Edwards/1992_brigham-young_roster.csv,Brad Clark*,NA,DB,,1992,Brigham Young,LaVell Edwards
https://raw.githubusercontent.com/RKRoberts97/byu_football_tree/refs/heads/main/College/Coaches/College%20Head%20Coaches/LaVell_Edwards/1992_brigham-young_roster.csv,Derwin Gray*,NA,DB,,1992,Brigham Young,LaVell Edwards
https://raw.githubusercontent.com/RKRoberts97/byu_football_tree/refs/heads/main/College/Coaches/College%20Head%20Coaches/LaVell_Edwards/1992_brigham-young_roster.csv,Patrick Mitchell*,NA,DB,,1992,Brigham Young,LaVell Edwards
https://raw.githubusercontent.com/RKRoberts97/byu_football_tree/refs/heads/main/College/Coaches/College%20Head%20Coaches/LaVell_Edwards/1992_brigham-young_roster.csv,Vic Tarleton*,NA,DB,,1992,Brigham Young,LaVell Edwards
https://raw.githubusercontent.com/RKRoberts97/byu_football_tree/refs/heads/main/College/Coaches/College%20Head%20Coaches/LaVell_Edwards/1992_brigham-young_roster.csv,Hassan McCullough,NA,DB,,1992,Brigham Young,LaVell Edwards
https://raw.githubusercontent.com/RKRoberts97/byu_football_tree/refs/heads/main/College/Coaches/College%20Head%20Coaches/LaVell_Edwards/1992_brigham-young_roster.csv,Brad Hunter,NA,P,,1992,Brigham Young,LaVell Edwards
https://raw.githubusercontent.com/RKRoberts97/byu_football_tree/refs/heads/main/College/Coaches/College%20Head%20Coaches/LaVell_Edwards/1992_brigham-young_roster.csv,Joe Herrick,NA,P,,1992,Brigham Young,LaVell Edwards
https://raw.githubusercontent.com/RKRoberts97/byu_football_tree/refs/heads/main/College/Coaches/College%20Head%20Coaches/LaVell_Edwards/1993_brigham-young_roster.csv,John Walsh*,NA,QB,"244 Cmp, 397 Att, 3727 Yds, 28 TD",1993,Brigham Young,LaVell Edwards
https://raw.githubusercontent.com/RKRoberts97/byu_football_tree/refs/heads/main/College/Coaches/College%20Head%20Coaches/LaVell_Edwards/1993_brigham-young_roster.csv,Tom Young,NA,QB,"17 Cmp, 32 Att, 130 Yds, 2 TD",1993,Brigham Young,LaVell Edwards
https://raw.githubusercontent.com/RKRoberts97/byu_football_tree/refs/heads/main/College/Coaches/College%20Head%20Coaches/LaVell_Edwards/1993_brigham-young_roster.csv,Steve Clements,NA,QB,"17 Cmp, 29 Att, 203 Yds, 1 TD",1993,Brigham Young,LaVell Edwards
https://raw.githubusercontent.com/RKRoberts97/byu_football_tree/refs/heads/main/College/Coaches/College%20Head%20Coaches/LaVell_Edwards/1993_brigham-young_roster.csv,Kalin Hall*,NA,RB,"113 Att, 567 Yds, 5.0 Avg",1993,Brigham Young,LaVell Edwards
https://raw.githubusercontent.com/RKRoberts97/byu_football_tree/refs/heads/main/College/Coaches/College%20Head%20Coaches/LaVell_Edwards/1993_brigham-young_roster.csv,Jamal Willis*,NA,RB,"90 Att, 404 Yds, 4.5 Avg",1993,Brigham Young,LaVell Edwards
https://raw.githubusercontent.com/RKRoberts97/byu_football_tree/refs/heads/main/College/Coaches/College%20Head%20Coaches/LaVell_Edwards/1993_brigham-young_roster.csv,Hema Heimuli,NA,RB,"50 Att, 269 Yds, 5.4 Avg",1993,Brigham Young,LaVell Edwards
https://raw.githubusercontent.com/RKRoberts97/byu_football_tree/refs/heads/main/College/Coaches/College%20Head%20Coaches/LaVell_Edwards/1993_brigham-young_roster.csv,Steve Christensen,NA,RB,"26 Att, 107 Yds, 4.1 Avg",1993,Brigham Young,LaVell Edwards
https://raw.githubusercontent.com/RKRoberts97/byu_football_tree/refs/heads/main/College/Coaches/College%20Head%20Coaches/LaVell_Edwards/1993_brigham-young_roster.csv,Chad Knowles,NA,RB,"7 Att, 14 Yds, 2.0 Avg",1993,Brigham Young,LaVell Edwards
https://raw.githubusercontent.com/RKRoberts97/byu_football_tree/refs/heads/main/College/Coaches/College%20Head%20Coaches/LaVell_Edwards/1993_brigham-young_roster.csv,Rob Morris,NA,RB,"2 Att, 0 Yds, 0.0 Avg",1993,Brigham Young,LaVell Edwards
https://raw.githubusercontent.com/RKRoberts97/byu_football_tree/refs/heads/main/College/Coaches/College%20Head%20Coaches/LaVell_Edwards/1993_brigham-young_roster.csv,T.D. Biegel,NA,RB,"1 Att, 7 Yds, 7.0 Avg",1993,Brigham Young,LaVell Edwards
https://raw.githubusercontent.com/RKRoberts97/byu_football_tree/refs/heads/main/College/Coaches/College%20Head%20Coaches/LaVell_Edwards/1993_brigham-young_roster.csv,Eric Drage*,NA,WR,"54 Rec, 867 Yds, 16.1 Avg",1993,Brigham Young,LaVell Edwards
https://raw.githubusercontent.com/RKRoberts97/byu_football_tree/refs/heads/main/College/Coaches/College%20Head%20Coaches/LaVell_Edwards/1993_brigham-young_roster.csv,Bryce Doman*,NA,WR,"36 Rec, 455 Yds, 12.6 Avg",1993,Brigham Young,LaVell Edwards
https://raw.githubusercontent.com/RKRoberts97/byu_football_tree/refs/heads/main/College/Coaches/College%20Head%20Coaches/LaVell_Edwards/1993_brigham-young_roster.csv,Tyler Anderson,NA,WR,"21 Rec, 358 Yds, 17.0 Avg",1993,Brigham Young,LaVell Edwards
https://raw.githubusercontent.com/RKRoberts97/byu_football_tree/refs/heads/main/College/Coaches/College%20Head%20Coaches/LaVell_Edwards/1993_brigham-young_roster.csv,Tim Nowatzke,NA,WR,"23 Rec, 364 Yds, 15.8 Avg",1993,Brigham Young,LaVell Edwards
https://raw.githubusercontent.com/RKRoberts97/byu_football_tree/refs/heads/main/College/Coaches/College%20Head%20Coaches/LaVell_Edwards/1993_brigham-young_roster.csv,Micah Matsuzaki,NA,WR,"30 Rec, 500 Yds, 16.7 Avg",1993,Brigham Young,LaVell Edwards
https://raw.githubusercontent.com/RKRoberts97/byu_football_tree/refs/heads/main/College/Coaches/College%20Head%20Coaches/LaVell_Edwards/1993_brigham-young_roster.csv,Kaipo McGuire,NA,WR,"1 Rec, 12 Yds, 12.0 Avg",1993,Brigham Young,LaVell Edwards
https://raw.githubusercontent.com/RKRoberts97/byu_football_tree/refs/heads/main/College/Coaches/College%20Head%20Coaches/LaVell_Edwards/1993_brigham-young_roster.csv,Terence Saluone*,NA,TE,"25 Rec, 344 Yds, 13.8 Avg",1993,Brigham Young,LaVell Edwards
https://raw.githubusercontent.com/RKRoberts97/byu_football_tree/refs/heads/main/College/Coaches/College%20Head%20Coaches/LaVell_Edwards/1993_brigham-young_roster.csv,Chad Lewis,NA,TE,"11 Rec, 172 Yds, 15.6 Avg",1993,Brigham Young,LaVell Edwards
https://raw.githubusercontent.com/RKRoberts97/byu_football_tree/refs/heads/main/College/Coaches/College%20Head%20Coaches/LaVell_Edwards/1993_brigham-young_roster.csv,Tom Baldwin,NA,TE,,1993,Brigham Young,LaVell Edwards
https://raw.githubusercontent.com/RKRoberts97/byu_football_tree/refs/heads/main/College/Coaches/College%20Head%20Coaches/LaVell_Edwards/1993_brigham-young_roster.csv,Jim Edwards*,NA,OL,,1993,Brigham Young,LaVell Edwards
https://raw.githubusercontent.com/RKRoberts97/byu_football_tree/refs/heads/main/College/Coaches/College%20Head%20Coaches/LaVell_Edwards/1993_brigham-young_roster.csv,Mike Empey*,NA,OL,,1993,Brigham Young,LaVell Edwards
https://raw.githubusercontent.com/RKRoberts97/byu_football_tree/refs/heads/main/College/Coaches/College%20Head%20Coaches/LaVell_Edwards/1993_brigham-young_roster.csv,Eli Herring*,NA,OL,,1993,Brigham Young,LaVell Edwards
https://raw.githubusercontent.com/RKRoberts97/byu_football_tree/refs/heads/main/College/Coaches/College%20Head%20Coaches/LaVell_Edwards/1993_brigham-young_roster.csv,Evan Pilgrim*,NA,OL,,1993,Brigham Young,LaVell Edwards
https://raw.githubusercontent.com/RKRoberts97/byu_football_tree/refs/heads/main/College/Coaches/College%20Head%20Coaches/LaVell_Edwards/1993_brigham-young_roster.csv,Ron Simmons*,NA,OL,,1993,Brigham Young,LaVell Edwards
https://raw.githubusercontent.com/RKRoberts97/byu_football_tree/refs/heads/main/College/Coaches/College%20Head%20Coaches/LaVell_Edwards/1993_brigham-young_roster.csv,Tim Hanshaw,NA,OL,,1993,Brigham Young,LaVell Edwards
https://raw.githubusercontent.com/RKRoberts97/byu_football_tree/refs/heads/main/College/Coaches/College%20Head%20Coaches/LaVell_Edwards/1993_brigham-young_roster.csv,Joe Herrick,NA,K,,1993,Brigham Young,LaVell Edwards
https://raw.githubusercontent.com/RKRoberts97/byu_football_tree/refs/heads/main/College/Coaches/College%20Head%20Coaches/LaVell_Edwards/1993_brigham-young_roster.csv,Randy Brock*,NA,DL,,1993,Brigham Young,LaVell Edwards
https://raw.githubusercontent.com/RKRoberts97/byu_football_tree/refs/heads/main/College/Coaches/College%20Head%20Coaches/LaVell_Edwards/1993_brigham-young_roster.csv,Lenny Gomes*,NA,DL,,1993,Brigham Young,LaVell Edwards
https://raw.githubusercontent.com/RKRoberts97/byu_football_tree/refs/heads/main/College/Coaches/College%20Head%20Coaches/LaVell_Edwards/1993_brigham-young_roster.csv,Travis Hall*,NA,DL,,1993,Brigham Young,LaVell Edwards
https://raw.githubusercontent.com/RKRoberts97/byu_football_tree/refs/heads/main/College/Coaches/College%20Head%20Coaches/LaVell_Edwards/1993_brigham-young_roster.csv,Greg Pitts*,NA,DL,,1993,Brigham Young,LaVell Edwards
https://raw.githubusercontent.com/RKRoberts97/byu_football_tree/refs/heads/main/College/Coaches/College%20Head%20Coaches/LaVell_Edwards/1993_brigham-young_roster.csv,Brian Hughes,NA,DL,,1993,Brigham Young,LaVell Edwards
https://raw.githubusercontent.com/RKRoberts97/byu_football_tree/refs/heads/main/College/Coaches/College%20Head%20Coaches/LaVell_Edwards/1993_brigham-young_roster.csv,Nathan Hall*,NA,LB,,1993,Brigham Young,LaVell Edwards
https://raw.githubusercontent.com/RKRoberts97/byu_football_tree/refs/heads/main/College/Coaches/College%20Head%20Coaches/LaVell_Edwards/1993_brigham-young_roster.csv,Todd Herget*,NA,LB,,1993,Brigham Young,LaVell Edwards
https://raw.githubusercontent.com/RKRoberts97/byu_football_tree/refs/heads/main/College/Coaches/College%20Head%20Coaches/LaVell_Edwards/1993_brigham-young_roster.csv,Shay Muirbrook*,NA,LB,,1993,Brigham Young,LaVell Edwards
https://raw.githubusercontent.com/RKRoberts97/byu_football_tree/refs/heads/main/College/Coaches/College%20Head%20Coaches/LaVell_Edwards/1993_brigham-young_roster.csv,Wayland Hickman,NA,LB,,1993,Brigham Young,LaVell Edwards
https://raw.githubusercontent.com/RKRoberts97/byu_football_tree/refs/heads/main/College/Coaches/College%20Head%20Coaches/LaVell_Edwards/1993_brigham-young_roster.csv,Cory Cook*,NA,DB,,1993,Brigham Young,LaVell Edwards
https://raw.githubusercontent.com/RKRoberts97/byu_football_tree/refs/heads/main/College/Coaches/College%20Head%20Coaches/LaVell_Edwards/1993_brigham-young_roster.csv,Jack Damuni*,NA,DB,,1993,Brigham Young,LaVell Edwards
https://raw.githubusercontent.com/RKRoberts97/byu_football_tree/refs/heads/main/College/Coaches/College%20Head%20Coaches/LaVell_Edwards/1993_brigham-young_roster.csv,Patrick Mitchell*,NA,DB,,1993,Brigham Young,LaVell Edwards
https://raw.githubusercontent.com/RKRoberts97/byu_football_tree/refs/heads/main/College/Coaches/College%20Head%20Coaches/LaVell_Edwards/1993_brigham-young_roster.csv,Vic Tarleton*,NA,DB,,1993,Brigham Young,LaVell Edwards
https://raw.githubusercontent.com/RKRoberts97/byu_football_tree/refs/heads/main/College/Coaches/College%20Head%20Coaches/LaVell_Edwards/1993_brigham-young_roster.csv,Frank Christianson,NA,DB,,1993,Brigham Young,LaVell Edwards
https://raw.githubusercontent.com/RKRoberts97/byu_football_tree/refs/heads/main/College/Coaches/College%20Head%20Coaches/LaVell_Edwards/1993_brigham-young_roster.csv,Casey Mazzotta,NA,DB,,1993,Brigham Young,LaVell Edwards
https://raw.githubusercontent.com/RKRoberts97/byu_football_tree/refs/heads/main/College/Coaches/College%20Head%20Coaches/LaVell_Edwards/1993_brigham-young_roster.csv,Jeff Lindstrom,NA,DB,,1993,Brigham Young,LaVell Edwards
https://raw.githubusercontent.com/RKRoberts97/byu_football_tree/refs/heads/main/College/Coaches/College%20Head%20Coaches/LaVell_Edwards/1993_brigham-young_roster.csv,Alan Boardman,NA,P,,1993,Brigham Young,LaVell Edwards
https://raw.githubusercontent.com/RKRoberts97/byu_football_tree/refs/heads/main/College/Coaches/College%20Head%20Coaches/LaVell_Edwards/1993_brigham-young_roster.csv,Mike Johnston,NA,KR,,1993,Brigham Young,LaVell Edwards
https://raw.githubusercontent.com/RKRoberts97/byu_football_tree/refs/heads/main/College/Coaches/College%20Head%20Coaches/LaVell_Edwards/1994_brigham-young_roster.csv,John Walsh*,NA,QB,"284 Cmp, 463 Att, 3712 Yds, 29 TD",1994,Brigham Young,LaVell Edwards
https://raw.githubusercontent.com/RKRoberts97/byu_football_tree/refs/heads/main/College/Coaches/College%20Head%20Coaches/LaVell_Edwards/1994_brigham-young_roster.csv,Steve Clements,NA,QB,"2 Cmp, 10 Att, 25 Yds, 0 TD",1994,Brigham Young,LaVell Edwards
https://raw.githubusercontent.com/RKRoberts97/byu_football_tree/refs/heads/main/College/Coaches/College%20Head%20Coaches/LaVell_Edwards/1994_brigham-young_roster.csv,Jamal Willis*,NA,RB,"204 Att, 1042 Yds, 5.1 Avg",1994,Brigham Young,LaVell Edwards
https://raw.githubusercontent.com/RKRoberts97/byu_football_tree/refs/heads/main/College/Coaches/College%20Head%20Coaches/LaVell_Edwards/1994_brigham-young_roster.csv,Hema Heimuli*,NA,RB,"126 Att, 552 Yds, 4.4 Avg",1994,Brigham Young,LaVell Edwards
https://raw.githubusercontent.com/RKRoberts97/byu_football_tree/refs/heads/main/College/Coaches/College%20Head%20Coaches/LaVell_Edwards/1994_brigham-young_roster.csv,Mark Atuaia,NA,RB,"38 Att, 147 Yds, 3.9 Avg",1994,Brigham Young,LaVell Edwards
https://raw.githubusercontent.com/RKRoberts97/byu_football_tree/refs/heads/main/College/Coaches/College%20Head%20Coaches/LaVell_Edwards/1994_brigham-young_roster.csv,Kalani Fifita,NA,RB,"16 Att, 112 Yds, 7.0 Avg",1994,Brigham Young,LaVell Edwards
https://raw.githubusercontent.com/RKRoberts97/byu_football_tree/refs/heads/main/College/Coaches/College%20Head%20Coaches/LaVell_Edwards/1994_brigham-young_roster.csv,Tefua Bloomfield,NA,RB,"12 Att, 77 Yds, 6.4 Avg",1994,Brigham Young,LaVell Edwards
https://raw.githubusercontent.com/RKRoberts97/byu_football_tree/refs/heads/main/College/Coaches/College%20Head%20Coaches/LaVell_Edwards/1994_brigham-young_roster.csv,Chad Knowles,NA,RB,"1 Att, 5 Yds, 5.0 Avg",1994,Brigham Young,LaVell Edwards
https://raw.githubusercontent.com/RKRoberts97/byu_football_tree/refs/heads/main/College/Coaches/College%20Head%20Coaches/LaVell_Edwards/1994_brigham-young_roster.csv,Bryce Doman*,NA,WR,"35 Rec, 502 Yds, 14.3 Avg",1994,Brigham Young,LaVell Edwards
https://raw.githubusercontent.com/RKRoberts97/byu_football_tree/refs/heads/main/College/Coaches/College%20Head%20Coaches/LaVell_Edwards/1994_brigham-young_roster.csv,Tim Nowatzke*,NA,WR,"47 Rec, 601 Yds, 12.8 Avg",1994,Brigham Young,LaVell Edwards
https://raw.githubusercontent.com/RKRoberts97/byu_football_tree/refs/heads/main/College/Coaches/College%20Head%20Coaches/LaVell_Edwards/1994_brigham-young_roster.csv,Kaipo McGuire,NA,WR,"15 Rec, 201 Yds, 13.4 Avg",1994,Brigham Young,LaVell Edwards
https://raw.githubusercontent.com/RKRoberts97/byu_football_tree/refs/heads/main/College/Coaches/College%20Head%20Coaches/LaVell_Edwards/1994_brigham-young_roster.csv,Mike Johnston,NA,WR,"31 Rec, 423 Yds, 13.6 Avg",1994,Brigham Young,LaVell Edwards
https://raw.githubusercontent.com/RKRoberts97/byu_football_tree/refs/heads/main/College/Coaches/College%20Head%20Coaches/LaVell_Edwards/1994_brigham-young_roster.csv,Tyler Bolli,NA,WR,"2 Rec, 32 Yds, 16.0 Avg",1994,Brigham Young,LaVell Edwards
https://raw.githubusercontent.com/RKRoberts97/byu_football_tree/refs/heads/main/College/Coaches/College%20Head%20Coaches/LaVell_Edwards/1994_brigham-young_roster.csv,Jason Cooper,NA,WR,"1 Rec, 14 Yds, 14.0 Avg",1994,Brigham Young,LaVell Edwards
https://raw.githubusercontent.com/RKRoberts97/byu_football_tree/refs/heads/main/College/Coaches/College%20Head%20Coaches/LaVell_Edwards/1994_brigham-young_roster.csv,Chad Lewis*,NA,TE,"32 Rec, 328 Yds, 10.3 Avg",1994,Brigham Young,LaVell Edwards
https://raw.githubusercontent.com/RKRoberts97/byu_football_tree/refs/heads/main/College/Coaches/College%20Head%20Coaches/LaVell_Edwards/1994_brigham-young_roster.csv,Itula Mili,NA,TE,"33 Rec, 503 Yds, 15.2 Avg",1994,Brigham Young,LaVell Edwards
https://raw.githubusercontent.com/RKRoberts97/byu_football_tree/refs/heads/main/College/Coaches/College%20Head%20Coaches/LaVell_Edwards/1994_brigham-young_roster.csv,Tom Baldwin,NA,TE,,1994,Brigham Young,LaVell Edwards
https://raw.githubusercontent.com/RKRoberts97/byu_football_tree/refs/heads/main/College/Coaches/College%20Head%20Coaches/LaVell_Edwards/1994_brigham-young_roster.csv,Jim Edwards*,NA,OL,,1994,Brigham Young,LaVell Edwards
https://raw.githubusercontent.com/RKRoberts97/byu_football_tree/refs/heads/main/College/Coaches/College%20Head%20Coaches/LaVell_Edwards/1994_brigham-young_roster.csv,Tim Hanshaw*,NA,OL,,1994,Brigham Young,LaVell Edwards
https://raw.githubusercontent.com/RKRoberts97/byu_football_tree/refs/heads/main/College/Coaches/College%20Head%20Coaches/LaVell_Edwards/1994_brigham-young_roster.csv,Eli Herring*,NA,OL,,1994,Brigham Young,LaVell Edwards
https://raw.githubusercontent.com/RKRoberts97/byu_football_tree/refs/heads/main/College/Coaches/College%20Head%20Coaches/LaVell_Edwards/1994_brigham-young_roster.csv,James Johnson*,NA,OL,,1994,Brigham Young,LaVell Edwards
https://raw.githubusercontent.com/RKRoberts97/byu_football_tree/refs/heads/main/College/Coaches/College%20Head%20Coaches/LaVell_Edwards/1994_brigham-young_roster.csv,Evan Pilgrim*,NA,OL,,1994,Brigham Young,LaVell Edwards
https://raw.githubusercontent.com/RKRoberts97/byu_football_tree/refs/heads/main/College/Coaches/College%20Head%20Coaches/LaVell_Edwards/1994_brigham-young_roster.csv,David Lauder,NA,K,,1994,Brigham Young,LaVell Edwards
https://raw.githubusercontent.com/RKRoberts97/byu_football_tree/refs/heads/main/College/Coaches/College%20Head%20Coaches/LaVell_Edwards/1994_brigham-young_roster.csv,Randy Brock*,NA,DL,,1994,Brigham Young,LaVell Edwards
https://raw.githubusercontent.com/RKRoberts97/byu_football_tree/refs/heads/main/College/Coaches/College%20Head%20Coaches/LaVell_Edwards/1994_brigham-young_roster.csv,Travis Hall*,NA,DL,,1994,Brigham Young,LaVell Edwards
https://raw.githubusercontent.com/RKRoberts97/byu_football_tree/refs/heads/main/College/Coaches/College%20Head%20Coaches/LaVell_Edwards/1994_brigham-young_roster.csv,John Raass*,NA,DL,,1994,Brigham Young,LaVell Edwards
https://raw.githubusercontent.com/RKRoberts97/byu_football_tree/refs/heads/main/College/Coaches/College%20Head%20Coaches/LaVell_Edwards/1994_brigham-young_roster.csv,Mike Ulufale*,NA,DL,,1994,Brigham Young,LaVell Edwards
https://raw.githubusercontent.com/RKRoberts97/byu_football_tree/refs/heads/main/College/Coaches/College%20Head%20Coaches/LaVell_Edwards/1994_brigham-young_roster.csv,Greg Pitts,NA,DL,,1994,Brigham Young,LaVell Edwards
https://raw.githubusercontent.com/RKRoberts97/byu_football_tree/refs/heads/main/College/Coaches/College%20Head%20Coaches/LaVell_Edwards/1994_brigham-young_roster.csv,Scott Albrecht*,NA,LB,,1994,Brigham Young,LaVell Edwards
https://raw.githubusercontent.com/RKRoberts97/byu_football_tree/refs/heads/main/College/Coaches/College%20Head%20Coaches/LaVell_Edwards/1994_brigham-young_roster.csv,Shay Muirbrook*,NA,LB,,1994,Brigham Young,LaVell Edwards
https://raw.githubusercontent.com/RKRoberts97/byu_football_tree/refs/heads/main/College/Coaches/College%20Head%20Coaches/LaVell_Edwards/1994_brigham-young_roster.csv,Stan Raass*,NA,LB,,1994,Brigham Young,LaVell Edwards
https://raw.githubusercontent.com/RKRoberts97/byu_football_tree/refs/heads/main/College/Coaches/College%20Head%20Coaches/LaVell_Edwards/1994_brigham-young_roster.csv,Dennis Simmons,NA,LB,,1994,Brigham Young,LaVell Edwards
https://raw.githubusercontent.com/RKRoberts97/byu_football_tree/refs/heads/main/College/Coaches/College%20Head%20Coaches/LaVell_Edwards/1994_brigham-young_roster.csv,Cory Cook*,NA,DB,,1994,Brigham Young,LaVell Edwards
https://raw.githubusercontent.com/RKRoberts97/byu_football_tree/refs/heads/main/College/Coaches/College%20Head%20Coaches/LaVell_Edwards/1994_brigham-young_roster.csv,Patrick Mitchell*,NA,DB,,1994,Brigham Young,LaVell Edwards
https://raw.githubusercontent.com/RKRoberts97/byu_football_tree/refs/heads/main/College/Coaches/College%20Head%20Coaches/LaVell_Edwards/1994_brigham-young_roster.csv,Jon Pollack*,NA,DB,,1994,Brigham Young,LaVell Edwards
https://raw.githubusercontent.com/RKRoberts97/byu_football_tree/refs/heads/main/College/Coaches/College%20Head%20Coaches/LaVell_Edwards/1994_brigham-young_roster.csv,Dermmell Reed*,NA,DB,,1994,Brigham Young,LaVell Edwards
https://raw.githubusercontent.com/RKRoberts97/byu_football_tree/refs/heads/main/College/Coaches/College%20Head%20Coaches/LaVell_Edwards/1994_brigham-young_roster.csv,Jamie Cook,NA,DB,,1994,Brigham Young,LaVell Edwards
https://raw.githubusercontent.com/RKRoberts97/byu_football_tree/refs/heads/main/College/Coaches/College%20Head%20Coaches/LaVell_Edwards/1994_brigham-young_roster.csv,Jack Damuni,NA,DB,,1994,Brigham Young,LaVell Edwards
https://raw.githubusercontent.com/RKRoberts97/byu_football_tree/refs/heads/main/College/Coaches/College%20Head%20Coaches/LaVell_Edwards/1994_brigham-young_roster.csv,Lane Hale,NA,DB,,1994,Brigham Young,LaVell Edwards
https://raw.githubusercontent.com/RKRoberts97/byu_football_tree/refs/heads/main/College/Coaches/College%20Head%20Coaches/LaVell_Edwards/1994_brigham-young_roster.csv,James Heggins,NA,DB,,1994,Brigham Young,LaVell Edwards
https://raw.githubusercontent.com/RKRoberts97/byu_football_tree/refs/heads/main/College/Coaches/College%20Head%20Coaches/LaVell_Edwards/1994_brigham-young_roster.csv,Eddie Sampson,NA,DB,,1994,Brigham Young,LaVell Edwards
https://raw.githubusercontent.com/RKRoberts97/byu_football_tree/refs/heads/main/College/Coaches/College%20Head%20Coaches/LaVell_Edwards/1994_brigham-young_roster.csv,Alan Boardman,NA,P,,1994,Brigham Young,LaVell Edwards
https://raw.githubusercontent.com/RKRoberts97/byu_football_tree/refs/heads/main/College/Coaches/College%20Head%20Coaches/LaVell_Edwards/1995_brigham-young_roster.csv,Steve Sarkisian*,NA,QB,"250 Cmp, 385 Att, 3437 Yds, 20 TD",1995,Brigham Young,LaVell Edwards
https://raw.githubusercontent.com/RKRoberts97/byu_football_tree/refs/heads/main/College/Coaches/College%20Head%20Coaches/LaVell_Edwards/1995_brigham-young_roster.csv,Paul Shoemaker,NA,QB,"2 Cmp, 3 Att, 32 Yds, 0 TD",1995,Brigham Young,LaVell Edwards
https://raw.githubusercontent.com/RKRoberts97/byu_football_tree/refs/heads/main/College/Coaches/College%20Head%20Coaches/LaVell_Edwards/1995_brigham-young_roster.csv,Chris Bisgaard,NA,QB,,1995,Brigham Young,LaVell Edwards
https://raw.githubusercontent.com/RKRoberts97/byu_football_tree/refs/heads/main/College/Coaches/College%20Head%20Coaches/LaVell_Edwards/1995_brigham-young_roster.csv,Mark Atuaia*,NA,RB,"101 Att, 374 Yds, 3.7 Avg",1995,Brigham Young,LaVell Edwards
https://raw.githubusercontent.com/RKRoberts97/byu_football_tree/refs/heads/main/College/Coaches/College%20Head%20Coaches/LaVell_Edwards/1995_brigham-young_roster.csv,Hema Heimula*,NA,RB,,1995,Brigham Young,LaVell Edwards
https://raw.githubusercontent.com/RKRoberts97/byu_football_tree/refs/heads/main/College/Coaches/College%20Head%20Coaches/LaVell_Edwards/1995_brigham-young_roster.csv,Hema Heimuli,NA,RB,"112 Att, 449 Yds, 4.0 Avg",1995,Brigham Young,LaVell Edwards
https://raw.githubusercontent.com/RKRoberts97/byu_football_tree/refs/heads/main/College/Coaches/College%20Head%20Coaches/LaVell_Edwards/1995_brigham-young_roster.csv,Tefua Bloomfield,NA,RB,"54 Att, 263 Yds, 4.9 Avg",1995,Brigham Young,LaVell Edwards
https://raw.githubusercontent.com/RKRoberts97/byu_football_tree/refs/heads/main/College/Coaches/College%20Head%20Coaches/LaVell_Edwards/1995_brigham-young_roster.csv,Itula Mili,NA,RB,"36 Rec, 440 Yds, 12.2 Avg",1995,Brigham Young,LaVell Edwards
https://raw.githubusercontent.com/RKRoberts97/byu_football_tree/refs/heads/main/College/Coaches/College%20Head%20Coaches/LaVell_Edwards/1995_brigham-young_roster.csv,Dustin Johnson,NA,RB,"5 Att, 71 Yds, 14.2 Avg",1995,Brigham Young,LaVell Edwards
https://raw.githubusercontent.com/RKRoberts97/byu_football_tree/refs/heads/main/College/Coaches/College%20Head%20Coaches/LaVell_Edwards/1995_brigham-young_roster.csv,Aaron Cupp,NA,RB,"3 Att, 16 Yds, 5.3 Avg",1995,Brigham Young,LaVell Edwards
https://raw.githubusercontent.com/RKRoberts97/byu_football_tree/refs/heads/main/College/Coaches/College%20Head%20Coaches/LaVell_Edwards/1995_brigham-young_roster.csv,Mike Johnston*,NA,WR,"40 Rec, 650 Yds, 16.3 Avg",1995,Brigham Young,LaVell Edwards
https://raw.githubusercontent.com/RKRoberts97/byu_football_tree/refs/heads/main/College/Coaches/College%20Head%20Coaches/LaVell_Edwards/1995_brigham-young_roster.csv,Kaipo McGuire*,NA,WR,"24 Rec, 359 Yds, 15.0 Avg",1995,Brigham Young,LaVell Edwards
https://raw.githubusercontent.com/RKRoberts97/byu_football_tree/refs/heads/main/College/Coaches/College%20Head%20Coaches/LaVell_Edwards/1995_brigham-young_roster.csv,K.O. Kealaluhi,NA,WR,"28 Rec, 483 Yds, 17.3 Avg",1995,Brigham Young,LaVell Edwards
https://raw.githubusercontent.com/RKRoberts97/byu_football_tree/refs/heads/main/College/Coaches/College%20Head%20Coaches/LaVell_Edwards/1995_brigham-young_roster.csv,Jason Cooper,NA,WR,"20 Rec, 295 Yds, 14.8 Avg",1995,Brigham Young,LaVell Edwards
https://raw.githubusercontent.com/RKRoberts97/byu_football_tree/refs/heads/main/College/Coaches/College%20Head%20Coaches/LaVell_Edwards/1995_brigham-young_roster.csv,Chad Lewis*,NA,TE,"31 Rec, 456 Yds, 14.7 Avg",1995,Brigham Young,LaVell Edwards
https://raw.githubusercontent.com/RKRoberts97/byu_football_tree/refs/heads/main/College/Coaches/College%20Head%20Coaches/LaVell_Edwards/1995_brigham-young_roster.csv,Tom Baldwin,NA,TE,"6 Rec, 65 Yds, 10.8 Avg",1995,Brigham Young,LaVell Edwards
https://raw.githubusercontent.com/RKRoberts97/byu_football_tree/refs/heads/main/College/Coaches/College%20Head%20Coaches/LaVell_Edwards/1995_brigham-young_roster.csv,Noah Parks,NA,TE,"1 Rec, 23 Yds, 23.0 Avg",1995,Brigham Young,LaVell Edwards
https://raw.githubusercontent.com/RKRoberts97/byu_football_tree/refs/heads/main/College/Coaches/College%20Head%20Coaches/LaVell_Edwards/1995_brigham-young_roster.csv,Elias Faupula*,NA,OL,,1995,Brigham Young,LaVell Edwards
https://raw.githubusercontent.com/RKRoberts97/byu_football_tree/refs/heads/main/College/Coaches/College%20Head%20Coaches/LaVell_Edwards/1995_brigham-young_roster.csv,James Johnson*,NA,OL,,1995,Brigham Young,LaVell Edwards
https://raw.githubusercontent.com/RKRoberts97/byu_football_tree/refs/heads/main/College/Coaches/College%20Head%20Coaches/LaVell_Edwards/1995_brigham-young_roster.csv,Matt Meservey*,NA,OL,,1995,Brigham Young,LaVell Edwards
https://raw.githubusercontent.com/RKRoberts97/byu_football_tree/refs/heads/main/College/Coaches/College%20Head%20Coaches/LaVell_Edwards/1995_brigham-young_roster.csv,Larry Moore*,NA,OL,,1995,Brigham Young,LaVell Edwards
https://raw.githubusercontent.com/RKRoberts97/byu_football_tree/refs/heads/main/College/Coaches/College%20Head%20Coaches/LaVell_Edwards/1995_brigham-young_roster.csv,Morris Unutoa*,NA,OL,,1995,Brigham Young,LaVell Edwards
https://raw.githubusercontent.com/RKRoberts97/byu_football_tree/refs/heads/main/College/Coaches/College%20Head%20Coaches/LaVell_Edwards/1995_brigham-young_roster.csv,Matt Cox,NA,OL,,1995,Brigham Young,LaVell Edwards
https://raw.githubusercontent.com/RKRoberts97/byu_football_tree/refs/heads/main/College/Coaches/College%20Head%20Coaches/LaVell_Edwards/1995_brigham-young_roster.csv,Bill Hansen,NA,K,,1995,Brigham Young,LaVell Edwards
https://raw.githubusercontent.com/RKRoberts97/byu_football_tree/refs/heads/main/College/Coaches/College%20Head%20Coaches/LaVell_Edwards/1995_brigham-young_roster.csv,Henry Bloomfield*,NA,DL,,1995,Brigham Young,LaVell Edwards
https://raw.githubusercontent.com/RKRoberts97/byu_football_tree/refs/heads/main/College/Coaches/College%20Head%20Coaches/LaVell_Edwards/1995_brigham-young_roster.csv,Ed Kehl*,NA,DL,,1995,Brigham Young,LaVell Edwards
https://raw.githubusercontent.com/RKRoberts97/byu_football_tree/refs/heads/main/College/Coaches/College%20Head%20Coaches/LaVell_Edwards/1995_brigham-young_roster.csv,John Raass*,NA,DL,,1995,Brigham Young,LaVell Edwards
https://raw.githubusercontent.com/RKRoberts97/byu_football_tree/refs/heads/main/College/Coaches/College%20Head%20Coaches/LaVell_Edwards/1995_brigham-young_roster.csv,Matt Redden*,NA,DL,,1995,Brigham Young,LaVell Edwards
https://raw.githubusercontent.com/RKRoberts97/byu_football_tree/refs/heads/main/College/Coaches/College%20Head%20Coaches/LaVell_Edwards/1995_brigham-young_roster.csv,Mike Ulufale,NA,DL,,1995,Brigham Young,LaVell Edwards
https://raw.githubusercontent.com/RKRoberts97/byu_football_tree/refs/heads/main/College/Coaches/College%20Head%20Coaches/LaVell_Edwards/1995_brigham-young_roster.csv,Brad Martin*,NA,LB,,1995,Brigham Young,LaVell Edwards
https://raw.githubusercontent.com/RKRoberts97/byu_football_tree/refs/heads/main/College/Coaches/College%20Head%20Coaches/LaVell_Edwards/1995_brigham-young_roster.csv,Shay Muirbrook*,NA,LB,,1995,Brigham Young,LaVell Edwards
https://raw.githubusercontent.com/RKRoberts97/byu_football_tree/refs/heads/main/College/Coaches/College%20Head%20Coaches/LaVell_Edwards/1995_brigham-young_roster.csv,Stan Raass*,NA,LB,,1995,Brigham Young,LaVell Edwards
https://raw.githubusercontent.com/RKRoberts97/byu_football_tree/refs/heads/main/College/Coaches/College%20Head%20Coaches/LaVell_Edwards/1995_brigham-young_roster.csv,Dennis Simmons,NA,LB,,1995,Brigham Young,LaVell Edwards
https://raw.githubusercontent.com/RKRoberts97/byu_football_tree/refs/heads/main/College/Coaches/College%20Head%20Coaches/LaVell_Edwards/1995_brigham-young_roster.csv,Jamie Cook*,NA,DB,,1995,Brigham Young,LaVell Edwards
https://raw.githubusercontent.com/RKRoberts97/byu_football_tree/refs/heads/main/College/Coaches/College%20Head%20Coaches/LaVell_Edwards/1995_brigham-young_roster.csv,Tim McTyer*,NA,DB,,1995,Brigham Young,LaVell Edwards
https://raw.githubusercontent.com/RKRoberts97/byu_football_tree/refs/heads/main/College/Coaches/College%20Head%20Coaches/LaVell_Edwards/1995_brigham-young_roster.csv,Dermmell Reed*,NA,DB,,1995,Brigham Young,LaVell Edwards
https://raw.githubusercontent.com/RKRoberts97/byu_football_tree/refs/heads/main/College/Coaches/College%20Head%20Coaches/LaVell_Edwards/1995_brigham-young_roster.csv,Eddie Sampson*,NA,DB,,1995,Brigham Young,LaVell Edwards
https://raw.githubusercontent.com/RKRoberts97/byu_football_tree/refs/heads/main/College/Coaches/College%20Head%20Coaches/LaVell_Edwards/1995_brigham-young_roster.csv,James Dye,NA,DB,,1995,Brigham Young,LaVell Edwards
https://raw.githubusercontent.com/RKRoberts97/byu_football_tree/refs/heads/main/College/Coaches/College%20Head%20Coaches/LaVell_Edwards/1995_brigham-young_roster.csv,Alan Boardman,NA,P,,1995,Brigham Young,LaVell Edwards
https://raw.githubusercontent.com/RKRoberts97/byu_football_tree/refs/heads/main/College/Coaches/College%20Head%20Coaches/LaVell_Edwards/1996_brigham-young_roster.csv,Steve Sarkisian*,NA,QB,"278 Cmp, 404 Att, 4027 Yds, 33 TD",1996,Brigham Young,LaVell Edwards
https://raw.githubusercontent.com/RKRoberts97/byu_football_tree/refs/heads/main/College/Coaches/College%20Head%20Coaches/LaVell_Edwards/1996_brigham-young_roster.csv,Paul Shoemaker,NA,QB,"7 Cmp, 10 Att, 73 Yds, 2 TD",1996,Brigham Young,LaVell Edwards
https://raw.githubusercontent.com/RKRoberts97/byu_football_tree/refs/heads/main/College/Coaches/College%20Head%20Coaches/LaVell_Edwards/1996_brigham-young_roster.csv,Kevin Feterik,NA,QB,"5 Cmp, 8 Att, 26 Yds, 1 TD",1996,Brigham Young,LaVell Edwards
https://raw.githubusercontent.com/RKRoberts97/byu_football_tree/refs/heads/main/College/Coaches/College%20Head%20Coaches/LaVell_Edwards/1996_brigham-young_roster.csv,Chris Bisgaard,NA,QB,"1 Cmp, 1 Att, 17 Yds, 0 TD",1996,Brigham Young,LaVell Edwards
https://raw.githubusercontent.com/RKRoberts97/byu_football_tree/refs/heads/main/College/Coaches/College%20Head%20Coaches/LaVell_Edwards/1996_brigham-young_roster.csv,Mark Atuaia*,NA,RB,"86 Att, 365 Yds, 4.2 Avg",1996,Brigham Young,LaVell Edwards
https://raw.githubusercontent.com/RKRoberts97/byu_football_tree/refs/heads/main/College/Coaches/College%20Head%20Coaches/LaVell_Edwards/1996_brigham-young_roster.csv,Dustin Johnson*,NA,RB,"45 Att, 249 Yds, 5.5 Avg",1996,Brigham Young,LaVell Edwards
https://raw.githubusercontent.com/RKRoberts97/byu_football_tree/refs/heads/main/College/Coaches/College%20Head%20Coaches/LaVell_Edwards/1996_brigham-young_roster.csv,Brian McKenzie,NA,RB,"167 Att, 950 Yds, 5.7 Avg",1996,Brigham Young,LaVell Edwards
https://raw.githubusercontent.com/RKRoberts97/byu_football_tree/refs/heads/main/College/Coaches/College%20Head%20Coaches/LaVell_Edwards/1996_brigham-young_roster.csv,Ronney Jenkins,NA,RB,"128 Att, 733 Yds, 5.7 Avg",1996,Brigham Young,LaVell Edwards
https://raw.githubusercontent.com/RKRoberts97/byu_football_tree/refs/heads/main/College/Coaches/College%20Head%20Coaches/LaVell_Edwards/1996_brigham-young_roster.csv,Chris Stevens,NA,RB,"38 Att, 138 Yds, 3.6 Avg",1996,Brigham Young,LaVell Edwards
https://raw.githubusercontent.com/RKRoberts97/byu_football_tree/refs/heads/main/College/Coaches/College%20Head%20Coaches/LaVell_Edwards/1996_brigham-young_roster.csv,Ned Stearns,NA,RB,"7 Att, 17 Yds, 2.4 Avg",1996,Brigham Young,LaVell Edwards
https://raw.githubusercontent.com/RKRoberts97/byu_football_tree/refs/heads/main/College/Coaches/College%20Head%20Coaches/LaVell_Edwards/1996_brigham-young_roster.csv,Aaron Cupp,NA,RB,"5 Att, 40 Yds, 8.0 Avg",1996,Brigham Young,LaVell Edwards
https://raw.githubusercontent.com/RKRoberts97/byu_football_tree/refs/heads/main/College/Coaches/College%20Head%20Coaches/LaVell_Edwards/1996_brigham-young_roster.csv,K.O. Kealaluhi*,NA,WR,"49 Rec, 901 Yds, 18.4 Avg",1996,Brigham Young,LaVell Edwards
https://raw.githubusercontent.com/RKRoberts97/byu_football_tree/refs/heads/main/College/Coaches/College%20Head%20Coaches/LaVell_Edwards/1996_brigham-young_roster.csv,Kaipo McGuire*,NA,WR,"42 Rec, 658 Yds, 15.7 Avg",1996,Brigham Young,LaVell Edwards
https://raw.githubusercontent.com/RKRoberts97/byu_football_tree/refs/heads/main/College/Coaches/College%20Head%20Coaches/LaVell_Edwards/1996_brigham-young_roster.csv,James Dye,NA,WR,"15 Rec, 182 Yds, 12.1 Avg",1996,Brigham Young,LaVell Edwards
https://raw.githubusercontent.com/RKRoberts97/byu_football_tree/refs/heads/main/College/Coaches/College%20Head%20Coaches/LaVell_Edwards/1996_brigham-young_roster.csv,Ben Cahoon,NA,WR,"11 Rec, 166 Yds, 15.1 Avg",1996,Brigham Young,LaVell Edwards
https://raw.githubusercontent.com/RKRoberts97/byu_football_tree/refs/heads/main/College/Coaches/College%20Head%20Coaches/LaVell_Edwards/1996_brigham-young_roster.csv,R.J. Anderson,NA,WR,"1 Rec, 9 Yds, 9.0 Avg",1996,Brigham Young,LaVell Edwards
https://raw.githubusercontent.com/RKRoberts97/byu_football_tree/refs/heads/main/College/Coaches/College%20Head%20Coaches/LaVell_Edwards/1996_brigham-young_roster.csv,Tyler Bolli,NA,WR,"1 Rec, 4 Yds, 4.0 Avg",1996,Brigham Young,LaVell Edwards
https://raw.githubusercontent.com/RKRoberts97/byu_football_tree/refs/heads/main/College/Coaches/College%20Head%20Coaches/LaVell_Edwards/1996_brigham-young_roster.csv,Cliff Doman,NA,WR,,1996,Brigham Young,LaVell Edwards
https://raw.githubusercontent.com/RKRoberts97/byu_football_tree/refs/heads/main/College/Coaches/College%20Head%20Coaches/LaVell_Edwards/1996_brigham-young_roster.csv,Chad Lewis*,NA,TE,"37 Rec, 420 Yds, 11.4 Avg",1996,Brigham Young,LaVell Edwards
https://raw.githubusercontent.com/RKRoberts97/byu_football_tree/refs/heads/main/College/Coaches/College%20Head%20Coaches/LaVell_Edwards/1996_brigham-young_roster.csv,Itula Mili,NA,TE,"46 Rec, 692 Yds, 15.0 Avg",1996,Brigham Young,LaVell Edwards
https://raw.githubusercontent.com/RKRoberts97/byu_football_tree/refs/heads/main/College/Coaches/College%20Head%20Coaches/LaVell_Edwards/1996_brigham-young_roster.csv,Brandon Condie,NA,TE,"1 Rec, 6 Yds, 6.0 Avg",1996,Brigham Young,LaVell Edwards
https://raw.githubusercontent.com/RKRoberts97/byu_football_tree/refs/heads/main/College/Coaches/College%20Head%20Coaches/LaVell_Edwards/1996_brigham-young_roster.csv,John Moala,NA,TE,"1 Rec, 18 Yds, 18.0 Avg",1996,Brigham Young,LaVell Edwards
https://raw.githubusercontent.com/RKRoberts97/byu_football_tree/refs/heads/main/College/Coaches/College%20Head%20Coaches/LaVell_Edwards/1996_brigham-young_roster.csv,Eric Bateman*,NA,OL,,1996,Brigham Young,LaVell Edwards
https://raw.githubusercontent.com/RKRoberts97/byu_football_tree/refs/heads/main/College/Coaches/College%20Head%20Coaches/LaVell_Edwards/1996_brigham-young_roster.csv,Matt Cox*,NA,OL,,1996,Brigham Young,LaVell Edwards
https://raw.githubusercontent.com/RKRoberts97/byu_football_tree/refs/heads/main/College/Coaches/College%20Head%20Coaches/LaVell_Edwards/1996_brigham-young_roster.csv,James Johnson*,NA,OL,,1996,Brigham Young,LaVell Edwards
https://raw.githubusercontent.com/RKRoberts97/byu_football_tree/refs/heads/main/College/Coaches/College%20Head%20Coaches/LaVell_Edwards/1996_brigham-young_roster.csv,Larry Moore*,NA,OL,,1996,Brigham Young,LaVell Edwards
https://raw.githubusercontent.com/RKRoberts97/byu_football_tree/refs/heads/main/College/Coaches/College%20Head%20Coaches/LaVell_Edwards/1996_brigham-young_roster.csv,John Tait*,NA,OL,,1996,Brigham Young,LaVell Edwards
https://raw.githubusercontent.com/RKRoberts97/byu_football_tree/refs/heads/main/College/Coaches/College%20Head%20Coaches/LaVell_Edwards/1996_brigham-young_roster.csv,Jason Anderson,NA,OL,,1996,Brigham Young,LaVell Edwards
https://raw.githubusercontent.com/RKRoberts97/byu_football_tree/refs/heads/main/College/Coaches/College%20Head%20Coaches/LaVell_Edwards/1996_brigham-young_roster.csv,Ethan Pochman,NA,K,,1996,Brigham Young,LaVell Edwards
https://raw.githubusercontent.com/RKRoberts97/byu_football_tree/refs/heads/main/College/Coaches/College%20Head%20Coaches/LaVell_Edwards/1996_brigham-young_roster.csv,Courtney Smith,NA,K,,1996,Brigham Young,LaVell Edwards
https://raw.githubusercontent.com/RKRoberts97/byu_football_tree/refs/heads/main/College/Coaches/College%20Head%20Coaches/LaVell_Edwards/1996_brigham-young_roster.csv,Harland Ah You*,NA,DL,,1996,Brigham Young,LaVell Edwards
https://raw.githubusercontent.com/RKRoberts97/byu_football_tree/refs/heads/main/College/Coaches/College%20Head%20Coaches/LaVell_Edwards/1996_brigham-young_roster.csv,Henry Bloomfield*,NA,DL,,1996,Brigham Young,LaVell Edwards
https://raw.githubusercontent.com/RKRoberts97/byu_football_tree/refs/heads/main/College/Coaches/College%20Head%20Coaches/LaVell_Edwards/1996_brigham-young_roster.csv,Byron Frisch*,NA,DL,,1996,Brigham Young,LaVell Edwards
https://raw.githubusercontent.com/RKRoberts97/byu_football_tree/refs/heads/main/College/Coaches/College%20Head%20Coaches/LaVell_Edwards/1996_brigham-young_roster.csv,Ed Kehl*,NA,DL,,1996,Brigham Young,LaVell Edwards
https://raw.githubusercontent.com/RKRoberts97/byu_football_tree/refs/heads/main/College/Coaches/College%20Head%20Coaches/LaVell_Edwards/1996_brigham-young_roster.csv,Ed Lamp,NA,DL,,1996,Brigham Young,LaVell Edwards
https://raw.githubusercontent.com/RKRoberts97/byu_football_tree/refs/heads/main/College/Coaches/College%20Head%20Coaches/LaVell_Edwards/1996_brigham-young_roster.csv,Daren Yancey,NA,DL,,1996,Brigham Young,LaVell Edwards
https://raw.githubusercontent.com/RKRoberts97/byu_football_tree/refs/heads/main/College/Coaches/College%20Head%20Coaches/LaVell_Edwards/1996_brigham-young_roster.csv,Brad Martin*,NA,LB,,1996,Brigham Young,LaVell Edwards
https://raw.githubusercontent.com/RKRoberts97/byu_football_tree/refs/heads/main/College/Coaches/College%20Head%20Coaches/LaVell_Edwards/1996_brigham-young_roster.csv,Shay Muirbrook*,NA,LB,,1996,Brigham Young,LaVell Edwards
https://raw.githubusercontent.com/RKRoberts97/byu_football_tree/refs/heads/main/College/Coaches/College%20Head%20Coaches/LaVell_Edwards/1996_brigham-young_roster.csv,Spencer Reid*,NA,LB,,1996,Brigham Young,LaVell Edwards
https://raw.githubusercontent.com/RKRoberts97/byu_football_tree/refs/heads/main/College/Coaches/College%20Head%20Coaches/LaVell_Edwards/1996_brigham-young_roster.csv,Jeff Ellis,NA,LB,,1996,Brigham Young,LaVell Edwards
https://raw.githubusercontent.com/RKRoberts97/byu_football_tree/refs/heads/main/College/Coaches/College%20Head%20Coaches/LaVell_Edwards/1996_brigham-young_roster.csv,Dennis Simmons,NA,LB,,1996,Brigham Young,LaVell Edwards
https://raw.githubusercontent.com/RKRoberts97/byu_football_tree/refs/heads/main/College/Coaches/College%20Head%20Coaches/LaVell_Edwards/1996_brigham-young_roster.csv,Derik Stevenson,NA,LB,,1996,Brigham Young,LaVell Edwards
https://raw.githubusercontent.com/RKRoberts97/byu_football_tree/refs/heads/main/College/Coaches/College%20Head%20Coaches/LaVell_Edwards/1996_brigham-young_roster.csv,Chris Ellison*,NA,DB,,1996,Brigham Young,LaVell Edwards
https://raw.githubusercontent.com/RKRoberts97/byu_football_tree/refs/heads/main/College/Coaches/College%20Head%20Coaches/LaVell_Edwards/1996_brigham-young_roster.csv,Tim McTyer*,NA,DB,,1996,Brigham Young,LaVell Edwards
https://raw.githubusercontent.com/RKRoberts97/byu_football_tree/refs/heads/main/College/Coaches/College%20Head%20Coaches/LaVell_Edwards/1996_brigham-young_roster.csv,Omarr Morgan*,NA,DB,,1996,Brigham Young,LaVell Edwards
https://raw.githubusercontent.com/RKRoberts97/byu_football_tree/refs/heads/main/College/Coaches/College%20Head%20Coaches/LaVell_Edwards/1996_brigham-young_roster.csv,Jason Walker*,NA,DB,,1996,Brigham Young,LaVell Edwards
https://raw.githubusercontent.com/RKRoberts97/byu_football_tree/refs/heads/main/College/Coaches/College%20Head%20Coaches/LaVell_Edwards/1996_brigham-young_roster.csv,Ben Cook,NA,DB,,1996,Brigham Young,LaVell Edwards
https://raw.githubusercontent.com/RKRoberts97/byu_football_tree/refs/heads/main/College/Coaches/College%20Head%20Coaches/LaVell_Edwards/1996_brigham-young_roster.csv,Lane Hale,NA,DB,,1996,Brigham Young,LaVell Edwards
https://raw.githubusercontent.com/RKRoberts97/byu_football_tree/refs/heads/main/College/Coaches/College%20Head%20Coaches/LaVell_Edwards/1996_brigham-young_roster.csv,Eddie Sampson,NA,DB,,1996,Brigham Young,LaVell Edwards
https://raw.githubusercontent.com/RKRoberts97/byu_football_tree/refs/heads/main/College/Coaches/College%20Head%20Coaches/LaVell_Edwards/1996_brigham-young_roster.csv,Alan Boardman,NA,P,,1996,Brigham Young,LaVell Edwards
https://raw.githubusercontent.com/RKRoberts97/byu_football_tree/refs/heads/main/College/Coaches/College%20Head%20Coaches/LaVell_Edwards/1997_brigham-young_roster.csv,Kevin Feterik*,NA,QB,"125 Cmp, 208 Att, 1767 Yds, 11 TD",1997,Brigham Young,LaVell Edwards
https://raw.githubusercontent.com/RKRoberts97/byu_football_tree/refs/heads/main/College/Coaches/College%20Head%20Coaches/LaVell_Edwards/1997_brigham-young_roster.csv,Drew Miller,NA,QB,"37 Cmp, 67 Att, 430 Yds, 3 TD",1997,Brigham Young,LaVell Edwards
https://raw.githubusercontent.com/RKRoberts97/byu_football_tree/refs/heads/main/College/Coaches/College%20Head%20Coaches/LaVell_Edwards/1997_brigham-young_roster.csv,Paul Shoemaker,NA,QB,"22 Cmp, 50 Att, 303 Yds, 1 TD",1997,Brigham Young,LaVell Edwards
https://raw.githubusercontent.com/RKRoberts97/byu_football_tree/refs/heads/main/College/Coaches/College%20Head%20Coaches/LaVell_Edwards/1997_brigham-young_roster.csv,Shane Barlow,NA,QB,,1997,Brigham Young,LaVell Edwards
https://raw.githubusercontent.com/RKRoberts97/byu_football_tree/refs/heads/main/College/Coaches/College%20Head%20Coaches/LaVell_Edwards/1997_brigham-young_roster.csv,Brian McKenzie*,NA,RB,"218 Att, 1004 Yds, 4.6 Avg",1997,Brigham Young,LaVell Edwards
https://raw.githubusercontent.com/RKRoberts97/byu_football_tree/refs/heads/main/College/Coaches/College%20Head%20Coaches/LaVell_Edwards/1997_brigham-young_roster.csv,Aaron Cupp*,NA,RB,"20 Rec, 251 Yds, 12.6 Avg",1997,Brigham Young,LaVell Edwards
https://raw.githubusercontent.com/RKRoberts97/byu_football_tree/refs/heads/main/College/Coaches/College%20Head%20Coaches/LaVell_Edwards/1997_brigham-young_roster.csv,Will Snowden,NA,RB,"36 Att, 122 Yds, 3.4 Avg",1997,Brigham Young,LaVell Edwards
https://raw.githubusercontent.com/RKRoberts97/byu_football_tree/refs/heads/main/College/Coaches/College%20Head%20Coaches/LaVell_Edwards/1997_brigham-young_roster.csv,Jaron Dabney,NA,RB,"19 Att, 117 Yds, 6.2 Avg",1997,Brigham Young,LaVell Edwards
https://raw.githubusercontent.com/RKRoberts97/byu_football_tree/refs/heads/main/College/Coaches/College%20Head%20Coaches/LaVell_Edwards/1997_brigham-young_roster.csv,Kalani Sitake,NA,RB,"8 Att, 12 Yds, 1.5 Avg",1997,Brigham Young,LaVell Edwards
https://raw.githubusercontent.com/RKRoberts97/byu_football_tree/refs/heads/main/College/Coaches/College%20Head%20Coaches/LaVell_Edwards/1997_brigham-young_roster.csv,Tyrone Brown,NA,RB,"1 Att, -2 Yds, -2.0 Avg",1997,Brigham Young,LaVell Edwards
https://raw.githubusercontent.com/RKRoberts97/byu_football_tree/refs/heads/main/College/Coaches/College%20Head%20Coaches/LaVell_Edwards/1997_brigham-young_roster.csv,Chris Stevens,NA,RB,"1 Att, 6 Yds, 6.0 Avg",1997,Brigham Young,LaVell Edwards
https://raw.githubusercontent.com/RKRoberts97/byu_football_tree/refs/heads/main/College/Coaches/College%20Head%20Coaches/LaVell_Edwards/1997_brigham-young_roster.csv,Ben Cahoon*,NA,WR,"57 Rec, 931 Yds, 16.3 Avg",1997,Brigham Young,LaVell Edwards
https://raw.githubusercontent.com/RKRoberts97/byu_football_tree/refs/heads/main/College/Coaches/College%20Head%20Coaches/LaVell_Edwards/1997_brigham-young_roster.csv,Aaron Roderick*,NA,WR,"14 Rec, 250 Yds, 17.9 Avg",1997,Brigham Young,LaVell Edwards
https://raw.githubusercontent.com/RKRoberts97/byu_football_tree/refs/heads/main/College/Coaches/College%20Head%20Coaches/LaVell_Edwards/1997_brigham-young_roster.csv,Margin Hooks,NA,WR,"19 Rec, 324 Yds, 17.1 Avg",1997,Brigham Young,LaVell Edwards
https://raw.githubusercontent.com/RKRoberts97/byu_football_tree/refs/heads/main/College/Coaches/College%20Head%20Coaches/LaVell_Edwards/1997_brigham-young_roster.csv,R.J. Anderson,NA,WR,"3 Rec, 33 Yds, 11.0 Avg",1997,Brigham Young,LaVell Edwards
https://raw.githubusercontent.com/RKRoberts97/byu_football_tree/refs/heads/main/College/Coaches/College%20Head%20Coaches/LaVell_Edwards/1997_brigham-young_roster.csv,Cliff Doman,NA,WR,"1 Rec, 9 Yds, 9.0 Avg",1997,Brigham Young,LaVell Edwards
https://raw.githubusercontent.com/RKRoberts97/byu_football_tree/refs/heads/main/College/Coaches/College%20Head%20Coaches/LaVell_Edwards/1997_brigham-young_roster.csv,Ben Horton,NA,WR,,1997,Brigham Young,LaVell Edwards
https://raw.githubusercontent.com/RKRoberts97/byu_football_tree/refs/heads/main/College/Coaches/College%20Head%20Coaches/LaVell_Edwards/1997_brigham-young_roster.csv,Dustin Johnson*,NA,TE,"33 Rec, 394 Yds, 11.9 Avg",1997,Brigham Young,LaVell Edwards
https://raw.githubusercontent.com/RKRoberts97/byu_football_tree/refs/heads/main/College/Coaches/College%20Head%20Coaches/LaVell_Edwards/1997_brigham-young_roster.csv,John Moala,NA,TE,"3 Rec, 38 Yds, 12.7 Avg",1997,Brigham Young,LaVell Edwards
https://raw.githubusercontent.com/RKRoberts97/byu_football_tree/refs/heads/main/College/Coaches/College%20Head%20Coaches/LaVell_Edwards/1997_brigham-young_roster.csv,Tevita Ofahengaue,NA,TE,,1997,Brigham Young,LaVell Edwards
https://raw.githubusercontent.com/RKRoberts97/byu_football_tree/refs/heads/main/College/Coaches/College%20Head%20Coaches/LaVell_Edwards/1997_brigham-young_roster.csv,Jason Anderson*,NA,OL,,1997,Brigham Young,LaVell Edwards
https://raw.githubusercontent.com/RKRoberts97/byu_football_tree/refs/heads/main/College/Coaches/College%20Head%20Coaches/LaVell_Edwards/1997_brigham-young_roster.csv,Eric Bateman*,NA,OL,,1997,Brigham Young,LaVell Edwards
https://raw.githubusercontent.com/RKRoberts97/byu_football_tree/refs/heads/main/College/Coaches/College%20Head%20Coaches/LaVell_Edwards/1997_brigham-young_roster.csv,Matt Cox*,NA,OL,,1997,Brigham Young,LaVell Edwards
https://raw.githubusercontent.com/RKRoberts97/byu_football_tree/refs/heads/main/College/Coaches/College%20Head%20Coaches/LaVell_Edwards/1997_brigham-young_roster.csv,John Tait*,NA,OL,,1997,Brigham Young,LaVell Edwards
https://raw.githubusercontent.com/RKRoberts97/byu_football_tree/refs/heads/main/College/Coaches/College%20Head%20Coaches/LaVell_Edwards/1997_brigham-young_roster.csv,Joe Young*,NA,OL,,1997,Brigham Young,LaVell Edwards
https://raw.githubusercontent.com/RKRoberts97/byu_football_tree/refs/heads/main/College/Coaches/College%20Head%20Coaches/LaVell_Edwards/1997_brigham-young_roster.csv,J.D. Hartsfield,NA,K,,1997,Brigham Young,LaVell Edwards
https://raw.githubusercontent.com/RKRoberts97/byu_football_tree/refs/heads/main/College/Coaches/College%20Head%20Coaches/LaVell_Edwards/1997_brigham-young_roster.csv,Owen Pochman,NA,K,,1997,Brigham Young,LaVell Edwards
https://raw.githubusercontent.com/RKRoberts97/byu_football_tree/refs/heads/main/College/Coaches/College%20Head%20Coaches/LaVell_Edwards/1997_brigham-young_roster.csv,Byron Frisch*,NA,DL,,1997,Brigham Young,LaVell Edwards
https://raw.githubusercontent.com/RKRoberts97/byu_football_tree/refs/heads/main/College/Coaches/College%20Head%20Coaches/LaVell_Edwards/1997_brigham-young_roster.csv,Ed Kehl*,NA,DL,,1997,Brigham Young,LaVell Edwards
https://raw.githubusercontent.com/RKRoberts97/byu_football_tree/refs/heads/main/College/Coaches/College%20Head%20Coaches/LaVell_Edwards/1997_brigham-young_roster.csv,Issiah Magalei*,NA,DL,,1997,Brigham Young,LaVell Edwards
https://raw.githubusercontent.com/RKRoberts97/byu_football_tree/refs/heads/main/College/Coaches/College%20Head%20Coaches/LaVell_Edwards/1997_brigham-young_roster.csv,Daren Yancey*,NA,DL,,1997,Brigham Young,LaVell Edwards
https://raw.githubusercontent.com/RKRoberts97/byu_football_tree/refs/heads/main/College/Coaches/College%20Head%20Coaches/LaVell_Edwards/1997_brigham-young_roster.csv,Brad Martin*,NA,LB,,1997,Brigham Young,LaVell Edwards
https://raw.githubusercontent.com/RKRoberts97/byu_football_tree/refs/heads/main/College/Coaches/College%20Head%20Coaches/LaVell_Edwards/1997_brigham-young_roster.csv,Rob Morris*,NA,LB,,1997,Brigham Young,LaVell Edwards
https://raw.githubusercontent.com/RKRoberts97/byu_football_tree/refs/heads/main/College/Coaches/College%20Head%20Coaches/LaVell_Edwards/1997_brigham-young_roster.csv,Spencer Reid*,NA,LB,,1997,Brigham Young,LaVell Edwards
https://raw.githubusercontent.com/RKRoberts97/byu_football_tree/refs/heads/main/College/Coaches/College%20Head%20Coaches/LaVell_Edwards/1997_brigham-young_roster.csv,Donny Atuaia,NA,LB,,1997,Brigham Young,LaVell Edwards
https://raw.githubusercontent.com/RKRoberts97/byu_football_tree/refs/heads/main/College/Coaches/College%20Head%20Coaches/LaVell_Edwards/1997_brigham-young_roster.csv,Omarr Morgan*,NA,DB,,1997,Brigham Young,LaVell Edwards
https://raw.githubusercontent.com/RKRoberts97/byu_football_tree/refs/heads/main/College/Coaches/College%20Head%20Coaches/LaVell_Edwards/1997_brigham-young_roster.csv,Ben Cook*,NA,DB,,1997,Brigham Young,LaVell Edwards
https://raw.githubusercontent.com/RKRoberts97/byu_football_tree/refs/heads/main/College/Coaches/College%20Head%20Coaches/LaVell_Edwards/1997_brigham-young_roster.csv,Tyler Nelson*,NA,DB,,1997,Brigham Young,LaVell Edwards
https://raw.githubusercontent.com/RKRoberts97/byu_football_tree/refs/heads/main/College/Coaches/College%20Head%20Coaches/LaVell_Edwards/1997_brigham-young_roster.csv,Jason Walker*,NA,DB,,1997,Brigham Young,LaVell Edwards
https://raw.githubusercontent.com/RKRoberts97/byu_football_tree/refs/heads/main/College/Coaches/College%20Head%20Coaches/LaVell_Edwards/1997_brigham-young_roster.csv,Derik Bates,NA,DB,,1997,Brigham Young,LaVell Edwards
https://raw.githubusercontent.com/RKRoberts97/byu_football_tree/refs/heads/main/College/Coaches/College%20Head%20Coaches/LaVell_Edwards/1997_brigham-young_roster.csv,Jack Williams,NA,DB,,1997,Brigham Young,LaVell Edwards
https://raw.githubusercontent.com/RKRoberts97/byu_football_tree/refs/heads/main/College/Coaches/College%20Head%20Coaches/LaVell_Edwards/1997_brigham-young_roster.csv,Tony Fields,NA,DB,,1997,Brigham Young,LaVell Edwards
https://raw.githubusercontent.com/RKRoberts97/byu_football_tree/refs/heads/main/College/Coaches/College%20Head%20Coaches/LaVell_Edwards/1997_brigham-young_roster.csv,Tevita Liava'a,NA,DB,,1997,Brigham Young,LaVell Edwards
https://raw.githubusercontent.com/RKRoberts97/byu_football_tree/refs/heads/main/College/Coaches/College%20Head%20Coaches/LaVell_Edwards/1997_brigham-young_roster.csv,Jesse Sowards,NA,P,,1997,Brigham Young,LaVell Edwards
https://raw.githubusercontent.com/RKRoberts97/byu_football_tree/refs/heads/main/College/Coaches/College%20Head%20Coaches/LaVell_Edwards/1998_brigham-young_roster.csv,Kevin Feterik*,NA,QB,"202 Cmp, 336 Att, 2718 Yds, 16 TD",1998,Brigham Young,LaVell Edwards
https://raw.githubusercontent.com/RKRoberts97/byu_football_tree/refs/heads/main/College/Coaches/College%20Head%20Coaches/LaVell_Edwards/1998_brigham-young_roster.csv,Drew Miller,NA,QB,"23 Cmp, 45 Att, 332 Yds, 2 TD",1998,Brigham Young,LaVell Edwards
https://raw.githubusercontent.com/RKRoberts97/byu_football_tree/refs/heads/main/College/Coaches/College%20Head%20Coaches/LaVell_Edwards/1998_brigham-young_roster.csv,Brandon Doman,NA,QB,"1 Cmp, 2 Att, 30 Yds, 0 TD",1998,Brigham Young,LaVell Edwards
https://raw.githubusercontent.com/RKRoberts97/byu_football_tree/refs/heads/main/College/Coaches/College%20Head%20Coaches/LaVell_Edwards/1998_brigham-young_roster.csv,Ronney Jenkins*,NA,RB,"252 Att, 1307 Yds, 5.2 Avg",1998,Brigham Young,LaVell Edwards
https://raw.githubusercontent.com/RKRoberts97/byu_football_tree/refs/heads/main/College/Coaches/College%20Head%20Coaches/LaVell_Edwards/1998_brigham-young_roster.csv,Kalani Sitake*,NA,RB,"15 Rec, 129 Yds, 8.6 Avg",1998,Brigham Young,LaVell Edwards
https://raw.githubusercontent.com/RKRoberts97/byu_football_tree/refs/heads/main/College/Coaches/College%20Head%20Coaches/LaVell_Edwards/1998_brigham-young_roster.csv,Reno Mahe,NA,RB,"98 Att, 481 Yds, 4.9 Avg",1998,Brigham Young,LaVell Edwards
https://raw.githubusercontent.com/RKRoberts97/byu_football_tree/refs/heads/main/College/Coaches/College%20Head%20Coaches/LaVell_Edwards/1998_brigham-young_roster.csv,Aaron Cupp,NA,RB,"26 Att, 140 Yds, 5.4 Avg",1998,Brigham Young,LaVell Edwards
https://raw.githubusercontent.com/RKRoberts97/byu_football_tree/refs/heads/main/College/Coaches/College%20Head%20Coaches/LaVell_Edwards/1998_brigham-young_roster.csv,Will Snowden,NA,RB,"15 Att, 81 Yds, 5.4 Avg",1998,Brigham Young,LaVell Edwards
https://raw.githubusercontent.com/RKRoberts97/byu_football_tree/refs/heads/main/College/Coaches/College%20Head%20Coaches/LaVell_Edwards/1998_brigham-young_roster.csv,Donny Atuaia,NA,RB,"8 Rec, 59 Yds, 7.4 Avg",1998,Brigham Young,LaVell Edwards
https://raw.githubusercontent.com/RKRoberts97/byu_football_tree/refs/heads/main/College/Coaches/College%20Head%20Coaches/LaVell_Edwards/1998_brigham-young_roster.csv,Tyrone Brown,NA,RB,"2 Att, 5 Yds, 2.5 Avg",1998,Brigham Young,LaVell Edwards
https://raw.githubusercontent.com/RKRoberts97/byu_football_tree/refs/heads/main/College/Coaches/College%20Head%20Coaches/LaVell_Edwards/1998_brigham-young_roster.csv,Mike Shiffler,NA,RB,,1998,Brigham Young,LaVell Edwards
https://raw.githubusercontent.com/RKRoberts97/byu_football_tree/refs/heads/main/College/Coaches/College%20Head%20Coaches/LaVell_Edwards/1998_brigham-young_roster.csv,Margin Hooks*,NA,WR,"49 Rec, 732 Yds, 14.9 Avg",1998,Brigham Young,LaVell Edwards
https://raw.githubusercontent.com/RKRoberts97/byu_football_tree/refs/heads/main/College/Coaches/College%20Head%20Coaches/LaVell_Edwards/1998_brigham-young_roster.csv,Ben Horton*,NA,WR,"25 Rec, 468 Yds, 18.7 Avg",1998,Brigham Young,LaVell Edwards
https://raw.githubusercontent.com/RKRoberts97/byu_football_tree/refs/heads/main/College/Coaches/College%20Head%20Coaches/LaVell_Edwards/1998_brigham-young_roster.csv,Mike Rigell,NA,WR,"18 Rec, 331 Yds, 18.4 Avg",1998,Brigham Young,LaVell Edwards
https://raw.githubusercontent.com/RKRoberts97/byu_football_tree/refs/heads/main/College/Coaches/College%20Head%20Coaches/LaVell_Edwards/1998_brigham-young_roster.csv,Aaron Roderick,NA,WR,"11 Rec, 143 Yds, 13.0 Avg",1998,Brigham Young,LaVell Edwards
https://raw.githubusercontent.com/RKRoberts97/byu_football_tree/refs/heads/main/College/Coaches/College%20Head%20Coaches/LaVell_Edwards/1998_brigham-young_roster.csv,Michael Westbrook,NA,WR,"1 Rec, 14 Yds, 14.0 Avg",1998,Brigham Young,LaVell Edwards
https://raw.githubusercontent.com/RKRoberts97/byu_football_tree/refs/heads/main/College/Coaches/College%20Head%20Coaches/LaVell_Edwards/1998_brigham-young_roster.csv,Tevita Ofahengame*,NA,TE,,1998,Brigham Young,LaVell Edwards
https://raw.githubusercontent.com/RKRoberts97/byu_football_tree/refs/heads/main/College/Coaches/College%20Head%20Coaches/LaVell_Edwards/1998_brigham-young_roster.csv,Tevita Ofahengaue,NA,TE,"19 Rec, 264 Yds, 13.9 Avg",1998,Brigham Young,LaVell Edwards
https://raw.githubusercontent.com/RKRoberts97/byu_football_tree/refs/heads/main/College/Coaches/College%20Head%20Coaches/LaVell_Edwards/1998_brigham-young_roster.csv,Carlos Nuno,NA,TE,"13 Rec, 207 Yds, 15.9 Avg",1998,Brigham Young,LaVell Edwards
https://raw.githubusercontent.com/RKRoberts97/byu_football_tree/refs/heads/main/College/Coaches/College%20Head%20Coaches/LaVell_Edwards/1998_brigham-young_roster.csv,Matt Johnson*,NA,OL,,1998,Brigham Young,LaVell Edwards
https://raw.githubusercontent.com/RKRoberts97/byu_football_tree/refs/heads/main/College/Coaches/College%20Head%20Coaches/LaVell_Edwards/1998_brigham-young_roster.csv,Jimmy Richards*,NA,OL,,1998,Brigham Young,LaVell Edwards
https://raw.githubusercontent.com/RKRoberts97/byu_football_tree/refs/heads/main/College/Coaches/College%20Head%20Coaches/LaVell_Edwards/1998_brigham-young_roster.csv,Kalani Skiba*,NA,OL,,1998,Brigham Young,LaVell Edwards
https://raw.githubusercontent.com/RKRoberts97/byu_football_tree/refs/heads/main/College/Coaches/College%20Head%20Coaches/LaVell_Edwards/1998_brigham-young_roster.csv,John Tait*,NA,OL,,1998,Brigham Young,LaVell Edwards
https://raw.githubusercontent.com/RKRoberts97/byu_football_tree/refs/heads/main/College/Coaches/College%20Head%20Coaches/LaVell_Edwards/1998_brigham-young_roster.csv,Joe Wong*,NA,OL,,1998,Brigham Young,LaVell Edwards
https://raw.githubusercontent.com/RKRoberts97/byu_football_tree/refs/heads/main/College/Coaches/College%20Head%20Coaches/LaVell_Edwards/1998_brigham-young_roster.csv,Owen Pochman,NA,K,,1998,Brigham Young,LaVell Edwards
https://raw.githubusercontent.com/RKRoberts97/byu_football_tree/refs/heads/main/College/Coaches/College%20Head%20Coaches/LaVell_Edwards/1998_brigham-young_roster.csv,Byron Frisch*,NA,DL,,1998,Brigham Young,LaVell Edwards
https://raw.githubusercontent.com/RKRoberts97/byu_football_tree/refs/heads/main/College/Coaches/College%20Head%20Coaches/LaVell_Edwards/1998_brigham-young_roster.csv,Ed Kehl*,NA,DL,,1998,Brigham Young,LaVell Edwards
https://raw.githubusercontent.com/RKRoberts97/byu_football_tree/refs/heads/main/College/Coaches/College%20Head%20Coaches/LaVell_Edwards/1998_brigham-young_roster.csv,Issiah Magalei*,NA,DL,,1998,Brigham Young,LaVell Edwards
https://raw.githubusercontent.com/RKRoberts97/byu_football_tree/refs/heads/main/College/Coaches/College%20Head%20Coaches/LaVell_Edwards/1998_brigham-young_roster.csv,Daren Yancey*,NA,DL,,1998,Brigham Young,LaVell Edwards
https://raw.githubusercontent.com/RKRoberts97/byu_football_tree/refs/heads/main/College/Coaches/College%20Head%20Coaches/LaVell_Edwards/1998_brigham-young_roster.csv,Chris Hoke,NA,DL,,1998,Brigham Young,LaVell Edwards
https://raw.githubusercontent.com/RKRoberts97/byu_football_tree/refs/heads/main/College/Coaches/College%20Head%20Coaches/LaVell_Edwards/1998_brigham-young_roster.csv,Hans Olsen,NA,DL,,1998,Brigham Young,LaVell Edwards
https://raw.githubusercontent.com/RKRoberts97/byu_football_tree/refs/heads/main/College/Coaches/College%20Head%20Coaches/LaVell_Edwards/1998_brigham-young_roster.csv,Brad Martin*,NA,LB,,1998,Brigham Young,LaVell Edwards
https://raw.githubusercontent.com/RKRoberts97/byu_football_tree/refs/heads/main/College/Coaches/College%20Head%20Coaches/LaVell_Edwards/1998_brigham-young_roster.csv,Rob Morris*,NA,LB,,1998,Brigham Young,LaVell Edwards
https://raw.githubusercontent.com/RKRoberts97/byu_football_tree/refs/heads/main/College/Coaches/College%20Head%20Coaches/LaVell_Edwards/1998_brigham-young_roster.csv,Derik Stevenson*,NA,LB,,1998,Brigham Young,LaVell Edwards
https://raw.githubusercontent.com/RKRoberts97/byu_football_tree/refs/heads/main/College/Coaches/College%20Head%20Coaches/LaVell_Edwards/1998_brigham-young_roster.csv,Justin Ena,NA,LB,,1998,Brigham Young,LaVell Edwards
https://raw.githubusercontent.com/RKRoberts97/byu_football_tree/refs/heads/main/College/Coaches/College%20Head%20Coaches/LaVell_Edwards/1998_brigham-young_roster.csv,Chris Ellison*,NA,DB,,1998,Brigham Young,LaVell Edwards
https://raw.githubusercontent.com/RKRoberts97/byu_football_tree/refs/heads/main/College/Coaches/College%20Head%20Coaches/LaVell_Edwards/1998_brigham-young_roster.csv,Brian Gray*,NA,DB,,1998,Brigham Young,LaVell Edwards
https://raw.githubusercontent.com/RKRoberts97/byu_football_tree/refs/heads/main/College/Coaches/College%20Head%20Coaches/LaVell_Edwards/1998_brigham-young_roster.csv,Heshi Robertson*,NA,DB,,1998,Brigham Young,LaVell Edwards
https://raw.githubusercontent.com/RKRoberts97/byu_football_tree/refs/heads/main/College/Coaches/College%20Head%20Coaches/LaVell_Edwards/1998_brigham-young_roster.csv,Jason Walker*,NA,DB,,1998,Brigham Young,LaVell Edwards
https://raw.githubusercontent.com/RKRoberts97/byu_football_tree/refs/heads/main/College/Coaches/College%20Head%20Coaches/LaVell_Edwards/1998_brigham-young_roster.csv,Jason Anderson,NA,DB,,1998,Brigham Young,LaVell Edwards
https://raw.githubusercontent.com/RKRoberts97/byu_football_tree/refs/heads/main/College/Coaches/College%20Head%20Coaches/LaVell_Edwards/1998_brigham-young_roster.csv,J.D. Hartsfield,NA,P,,1998,Brigham Young,LaVell Edwards
https://raw.githubusercontent.com/RKRoberts97/byu_football_tree/refs/heads/main/College/Coaches/College%20Head%20Coaches/LaVell_Edwards/1998_brigham-young_roster.csv,Jesse Sowards,NA,P,,1998,Brigham Young,LaVell Edwards
https://raw.githubusercontent.com/RKRoberts97/byu_football_tree/refs/heads/main/College/Coaches/College%20Head%20Coaches/LaVell_Edwards/1999_brigham-young_roster.csv,Kevin Feterik*,NA,QB,"277 Cmp, 452 Att, 3554 Yds, 25 TD",1999,Brigham Young,LaVell Edwards
https://raw.githubusercontent.com/RKRoberts97/byu_football_tree/refs/heads/main/College/Coaches/College%20Head%20Coaches/LaVell_Edwards/1999_brigham-young_roster.csv,Bret Engemann,NA,QB,"3 Cmp, 4 Att, 13 Yds, 0 TD",1999,Brigham Young,LaVell Edwards
https://raw.githubusercontent.com/RKRoberts97/byu_football_tree/refs/heads/main/College/Coaches/College%20Head%20Coaches/LaVell_Edwards/1999_brigham-young_roster.csv,Brandon Doman,NA,QB,"0 Cmp, 2 Att, 0 Yds, 0 TD",1999,Brigham Young,LaVell Edwards
https://raw.githubusercontent.com/RKRoberts97/byu_football_tree/refs/heads/main/College/Coaches/College%20Head%20Coaches/LaVell_Edwards/1999_brigham-young_roster.csv,Charlie Peterson,NA,QB,,1999,Brigham Young,LaVell Edwards
https://raw.githubusercontent.com/RKRoberts97/byu_football_tree/refs/heads/main/College/Coaches/College%20Head%20Coaches/LaVell_Edwards/1999_brigham-young_roster.csv,Fahu Tahi*,NA,RB,"102 Att, 445 Yds, 4.4 Avg",1999,Brigham Young,LaVell Edwards
https://raw.githubusercontent.com/RKRoberts97/byu_football_tree/refs/heads/main/College/Coaches/College%20Head%20Coaches/LaVell_Edwards/1999_brigham-young_roster.csv,Kalani Sitake*,NA,RB,"24 Att, 109 Yds, 4.5 Avg",1999,Brigham Young,LaVell Edwards
https://raw.githubusercontent.com/RKRoberts97/byu_football_tree/refs/heads/main/College/Coaches/College%20Head%20Coaches/LaVell_Edwards/1999_brigham-young_roster.csv,Luke Staley,NA,RB,"92 Att, 432 Yds, 4.7 Avg",1999,Brigham Young,LaVell Edwards
https://raw.githubusercontent.com/RKRoberts97/byu_football_tree/refs/heads/main/College/Coaches/College%20Head%20Coaches/LaVell_Edwards/1999_brigham-young_roster.csv,Jaron Dabney,NA,RB,"26 Att, 76 Yds, 2.9 Avg",1999,Brigham Young,LaVell Edwards
https://raw.githubusercontent.com/RKRoberts97/byu_football_tree/refs/heads/main/College/Coaches/College%20Head%20Coaches/LaVell_Edwards/1999_brigham-young_roster.csv,Will Snowden,NA,RB,"15 Att, 48 Yds, 3.2 Avg",1999,Brigham Young,LaVell Edwards
https://raw.githubusercontent.com/RKRoberts97/byu_football_tree/refs/heads/main/College/Coaches/College%20Head%20Coaches/LaVell_Edwards/1999_brigham-young_roster.csv,Donny Atuaia,NA,RB,"24 Rec, 228 Yds, 9.5 Avg",1999,Brigham Young,LaVell Edwards
https://raw.githubusercontent.com/RKRoberts97/byu_football_tree/refs/heads/main/College/Coaches/College%20Head%20Coaches/LaVell_Edwards/1999_brigham-young_roster.csv,Ned Stearns,NA,RB,"4 Att, 11 Yds, 2.8 Avg",1999,Brigham Young,LaVell Edwards
https://raw.githubusercontent.com/RKRoberts97/byu_football_tree/refs/heads/main/College/Coaches/College%20Head%20Coaches/LaVell_Edwards/1999_brigham-young_roster.csv,Mike Nielsen,NA,RB,"1 Rec, 9 Yds, 9.0 Avg",1999,Brigham Young,LaVell Edwards
https://raw.githubusercontent.com/RKRoberts97/byu_football_tree/refs/heads/main/College/Coaches/College%20Head%20Coaches/LaVell_Edwards/1999_brigham-young_roster.csv,Margin Hooks*,NA,WR,"60 Rec, 1067 Yds, 17.8 Avg",1999,Brigham Young,LaVell Edwards
https://raw.githubusercontent.com/RKRoberts97/byu_football_tree/refs/heads/main/College/Coaches/College%20Head%20Coaches/LaVell_Edwards/1999_brigham-young_roster.csv,Ben Horton*,NA,WR,"43 Rec, 472 Yds, 11.0 Avg",1999,Brigham Young,LaVell Edwards
https://raw.githubusercontent.com/RKRoberts97/byu_football_tree/refs/heads/main/College/Coaches/College%20Head%20Coaches/LaVell_Edwards/1999_brigham-young_roster.csv,Jonathan Pittman,NA,WR,"29 Rec, 478 Yds, 16.5 Avg",1999,Brigham Young,LaVell Edwards
https://raw.githubusercontent.com/RKRoberts97/byu_football_tree/refs/heads/main/College/Coaches/College%20Head%20Coaches/LaVell_Edwards/1999_brigham-young_roster.csv,Michael Westbrook,NA,WR,"9 Rec, 65 Yds, 7.2 Avg",1999,Brigham Young,LaVell Edwards
https://raw.githubusercontent.com/RKRoberts97/byu_football_tree/refs/heads/main/College/Coaches/College%20Head%20Coaches/LaVell_Edwards/1999_brigham-young_roster.csv,Chris Hale,NA,WR,"4 Rec, 55 Yds, 13.8 Avg",1999,Brigham Young,LaVell Edwards
https://raw.githubusercontent.com/RKRoberts97/byu_football_tree/refs/heads/main/College/Coaches/College%20Head%20Coaches/LaVell_Edwards/1999_brigham-young_roster.csv,Carlos Nuno*,NA,TE,"11 Rec, 135 Yds, 12.3 Avg",1999,Brigham Young,LaVell Edwards
https://raw.githubusercontent.com/RKRoberts97/byu_football_tree/refs/heads/main/College/Coaches/College%20Head%20Coaches/LaVell_Edwards/1999_brigham-young_roster.csv,Tevita Ofahengaue,NA,TE,"21 Rec, 284 Yds, 13.5 Avg",1999,Brigham Young,LaVell Edwards
https://raw.githubusercontent.com/RKRoberts97/byu_football_tree/refs/heads/main/College/Coaches/College%20Head%20Coaches/LaVell_Edwards/1999_brigham-young_roster.csv,Doug Jolley,NA,TE,"6 Rec, 63 Yds, 10.5 Avg",1999,Brigham Young,LaVell Edwards
https://raw.githubusercontent.com/RKRoberts97/byu_football_tree/refs/heads/main/College/Coaches/College%20Head%20Coaches/LaVell_Edwards/1999_brigham-young_roster.csv,Bristol Olomua,NA,TE,"2 Rec, 16 Yds, 8.0 Avg",1999,Brigham Young,LaVell Edwards
https://raw.githubusercontent.com/RKRoberts97/byu_football_tree/refs/heads/main/College/Coaches/College%20Head%20Coaches/LaVell_Edwards/1999_brigham-young_roster.csv,Tevita Ofahengame,NA,TE,,1999,Brigham Young,LaVell Edwards
https://raw.githubusercontent.com/RKRoberts97/byu_football_tree/refs/heads/main/College/Coaches/College%20Head%20Coaches/LaVell_Edwards/1999_brigham-young_roster.csv,Matt Johnson*,NA,OL,,1999,Brigham Young,LaVell Edwards
https://raw.githubusercontent.com/RKRoberts97/byu_football_tree/refs/heads/main/College/Coaches/College%20Head%20Coaches/LaVell_Edwards/1999_brigham-young_roster.csv,Aaron McCubbins*,NA,OL,,1999,Brigham Young,LaVell Edwards
https://raw.githubusercontent.com/RKRoberts97/byu_football_tree/refs/heads/main/College/Coaches/College%20Head%20Coaches/LaVell_Edwards/1999_brigham-young_roster.csv,Ford Poston*,NA,OL,,1999,Brigham Young,LaVell Edwards
https://raw.githubusercontent.com/RKRoberts97/byu_football_tree/refs/heads/main/College/Coaches/College%20Head%20Coaches/LaVell_Edwards/1999_brigham-young_roster.csv,Jimmy Richards*,NA,OL,,1999,Brigham Young,LaVell Edwards
https://raw.githubusercontent.com/RKRoberts97/byu_football_tree/refs/heads/main/College/Coaches/College%20Head%20Coaches/LaVell_Edwards/1999_brigham-young_roster.csv,Kalani Skiba*,NA,OL,,1999,Brigham Young,LaVell Edwards
https://raw.githubusercontent.com/RKRoberts97/byu_football_tree/refs/heads/main/College/Coaches/College%20Head%20Coaches/LaVell_Edwards/1999_brigham-young_roster.csv,Owen Pochman,NA,K,,1999,Brigham Young,LaVell Edwards
https://raw.githubusercontent.com/RKRoberts97/byu_football_tree/refs/heads/main/College/Coaches/College%20Head%20Coaches/LaVell_Edwards/1999_brigham-young_roster.csv,Byron Frisch*,NA,DL,,1999,Brigham Young,LaVell Edwards
https://raw.githubusercontent.com/RKRoberts97/byu_football_tree/refs/heads/main/College/Coaches/College%20Head%20Coaches/LaVell_Edwards/1999_brigham-young_roster.csv,Setema Gali*,NA,DL,,1999,Brigham Young,LaVell Edwards
https://raw.githubusercontent.com/RKRoberts97/byu_football_tree/refs/heads/main/College/Coaches/College%20Head%20Coaches/LaVell_Edwards/1999_brigham-young_roster.csv,Chris Hoke*,NA,DL,,1999,Brigham Young,LaVell Edwards
https://raw.githubusercontent.com/RKRoberts97/byu_football_tree/refs/heads/main/College/Coaches/College%20Head%20Coaches/LaVell_Edwards/1999_brigham-young_roster.csv,Hans Olsen*,NA,DL,,1999,Brigham Young,LaVell Edwards
https://raw.githubusercontent.com/RKRoberts97/byu_football_tree/refs/heads/main/College/Coaches/College%20Head%20Coaches/LaVell_Edwards/1999_brigham-young_roster.csv,Ryan Denney,NA,DL,,1999,Brigham Young,LaVell Edwards
https://raw.githubusercontent.com/RKRoberts97/byu_football_tree/refs/heads/main/College/Coaches/College%20Head%20Coaches/LaVell_Edwards/1999_brigham-young_roster.csv,Chris Watkins,NA,DL,,1999,Brigham Young,LaVell Edwards
https://raw.githubusercontent.com/RKRoberts97/byu_football_tree/refs/heads/main/College/Coaches/College%20Head%20Coaches/LaVell_Edwards/1999_brigham-young_roster.csv,Justin Ena*,NA,LB,,1999,Brigham Young,LaVell Edwards
https://raw.githubusercontent.com/RKRoberts97/byu_football_tree/refs/heads/main/College/Coaches/College%20Head%20Coaches/LaVell_Edwards/1999_brigham-young_roster.csv,Josh Lowe*,NA,LB,,1999,Brigham Young,LaVell Edwards
https://raw.githubusercontent.com/RKRoberts97/byu_football_tree/refs/heads/main/College/Coaches/College%20Head%20Coaches/LaVell_Edwards/1999_brigham-young_roster.csv,Rob Morris*,NA,LB,,1999,Brigham Young,LaVell Edwards
https://raw.githubusercontent.com/RKRoberts97/byu_football_tree/refs/heads/main/College/Coaches/College%20Head%20Coaches/LaVell_Edwards/1999_brigham-young_roster.csv,Isaac Kelley,NA,LB,,1999,Brigham Young,LaVell Edwards
https://raw.githubusercontent.com/RKRoberts97/byu_football_tree/refs/heads/main/College/Coaches/College%20Head%20Coaches/LaVell_Edwards/1999_brigham-young_roster.csv,Jeff Holtry,NA,LB,,1999,Brigham Young,LaVell Edwards
https://raw.githubusercontent.com/RKRoberts97/byu_football_tree/refs/heads/main/College/Coaches/College%20Head%20Coaches/LaVell_Edwards/1999_brigham-young_roster.csv,Brian Gray*,NA,DB,,1999,Brigham Young,LaVell Edwards
https://raw.githubusercontent.com/RKRoberts97/byu_football_tree/refs/heads/main/College/Coaches/College%20Head%20Coaches/LaVell_Edwards/1999_brigham-young_roster.csv,Jared Lee*,NA,DB,,1999,Brigham Young,LaVell Edwards
https://raw.githubusercontent.com/RKRoberts97/byu_football_tree/refs/heads/main/College/Coaches/College%20Head%20Coaches/LaVell_Edwards/1999_brigham-young_roster.csv,Tyler Nelson*,NA,DB,,1999,Brigham Young,LaVell Edwards
https://raw.githubusercontent.com/RKRoberts97/byu_football_tree/refs/heads/main/College/Coaches/College%20Head%20Coaches/LaVell_Edwards/1999_brigham-young_roster.csv,Heshi Robertson*,NA,DB,,1999,Brigham Young,LaVell Edwards
https://raw.githubusercontent.com/RKRoberts97/byu_football_tree/refs/heads/main/College/Coaches/College%20Head%20Coaches/LaVell_Edwards/1999_brigham-young_roster.csv,Elan Edwards,NA,DB,,1999,Brigham Young,LaVell Edwards
https://raw.githubusercontent.com/RKRoberts97/byu_football_tree/refs/heads/main/College/Coaches/College%20Head%20Coaches/LaVell_Edwards/1999_brigham-young_roster.csv,Tyson Smith,NA,DB,,1999,Brigham Young,LaVell Edwards
https://raw.githubusercontent.com/RKRoberts97/byu_football_tree/refs/heads/main/College/Coaches/College%20Head%20Coaches/LaVell_Edwards/1999_brigham-young_roster.csv,Jernaro Gilford,NA,DB,,1999,Brigham Young,LaVell Edwards
https://raw.githubusercontent.com/RKRoberts97/byu_football_tree/refs/heads/main/College/Coaches/College%20Head%20Coaches/LaVell_Edwards/1999_brigham-young_roster.csv,Jesse Sowards,NA,P,,1999,Brigham Young,LaVell Edwards
https://raw.githubusercontent.com/RKRoberts97/byu_football_tree/refs/heads/main/College/Coaches/College%20Head%20Coaches/LaVell_Edwards/1999_brigham-young_roster.csv,Cliff Doman,NA,PR,,1999,Brigham Young,LaVell Edwards
https://raw.githubusercontent.com/RKRoberts97/byu_football_tree/refs/heads/main/College/Coaches/College%20Head%20Coaches/LaVell_Edwards/2000_brigham-young_roster.csv,Bret Engemann*,SO,QB,"72 Cmp, 134 Att, 896 Yds, 3 TD",2000,Brigham Young,LaVell Edwards
https://raw.githubusercontent.com/RKRoberts97/byu_football_tree/refs/heads/main/College/Coaches/College%20Head%20Coaches/LaVell_Edwards/2000_brigham-young_roster.csv,Charlie Peterson,JR,QB,"149 Cmp, 260 Att, 1617 Yds, 6 TD",2000,Brigham Young,LaVell Edwards
https://raw.githubusercontent.com/RKRoberts97/byu_football_tree/refs/heads/main/College/Coaches/College%20Head%20Coaches/LaVell_Edwards/2000_brigham-young_roster.csv,Brandon Doman,JR,QB,"51 Cmp, 92 Att, 782 Yds, 2 TD",2000,Brigham Young,LaVell Edwards
https://raw.githubusercontent.com/RKRoberts97/byu_football_tree/refs/heads/main/College/Coaches/College%20Head%20Coaches/LaVell_Edwards/2000_brigham-young_roster.csv,Luke Staley*,SO,RB,"130 Att, 479 Yds, 3.7 Avg",2000,Brigham Young,LaVell Edwards
https://raw.githubusercontent.com/RKRoberts97/byu_football_tree/refs/heads/main/College/Coaches/College%20Head%20Coaches/LaVell_Edwards/2000_brigham-young_roster.csv,Kalani Sitake*,SR,RB,"25 Att, 100 Yds, 4.0 Avg",2000,Brigham Young,LaVell Edwards
https://raw.githubusercontent.com/RKRoberts97/byu_football_tree/refs/heads/main/College/Coaches/College%20Head%20Coaches/LaVell_Edwards/2000_brigham-young_roster.csv,Jared Harper,,RB,,2000,Brigham Young,LaVell Edwards
https://raw.githubusercontent.com/RKRoberts97/byu_football_tree/refs/heads/main/College/Coaches/College%20Head%20Coaches/LaVell_Edwards/2000_brigham-young_roster.csv,Brian McDonald,JR,RB,"101 Att, 464 Yds, 4.6 Avg",2000,Brigham Young,LaVell Edwards
https://raw.githubusercontent.com/RKRoberts97/byu_football_tree/refs/heads/main/College/Coaches/College%20Head%20Coaches/LaVell_Edwards/2000_brigham-young_roster.csv,Marcus Whalen,,RB,"38 Att, 209 Yds, 5.5 Avg",2000,Brigham Young,LaVell Edwards
https://raw.githubusercontent.com/RKRoberts97/byu_football_tree/refs/heads/main/College/Coaches/College%20Head%20Coaches/LaVell_Edwards/2000_brigham-young_roster.csv,Will Snowden,SR,RB,"13 Rec, 98 Yds, 7.5 Avg",2000,Brigham Young,LaVell Edwards
https://raw.githubusercontent.com/RKRoberts97/byu_football_tree/refs/heads/main/College/Coaches/College%20Head%20Coaches/LaVell_Edwards/2000_brigham-young_roster.csv,Ned Stearns,JR,RB,"3 Att, 2 Yds, 0.7 Avg",2000,Brigham Young,LaVell Edwards
https://raw.githubusercontent.com/RKRoberts97/byu_football_tree/refs/heads/main/College/Coaches/College%20Head%20Coaches/LaVell_Edwards/2000_brigham-young_roster.csv,Mike Nielsen,JR,RB,"1 Rec, -2 Yds, -2.0 Avg",2000,Brigham Young,LaVell Edwards
https://raw.githubusercontent.com/RKRoberts97/byu_football_tree/refs/heads/main/College/Coaches/College%20Head%20Coaches/LaVell_Edwards/2000_brigham-young_roster.csv,Paul Peterson,JR,RB,,2000,Brigham Young,LaVell Edwards
https://raw.githubusercontent.com/RKRoberts97/byu_football_tree/refs/heads/main/College/Coaches/College%20Head%20Coaches/LaVell_Edwards/2000_brigham-young_roster.csv,David Christensen,,RB,,2000,Brigham Young,LaVell Edwards
https://raw.githubusercontent.com/RKRoberts97/byu_football_tree/refs/heads/main/College/Coaches/College%20Head%20Coaches/LaVell_Edwards/2000_brigham-young_roster.csv,Margin Hooks*,SR,WR,"61 Rec, 718 Yds, 11.8 Avg",2000,Brigham Young,LaVell Edwards
https://raw.githubusercontent.com/RKRoberts97/byu_football_tree/refs/heads/main/College/Coaches/College%20Head%20Coaches/LaVell_Edwards/2000_brigham-young_roster.csv,Jonathan Pittman*,SR,WR,"38 Rec, 691 Yds, 18.2 Avg",2000,Brigham Young,LaVell Edwards
https://raw.githubusercontent.com/RKRoberts97/byu_football_tree/refs/heads/main/College/Coaches/College%20Head%20Coaches/LaVell_Edwards/2000_brigham-young_roster.csv,Mike Rigell,JR,WR,"21 Rec, 220 Yds, 10.5 Avg",2000,Brigham Young,LaVell Edwards
https://raw.githubusercontent.com/RKRoberts97/byu_football_tree/refs/heads/main/College/Coaches/College%20Head%20Coaches/LaVell_Edwards/2000_brigham-young_roster.csv,Ben Horton,SR,WR,"23 Rec, 278 Yds, 12.1 Avg",2000,Brigham Young,LaVell Edwards
https://raw.githubusercontent.com/RKRoberts97/byu_football_tree/refs/heads/main/College/Coaches/College%20Head%20Coaches/LaVell_Edwards/2000_brigham-young_roster.csv,Soren Halladay,JR,WR,"5 Rec, 86 Yds, 17.2 Avg",2000,Brigham Young,LaVell Edwards
https://raw.githubusercontent.com/RKRoberts97/byu_football_tree/refs/heads/main/College/Coaches/College%20Head%20Coaches/LaVell_Edwards/2000_brigham-young_roster.csv,Tevita Ofahengame*,,TE,,2000,Brigham Young,LaVell Edwards
https://raw.githubusercontent.com/RKRoberts97/byu_football_tree/refs/heads/main/College/Coaches/College%20Head%20Coaches/LaVell_Edwards/2000_brigham-young_roster.csv,Doug Jolley,JR,TE,"14 Rec, 213 Yds, 15.2 Avg",2000,Brigham Young,LaVell Edwards
https://raw.githubusercontent.com/RKRoberts97/byu_football_tree/refs/heads/main/College/Coaches/College%20Head%20Coaches/LaVell_Edwards/2000_brigham-young_roster.csv,Tevita Ofahengaue,SR,TE,"22 Rec, 305 Yds, 13.9 Avg",2000,Brigham Young,LaVell Edwards
https://raw.githubusercontent.com/RKRoberts97/byu_football_tree/refs/heads/main/College/Coaches/College%20Head%20Coaches/LaVell_Edwards/2000_brigham-young_roster.csv,Gabriel Reid,SO,TE,"4 Rec, 50 Yds, 12.5 Avg",2000,Brigham Young,LaVell Edwards
https://raw.githubusercontent.com/RKRoberts97/byu_football_tree/refs/heads/main/College/Coaches/College%20Head%20Coaches/LaVell_Edwards/2000_brigham-young_roster.csv,Ben Archibald*,,OL,,2000,Brigham Young,LaVell Edwards
https://raw.githubusercontent.com/RKRoberts97/byu_football_tree/refs/heads/main/College/Coaches/College%20Head%20Coaches/LaVell_Edwards/2000_brigham-young_roster.csv,Aaron McCubbins*,,OL,,2000,Brigham Young,LaVell Edwards
https://raw.githubusercontent.com/RKRoberts97/byu_football_tree/refs/heads/main/College/Coaches/College%20Head%20Coaches/LaVell_Edwards/2000_brigham-young_roster.csv,Dustin Rykert*,,OL,,2000,Brigham Young,LaVell Edwards
https://raw.githubusercontent.com/RKRoberts97/byu_football_tree/refs/heads/main/College/Coaches/College%20Head%20Coaches/LaVell_Edwards/2000_brigham-young_roster.csv,Jason Scukanee*,,OL,,2000,Brigham Young,LaVell Edwards
https://raw.githubusercontent.com/RKRoberts97/byu_football_tree/refs/heads/main/College/Coaches/College%20Head%20Coaches/LaVell_Edwards/2000_brigham-young_roster.csv,Teag Whiting*,,OL,,2000,Brigham Young,LaVell Edwards
https://raw.githubusercontent.com/RKRoberts97/byu_football_tree/refs/heads/main/College/Coaches/College%20Head%20Coaches/LaVell_Edwards/2000_brigham-young_roster.csv,Kam Valgardson,,OL,,2000,Brigham Young,LaVell Edwards
https://raw.githubusercontent.com/RKRoberts97/byu_football_tree/refs/heads/main/College/Coaches/College%20Head%20Coaches/LaVell_Edwards/2000_brigham-young_roster.csv,Aaron Edmonds,JR,K,,2000,Brigham Young,LaVell Edwards
https://raw.githubusercontent.com/RKRoberts97/byu_football_tree/refs/heads/main/College/Coaches/College%20Head%20Coaches/LaVell_Edwards/2000_brigham-young_roster.csv,Owen Pochman,SR,K,,2000,Brigham Young,LaVell Edwards
https://raw.githubusercontent.com/RKRoberts97/byu_football_tree/refs/heads/main/College/Coaches/College%20Head%20Coaches/LaVell_Edwards/2000_brigham-young_roster.csv,Ryan Denney*,,DL,,2000,Brigham Young,LaVell Edwards
https://raw.githubusercontent.com/RKRoberts97/byu_football_tree/refs/heads/main/College/Coaches/College%20Head%20Coaches/LaVell_Edwards/2000_brigham-young_roster.csv,Setema Gali*,,DL,,2000,Brigham Young,LaVell Edwards
https://raw.githubusercontent.com/RKRoberts97/byu_football_tree/refs/heads/main/College/Coaches/College%20Head%20Coaches/LaVell_Edwards/2000_brigham-young_roster.csv,Chris Hoke*,,DL,,2000,Brigham Young,LaVell Edwards
https://raw.githubusercontent.com/RKRoberts97/byu_football_tree/refs/heads/main/College/Coaches/College%20Head%20Coaches/LaVell_Edwards/2000_brigham-young_roster.csv,Hans Olsen*,,DL,,2000,Brigham Young,LaVell Edwards
https://raw.githubusercontent.com/RKRoberts97/byu_football_tree/refs/heads/main/College/Coaches/College%20Head%20Coaches/LaVell_Edwards/2000_brigham-young_roster.csv,Brett Keisel,,DL,,2000,Brigham Young,LaVell Edwards
https://raw.githubusercontent.com/RKRoberts97/byu_football_tree/refs/heads/main/College/Coaches/College%20Head%20Coaches/LaVell_Edwards/2000_brigham-young_roster.csv,Justin Ena*,,LB,,2000,Brigham Young,LaVell Edwards
https://raw.githubusercontent.com/RKRoberts97/byu_football_tree/refs/heads/main/College/Coaches/College%20Head%20Coaches/LaVell_Edwards/2000_brigham-young_roster.csv,Isaac Kelley*,,LB,,2000,Brigham Young,LaVell Edwards
https://raw.githubusercontent.com/RKRoberts97/byu_football_tree/refs/heads/main/College/Coaches/College%20Head%20Coaches/LaVell_Edwards/2000_brigham-young_roster.csv,Paul Walkenhorst*,,LB,,2000,Brigham Young,LaVell Edwards
https://raw.githubusercontent.com/RKRoberts97/byu_football_tree/refs/heads/main/College/Coaches/College%20Head%20Coaches/LaVell_Edwards/2000_brigham-young_roster.csv,Josh Lowe,,LB,,2000,Brigham Young,LaVell Edwards
https://raw.githubusercontent.com/RKRoberts97/byu_football_tree/refs/heads/main/College/Coaches/College%20Head%20Coaches/LaVell_Edwards/2000_brigham-young_roster.csv,Jared Lee*,SR,DB,,2000,Brigham Young,LaVell Edwards
https://raw.githubusercontent.com/RKRoberts97/byu_football_tree/refs/heads/main/College/Coaches/College%20Head%20Coaches/LaVell_Edwards/2000_brigham-young_roster.csv,Danny Phillips*,,DB,,2000,Brigham Young,LaVell Edwards
https://raw.githubusercontent.com/RKRoberts97/byu_football_tree/refs/heads/main/College/Coaches/College%20Head%20Coaches/LaVell_Edwards/2000_brigham-young_roster.csv,Tyson Smith*,SR,DB,,2000,Brigham Young,LaVell Edwards
https://raw.githubusercontent.com/RKRoberts97/byu_football_tree/refs/heads/main/College/Coaches/College%20Head%20Coaches/LaVell_Edwards/2000_brigham-young_roster.csv,Dustin Staley*,,DB,,2000,Brigham Young,LaVell Edwards
https://raw.githubusercontent.com/RKRoberts97/byu_football_tree/refs/heads/main/College/Coaches/College%20Head%20Coaches/LaVell_Edwards/2000_brigham-young_roster.csv,Michael Lafitte,,DB,,2000,Brigham Young,LaVell Edwards
https://raw.githubusercontent.com/RKRoberts97/byu_football_tree/refs/heads/main/College/Coaches/College%20Head%20Coaches/LaVell_Edwards/2000_brigham-young_roster.csv,Michael Madsen,SO,DB,,2000,Brigham Young,LaVell Edwards
https://raw.githubusercontent.com/RKRoberts97/byu_football_tree/refs/heads/main/College/Coaches/College%20Head%20Coaches/LaVell_Edwards/2000_brigham-young_roster.csv,Derrus Wilson,,DB,,2000,Brigham Young,LaVell Edwards
https://raw.githubusercontent.com/RKRoberts97/byu_football_tree/refs/heads/main/College/Coaches/College%20Head%20Coaches/LaVell_Edwards/2000_brigham-young_roster.csv,_ Christenson,,,,2000,Brigham Young,LaVell Edwards
https://raw.githubusercontent.com/RKRoberts97/byu_football_tree/refs/heads/main/College/Coaches/College%20Head%20Coaches/LaVell_Edwards/2000_brigham-young_roster.csv,Ryan Skinner,,,,2000,Brigham Young,LaVell Edwards
