source,player,class,pos,summary,year,school,coach
https://raw.githubusercontent.com/RKRoberts97/byu_football_tree/refs/heads/main/College/Coaches/College%20Head%20Coaches/Kalani_Sitake/2016_brigham-young_roster.csv,Taysom Hill,SR,QB,"222 Cmp, 372 Att, 2323 Yds, 12 TD",2016,Brigham Young,Kalani Sitake
https://raw.githubusercontent.com/RKRoberts97/byu_football_tree/refs/heads/main/College/Coaches/College%20Head%20Coaches/Kalani_Sitake/2016_brigham-young_roster.csv,Tanner Mangum,SO,QB,"22 Cmp, 33 Att, 241 Yds, 3 TD",2016,Brigham Young,Kalani Sitake
https://raw.githubusercontent.com/RKRoberts97/byu_football_tree/refs/heads/main/College/Coaches/College%20Head%20Coaches/Kalani_Sitake/2016_brigham-young_roster.csv,Jamaal Williams,SR,RB,"234 Att, 1375 Yds, 5.9 Avg",2016,Brigham Young,Kalani Sitake
https://raw.githubusercontent.com/RKRoberts97/byu_football_tree/refs/heads/main/College/Coaches/College%20Head%20Coaches/Kalani_Sitake/2016_brigham-young_roster.csv,Squally Canada,SO,RB,"74 Att, 315 Yds, 4.3 Avg",2016,Brigham Young,Kalani Sitake
https://raw.githubusercontent.com/RKRoberts97/byu_football_tree/refs/heads/main/College/Coaches/College%20Head%20Coaches/Kalani_Sitake/2016_brigham-young_roster.csv,KJ Hall,FR,RB,"35 Att, 184 Yds, 5.3 Avg",2016,Brigham Young,Kalani Sitake
https://raw.githubusercontent.com/RKRoberts97/byu_football_tree/refs/heads/main/College/Coaches/College%20Head%20Coaches/Kalani_Sitake/2016_brigham-young_roster.csv,Algernon Brown,SR,RB,"16 Att, 43 Yds, 2.7 Avg",2016,Brigham Young,Kalani Sitake
https://raw.githubusercontent.com/RKRoberts97/byu_football_tree/refs/heads/main/College/Coaches/College%20Head%20Coaches/Kalani_Sitake/2016_brigham-young_roster.csv,Colby Hansen,JR,RB,"4 Att, 10 Yds, 2.5 Avg",2016,Brigham Young,Kalani Sitake
https://raw.githubusercontent.com/RKRoberts97/byu_football_tree/refs/heads/main/College/Coaches/College%20Head%20Coaches/Kalani_Sitake/2016_brigham-young_roster.csv,Brayden El-Bakri,SO,RB,"5 Rec, 88 Yds, 17.6 Avg",2016,Brigham Young,Kalani Sitake
https://raw.githubusercontent.com/RKRoberts97/byu_football_tree/refs/heads/main/College/Coaches/College%20Head%20Coaches/Kalani_Sitake/2016_brigham-young_roster.csv,Mitchell Juergens,SR,WR,"34 Rec, 333 Yds, 9.8 Avg",2016,Brigham Young,Kalani Sitake
https://raw.githubusercontent.com/RKRoberts97/byu_football_tree/refs/heads/main/College/Coaches/College%20Head%20Coaches/Kalani_Sitake/2016_brigham-young_roster.csv,Aleva Hifo,FR,WR,"11 Rec, 58 Yds, 5.3 Avg",2016,Brigham Young,Kalani Sitake
https://raw.githubusercontent.com/RKRoberts97/byu_football_tree/refs/heads/main/College/Coaches/College%20Head%20Coaches/Kalani_Sitake/2016_brigham-young_roster.csv,Colby Pearson,SR,WR,"38 Rec, 384 Yds, 10.1 Avg",2016,Brigham Young,Kalani Sitake
https://raw.githubusercontent.com/RKRoberts97/byu_football_tree/refs/heads/main/College/Coaches/College%20Head%20Coaches/Kalani_Sitake/2016_brigham-young_roster.csv,Nick Kurtz,SR,WR,"49 Rec, 541 Yds, 11.0 Avg",2016,Brigham Young,Kalani Sitake
https://raw.githubusercontent.com/RKRoberts97/byu_football_tree/refs/heads/main/College/Coaches/College%20Head%20Coaches/Kalani_Sitake/2016_brigham-young_roster.csv,Jonah Trinnaman,JR,WR,"28 Rec, 321 Yds, 11.5 Avg",2016,Brigham Young,Kalani Sitake
https://raw.githubusercontent.com/RKRoberts97/byu_football_tree/refs/heads/main/College/Coaches/College%20Head%20Coaches/Kalani_Sitake/2016_brigham-young_roster.csv,Moroni Laulu-Pututau,SO,WR,"27 Rec, 277 Yds, 10.3 Avg",2016,Brigham Young,Kalani Sitake
https://raw.githubusercontent.com/RKRoberts97/byu_football_tree/refs/heads/main/College/Coaches/College%20Head%20Coaches/Kalani_Sitake/2016_brigham-young_roster.csv,Garrett Juergens,SR,WR,"4 Rec, 36 Yds, 9.0 Avg",2016,Brigham Young,Kalani Sitake
https://raw.githubusercontent.com/RKRoberts97/byu_football_tree/refs/heads/main/College/Coaches/College%20Head%20Coaches/Kalani_Sitake/2016_brigham-young_roster.csv,Talon Shumway,FR,WR,"3 Rec, 49 Yds, 16.3 Avg",2016,Brigham Young,Kalani Sitake
https://raw.githubusercontent.com/RKRoberts97/byu_football_tree/refs/heads/main/College/Coaches/College%20Head%20Coaches/Kalani_Sitake/2016_brigham-young_roster.csv,Beau Tanner,SO,WR,"1 Rec, 5 Yds, 5.0 Avg",2016,Brigham Young,Kalani Sitake
https://raw.githubusercontent.com/RKRoberts97/byu_football_tree/refs/heads/main/College/Coaches/College%20Head%20Coaches/Kalani_Sitake/2016_brigham-young_roster.csv,Tanner Balderree,JR,TE,"13 Rec, 156 Yds, 12.0 Avg",2016,Brigham Young,Kalani Sitake
https://raw.githubusercontent.com/RKRoberts97/byu_football_tree/refs/heads/main/College/Coaches/College%20Head%20Coaches/Kalani_Sitake/2016_brigham-young_roster.csv,Hunter Marshall,SO,TE,"7 Rec, 66 Yds, 9.4 Avg",2016,Brigham Young,Kalani Sitake
https://raw.githubusercontent.com/RKRoberts97/byu_football_tree/refs/heads/main/College/Coaches/College%20Head%20Coaches/Kalani_Sitake/2016_brigham-young_roster.csv,Nate Sampson,SO,TE,"1 Rec, 12 Yds, 12.0 Avg",2016,Brigham Young,Kalani Sitake
https://raw.githubusercontent.com/RKRoberts97/byu_football_tree/refs/heads/main/College/Coaches/College%20Head%20Coaches/Kalani_Sitake/2016_brigham-young_roster.csv,Solomone Wolfgramm,SO,TE,,2016,Brigham Young,Kalani Sitake
https://raw.githubusercontent.com/RKRoberts97/byu_football_tree/refs/heads/main/College/Coaches/College%20Head%20Coaches/Kalani_Sitake/2016_brigham-young_roster.csv,Quin Ficklin,SO,OL,,2016,Brigham Young,Kalani Sitake
https://raw.githubusercontent.com/RKRoberts97/byu_football_tree/refs/heads/main/College/Coaches/College%20Head%20Coaches/Kalani_Sitake/2016_brigham-young_roster.csv,Corbin Kaufusi,SO,OL,,2016,Brigham Young,Kalani Sitake
https://raw.githubusercontent.com/RKRoberts97/byu_football_tree/refs/heads/main/College/Coaches/College%20Head%20Coaches/Kalani_Sitake/2016_brigham-young_roster.csv,Corbin Kaufusi,SO,OL,,2016,Brigham Young,Kalani Sitake
https://raw.githubusercontent.com/RKRoberts97/byu_football_tree/refs/heads/main/College/Coaches/College%20Head%20Coaches/Kalani_Sitake/2016_brigham-young_roster.csv,Ului Lapuaho,JR,OL,,2016,Brigham Young,Kalani Sitake
https://raw.githubusercontent.com/RKRoberts97/byu_football_tree/refs/heads/main/College/Coaches/College%20Head%20Coaches/Kalani_Sitake/2016_brigham-young_roster.csv,Tuni Kanuch,JR,OL,,2016,Brigham Young,Kalani Sitake
https://raw.githubusercontent.com/RKRoberts97/byu_football_tree/refs/heads/main/College/Coaches/College%20Head%20Coaches/Kalani_Sitake/2016_brigham-young_roster.csv,JJ Nwigwe,SO,OL,,2016,Brigham Young,Kalani Sitake
https://raw.githubusercontent.com/RKRoberts97/byu_football_tree/refs/heads/main/College/Coaches/College%20Head%20Coaches/Kalani_Sitake/2016_brigham-young_roster.csv,Brad Wilcox,SR,OL,,2016,Brigham Young,Kalani Sitake
https://raw.githubusercontent.com/RKRoberts97/byu_football_tree/refs/heads/main/College/Coaches/College%20Head%20Coaches/Kalani_Sitake/2016_brigham-young_roster.csv,Moses Kaumatule,SO,DL,,2016,Brigham Young,Kalani Sitake
https://raw.githubusercontent.com/RKRoberts97/byu_football_tree/refs/heads/main/College/Coaches/College%20Head%20Coaches/Kalani_Sitake/2016_brigham-young_roster.csv,Tomasi Laulile,JR,DL,,2016,Brigham Young,Kalani Sitake
https://raw.githubusercontent.com/RKRoberts97/byu_football_tree/refs/heads/main/College/Coaches/College%20Head%20Coaches/Kalani_Sitake/2016_brigham-young_roster.csv,Tevita Mo'unga,SO,DL,,2016,Brigham Young,Kalani Sitake
https://raw.githubusercontent.com/RKRoberts97/byu_football_tree/refs/heads/main/College/Coaches/College%20Head%20Coaches/Kalani_Sitake/2016_brigham-young_roster.csv,Logan Taele,SR,DL,,2016,Brigham Young,Kalani Sitake
https://raw.githubusercontent.com/RKRoberts97/byu_football_tree/refs/heads/main/College/Coaches/College%20Head%20Coaches/Kalani_Sitake/2016_brigham-young_roster.csv,Merrill Taliauli,SO,DL,,2016,Brigham Young,Kalani Sitake
https://raw.githubusercontent.com/RKRoberts97/byu_football_tree/refs/heads/main/College/Coaches/College%20Head%20Coaches/Kalani_Sitake/2016_brigham-young_roster.csv,Handsome Tanielu,JR,DL,,2016,Brigham Young,Kalani Sitake
https://raw.githubusercontent.com/RKRoberts97/byu_football_tree/refs/heads/main/College/Coaches/College%20Head%20Coaches/Kalani_Sitake/2016_brigham-young_roster.csv,Kesni Tausinga,JR,DL,,2016,Brigham Young,Kalani Sitake
https://raw.githubusercontent.com/RKRoberts97/byu_football_tree/refs/heads/main/College/Coaches/College%20Head%20Coaches/Kalani_Sitake/2016_brigham-young_roster.csv,Travis Tuiloma,SR,DL,,2016,Brigham Young,Kalani Sitake
https://raw.githubusercontent.com/RKRoberts97/byu_football_tree/refs/heads/main/College/Coaches/College%20Head%20Coaches/Kalani_Sitake/2016_brigham-young_roster.csv,Harvey Langi,SR,LB,,2016,Brigham Young,Kalani Sitake
https://raw.githubusercontent.com/RKRoberts97/byu_football_tree/refs/heads/main/College/Coaches/College%20Head%20Coaches/Kalani_Sitake/2016_brigham-young_roster.csv,Phillip Amone,SO,LB,,2016,Brigham Young,Kalani Sitake
https://raw.githubusercontent.com/RKRoberts97/byu_football_tree/refs/heads/main/College/Coaches/College%20Head%20Coaches/Kalani_Sitake/2016_brigham-young_roster.csv,Francis Bernard,SO,LB,,2016,Brigham Young,Kalani Sitake
https://raw.githubusercontent.com/RKRoberts97/byu_football_tree/refs/heads/main/College/Coaches/College%20Head%20Coaches/Kalani_Sitake/2016_brigham-young_roster.csv,Francis Bernard,SO,LB,,2016,Brigham Young,Kalani Sitake
https://raw.githubusercontent.com/RKRoberts97/byu_football_tree/refs/heads/main/College/Coaches/College%20Head%20Coaches/Kalani_Sitake/2016_brigham-young_roster.csv,Austin Heder,SR,LB,,2016,Brigham Young,Kalani Sitake
https://raw.githubusercontent.com/RKRoberts97/byu_football_tree/refs/heads/main/College/Coaches/College%20Head%20Coaches/Kalani_Sitake/2016_brigham-young_roster.csv,Va'A Niumatalolo,JR,LB,,2016,Brigham Young,Kalani Sitake
https://raw.githubusercontent.com/RKRoberts97/byu_football_tree/refs/heads/main/College/Coaches/College%20Head%20Coaches/Kalani_Sitake/2016_brigham-young_roster.csv,Butch Pau'u,SO,LB,,2016,Brigham Young,Kalani Sitake
https://raw.githubusercontent.com/RKRoberts97/byu_football_tree/refs/heads/main/College/Coaches/College%20Head%20Coaches/Kalani_Sitake/2016_brigham-young_roster.csv,Trajan Pili,FR,LB,,2016,Brigham Young,Kalani Sitake
https://raw.githubusercontent.com/RKRoberts97/byu_football_tree/refs/heads/main/College/Coaches/College%20Head%20Coaches/Kalani_Sitake/2016_brigham-young_roster.csv,Adam Pulsipher,SO,LB,,2016,Brigham Young,Kalani Sitake
https://raw.githubusercontent.com/RKRoberts97/byu_football_tree/refs/heads/main/College/Coaches/College%20Head%20Coaches/Kalani_Sitake/2016_brigham-young_roster.csv,Rhett Sandlin,SO,LB,,2016,Brigham Young,Kalani Sitake
https://raw.githubusercontent.com/RKRoberts97/byu_football_tree/refs/heads/main/College/Coaches/College%20Head%20Coaches/Kalani_Sitake/2016_brigham-young_roster.csv,Johnny Tapusoa,FR,LB,,2016,Brigham Young,Kalani Sitake
https://raw.githubusercontent.com/RKRoberts97/byu_football_tree/refs/heads/main/College/Coaches/College%20Head%20Coaches/Kalani_Sitake/2016_brigham-young_roster.csv,Sae Tautu,SR,LB,,2016,Brigham Young,Kalani Sitake
https://raw.githubusercontent.com/RKRoberts97/byu_football_tree/refs/heads/main/College/Coaches/College%20Head%20Coaches/Kalani_Sitake/2016_brigham-young_roster.csv,Morgan Unga,SO,LB,,2016,Brigham Young,Kalani Sitake
https://raw.githubusercontent.com/RKRoberts97/byu_football_tree/refs/heads/main/College/Coaches/College%20Head%20Coaches/Kalani_Sitake/2016_brigham-young_roster.csv,Fred Warner,JR,LB,,2016,Brigham Young,Kalani Sitake
https://raw.githubusercontent.com/RKRoberts97/byu_football_tree/refs/heads/main/College/Coaches/College%20Head%20Coaches/Kalani_Sitake/2016_brigham-young_roster.csv,Micah Hannemann,JR,DB,,2016,Brigham Young,Kalani Sitake
https://raw.githubusercontent.com/RKRoberts97/byu_football_tree/refs/heads/main/College/Coaches/College%20Head%20Coaches/Kalani_Sitake/2016_brigham-young_roster.csv,Cody Stewart,JR,DB,,2016,Brigham Young,Kalani Sitake
https://raw.githubusercontent.com/RKRoberts97/byu_football_tree/refs/heads/main/College/Coaches/College%20Head%20Coaches/Kalani_Sitake/2016_brigham-young_roster.csv,Zayne Anderson,SO,DB,,2016,Brigham Young,Kalani Sitake
https://raw.githubusercontent.com/RKRoberts97/byu_football_tree/refs/heads/main/College/Coaches/College%20Head%20Coaches/Kalani_Sitake/2016_brigham-young_roster.csv,Isaiah Armstrong,SO,DB,,2016,Brigham Young,Kalani Sitake
https://raw.githubusercontent.com/RKRoberts97/byu_football_tree/refs/heads/main/College/Coaches/College%20Head%20Coaches/Kalani_Sitake/2016_brigham-young_roster.csv,Sam Baldwin,FR,DB,,2016,Brigham Young,Kalani Sitake
https://raw.githubusercontent.com/RKRoberts97/byu_football_tree/refs/heads/main/College/Coaches/College%20Head%20Coaches/Kalani_Sitake/2016_brigham-young_roster.csv,Michael Davis,SR,DB,,2016,Brigham Young,Kalani Sitake
https://raw.githubusercontent.com/RKRoberts97/byu_football_tree/refs/heads/main/College/Coaches/College%20Head%20Coaches/Kalani_Sitake/2016_brigham-young_roster.csv,Michael Davis,SR,DB,,2016,Brigham Young,Kalani Sitake
https://raw.githubusercontent.com/RKRoberts97/byu_football_tree/refs/heads/main/College/Coaches/College%20Head%20Coaches/Kalani_Sitake/2016_brigham-young_roster.csv,Kavika Fonua,SO,DB,,2016,Brigham Young,Kalani Sitake
https://raw.githubusercontent.com/RKRoberts97/byu_football_tree/refs/heads/main/College/Coaches/College%20Head%20Coaches/Kalani_Sitake/2016_brigham-young_roster.csv,Kamel Greene,JR,DB,,2016,Brigham Young,Kalani Sitake
https://raw.githubusercontent.com/RKRoberts97/byu_football_tree/refs/heads/main/College/Coaches/College%20Head%20Coaches/Kalani_Sitake/2016_brigham-young_roster.csv,Matt Hadley,JR,DB,,2016,Brigham Young,Kalani Sitake
https://raw.githubusercontent.com/RKRoberts97/byu_football_tree/refs/heads/main/College/Coaches/College%20Head%20Coaches/Kalani_Sitake/2016_brigham-young_roster.csv,Tanner Jacobson,SO,DB,,2016,Brigham Young,Kalani Sitake
https://raw.githubusercontent.com/RKRoberts97/byu_football_tree/refs/heads/main/College/Coaches/College%20Head%20Coaches/Kalani_Sitake/2016_brigham-young_roster.csv,Grant Jones,JR,DB,,2016,Brigham Young,Kalani Sitake
https://raw.githubusercontent.com/RKRoberts97/byu_football_tree/refs/heads/main/College/Coaches/College%20Head%20Coaches/Kalani_Sitake/2016_brigham-young_roster.csv,Dayan Lake,FR,DB,,2016,Brigham Young,Kalani Sitake
https://raw.githubusercontent.com/RKRoberts97/byu_football_tree/refs/heads/main/College/Coaches/College%20Head%20Coaches/Kalani_Sitake/2016_brigham-young_roster.csv,Hiva Lee,FR,DB,,2016,Brigham Young,Kalani Sitake
https://raw.githubusercontent.com/RKRoberts97/byu_football_tree/refs/heads/main/College/Coaches/College%20Head%20Coaches/Kalani_Sitake/2016_brigham-young_roster.csv,Austin McChesney,FR,DB,,2016,Brigham Young,Kalani Sitake
https://raw.githubusercontent.com/RKRoberts97/byu_football_tree/refs/heads/main/College/Coaches/College%20Head%20Coaches/Kalani_Sitake/2016_brigham-young_roster.csv,Kai Nacua,SR,DB,,2016,Brigham Young,Kalani Sitake
https://raw.githubusercontent.com/RKRoberts97/byu_football_tree/refs/heads/main/College/Coaches/College%20Head%20Coaches/Kalani_Sitake/2016_brigham-young_roster.csv,Sawyer Powell,JR,DB,,2016,Brigham Young,Kalani Sitake
https://raw.githubusercontent.com/RKRoberts97/byu_football_tree/refs/heads/main/College/Coaches/College%20Head%20Coaches/Kalani_Sitake/2016_brigham-young_roster.csv,Michael Shelton,SO,DB,,2016,Brigham Young,Kalani Sitake
https://raw.githubusercontent.com/RKRoberts97/byu_football_tree/refs/heads/main/College/Coaches/College%20Head%20Coaches/Kalani_Sitake/2016_brigham-young_roster.csv,Eric Takenaka,SR,DB,,2016,Brigham Young,Kalani Sitake
https://raw.githubusercontent.com/RKRoberts97/byu_football_tree/refs/heads/main/College/Coaches/College%20Head%20Coaches/Kalani_Sitake/2016_brigham-young_roster.csv,Troy Warner,FR,DB,,2016,Brigham Young,Kalani Sitake
https://raw.githubusercontent.com/RKRoberts97/byu_football_tree/refs/heads/main/College/Coaches/College%20Head%20Coaches/Kalani_Sitake/2016_brigham-young_roster.csv,Chris Wilcox,FR,DB,,2016,Brigham Young,Kalani Sitake
https://raw.githubusercontent.com/RKRoberts97/byu_football_tree/refs/heads/main/College/Coaches/College%20Head%20Coaches/Kalani_Sitake/2016_brigham-young_roster.csv,Jonny Linehan,SR,P,,2016,Brigham Young,Kalani Sitake
https://raw.githubusercontent.com/RKRoberts97/byu_football_tree/refs/heads/main/College/Coaches/College%20Head%20Coaches/Kalani_Sitake/2016_brigham-young_roster.csv,Rhett Almond,SO,P,,2016,Brigham Young,Kalani Sitake
https://raw.githubusercontent.com/RKRoberts97/byu_football_tree/refs/heads/main/College/Coaches/College%20Head%20Coaches/Kalani_Sitake/2016_brigham-young_roster.csv,Corey Edwards,JR,PK,,2016,Brigham Young,Kalani Sitake
https://raw.githubusercontent.com/RKRoberts97/byu_football_tree/refs/heads/main/College/Coaches/College%20Head%20Coaches/Kalani_Sitake/2016_brigham-young_roster.csv,Matt Foley,SO,LS,,2016,Brigham Young,Kalani Sitake
https://raw.githubusercontent.com/RKRoberts97/byu_football_tree/refs/heads/main/College/Coaches/College%20Head%20Coaches/Kalani_Sitake/2016_brigham-young_roster.csv,Andrew Mikkelsen,SO,PK,,2016,Brigham Young,Kalani Sitake
https://raw.githubusercontent.com/RKRoberts97/byu_football_tree/refs/heads/main/College/Coaches/College%20Head%20Coaches/Kalani_Sitake/2016_brigham-young_roster.csv,Jake Oldroyd,FR,PK,,2016,Brigham Young,Kalani Sitake
https://raw.githubusercontent.com/RKRoberts97/byu_football_tree/refs/heads/main/College/Coaches/College%20Head%20Coaches/Kalani_Sitake/2017_brigham-young_roster.csv,Tanner Mangum,JR,QB,"147 Cmp, 257 Att, 1540 Yds, 8 TD",2017,Brigham Young,Kalani Sitake
https://raw.githubusercontent.com/RKRoberts97/byu_football_tree/refs/heads/main/College/Coaches/College%20Head%20Coaches/Kalani_Sitake/2017_brigham-young_roster.csv,Joe Critchlow,FR,QB,"55 Cmp, 101 Att, 642 Yds, 3 TD",2017,Brigham Young,Kalani Sitake
https://raw.githubusercontent.com/RKRoberts97/byu_football_tree/refs/heads/main/College/Coaches/College%20Head%20Coaches/Kalani_Sitake/2017_brigham-young_roster.csv,Beau Hoge,SO,QB,"19 Cmp, 39 Att, 257 Yds, 2 TD",2017,Brigham Young,Kalani Sitake
https://raw.githubusercontent.com/RKRoberts97/byu_football_tree/refs/heads/main/College/Coaches/College%20Head%20Coaches/Kalani_Sitake/2017_brigham-young_roster.csv,Austin Kafentzis,SO,QB,"0 Cmp, 1 Att, 0 Yds, 0 TD",2017,Brigham Young,Kalani Sitake
https://raw.githubusercontent.com/RKRoberts97/byu_football_tree/refs/heads/main/College/Coaches/College%20Head%20Coaches/Kalani_Sitake/2017_brigham-young_roster.csv,Kody Wilstead,FR,QB,,2017,Brigham Young,Kalani Sitake
https://raw.githubusercontent.com/RKRoberts97/byu_football_tree/refs/heads/main/College/Coaches/College%20Head%20Coaches/Kalani_Sitake/2017_brigham-young_roster.csv,Koy Detmer Jr.,SO,QB,"7 Cmp, 20 Att, 91 Yds, 0 TD",2017,Brigham Young,Kalani Sitake
https://raw.githubusercontent.com/RKRoberts97/byu_football_tree/refs/heads/main/College/Coaches/College%20Head%20Coaches/Kalani_Sitake/2017_brigham-young_roster.csv,Squally Canada,JR,RB,"120 Att, 710 Yds, 5.9 Avg",2017,Brigham Young,Kalani Sitake
https://raw.githubusercontent.com/RKRoberts97/byu_football_tree/refs/heads/main/College/Coaches/College%20Head%20Coaches/Kalani_Sitake/2017_brigham-young_roster.csv,Ula Tolutau,FR,RB,"72 Att, 303 Yds, 4.2 Avg",2017,Brigham Young,Kalani Sitake
https://raw.githubusercontent.com/RKRoberts97/byu_football_tree/refs/heads/main/College/Coaches/College%20Head%20Coaches/Kalani_Sitake/2017_brigham-young_roster.csv,KJ Hall,SO,RB,"30 Att, 206 Yds, 6.9 Avg",2017,Brigham Young,Kalani Sitake
https://raw.githubusercontent.com/RKRoberts97/byu_football_tree/refs/heads/main/College/Coaches/College%20Head%20Coaches/Kalani_Sitake/2017_brigham-young_roster.csv,Riley Burt,SO,RB,"23 Att, 104 Yds, 4.5 Avg",2017,Brigham Young,Kalani Sitake
https://raw.githubusercontent.com/RKRoberts97/byu_football_tree/refs/heads/main/College/Coaches/College%20Head%20Coaches/Kalani_Sitake/2017_brigham-young_roster.csv,Kavika Fonua,JR,RB,"18 Att, 87 Yds, 4.8 Avg",2017,Brigham Young,Kalani Sitake
https://raw.githubusercontent.com/RKRoberts97/byu_football_tree/refs/heads/main/College/Coaches/College%20Head%20Coaches/Kalani_Sitake/2017_brigham-young_roster.csv,Brayden El-Bakri,JR,RB,"17 Att, 67 Yds, 3.9 Avg",2017,Brigham Young,Kalani Sitake
https://raw.githubusercontent.com/RKRoberts97/byu_football_tree/refs/heads/main/College/Coaches/College%20Head%20Coaches/Kalani_Sitake/2017_brigham-young_roster.csv,Trey Dye,JR,RB,,2017,Brigham Young,Kalani Sitake
https://raw.githubusercontent.com/RKRoberts97/byu_football_tree/refs/heads/main/College/Coaches/College%20Head%20Coaches/Kalani_Sitake/2017_brigham-young_roster.csv,Kyle Griffitts,SO,RB,,2017,Brigham Young,Kalani Sitake
https://raw.githubusercontent.com/RKRoberts97/byu_football_tree/refs/heads/main/College/Coaches/College%20Head%20Coaches/Kalani_Sitake/2017_brigham-young_roster.csv,Creed Richardson,JR,RB,,2017,Brigham Young,Kalani Sitake
https://raw.githubusercontent.com/RKRoberts97/byu_football_tree/refs/heads/main/College/Coaches/College%20Head%20Coaches/Kalani_Sitake/2017_brigham-young_roster.csv,Jonah Trinnaman,SR,WR,"24 Rec, 305 Yds, 12.7 Avg",2017,Brigham Young,Kalani Sitake
https://raw.githubusercontent.com/RKRoberts97/byu_football_tree/refs/heads/main/College/Coaches/College%20Head%20Coaches/Kalani_Sitake/2017_brigham-young_roster.csv,Beau Tanner,JR,WR,"12 Rec, 135 Yds, 11.3 Avg",2017,Brigham Young,Kalani Sitake
https://raw.githubusercontent.com/RKRoberts97/byu_football_tree/refs/heads/main/College/Coaches/College%20Head%20Coaches/Kalani_Sitake/2017_brigham-young_roster.csv,Aleva Hifo,SO,WR,"37 Rec, 437 Yds, 11.8 Avg",2017,Brigham Young,Kalani Sitake
https://raw.githubusercontent.com/RKRoberts97/byu_football_tree/refs/heads/main/College/Coaches/College%20Head%20Coaches/Kalani_Sitake/2017_brigham-young_roster.csv,Micah Simon,SO,WR,"27 Rec, 386 Yds, 14.3 Avg",2017,Brigham Young,Kalani Sitake
https://raw.githubusercontent.com/RKRoberts97/byu_football_tree/refs/heads/main/College/Coaches/College%20Head%20Coaches/Kalani_Sitake/2017_brigham-young_roster.csv,Talon Shumway,SO,WR,"25 Rec, 257 Yds, 10.3 Avg",2017,Brigham Young,Kalani Sitake
https://raw.githubusercontent.com/RKRoberts97/byu_football_tree/refs/heads/main/College/Coaches/College%20Head%20Coaches/Kalani_Sitake/2017_brigham-young_roster.csv,Neil Pau'u,FR,WR,"14 Rec, 139 Yds, 9.9 Avg",2017,Brigham Young,Kalani Sitake
https://raw.githubusercontent.com/RKRoberts97/byu_football_tree/refs/heads/main/College/Coaches/College%20Head%20Coaches/Kalani_Sitake/2017_brigham-young_roster.csv,Akile Davis,SO,WR,,2017,Brigham Young,Kalani Sitake
https://raw.githubusercontent.com/RKRoberts97/byu_football_tree/refs/heads/main/College/Coaches/College%20Head%20Coaches/Kalani_Sitake/2017_brigham-young_roster.csv,Grant Jones,SR,WR,,2017,Brigham Young,Kalani Sitake
https://raw.githubusercontent.com/RKRoberts97/byu_football_tree/refs/heads/main/College/Coaches/College%20Head%20Coaches/Kalani_Sitake/2017_brigham-young_roster.csv,Chayce Bolli,FR,WR,,2017,Brigham Young,Kalani Sitake
https://raw.githubusercontent.com/RKRoberts97/byu_football_tree/refs/heads/main/College/Coaches/College%20Head%20Coaches/Kalani_Sitake/2017_brigham-young_roster.csv,Tariq Buchanan,FR,WR,,2017,Brigham Young,Kalani Sitake
https://raw.githubusercontent.com/RKRoberts97/byu_football_tree/refs/heads/main/College/Coaches/College%20Head%20Coaches/Kalani_Sitake/2017_brigham-young_roster.csv,Keenan Ellis,FR,WR,,2017,Brigham Young,Kalani Sitake
https://raw.githubusercontent.com/RKRoberts97/byu_football_tree/refs/heads/main/College/Coaches/College%20Head%20Coaches/Kalani_Sitake/2017_brigham-young_roster.csv,Taggart Krueger,JR,WR,,2017,Brigham Young,Kalani Sitake
https://raw.githubusercontent.com/RKRoberts97/byu_football_tree/refs/heads/main/College/Coaches/College%20Head%20Coaches/Kalani_Sitake/2017_brigham-young_roster.csv,Inoke Lotulelei,SO,WR,,2017,Brigham Young,Kalani Sitake
https://raw.githubusercontent.com/RKRoberts97/byu_football_tree/refs/heads/main/College/Coaches/College%20Head%20Coaches/Kalani_Sitake/2017_brigham-young_roster.csv,Rickey Shumway,SO,WR,,2017,Brigham Young,Kalani Sitake
https://raw.githubusercontent.com/RKRoberts97/byu_football_tree/refs/heads/main/College/Coaches/College%20Head%20Coaches/Kalani_Sitake/2017_brigham-young_roster.csv,Matt Bushman,FR,TE,"49 Rec, 520 Yds, 10.6 Avg",2017,Brigham Young,Kalani Sitake
https://raw.githubusercontent.com/RKRoberts97/byu_football_tree/refs/heads/main/College/Coaches/College%20Head%20Coaches/Kalani_Sitake/2017_brigham-young_roster.csv,Tanner Balderree,SR,TE,"2 Rec, 26 Yds, 13.0 Avg",2017,Brigham Young,Kalani Sitake
https://raw.githubusercontent.com/RKRoberts97/byu_football_tree/refs/heads/main/College/Coaches/College%20Head%20Coaches/Kalani_Sitake/2017_brigham-young_roster.csv,Bentley Hanshaw,FR,TE,,2017,Brigham Young,Kalani Sitake
https://raw.githubusercontent.com/RKRoberts97/byu_football_tree/refs/heads/main/College/Coaches/College%20Head%20Coaches/Kalani_Sitake/2017_brigham-young_roster.csv,Moroni Laulu-Pututau,JR,TE,,2017,Brigham Young,Kalani Sitake
https://raw.githubusercontent.com/RKRoberts97/byu_football_tree/refs/heads/main/College/Coaches/College%20Head%20Coaches/Kalani_Sitake/2017_brigham-young_roster.csv,Hunter Marshall,JR,TE,,2017,Brigham Young,Kalani Sitake
https://raw.githubusercontent.com/RKRoberts97/byu_football_tree/refs/heads/main/College/Coaches/College%20Head%20Coaches/Kalani_Sitake/2017_brigham-young_roster.csv,Joe Tukuafu,FR,TE,,2017,Brigham Young,Kalani Sitake
https://raw.githubusercontent.com/RKRoberts97/byu_football_tree/refs/heads/main/College/Coaches/College%20Head%20Coaches/Kalani_Sitake/2017_brigham-young_roster.csv,JJ Nwigwe,JR,OL,,2017,Brigham Young,Kalani Sitake
https://raw.githubusercontent.com/RKRoberts97/byu_football_tree/refs/heads/main/College/Coaches/College%20Head%20Coaches/Kalani_Sitake/2017_brigham-young_roster.csv,Tuni Kanuch,SR,OL,,2017,Brigham Young,Kalani Sitake
https://raw.githubusercontent.com/RKRoberts97/byu_football_tree/refs/heads/main/College/Coaches/College%20Head%20Coaches/Kalani_Sitake/2017_brigham-young_roster.csv,Tejan Koroma,SR,OL,,2017,Brigham Young,Kalani Sitake
https://raw.githubusercontent.com/RKRoberts97/byu_football_tree/refs/heads/main/College/Coaches/College%20Head%20Coaches/Kalani_Sitake/2017_brigham-young_roster.csv,Thomas Shoaf,SO,OL,,2017,Brigham Young,Kalani Sitake
https://raw.githubusercontent.com/RKRoberts97/byu_football_tree/refs/heads/main/College/Coaches/College%20Head%20Coaches/Kalani_Sitake/2017_brigham-young_roster.csv,Austin Chambers,FR,OL,,2017,Brigham Young,Kalani Sitake
https://raw.githubusercontent.com/RKRoberts97/byu_football_tree/refs/heads/main/College/Coaches/College%20Head%20Coaches/Kalani_Sitake/2017_brigham-young_roster.csv,Brady Christensen,FR,OL,,2017,Brigham Young,Kalani Sitake
https://raw.githubusercontent.com/RKRoberts97/byu_football_tree/refs/heads/main/College/Coaches/College%20Head%20Coaches/Kalani_Sitake/2017_brigham-young_roster.csv,James Empey,FR,OL,,2017,Brigham Young,Kalani Sitake
https://raw.githubusercontent.com/RKRoberts97/byu_football_tree/refs/heads/main/College/Coaches/College%20Head%20Coaches/Kalani_Sitake/2017_brigham-young_roster.csv,Mango Finau,FR,OL,,2017,Brigham Young,Kalani Sitake
https://raw.githubusercontent.com/RKRoberts97/byu_football_tree/refs/heads/main/College/Coaches/College%20Head%20Coaches/Kalani_Sitake/2017_brigham-young_roster.csv,Chandon Herring,FR,OL,,2017,Brigham Young,Kalani Sitake
https://raw.githubusercontent.com/RKRoberts97/byu_football_tree/refs/heads/main/College/Coaches/College%20Head%20Coaches/Kalani_Sitake/2017_brigham-young_roster.csv,Tristen Hoge,JR,OL,,2017,Brigham Young,Kalani Sitake
https://raw.githubusercontent.com/RKRoberts97/byu_football_tree/refs/heads/main/College/Coaches/College%20Head%20Coaches/Kalani_Sitake/2017_brigham-young_roster.csv,Austin Hoyt,JR,OL,,2017,Brigham Young,Kalani Sitake
https://raw.githubusercontent.com/RKRoberts97/byu_football_tree/refs/heads/main/College/Coaches/College%20Head%20Coaches/Kalani_Sitake/2017_brigham-young_roster.csv,Jacob Jimenez,JR,OL,,2017,Brigham Young,Kalani Sitake
https://raw.githubusercontent.com/RKRoberts97/byu_football_tree/refs/heads/main/College/Coaches/College%20Head%20Coaches/Kalani_Sitake/2017_brigham-young_roster.csv,Kieffer Longson,FR,OL,,2017,Brigham Young,Kalani Sitake
https://raw.githubusercontent.com/RKRoberts97/byu_football_tree/refs/heads/main/College/Coaches/College%20Head%20Coaches/Kalani_Sitake/2017_brigham-young_roster.csv,Keyan Norman,SR,OL,,2017,Brigham Young,Kalani Sitake
https://raw.githubusercontent.com/RKRoberts97/byu_football_tree/refs/heads/main/College/Coaches/College%20Head%20Coaches/Kalani_Sitake/2017_brigham-young_roster.csv,Addison Pulsipher,SO,OL,,2017,Brigham Young,Kalani Sitake
https://raw.githubusercontent.com/RKRoberts97/byu_football_tree/refs/heads/main/College/Coaches/College%20Head%20Coaches/Kalani_Sitake/2017_brigham-young_roster.csv,Leroy Sitake-Tanoai,SO,OL,,2017,Brigham Young,Kalani Sitake
https://raw.githubusercontent.com/RKRoberts97/byu_football_tree/refs/heads/main/College/Coaches/College%20Head%20Coaches/Kalani_Sitake/2017_brigham-young_roster.csv,Taipe Vaka,JR,OL,,2017,Brigham Young,Kalani Sitake
https://raw.githubusercontent.com/RKRoberts97/byu_football_tree/refs/heads/main/College/Coaches/College%20Head%20Coaches/Kalani_Sitake/2017_brigham-young_roster.csv,Rhett Almond,JR,K,,2017,Brigham Young,Kalani Sitake
https://raw.githubusercontent.com/RKRoberts97/byu_football_tree/refs/heads/main/College/Coaches/College%20Head%20Coaches/Kalani_Sitake/2017_brigham-young_roster.csv,Corey Edwards,SR,K,,2017,Brigham Young,Kalani Sitake
https://raw.githubusercontent.com/RKRoberts97/byu_football_tree/refs/heads/main/College/Coaches/College%20Head%20Coaches/Kalani_Sitake/2017_brigham-young_roster.csv,Andrew Mikkelsen,JR,K,,2017,Brigham Young,Kalani Sitake
https://raw.githubusercontent.com/RKRoberts97/byu_football_tree/refs/heads/main/College/Coaches/College%20Head%20Coaches/Kalani_Sitake/2017_brigham-young_roster.csv,Lorenzo Fauatea,FR,DL,,2017,Brigham Young,Kalani Sitake
https://raw.githubusercontent.com/RKRoberts97/byu_football_tree/refs/heads/main/College/Coaches/College%20Head%20Coaches/Kalani_Sitake/2017_brigham-young_roster.csv,Corbin Kaufusi,JR,DL,,2017,Brigham Young,Kalani Sitake
https://raw.githubusercontent.com/RKRoberts97/byu_football_tree/refs/heads/main/College/Coaches/College%20Head%20Coaches/Kalani_Sitake/2017_brigham-young_roster.csv,Corbin Kaufusi,JR,DL,,2017,Brigham Young,Kalani Sitake
https://raw.githubusercontent.com/RKRoberts97/byu_football_tree/refs/heads/main/College/Coaches/College%20Head%20Coaches/Kalani_Sitake/2017_brigham-young_roster.csv,Uriah Leiataua,FR,DL,,2017,Brigham Young,Kalani Sitake
https://raw.githubusercontent.com/RKRoberts97/byu_football_tree/refs/heads/main/College/Coaches/College%20Head%20Coaches/Kalani_Sitake/2017_brigham-young_roster.csv,Tevita Mo'unga,JR,DL,,2017,Brigham Young,Kalani Sitake
https://raw.githubusercontent.com/RKRoberts97/byu_football_tree/refs/heads/main/College/Coaches/College%20Head%20Coaches/Kalani_Sitake/2017_brigham-young_roster.csv,Trajan Pili,SO,DL,,2017,Brigham Young,Kalani Sitake
https://raw.githubusercontent.com/RKRoberts97/byu_football_tree/refs/heads/main/College/Coaches/College%20Head%20Coaches/Kalani_Sitake/2017_brigham-young_roster.csv,Rhett Sandlin,JR,DL,,2017,Brigham Young,Kalani Sitake
https://raw.githubusercontent.com/RKRoberts97/byu_football_tree/refs/heads/main/College/Coaches/College%20Head%20Coaches/Kalani_Sitake/2017_brigham-young_roster.csv,Sione Takitaki,JR,DL,,2017,Brigham Young,Kalani Sitake
https://raw.githubusercontent.com/RKRoberts97/byu_football_tree/refs/heads/main/College/Coaches/College%20Head%20Coaches/Kalani_Sitake/2017_brigham-young_roster.csv,Merrill Taliauli,JR,DL,,2017,Brigham Young,Kalani Sitake
https://raw.githubusercontent.com/RKRoberts97/byu_football_tree/refs/heads/main/College/Coaches/College%20Head%20Coaches/Kalani_Sitake/2017_brigham-young_roster.csv,Handsome Tanielu,SR,DL,,2017,Brigham Young,Kalani Sitake
https://raw.githubusercontent.com/RKRoberts97/byu_football_tree/refs/heads/main/College/Coaches/College%20Head%20Coaches/Kalani_Sitake/2017_brigham-young_roster.csv,Kesni Tausinga,SR,DL,,2017,Brigham Young,Kalani Sitake
https://raw.githubusercontent.com/RKRoberts97/byu_football_tree/refs/heads/main/College/Coaches/College%20Head%20Coaches/Kalani_Sitake/2017_brigham-young_roster.csv,Khyiris Tonga,FR,DL,,2017,Brigham Young,Kalani Sitake
https://raw.githubusercontent.com/RKRoberts97/byu_football_tree/refs/heads/main/College/Coaches/College%20Head%20Coaches/Kalani_Sitake/2017_brigham-young_roster.csv,Langi Tuifua,FR,DL,,2017,Brigham Young,Kalani Sitake
https://raw.githubusercontent.com/RKRoberts97/byu_football_tree/refs/heads/main/College/Coaches/College%20Head%20Coaches/Kalani_Sitake/2017_brigham-young_roster.csv,Solomone Wolfgramm,JR,DL,,2017,Brigham Young,Kalani Sitake
https://raw.githubusercontent.com/RKRoberts97/byu_football_tree/refs/heads/main/College/Coaches/College%20Head%20Coaches/Kalani_Sitake/2017_brigham-young_roster.csv,Tanner Baker,FR,DL,,2017,Brigham Young,Kalani Sitake
https://raw.githubusercontent.com/RKRoberts97/byu_football_tree/refs/heads/main/College/Coaches/College%20Head%20Coaches/Kalani_Sitake/2017_brigham-young_roster.csv,Bracken El-Bakri,SO,DL,,2017,Brigham Young,Kalani Sitake
https://raw.githubusercontent.com/RKRoberts97/byu_football_tree/refs/heads/main/College/Coaches/College%20Head%20Coaches/Kalani_Sitake/2017_brigham-young_roster.csv,Kainoa Fuiava,FR,DL,,2017,Brigham Young,Kalani Sitake
https://raw.githubusercontent.com/RKRoberts97/byu_football_tree/refs/heads/main/College/Coaches/College%20Head%20Coaches/Kalani_Sitake/2017_brigham-young_roster.csv,Motekiai Langi,FR,DL,,2017,Brigham Young,Kalani Sitake
https://raw.githubusercontent.com/RKRoberts97/byu_football_tree/refs/heads/main/College/Coaches/College%20Head%20Coaches/Kalani_Sitake/2017_brigham-young_roster.csv,AJ Lolohea,FR,DL,,2017,Brigham Young,Kalani Sitake
https://raw.githubusercontent.com/RKRoberts97/byu_football_tree/refs/heads/main/College/Coaches/College%20Head%20Coaches/Kalani_Sitake/2017_brigham-young_roster.csv,Keanu Saleapaga,FR,DL,,2017,Brigham Young,Kalani Sitake
https://raw.githubusercontent.com/RKRoberts97/byu_football_tree/refs/heads/main/College/Coaches/College%20Head%20Coaches/Kalani_Sitake/2017_brigham-young_roster.csv,Cody Savage,JR,DL,,2017,Brigham Young,Kalani Sitake
https://raw.githubusercontent.com/RKRoberts97/byu_football_tree/refs/heads/main/College/Coaches/College%20Head%20Coaches/Kalani_Sitake/2017_brigham-young_roster.csv,Wayne Tei-Kirby,SO,DL,,2017,Brigham Young,Kalani Sitake
https://raw.githubusercontent.com/RKRoberts97/byu_football_tree/refs/heads/main/College/Coaches/College%20Head%20Coaches/Kalani_Sitake/2017_brigham-young_roster.csv,Alden Tofa,FR,DL,,2017,Brigham Young,Kalani Sitake
https://raw.githubusercontent.com/RKRoberts97/byu_football_tree/refs/heads/main/College/Coaches/College%20Head%20Coaches/Kalani_Sitake/2017_brigham-young_roster.csv,Earl Tuioti-Mariner,FR,DL,,2017,Brigham Young,Kalani Sitake
https://raw.githubusercontent.com/RKRoberts97/byu_football_tree/refs/heads/main/College/Coaches/College%20Head%20Coaches/Kalani_Sitake/2017_brigham-young_roster.csv,Phillip Amone,JR,LB,,2017,Brigham Young,Kalani Sitake
https://raw.githubusercontent.com/RKRoberts97/byu_football_tree/refs/heads/main/College/Coaches/College%20Head%20Coaches/Kalani_Sitake/2017_brigham-young_roster.csv,Isaiah Kaufusi,FR,LB,,2017,Brigham Young,Kalani Sitake
https://raw.githubusercontent.com/RKRoberts97/byu_football_tree/refs/heads/main/College/Coaches/College%20Head%20Coaches/Kalani_Sitake/2017_brigham-young_roster.csv,Va'A Niumatalolo,SR,LB,,2017,Brigham Young,Kalani Sitake
https://raw.githubusercontent.com/RKRoberts97/byu_football_tree/refs/heads/main/College/Coaches/College%20Head%20Coaches/Kalani_Sitake/2017_brigham-young_roster.csv,Butch Pau'u,JR,LB,,2017,Brigham Young,Kalani Sitake
https://raw.githubusercontent.com/RKRoberts97/byu_football_tree/refs/heads/main/College/Coaches/College%20Head%20Coaches/Kalani_Sitake/2017_brigham-young_roster.csv,Adam Pulsipher,JR,LB,,2017,Brigham Young,Kalani Sitake
https://raw.githubusercontent.com/RKRoberts97/byu_football_tree/refs/heads/main/College/Coaches/College%20Head%20Coaches/Kalani_Sitake/2017_brigham-young_roster.csv,Johnny Tapusoa,SO,LB,,2017,Brigham Young,Kalani Sitake
https://raw.githubusercontent.com/RKRoberts97/byu_football_tree/refs/heads/main/College/Coaches/College%20Head%20Coaches/Kalani_Sitake/2017_brigham-young_roster.csv,Morgan Unga,JR,LB,,2017,Brigham Young,Kalani Sitake
https://raw.githubusercontent.com/RKRoberts97/byu_football_tree/refs/heads/main/College/Coaches/College%20Head%20Coaches/Kalani_Sitake/2017_brigham-young_roster.csv,Fred Warner,SR,LB,,2017,Brigham Young,Kalani Sitake
https://raw.githubusercontent.com/RKRoberts97/byu_football_tree/refs/heads/main/College/Coaches/College%20Head%20Coaches/Kalani_Sitake/2017_brigham-young_roster.csv,Francis Bernard,JR,LB,,2017,Brigham Young,Kalani Sitake
https://raw.githubusercontent.com/RKRoberts97/byu_football_tree/refs/heads/main/College/Coaches/College%20Head%20Coaches/Kalani_Sitake/2017_brigham-young_roster.csv,Francis Bernard,JR,LB,,2017,Brigham Young,Kalani Sitake
https://raw.githubusercontent.com/RKRoberts97/byu_football_tree/refs/heads/main/College/Coaches/College%20Head%20Coaches/Kalani_Sitake/2017_brigham-young_roster.csv,Garrett England,FR,LB,,2017,Brigham Young,Kalani Sitake
https://raw.githubusercontent.com/RKRoberts97/byu_football_tree/refs/heads/main/College/Coaches/College%20Head%20Coaches/Kalani_Sitake/2017_brigham-young_roster.csv,Christian Folau,FR,LB,,2017,Brigham Young,Kalani Sitake
https://raw.githubusercontent.com/RKRoberts97/byu_football_tree/refs/heads/main/College/Coaches/College%20Head%20Coaches/Kalani_Sitake/2017_brigham-young_roster.csv,Rylee Gautavai,SO,LB,,2017,Brigham Young,Kalani Sitake
https://raw.githubusercontent.com/RKRoberts97/byu_football_tree/refs/heads/main/College/Coaches/College%20Head%20Coaches/Kalani_Sitake/2017_brigham-young_roster.csv,Hirkley Latu,FR,LB,,2017,Brigham Young,Kalani Sitake
https://raw.githubusercontent.com/RKRoberts97/byu_football_tree/refs/heads/main/College/Coaches/College%20Head%20Coaches/Kalani_Sitake/2017_brigham-young_roster.csv,Will Sedgwick,FR,LB,,2017,Brigham Young,Kalani Sitake
https://raw.githubusercontent.com/RKRoberts97/byu_football_tree/refs/heads/main/College/Coaches/College%20Head%20Coaches/Kalani_Sitake/2017_brigham-young_roster.csv,Chaz Ah You,FR,DB,,2017,Brigham Young,Kalani Sitake
https://raw.githubusercontent.com/RKRoberts97/byu_football_tree/refs/heads/main/College/Coaches/College%20Head%20Coaches/Kalani_Sitake/2017_brigham-young_roster.csv,Zayne Anderson,JR,DB,,2017,Brigham Young,Kalani Sitake
https://raw.githubusercontent.com/RKRoberts97/byu_football_tree/refs/heads/main/College/Coaches/College%20Head%20Coaches/Kalani_Sitake/2017_brigham-young_roster.csv,Gavin Fowler,SR,DB,,2017,Brigham Young,Kalani Sitake
https://raw.githubusercontent.com/RKRoberts97/byu_football_tree/refs/heads/main/College/Coaches/College%20Head%20Coaches/Kalani_Sitake/2017_brigham-young_roster.csv,Dayan Ghanwoloku,SO,DB,,2017,Brigham Young,Kalani Sitake
https://raw.githubusercontent.com/RKRoberts97/byu_football_tree/refs/heads/main/College/Coaches/College%20Head%20Coaches/Kalani_Sitake/2017_brigham-young_roster.csv,Kamel Greene,SR,DB,,2017,Brigham Young,Kalani Sitake
https://raw.githubusercontent.com/RKRoberts97/byu_football_tree/refs/heads/main/College/Coaches/College%20Head%20Coaches/Kalani_Sitake/2017_brigham-young_roster.csv,Trevion Greene,SO,DB,,2017,Brigham Young,Kalani Sitake
https://raw.githubusercontent.com/RKRoberts97/byu_football_tree/refs/heads/main/College/Coaches/College%20Head%20Coaches/Kalani_Sitake/2017_brigham-young_roster.csv,Matt Hadley,SR,DB,,2017,Brigham Young,Kalani Sitake
https://raw.githubusercontent.com/RKRoberts97/byu_football_tree/refs/heads/main/College/Coaches/College%20Head%20Coaches/Kalani_Sitake/2017_brigham-young_roster.csv,Micah Hannemann,SR,DB,,2017,Brigham Young,Kalani Sitake
https://raw.githubusercontent.com/RKRoberts97/byu_football_tree/refs/heads/main/College/Coaches/College%20Head%20Coaches/Kalani_Sitake/2017_brigham-young_roster.csv,Marvin Hifo,SR,DB,,2017,Brigham Young,Kalani Sitake
https://raw.githubusercontent.com/RKRoberts97/byu_football_tree/refs/heads/main/College/Coaches/College%20Head%20Coaches/Kalani_Sitake/2017_brigham-young_roster.csv,Tanner Jacobson,JR,DB,,2017,Brigham Young,Kalani Sitake
https://raw.githubusercontent.com/RKRoberts97/byu_football_tree/refs/heads/main/College/Coaches/College%20Head%20Coaches/Kalani_Sitake/2017_brigham-young_roster.csv,Austin Lee,SO,DB,,2017,Brigham Young,Kalani Sitake
https://raw.githubusercontent.com/RKRoberts97/byu_football_tree/refs/heads/main/College/Coaches/College%20Head%20Coaches/Kalani_Sitake/2017_brigham-young_roster.csv,Hiva Lee,SR,DB,,2017,Brigham Young,Kalani Sitake
https://raw.githubusercontent.com/RKRoberts97/byu_football_tree/refs/heads/main/College/Coaches/College%20Head%20Coaches/Kalani_Sitake/2017_brigham-young_roster.csv,Michael Shelton,JR,DB,,2017,Brigham Young,Kalani Sitake
https://raw.githubusercontent.com/RKRoberts97/byu_football_tree/refs/heads/main/College/Coaches/College%20Head%20Coaches/Kalani_Sitake/2017_brigham-young_roster.csv,Cody Stewart,SR,DB,,2017,Brigham Young,Kalani Sitake
https://raw.githubusercontent.com/RKRoberts97/byu_football_tree/refs/heads/main/College/Coaches/College%20Head%20Coaches/Kalani_Sitake/2017_brigham-young_roster.csv,Troy Warner,SO,DB,,2017,Brigham Young,Kalani Sitake
https://raw.githubusercontent.com/RKRoberts97/byu_football_tree/refs/heads/main/College/Coaches/College%20Head%20Coaches/Kalani_Sitake/2017_brigham-young_roster.csv,Chris Wilcox,SO,DB,,2017,Brigham Young,Kalani Sitake
https://raw.githubusercontent.com/RKRoberts97/byu_football_tree/refs/heads/main/College/Coaches/College%20Head%20Coaches/Kalani_Sitake/2017_brigham-young_roster.csv,Isaiah Armstrong,JR,DB,,2017,Brigham Young,Kalani Sitake
https://raw.githubusercontent.com/RKRoberts97/byu_football_tree/refs/heads/main/College/Coaches/College%20Head%20Coaches/Kalani_Sitake/2017_brigham-young_roster.csv,Sam Baldwin,SO,DB,,2017,Brigham Young,Kalani Sitake
https://raw.githubusercontent.com/RKRoberts97/byu_football_tree/refs/heads/main/College/Coaches/College%20Head%20Coaches/Kalani_Sitake/2017_brigham-young_roster.csv,Caden Dortch,SO,DB,,2017,Brigham Young,Kalani Sitake
https://raw.githubusercontent.com/RKRoberts97/byu_football_tree/refs/heads/main/College/Coaches/College%20Head%20Coaches/Kalani_Sitake/2017_brigham-young_roster.csv,D'Angelo Gunter,FR,DB,,2017,Brigham Young,Kalani Sitake
https://raw.githubusercontent.com/RKRoberts97/byu_football_tree/refs/heads/main/College/Coaches/College%20Head%20Coaches/Kalani_Sitake/2017_brigham-young_roster.csv,Austin McChesney,SO,DB,,2017,Brigham Young,Kalani Sitake
https://raw.githubusercontent.com/RKRoberts97/byu_football_tree/refs/heads/main/College/Coaches/College%20Head%20Coaches/Kalani_Sitake/2017_brigham-young_roster.csv,Tommy Nelson,FR,DB,,2017,Brigham Young,Kalani Sitake
https://raw.githubusercontent.com/RKRoberts97/byu_football_tree/refs/heads/main/College/Coaches/College%20Head%20Coaches/Kalani_Sitake/2017_brigham-young_roster.csv,Sawyer Powell,SR,DB,,2017,Brigham Young,Kalani Sitake
https://raw.githubusercontent.com/RKRoberts97/byu_football_tree/refs/heads/main/College/Coaches/College%20Head%20Coaches/Kalani_Sitake/2017_brigham-young_roster.csv,Jonny Linehan,SR,P,,2017,Brigham Young,Kalani Sitake
https://raw.githubusercontent.com/RKRoberts97/byu_football_tree/refs/heads/main/College/Coaches/College%20Head%20Coaches/Kalani_Sitake/2017_brigham-young_roster.csv,Mitch Harris,JR,LS,,2017,Brigham Young,Kalani Sitake
https://raw.githubusercontent.com/RKRoberts97/byu_football_tree/refs/heads/main/College/Coaches/College%20Head%20Coaches/Kalani_Sitake/2017_brigham-young_roster.csv,Matt Foley,JR,LS,,2017,Brigham Young,Kalani Sitake
https://raw.githubusercontent.com/RKRoberts97/byu_football_tree/refs/heads/main/College/Coaches/College%20Head%20Coaches/Kalani_Sitake/2017_brigham-young_roster.csv,Brigham Tuatagaloa,FR,LS,,2017,Brigham Young,Kalani Sitake
https://raw.githubusercontent.com/RKRoberts97/byu_football_tree/refs/heads/main/College/Coaches/College%20Head%20Coaches/Kalani_Sitake/2018_brigham-young_roster.csv,Tanner Mangum,SR,QB,"114 Cmp, 186 Att, 1104 Yds, 5 TD",2018,Brigham Young,Kalani Sitake
https://raw.githubusercontent.com/RKRoberts97/byu_football_tree/refs/heads/main/College/Coaches/College%20Head%20Coaches/Kalani_Sitake/2018_brigham-young_roster.csv,Zach Wilson,FR,QB,"120 Cmp, 182 Att, 1578 Yds, 12 TD",2018,Brigham Young,Kalani Sitake
https://raw.githubusercontent.com/RKRoberts97/byu_football_tree/refs/heads/main/College/Coaches/College%20Head%20Coaches/Kalani_Sitake/2018_brigham-young_roster.csv,Jaren Hall,FR,QB,,2018,Brigham Young,Kalani Sitake
https://raw.githubusercontent.com/RKRoberts97/byu_football_tree/refs/heads/main/College/Coaches/College%20Head%20Coaches/Kalani_Sitake/2018_brigham-young_roster.csv,Beau Hoge,JR,QB,,2018,Brigham Young,Kalani Sitake
https://raw.githubusercontent.com/RKRoberts97/byu_football_tree/refs/heads/main/College/Coaches/College%20Head%20Coaches/Kalani_Sitake/2018_brigham-young_roster.csv,Stacy Conner,FR,QB,,2018,Brigham Young,Kalani Sitake
https://raw.githubusercontent.com/RKRoberts97/byu_football_tree/refs/heads/main/College/Coaches/College%20Head%20Coaches/Kalani_Sitake/2018_brigham-young_roster.csv,Joe Critchlow,SO,QB,,2018,Brigham Young,Kalani Sitake
https://raw.githubusercontent.com/RKRoberts97/byu_football_tree/refs/heads/main/College/Coaches/College%20Head%20Coaches/Kalani_Sitake/2018_brigham-young_roster.csv,Hayden Griffitts,SO,QB,,2018,Brigham Young,Kalani Sitake
https://raw.githubusercontent.com/RKRoberts97/byu_football_tree/refs/heads/main/College/Coaches/College%20Head%20Coaches/Kalani_Sitake/2018_brigham-young_roster.csv,Baylor Romney,FR,QB,,2018,Brigham Young,Kalani Sitake
https://raw.githubusercontent.com/RKRoberts97/byu_football_tree/refs/heads/main/College/Coaches/College%20Head%20Coaches/Kalani_Sitake/2018_brigham-young_roster.csv,Matt Hadley,SR,RB,"72 Att, 383 Yds, 5.3 Avg",2018,Brigham Young,Kalani Sitake
https://raw.githubusercontent.com/RKRoberts97/byu_football_tree/refs/heads/main/College/Coaches/College%20Head%20Coaches/Kalani_Sitake/2018_brigham-young_roster.csv,Squally Canada,SR,RB,"91 Att, 412 Yds, 4.5 Avg",2018,Brigham Young,Kalani Sitake
https://raw.githubusercontent.com/RKRoberts97/byu_football_tree/refs/heads/main/College/Coaches/College%20Head%20Coaches/Kalani_Sitake/2018_brigham-young_roster.csv,Lopini Katoa,FR,RB,"76 Att, 423 Yds, 5.6 Avg",2018,Brigham Young,Kalani Sitake
https://raw.githubusercontent.com/RKRoberts97/byu_football_tree/refs/heads/main/College/Coaches/College%20Head%20Coaches/Kalani_Sitake/2018_brigham-young_roster.csv,Riley Burt,JR,RB,"59 Att, 323 Yds, 5.5 Avg",2018,Brigham Young,Kalani Sitake
https://raw.githubusercontent.com/RKRoberts97/byu_football_tree/refs/heads/main/College/Coaches/College%20Head%20Coaches/Kalani_Sitake/2018_brigham-young_roster.csv,Tyler Allgeier,FR,RB,"9 Att, 49 Yds, 5.4 Avg",2018,Brigham Young,Kalani Sitake
https://raw.githubusercontent.com/RKRoberts97/byu_football_tree/refs/heads/main/College/Coaches/College%20Head%20Coaches/Kalani_Sitake/2018_brigham-young_roster.csv,Brayden El-Bakri,SR,RB,"8 Rec, 55 Yds, 6.9 Avg",2018,Brigham Young,Kalani Sitake
https://raw.githubusercontent.com/RKRoberts97/byu_football_tree/refs/heads/main/College/Coaches/College%20Head%20Coaches/Kalani_Sitake/2018_brigham-young_roster.csv,Sione Finau,FR,RB,,2018,Brigham Young,Kalani Sitake
https://raw.githubusercontent.com/RKRoberts97/byu_football_tree/refs/heads/main/College/Coaches/College%20Head%20Coaches/Kalani_Sitake/2018_brigham-young_roster.csv,Tanner Jacobson,SR,RB,,2018,Brigham Young,Kalani Sitake
https://raw.githubusercontent.com/RKRoberts97/byu_football_tree/refs/heads/main/College/Coaches/College%20Head%20Coaches/Kalani_Sitake/2018_brigham-young_roster.csv,Kavika Fonua,JR,RB,,2018,Brigham Young,Kalani Sitake
https://raw.githubusercontent.com/RKRoberts97/byu_football_tree/refs/heads/main/College/Coaches/College%20Head%20Coaches/Kalani_Sitake/2018_brigham-young_roster.csv,Kyle Griffitts,SO,RB,,2018,Brigham Young,Kalani Sitake
https://raw.githubusercontent.com/RKRoberts97/byu_football_tree/refs/heads/main/College/Coaches/College%20Head%20Coaches/Kalani_Sitake/2018_brigham-young_roster.csv,KJ Hall,JR,RB,,2018,Brigham Young,Kalani Sitake
https://raw.githubusercontent.com/RKRoberts97/byu_football_tree/refs/heads/main/College/Coaches/College%20Head%20Coaches/Kalani_Sitake/2018_brigham-young_roster.csv,Johnny Tapusoa,JR,RB,,2018,Brigham Young,Kalani Sitake
https://raw.githubusercontent.com/RKRoberts97/byu_football_tree/refs/heads/main/College/Coaches/College%20Head%20Coaches/Kalani_Sitake/2018_brigham-young_roster.csv,Aleva Hifo,JR,WR,"28 Rec, 358 Yds, 12.8 Avg",2018,Brigham Young,Kalani Sitake
https://raw.githubusercontent.com/RKRoberts97/byu_football_tree/refs/heads/main/College/Coaches/College%20Head%20Coaches/Kalani_Sitake/2018_brigham-young_roster.csv,Neil Pau'u,SO,WR,"18 Rec, 216 Yds, 12.0 Avg",2018,Brigham Young,Kalani Sitake
https://raw.githubusercontent.com/RKRoberts97/byu_football_tree/refs/heads/main/College/Coaches/College%20Head%20Coaches/Kalani_Sitake/2018_brigham-young_roster.csv,Dylan Collie,SR,WR,"24 Rec, 277 Yds, 11.5 Avg",2018,Brigham Young,Kalani Sitake
https://raw.githubusercontent.com/RKRoberts97/byu_football_tree/refs/heads/main/College/Coaches/College%20Head%20Coaches/Kalani_Sitake/2018_brigham-young_roster.csv,Dax Milne,FR,WR,"10 Rec, 69 Yds, 6.9 Avg",2018,Brigham Young,Kalani Sitake
https://raw.githubusercontent.com/RKRoberts97/byu_football_tree/refs/heads/main/College/Coaches/College%20Head%20Coaches/Kalani_Sitake/2018_brigham-young_roster.csv,Micah Simon,JR,WR,"12 Rec, 107 Yds, 8.9 Avg",2018,Brigham Young,Kalani Sitake
https://raw.githubusercontent.com/RKRoberts97/byu_football_tree/refs/heads/main/College/Coaches/College%20Head%20Coaches/Kalani_Sitake/2018_brigham-young_roster.csv,Gunner Romney,FR,WR,"13 Rec, 162 Yds, 12.5 Avg",2018,Brigham Young,Kalani Sitake
https://raw.githubusercontent.com/RKRoberts97/byu_football_tree/refs/heads/main/College/Coaches/College%20Head%20Coaches/Kalani_Sitake/2018_brigham-young_roster.csv,Talon Shumway,JR,WR,"22 Rec, 337 Yds, 15.3 Avg",2018,Brigham Young,Kalani Sitake
https://raw.githubusercontent.com/RKRoberts97/byu_football_tree/refs/heads/main/College/Coaches/College%20Head%20Coaches/Kalani_Sitake/2018_brigham-young_roster.csv,Akile Davis,JR,WR,"4 Rec, 47 Yds, 11.8 Avg",2018,Brigham Young,Kalani Sitake
https://raw.githubusercontent.com/RKRoberts97/byu_football_tree/refs/heads/main/College/Coaches/College%20Head%20Coaches/Kalani_Sitake/2018_brigham-young_roster.csv,Brayden Cosper,FR,WR,,2018,Brigham Young,Kalani Sitake
https://raw.githubusercontent.com/RKRoberts97/byu_football_tree/refs/heads/main/College/Coaches/College%20Head%20Coaches/Kalani_Sitake/2018_brigham-young_roster.csv,Trey Dye,SR,WR,,2018,Brigham Young,Kalani Sitake
https://raw.githubusercontent.com/RKRoberts97/byu_football_tree/refs/heads/main/College/Coaches/College%20Head%20Coaches/Kalani_Sitake/2018_brigham-young_roster.csv,Inoke Lotulelei,JR,WR,,2018,Brigham Young,Kalani Sitake
https://raw.githubusercontent.com/RKRoberts97/byu_football_tree/refs/heads/main/College/Coaches/College%20Head%20Coaches/Kalani_Sitake/2018_brigham-young_roster.csv,Austin Whetzel,SO,WR,,2018,Brigham Young,Kalani Sitake
https://raw.githubusercontent.com/RKRoberts97/byu_football_tree/refs/heads/main/College/Coaches/College%20Head%20Coaches/Kalani_Sitake/2018_brigham-young_roster.csv,Matt Bushman,SO,TE,"29 Rec, 511 Yds, 17.6 Avg",2018,Brigham Young,Kalani Sitake
https://raw.githubusercontent.com/RKRoberts97/byu_football_tree/refs/heads/main/College/Coaches/College%20Head%20Coaches/Kalani_Sitake/2018_brigham-young_roster.csv,Dallin Holker,FR,TE,"19 Rec, 235 Yds, 12.4 Avg",2018,Brigham Young,Kalani Sitake
https://raw.githubusercontent.com/RKRoberts97/byu_football_tree/refs/heads/main/College/Coaches/College%20Head%20Coaches/Kalani_Sitake/2018_brigham-young_roster.csv,Moroni Laulu-Pututau,JR,TE,"14 Rec, 120 Yds, 8.6 Avg",2018,Brigham Young,Kalani Sitake
https://raw.githubusercontent.com/RKRoberts97/byu_football_tree/refs/heads/main/College/Coaches/College%20Head%20Coaches/Kalani_Sitake/2018_brigham-young_roster.csv,Nate Heaps,FR,TE,,2018,Brigham Young,Kalani Sitake
https://raw.githubusercontent.com/RKRoberts97/byu_football_tree/refs/heads/main/College/Coaches/College%20Head%20Coaches/Kalani_Sitake/2018_brigham-young_roster.csv,Tanner Leishman,FR,TE,,2018,Brigham Young,Kalani Sitake
https://raw.githubusercontent.com/RKRoberts97/byu_football_tree/refs/heads/main/College/Coaches/College%20Head%20Coaches/Kalani_Sitake/2018_brigham-young_roster.csv,JJ Nwigwe,SR,TE,,2018,Brigham Young,Kalani Sitake
https://raw.githubusercontent.com/RKRoberts97/byu_football_tree/refs/heads/main/College/Coaches/College%20Head%20Coaches/Kalani_Sitake/2018_brigham-young_roster.csv,Addison Pulsipher,JR,TE,,2018,Brigham Young,Kalani Sitake
https://raw.githubusercontent.com/RKRoberts97/byu_football_tree/refs/heads/main/College/Coaches/College%20Head%20Coaches/Kalani_Sitake/2018_brigham-young_roster.csv,Hank Tuipulotu,FR,TE,,2018,Brigham Young,Kalani Sitake
https://raw.githubusercontent.com/RKRoberts97/byu_football_tree/refs/heads/main/College/Coaches/College%20Head%20Coaches/Kalani_Sitake/2018_brigham-young_roster.csv,Ben Ward,FR,TE,,2018,Brigham Young,Kalani Sitake
https://raw.githubusercontent.com/RKRoberts97/byu_football_tree/refs/heads/main/College/Coaches/College%20Head%20Coaches/Kalani_Sitake/2018_brigham-young_roster.csv,Brady Christensen,FR,OL,,2018,Brigham Young,Kalani Sitake
https://raw.githubusercontent.com/RKRoberts97/byu_football_tree/refs/heads/main/College/Coaches/College%20Head%20Coaches/Kalani_Sitake/2018_brigham-young_roster.csv,Austin Chambers,SO,OL,,2018,Brigham Young,Kalani Sitake
https://raw.githubusercontent.com/RKRoberts97/byu_football_tree/refs/heads/main/College/Coaches/College%20Head%20Coaches/Kalani_Sitake/2018_brigham-young_roster.csv,Ethan Atagi,FR,OL,,2018,Brigham Young,Kalani Sitake
https://raw.githubusercontent.com/RKRoberts97/byu_football_tree/refs/heads/main/College/Coaches/College%20Head%20Coaches/Kalani_Sitake/2018_brigham-young_roster.csv,Clark Barrington,FR,OL,,2018,Brigham Young,Kalani Sitake
https://raw.githubusercontent.com/RKRoberts97/byu_football_tree/refs/heads/main/College/Coaches/College%20Head%20Coaches/Kalani_Sitake/2018_brigham-young_roster.csv,James Empey,FR,OL,,2018,Brigham Young,Kalani Sitake
https://raw.githubusercontent.com/RKRoberts97/byu_football_tree/refs/heads/main/College/Coaches/College%20Head%20Coaches/Kalani_Sitake/2018_brigham-young_roster.csv,J.T. Gentry,FR,OL,,2018,Brigham Young,Kalani Sitake
https://raw.githubusercontent.com/RKRoberts97/byu_football_tree/refs/heads/main/College/Coaches/College%20Head%20Coaches/Kalani_Sitake/2018_brigham-young_roster.csv,Chandon Herring,SO,OL,,2018,Brigham Young,Kalani Sitake
https://raw.githubusercontent.com/RKRoberts97/byu_football_tree/refs/heads/main/College/Coaches/College%20Head%20Coaches/Kalani_Sitake/2018_brigham-young_roster.csv,Tristen Hoge,SO,OL,,2018,Brigham Young,Kalani Sitake
https://raw.githubusercontent.com/RKRoberts97/byu_football_tree/refs/heads/main/College/Coaches/College%20Head%20Coaches/Kalani_Sitake/2018_brigham-young_roster.csv,Austin Hoyt,SR,OL,,2018,Brigham Young,Kalani Sitake
https://raw.githubusercontent.com/RKRoberts97/byu_football_tree/refs/heads/main/College/Coaches/College%20Head%20Coaches/Kalani_Sitake/2018_brigham-young_roster.csv,Jacob Jimenez,JR,OL,,2018,Brigham Young,Kalani Sitake
https://raw.githubusercontent.com/RKRoberts97/byu_football_tree/refs/heads/main/College/Coaches/College%20Head%20Coaches/Kalani_Sitake/2018_brigham-young_roster.csv,Harris LaChance,FR,OL,,2018,Brigham Young,Kalani Sitake
https://raw.githubusercontent.com/RKRoberts97/byu_football_tree/refs/heads/main/College/Coaches/College%20Head%20Coaches/Kalani_Sitake/2018_brigham-young_roster.csv,Ului Lapuaho,SR,OL,,2018,Brigham Young,Kalani Sitake
https://raw.githubusercontent.com/RKRoberts97/byu_football_tree/refs/heads/main/College/Coaches/College%20Head%20Coaches/Kalani_Sitake/2018_brigham-young_roster.csv,Kieffer Longson,SO,OL,,2018,Brigham Young,Kalani Sitake
https://raw.githubusercontent.com/RKRoberts97/byu_football_tree/refs/heads/main/College/Coaches/College%20Head%20Coaches/Kalani_Sitake/2018_brigham-young_roster.csv,Thomas Shoaf,JR,OL,,2018,Brigham Young,Kalani Sitake
https://raw.githubusercontent.com/RKRoberts97/byu_football_tree/refs/heads/main/College/Coaches/College%20Head%20Coaches/Kalani_Sitake/2018_brigham-young_roster.csv,Jacob Smith,FR,OL,,2018,Brigham Young,Kalani Sitake
https://raw.githubusercontent.com/RKRoberts97/byu_football_tree/refs/heads/main/College/Coaches/College%20Head%20Coaches/Kalani_Sitake/2018_brigham-young_roster.csv,Michael Thorson,FR,OL,,2018,Brigham Young,Kalani Sitake
https://raw.githubusercontent.com/RKRoberts97/byu_football_tree/refs/heads/main/College/Coaches/College%20Head%20Coaches/Kalani_Sitake/2018_brigham-young_roster.csv,Zac Dawe,SO,DL,,2018,Brigham Young,Kalani Sitake
https://raw.githubusercontent.com/RKRoberts97/byu_football_tree/refs/heads/main/College/Coaches/College%20Head%20Coaches/Kalani_Sitake/2018_brigham-young_roster.csv,Bracken El-Bakri,SO,DL,,2018,Brigham Young,Kalani Sitake
https://raw.githubusercontent.com/RKRoberts97/byu_football_tree/refs/heads/main/College/Coaches/College%20Head%20Coaches/Kalani_Sitake/2018_brigham-young_roster.csv,Lorenzo Fauatea,SO,DL,,2018,Brigham Young,Kalani Sitake
https://raw.githubusercontent.com/RKRoberts97/byu_football_tree/refs/heads/main/College/Coaches/College%20Head%20Coaches/Kalani_Sitake/2018_brigham-young_roster.csv,Kamalani Kaluhiokalani,SR,DL,,2018,Brigham Young,Kalani Sitake
https://raw.githubusercontent.com/RKRoberts97/byu_football_tree/refs/heads/main/College/Coaches/College%20Head%20Coaches/Kalani_Sitake/2018_brigham-young_roster.csv,Corbin Kaufusi,SR,DL,,2018,Brigham Young,Kalani Sitake
https://raw.githubusercontent.com/RKRoberts97/byu_football_tree/refs/heads/main/College/Coaches/College%20Head%20Coaches/Kalani_Sitake/2018_brigham-young_roster.csv,Corbin Kaufusi,SR,DL,,2018,Brigham Young,Kalani Sitake
https://raw.githubusercontent.com/RKRoberts97/byu_football_tree/refs/heads/main/College/Coaches/College%20Head%20Coaches/Kalani_Sitake/2018_brigham-young_roster.csv,Devin Kaufusi,FR,DL,,2018,Brigham Young,Kalani Sitake
https://raw.githubusercontent.com/RKRoberts97/byu_football_tree/refs/heads/main/College/Coaches/College%20Head%20Coaches/Kalani_Sitake/2018_brigham-young_roster.csv,Uriah Leiataua,SO,DL,,2018,Brigham Young,Kalani Sitake
https://raw.githubusercontent.com/RKRoberts97/byu_football_tree/refs/heads/main/College/Coaches/College%20Head%20Coaches/Kalani_Sitake/2018_brigham-young_roster.csv,Trajan Pili,JR,DL,,2018,Brigham Young,Kalani Sitake
https://raw.githubusercontent.com/RKRoberts97/byu_football_tree/refs/heads/main/College/Coaches/College%20Head%20Coaches/Kalani_Sitake/2018_brigham-young_roster.csv,Merrill Taliauli,SR,DL,,2018,Brigham Young,Kalani Sitake
https://raw.githubusercontent.com/RKRoberts97/byu_football_tree/refs/heads/main/College/Coaches/College%20Head%20Coaches/Kalani_Sitake/2018_brigham-young_roster.csv,Alden Tofa,FR,DL,,2018,Brigham Young,Kalani Sitake
https://raw.githubusercontent.com/RKRoberts97/byu_football_tree/refs/heads/main/College/Coaches/College%20Head%20Coaches/Kalani_Sitake/2018_brigham-young_roster.csv,Khyiris Tonga,SO,DL,,2018,Brigham Young,Kalani Sitake
https://raw.githubusercontent.com/RKRoberts97/byu_football_tree/refs/heads/main/College/Coaches/College%20Head%20Coaches/Kalani_Sitake/2018_brigham-young_roster.csv,Earl Tuioti-Mariner,FR,DL,,2018,Brigham Young,Kalani Sitake
https://raw.githubusercontent.com/RKRoberts97/byu_football_tree/refs/heads/main/College/Coaches/College%20Head%20Coaches/Kalani_Sitake/2018_brigham-young_roster.csv,Michael Bruno,FR,DL,,2018,Brigham Young,Kalani Sitake
https://raw.githubusercontent.com/RKRoberts97/byu_football_tree/refs/heads/main/College/Coaches/College%20Head%20Coaches/Kalani_Sitake/2018_brigham-young_roster.csv,Motekiai Langi,FR,DL,,2018,Brigham Young,Kalani Sitake
https://raw.githubusercontent.com/RKRoberts97/byu_football_tree/refs/heads/main/College/Coaches/College%20Head%20Coaches/Kalani_Sitake/2018_brigham-young_roster.csv,Atunaisa Mahe,FR,DL,,2018,Brigham Young,Kalani Sitake
https://raw.githubusercontent.com/RKRoberts97/byu_football_tree/refs/heads/main/College/Coaches/College%20Head%20Coaches/Kalani_Sitake/2018_brigham-young_roster.csv,Tevita Mo'unga,JR,DL,,2018,Brigham Young,Kalani Sitake
https://raw.githubusercontent.com/RKRoberts97/byu_football_tree/refs/heads/main/College/Coaches/College%20Head%20Coaches/Kalani_Sitake/2018_brigham-young_roster.csv,Keanu Saleapaga,FR,DL,,2018,Brigham Young,Kalani Sitake
https://raw.githubusercontent.com/RKRoberts97/byu_football_tree/refs/heads/main/College/Coaches/College%20Head%20Coaches/Kalani_Sitake/2018_brigham-young_roster.csv,Wayne Tei-Kirby,SO,DL,,2018,Brigham Young,Kalani Sitake
https://raw.githubusercontent.com/RKRoberts97/byu_football_tree/refs/heads/main/College/Coaches/College%20Head%20Coaches/Kalani_Sitake/2018_brigham-young_roster.csv,Langi Tuifua,SO,DL,,2018,Brigham Young,Kalani Sitake
https://raw.githubusercontent.com/RKRoberts97/byu_football_tree/refs/heads/main/College/Coaches/College%20Head%20Coaches/Kalani_Sitake/2018_brigham-young_roster.csv,Jeddy Tuiloma,SO,DL,,2018,Brigham Young,Kalani Sitake
https://raw.githubusercontent.com/RKRoberts97/byu_football_tree/refs/heads/main/College/Coaches/College%20Head%20Coaches/Kalani_Sitake/2018_brigham-young_roster.csv,Zayne Anderson,SR,LB,,2018,Brigham Young,Kalani Sitake
https://raw.githubusercontent.com/RKRoberts97/byu_football_tree/refs/heads/main/College/Coaches/College%20Head%20Coaches/Kalani_Sitake/2018_brigham-young_roster.csv,Isaiah Kaufusi,SO,LB,,2018,Brigham Young,Kalani Sitake
https://raw.githubusercontent.com/RKRoberts97/byu_football_tree/refs/heads/main/College/Coaches/College%20Head%20Coaches/Kalani_Sitake/2018_brigham-young_roster.csv,Jackson Kaufusi,FR,LB,,2018,Brigham Young,Kalani Sitake
https://raw.githubusercontent.com/RKRoberts97/byu_football_tree/refs/heads/main/College/Coaches/College%20Head%20Coaches/Kalani_Sitake/2018_brigham-young_roster.csv,Butch Pau'u,SR,LB,,2018,Brigham Young,Kalani Sitake
https://raw.githubusercontent.com/RKRoberts97/byu_football_tree/refs/heads/main/College/Coaches/College%20Head%20Coaches/Kalani_Sitake/2018_brigham-young_roster.csv,Riggs Powell,SR,LB,,2018,Brigham Young,Kalani Sitake
https://raw.githubusercontent.com/RKRoberts97/byu_football_tree/refs/heads/main/College/Coaches/College%20Head%20Coaches/Kalani_Sitake/2018_brigham-young_roster.csv,Adam Pulsipher,SR,LB,,2018,Brigham Young,Kalani Sitake
https://raw.githubusercontent.com/RKRoberts97/byu_football_tree/refs/heads/main/College/Coaches/College%20Head%20Coaches/Kalani_Sitake/2018_brigham-young_roster.csv,Nate Sampson,SR,LB,,2018,Brigham Young,Kalani Sitake
https://raw.githubusercontent.com/RKRoberts97/byu_football_tree/refs/heads/main/College/Coaches/College%20Head%20Coaches/Kalani_Sitake/2018_brigham-young_roster.csv,Rhett Sandlin,SR,LB,,2018,Brigham Young,Kalani Sitake
https://raw.githubusercontent.com/RKRoberts97/byu_football_tree/refs/heads/main/College/Coaches/College%20Head%20Coaches/Kalani_Sitake/2018_brigham-young_roster.csv,Sione Takitaki,SR,LB,,2018,Brigham Young,Kalani Sitake
https://raw.githubusercontent.com/RKRoberts97/byu_football_tree/refs/heads/main/College/Coaches/College%20Head%20Coaches/Kalani_Sitake/2018_brigham-young_roster.csv,Max Tooley,FR,LB,,2018,Brigham Young,Kalani Sitake
https://raw.githubusercontent.com/RKRoberts97/byu_football_tree/refs/heads/main/College/Coaches/College%20Head%20Coaches/Kalani_Sitake/2018_brigham-young_roster.csv,Michael Biagi,FR,LB,,2018,Brigham Young,Kalani Sitake
https://raw.githubusercontent.com/RKRoberts97/byu_football_tree/refs/heads/main/College/Coaches/College%20Head%20Coaches/Kalani_Sitake/2018_brigham-young_roster.csv,Christian Folau,FR,LB,,2018,Brigham Young,Kalani Sitake
https://raw.githubusercontent.com/RKRoberts97/byu_football_tree/refs/heads/main/College/Coaches/College%20Head%20Coaches/Kalani_Sitake/2018_brigham-young_roster.csv,Hirkley Latu,FR,LB,,2018,Brigham Young,Kalani Sitake
https://raw.githubusercontent.com/RKRoberts97/byu_football_tree/refs/heads/main/College/Coaches/College%20Head%20Coaches/Kalani_Sitake/2018_brigham-young_roster.csv,AJ Lolohea,FR,LB,,2018,Brigham Young,Kalani Sitake
https://raw.githubusercontent.com/RKRoberts97/byu_football_tree/refs/heads/main/College/Coaches/College%20Head%20Coaches/Kalani_Sitake/2018_brigham-young_roster.csv,Morgan Unga,SR,LB,,2018,Brigham Young,Kalani Sitake
https://raw.githubusercontent.com/RKRoberts97/byu_football_tree/refs/heads/main/College/Coaches/College%20Head%20Coaches/Kalani_Sitake/2018_brigham-young_roster.csv,Payton Wilgar,FR,LB,,2018,Brigham Young,Kalani Sitake
https://raw.githubusercontent.com/RKRoberts97/byu_football_tree/refs/heads/main/College/Coaches/College%20Head%20Coaches/Kalani_Sitake/2018_brigham-young_roster.csv,Dayan Ghanwoloku,JR,DB,,2018,Brigham Young,Kalani Sitake
https://raw.githubusercontent.com/RKRoberts97/byu_football_tree/refs/heads/main/College/Coaches/College%20Head%20Coaches/Kalani_Sitake/2018_brigham-young_roster.csv,Isaiah Armstrong,JR,DB,,2018,Brigham Young,Kalani Sitake
https://raw.githubusercontent.com/RKRoberts97/byu_football_tree/refs/heads/main/College/Coaches/College%20Head%20Coaches/Kalani_Sitake/2018_brigham-young_roster.csv,Matthew Criddle,FR,DB,,2018,Brigham Young,Kalani Sitake
https://raw.githubusercontent.com/RKRoberts97/byu_football_tree/refs/heads/main/College/Coaches/College%20Head%20Coaches/Kalani_Sitake/2018_brigham-young_roster.csv,Keenan Ellis,FR,DB,,2018,Brigham Young,Kalani Sitake
https://raw.githubusercontent.com/RKRoberts97/byu_football_tree/refs/heads/main/College/Coaches/College%20Head%20Coaches/Kalani_Sitake/2018_brigham-young_roster.csv,Gavin Fowler,SR,DB,,2018,Brigham Young,Kalani Sitake
https://raw.githubusercontent.com/RKRoberts97/byu_football_tree/refs/heads/main/College/Coaches/College%20Head%20Coaches/Kalani_Sitake/2018_brigham-young_roster.csv,Isaiah Herron,FR,DB,,2018,Brigham Young,Kalani Sitake
https://raw.githubusercontent.com/RKRoberts97/byu_football_tree/refs/heads/main/College/Coaches/College%20Head%20Coaches/Kalani_Sitake/2018_brigham-young_roster.csv,Austin Kafentzis,JR,DB,,2018,Brigham Young,Kalani Sitake
https://raw.githubusercontent.com/RKRoberts97/byu_football_tree/refs/heads/main/College/Coaches/College%20Head%20Coaches/Kalani_Sitake/2018_brigham-young_roster.csv,Jared Kapisi,SO,DB,,2018,Brigham Young,Kalani Sitake
https://raw.githubusercontent.com/RKRoberts97/byu_football_tree/refs/heads/main/College/Coaches/College%20Head%20Coaches/Kalani_Sitake/2018_brigham-young_roster.csv,Austin Lee,JR,DB,,2018,Brigham Young,Kalani Sitake
https://raw.githubusercontent.com/RKRoberts97/byu_football_tree/refs/heads/main/College/Coaches/College%20Head%20Coaches/Kalani_Sitake/2018_brigham-young_roster.csv,D'Angelo Mandell,FR,DB,,2018,Brigham Young,Kalani Sitake
https://raw.githubusercontent.com/RKRoberts97/byu_football_tree/refs/heads/main/College/Coaches/College%20Head%20Coaches/Kalani_Sitake/2018_brigham-young_roster.csv,Malik Moore,FR,DB,,2018,Brigham Young,Kalani Sitake
https://raw.githubusercontent.com/RKRoberts97/byu_football_tree/refs/heads/main/College/Coaches/College%20Head%20Coaches/Kalani_Sitake/2018_brigham-young_roster.csv,Sawyer Powell,SR,DB,,2018,Brigham Young,Kalani Sitake
https://raw.githubusercontent.com/RKRoberts97/byu_football_tree/refs/heads/main/College/Coaches/College%20Head%20Coaches/Kalani_Sitake/2018_brigham-young_roster.csv,Mitchell Price,SO,DB,,2018,Brigham Young,Kalani Sitake
https://raw.githubusercontent.com/RKRoberts97/byu_football_tree/refs/heads/main/College/Coaches/College%20Head%20Coaches/Kalani_Sitake/2018_brigham-young_roster.csv,Michael Shelton,SR,DB,,2018,Brigham Young,Kalani Sitake
https://raw.githubusercontent.com/RKRoberts97/byu_football_tree/refs/heads/main/College/Coaches/College%20Head%20Coaches/Kalani_Sitake/2018_brigham-young_roster.csv,Beau Tanner,SR,DB,,2018,Brigham Young,Kalani Sitake
https://raw.githubusercontent.com/RKRoberts97/byu_football_tree/refs/heads/main/College/Coaches/College%20Head%20Coaches/Kalani_Sitake/2018_brigham-young_roster.csv,Jaylon Vickers,FR,DB,,2018,Brigham Young,Kalani Sitake
https://raw.githubusercontent.com/RKRoberts97/byu_football_tree/refs/heads/main/College/Coaches/College%20Head%20Coaches/Kalani_Sitake/2018_brigham-young_roster.csv,Troy Warner,JR,DB,,2018,Brigham Young,Kalani Sitake
https://raw.githubusercontent.com/RKRoberts97/byu_football_tree/refs/heads/main/College/Coaches/College%20Head%20Coaches/Kalani_Sitake/2018_brigham-young_roster.csv,Chris Wilcox,JR,DB,,2018,Brigham Young,Kalani Sitake
https://raw.githubusercontent.com/RKRoberts97/byu_football_tree/refs/heads/main/College/Coaches/College%20Head%20Coaches/Kalani_Sitake/2018_brigham-young_roster.csv,Joshua Buhler,JR,DB,,2018,Brigham Young,Kalani Sitake
https://raw.githubusercontent.com/RKRoberts97/byu_football_tree/refs/heads/main/College/Coaches/College%20Head%20Coaches/Kalani_Sitake/2018_brigham-young_roster.csv,Brach Davis,FR,DB,,2018,Brigham Young,Kalani Sitake
https://raw.githubusercontent.com/RKRoberts97/byu_football_tree/refs/heads/main/College/Coaches/College%20Head%20Coaches/Kalani_Sitake/2018_brigham-young_roster.csv,Trevion Greene,JR,DB,,2018,Brigham Young,Kalani Sitake
https://raw.githubusercontent.com/RKRoberts97/byu_football_tree/refs/heads/main/College/Coaches/College%20Head%20Coaches/Kalani_Sitake/2018_brigham-young_roster.csv,Koy Harris,FR,DB,,2018,Brigham Young,Kalani Sitake
https://raw.githubusercontent.com/RKRoberts97/byu_football_tree/refs/heads/main/College/Coaches/College%20Head%20Coaches/Kalani_Sitake/2018_brigham-young_roster.csv,Drew Jensen,FR,DB,,2018,Brigham Young,Kalani Sitake
https://raw.githubusercontent.com/RKRoberts97/byu_football_tree/refs/heads/main/College/Coaches/College%20Head%20Coaches/Kalani_Sitake/2018_brigham-young_roster.csv,Austin McChesney,JR,DB,,2018,Brigham Young,Kalani Sitake
https://raw.githubusercontent.com/RKRoberts97/byu_football_tree/refs/heads/main/College/Coaches/College%20Head%20Coaches/Kalani_Sitake/2018_brigham-young_roster.csv,Danny Jones,SO,P,,2018,Brigham Young,Kalani Sitake
https://raw.githubusercontent.com/RKRoberts97/byu_football_tree/refs/heads/main/College/Coaches/College%20Head%20Coaches/Kalani_Sitake/2018_brigham-young_roster.csv,Rhett Almond,SR,PK,,2018,Brigham Young,Kalani Sitake
https://raw.githubusercontent.com/RKRoberts97/byu_football_tree/refs/heads/main/College/Coaches/College%20Head%20Coaches/Kalani_Sitake/2018_brigham-young_roster.csv,Mitch Harris,SR,LS,,2018,Brigham Young,Kalani Sitake
https://raw.githubusercontent.com/RKRoberts97/byu_football_tree/refs/heads/main/College/Coaches/College%20Head%20Coaches/Kalani_Sitake/2018_brigham-young_roster.csv,Andrew Mikkelsen,SR,PK,,2018,Brigham Young,Kalani Sitake
https://raw.githubusercontent.com/RKRoberts97/byu_football_tree/refs/heads/main/College/Coaches/College%20Head%20Coaches/Kalani_Sitake/2018_brigham-young_roster.csv,Skyler Southam,FR,PK,,2018,Brigham Young,Kalani Sitake
https://raw.githubusercontent.com/RKRoberts97/byu_football_tree/refs/heads/main/College/Coaches/College%20Head%20Coaches/Kalani_Sitake/2018_brigham-young_roster.csv,Brock Bastian,FR,LS,,2018,Brigham Young,Kalani Sitake
https://raw.githubusercontent.com/RKRoberts97/byu_football_tree/refs/heads/main/College/Coaches/College%20Head%20Coaches/Kalani_Sitake/2018_brigham-young_roster.csv,Matt Foley,SR,LS,,2018,Brigham Young,Kalani Sitake
https://raw.githubusercontent.com/RKRoberts97/byu_football_tree/refs/heads/main/College/Coaches/College%20Head%20Coaches/Kalani_Sitake/2018_brigham-young_roster.csv,Darius McFarland,FR,DE,,2018,Brigham Young,Kalani Sitake
https://raw.githubusercontent.com/RKRoberts97/byu_football_tree/refs/heads/main/College/Coaches/College%20Head%20Coaches/Kalani_Sitake/2019_brigham-young_roster.csv,Zach Wilson,SO,QB,"199 Cmp, 319 Att, 2382 Yds, 11 TD",2019,Brigham Young,Kalani Sitake
https://raw.githubusercontent.com/RKRoberts97/byu_football_tree/refs/heads/main/College/Coaches/College%20Head%20Coaches/Kalani_Sitake/2019_brigham-young_roster.csv,Baylor Romney,FR,QB,"54 Cmp, 85 Att, 747 Yds, 7 TD",2019,Brigham Young,Kalani Sitake
https://raw.githubusercontent.com/RKRoberts97/byu_football_tree/refs/heads/main/College/Coaches/College%20Head%20Coaches/Kalani_Sitake/2019_brigham-young_roster.csv,Jaren Hall,FR,QB,"31 Cmp, 46 Att, 420 Yds, 1 TD",2019,Brigham Young,Kalani Sitake
https://raw.githubusercontent.com/RKRoberts97/byu_football_tree/refs/heads/main/College/Coaches/College%20Head%20Coaches/Kalani_Sitake/2019_brigham-young_roster.csv,Joe Critchlow,SO,QB,"9 Cmp, 12 Att, 73 Yds, 0 TD",2019,Brigham Young,Kalani Sitake
https://raw.githubusercontent.com/RKRoberts97/byu_football_tree/refs/heads/main/College/Coaches/College%20Head%20Coaches/Kalani_Sitake/2019_brigham-young_roster.csv,Rhett Reilly,FR,QB,,2019,Brigham Young,Kalani Sitake
https://raw.githubusercontent.com/RKRoberts97/byu_football_tree/refs/heads/main/College/Coaches/College%20Head%20Coaches/Kalani_Sitake/2019_brigham-young_roster.csv,Lopini Katoa,SO,RB,"85 Att, 358 Yds, 4.2 Avg",2019,Brigham Young,Kalani Sitake
https://raw.githubusercontent.com/RKRoberts97/byu_football_tree/refs/heads/main/College/Coaches/College%20Head%20Coaches/Kalani_Sitake/2019_brigham-young_roster.csv,Sione Finau,FR,RB,"59 Att, 359 Yds, 6.1 Avg",2019,Brigham Young,Kalani Sitake
https://raw.githubusercontent.com/RKRoberts97/byu_football_tree/refs/heads/main/College/Coaches/College%20Head%20Coaches/Kalani_Sitake/2019_brigham-young_roster.csv,Ty'Son Williams,SR,RB,"49 Att, 264 Yds, 5.4 Avg",2019,Brigham Young,Kalani Sitake
https://raw.githubusercontent.com/RKRoberts97/byu_football_tree/refs/heads/main/College/Coaches/College%20Head%20Coaches/Kalani_Sitake/2019_brigham-young_roster.csv,Emmanuel Esukpa,SR,RB,"46 Att, 190 Yds, 4.1 Avg",2019,Brigham Young,Kalani Sitake
https://raw.githubusercontent.com/RKRoberts97/byu_football_tree/refs/heads/main/College/Coaches/College%20Head%20Coaches/Kalani_Sitake/2019_brigham-young_roster.csv,Jackson McChesney,FR,RB,"25 Att, 274 Yds, 11.0 Avg",2019,Brigham Young,Kalani Sitake
https://raw.githubusercontent.com/RKRoberts97/byu_football_tree/refs/heads/main/College/Coaches/College%20Head%20Coaches/Kalani_Sitake/2019_brigham-young_roster.csv,Alec Wyble-Meza,SO,RB,"3 Att, 6 Yds, 2.0 Avg",2019,Brigham Young,Kalani Sitake
https://raw.githubusercontent.com/RKRoberts97/byu_football_tree/refs/heads/main/College/Coaches/College%20Head%20Coaches/Kalani_Sitake/2019_brigham-young_roster.csv,Beau Hoge,SR,RB,,2019,Brigham Young,Kalani Sitake
https://raw.githubusercontent.com/RKRoberts97/byu_football_tree/refs/heads/main/College/Coaches/College%20Head%20Coaches/Kalani_Sitake/2019_brigham-young_roster.csv,Chase Wester,SO,RB,,2019,Brigham Young,Kalani Sitake
https://raw.githubusercontent.com/RKRoberts97/byu_football_tree/refs/heads/main/College/Coaches/College%20Head%20Coaches/Kalani_Sitake/2019_brigham-young_roster.csv,Micah Simon,SR,WR,"51 Rec, 616 Yds, 12.1 Avg",2019,Brigham Young,Kalani Sitake
https://raw.githubusercontent.com/RKRoberts97/byu_football_tree/refs/heads/main/College/Coaches/College%20Head%20Coaches/Kalani_Sitake/2019_brigham-young_roster.csv,Aleva Hifo,SR,WR,"42 Rec, 483 Yds, 11.5 Avg",2019,Brigham Young,Kalani Sitake
https://raw.githubusercontent.com/RKRoberts97/byu_football_tree/refs/heads/main/College/Coaches/College%20Head%20Coaches/Kalani_Sitake/2019_brigham-young_roster.csv,Dax Milne,SO,WR,"21 Rec, 285 Yds, 13.6 Avg",2019,Brigham Young,Kalani Sitake
https://raw.githubusercontent.com/RKRoberts97/byu_football_tree/refs/heads/main/College/Coaches/College%20Head%20Coaches/Kalani_Sitake/2019_brigham-young_roster.csv,Tevita Ika,FR,WR,"3 Rec, 28 Yds, 9.3 Avg",2019,Brigham Young,Kalani Sitake
https://raw.githubusercontent.com/RKRoberts97/byu_football_tree/refs/heads/main/College/Coaches/College%20Head%20Coaches/Kalani_Sitake/2019_brigham-young_roster.csv,Gunner Romney,SO,WR,"31 Rec, 377 Yds, 12.2 Avg",2019,Brigham Young,Kalani Sitake
https://raw.githubusercontent.com/RKRoberts97/byu_football_tree/refs/heads/main/College/Coaches/College%20Head%20Coaches/Kalani_Sitake/2019_brigham-young_roster.csv,Talon Shumway,SR,WR,"43 Rec, 561 Yds, 13.0 Avg",2019,Brigham Young,Kalani Sitake
https://raw.githubusercontent.com/RKRoberts97/byu_football_tree/refs/heads/main/College/Coaches/College%20Head%20Coaches/Kalani_Sitake/2019_brigham-young_roster.csv,Keanu Hill,FR,WR,"3 Rec, 40 Yds, 13.3 Avg",2019,Brigham Young,Kalani Sitake
https://raw.githubusercontent.com/RKRoberts97/byu_football_tree/refs/heads/main/College/Coaches/College%20Head%20Coaches/Kalani_Sitake/2019_brigham-young_roster.csv,Koy Harris,FR,WR,,2019,Brigham Young,Kalani Sitake
https://raw.githubusercontent.com/RKRoberts97/byu_football_tree/refs/heads/main/College/Coaches/College%20Head%20Coaches/Kalani_Sitake/2019_brigham-young_roster.csv,Batchlor Johnson,SR,WR,,2019,Brigham Young,Kalani Sitake
https://raw.githubusercontent.com/RKRoberts97/byu_football_tree/refs/heads/main/College/Coaches/College%20Head%20Coaches/Kalani_Sitake/2019_brigham-young_roster.csv,Luc Andrada,FR,WR,,2019,Brigham Young,Kalani Sitake
https://raw.githubusercontent.com/RKRoberts97/byu_football_tree/refs/heads/main/College/Coaches/College%20Head%20Coaches/Kalani_Sitake/2019_brigham-young_roster.csv,Jacob Boren,FR,WR,,2019,Brigham Young,Kalani Sitake
https://raw.githubusercontent.com/RKRoberts97/byu_football_tree/refs/heads/main/College/Coaches/College%20Head%20Coaches/Kalani_Sitake/2019_brigham-young_roster.csv,Brayden Cosper,FR,WR,,2019,Brigham Young,Kalani Sitake
https://raw.githubusercontent.com/RKRoberts97/byu_football_tree/refs/heads/main/College/Coaches/College%20Head%20Coaches/Kalani_Sitake/2019_brigham-young_roster.csv,Talmage Gunther,FR,WR,,2019,Brigham Young,Kalani Sitake
https://raw.githubusercontent.com/RKRoberts97/byu_football_tree/refs/heads/main/College/Coaches/College%20Head%20Coaches/Kalani_Sitake/2019_brigham-young_roster.csv,Neil Pau'u,JR,WR,,2019,Brigham Young,Kalani Sitake
https://raw.githubusercontent.com/RKRoberts97/byu_football_tree/refs/heads/main/College/Coaches/College%20Head%20Coaches/Kalani_Sitake/2019_brigham-young_roster.csv,Spencer Romney,SO,WR,,2019,Brigham Young,Kalani Sitake
https://raw.githubusercontent.com/RKRoberts97/byu_football_tree/refs/heads/main/College/Coaches/College%20Head%20Coaches/Kalani_Sitake/2019_brigham-young_roster.csv,Nephi Stevens,SR,WR,,2019,Brigham Young,Kalani Sitake
https://raw.githubusercontent.com/RKRoberts97/byu_football_tree/refs/heads/main/College/Coaches/College%20Head%20Coaches/Kalani_Sitake/2019_brigham-young_roster.csv,Jacob Talbot,SO,WR,,2019,Brigham Young,Kalani Sitake
https://raw.githubusercontent.com/RKRoberts97/byu_football_tree/refs/heads/main/College/Coaches/College%20Head%20Coaches/Kalani_Sitake/2019_brigham-young_roster.csv,Austin Whetzel,JR,WR,,2019,Brigham Young,Kalani Sitake
https://raw.githubusercontent.com/RKRoberts97/byu_football_tree/refs/heads/main/College/Coaches/College%20Head%20Coaches/Kalani_Sitake/2019_brigham-young_roster.csv,Masen Wake,FR,TE,,2019,Brigham Young,Kalani Sitake
https://raw.githubusercontent.com/RKRoberts97/byu_football_tree/refs/heads/main/College/Coaches/College%20Head%20Coaches/Kalani_Sitake/2019_brigham-young_roster.csv,Matt Bushman,JR,TE,"47 Rec, 688 Yds, 14.6 Avg",2019,Brigham Young,Kalani Sitake
https://raw.githubusercontent.com/RKRoberts97/byu_football_tree/refs/heads/main/College/Coaches/College%20Head%20Coaches/Kalani_Sitake/2019_brigham-young_roster.csv,Moroni Laulu-Pututau,SR,TE,"9 Rec, 124 Yds, 13.8 Avg",2019,Brigham Young,Kalani Sitake
https://raw.githubusercontent.com/RKRoberts97/byu_football_tree/refs/heads/main/College/Coaches/College%20Head%20Coaches/Kalani_Sitake/2019_brigham-young_roster.csv,Isaac Rex,FR,TE,"1 Rec, 23 Yds, 23.0 Avg",2019,Brigham Young,Kalani Sitake
https://raw.githubusercontent.com/RKRoberts97/byu_football_tree/refs/heads/main/College/Coaches/College%20Head%20Coaches/Kalani_Sitake/2019_brigham-young_roster.csv,Carter Wheat,FR,TE,"1 Rec, 8 Yds, 8.0 Avg",2019,Brigham Young,Kalani Sitake
https://raw.githubusercontent.com/RKRoberts97/byu_football_tree/refs/heads/main/College/Coaches/College%20Head%20Coaches/Kalani_Sitake/2019_brigham-young_roster.csv,Kyle Griffitts,JR,TE,,2019,Brigham Young,Kalani Sitake
https://raw.githubusercontent.com/RKRoberts97/byu_football_tree/refs/heads/main/College/Coaches/College%20Head%20Coaches/Kalani_Sitake/2019_brigham-young_roster.csv,Nate Heaps,SO,TE,,2019,Brigham Young,Kalani Sitake
https://raw.githubusercontent.com/RKRoberts97/byu_football_tree/refs/heads/main/College/Coaches/College%20Head%20Coaches/Kalani_Sitake/2019_brigham-young_roster.csv,Darius McFarland,FR,TE,,2019,Brigham Young,Kalani Sitake
https://raw.githubusercontent.com/RKRoberts97/byu_football_tree/refs/heads/main/College/Coaches/College%20Head%20Coaches/Kalani_Sitake/2019_brigham-young_roster.csv,Alema Pilimai,SO,TE,,2019,Brigham Young,Kalani Sitake
https://raw.githubusercontent.com/RKRoberts97/byu_football_tree/refs/heads/main/College/Coaches/College%20Head%20Coaches/Kalani_Sitake/2019_brigham-young_roster.csv,Hank Tuipulotu,FR,TE,,2019,Brigham Young,Kalani Sitake
https://raw.githubusercontent.com/RKRoberts97/byu_football_tree/refs/heads/main/College/Coaches/College%20Head%20Coaches/Kalani_Sitake/2019_brigham-young_roster.csv,Chandon Herring,JR,OL,,2019,Brigham Young,Kalani Sitake
https://raw.githubusercontent.com/RKRoberts97/byu_football_tree/refs/heads/main/College/Coaches/College%20Head%20Coaches/Kalani_Sitake/2019_brigham-young_roster.csv,Ethan Atagi,FR,OL,,2019,Brigham Young,Kalani Sitake
https://raw.githubusercontent.com/RKRoberts97/byu_football_tree/refs/heads/main/College/Coaches/College%20Head%20Coaches/Kalani_Sitake/2019_brigham-young_roster.csv,Clark Barrington,FR,OL,,2019,Brigham Young,Kalani Sitake
https://raw.githubusercontent.com/RKRoberts97/byu_football_tree/refs/heads/main/College/Coaches/College%20Head%20Coaches/Kalani_Sitake/2019_brigham-young_roster.csv,Brady Christensen,SO,OL,,2019,Brigham Young,Kalani Sitake
https://raw.githubusercontent.com/RKRoberts97/byu_football_tree/refs/heads/main/College/Coaches/College%20Head%20Coaches/Kalani_Sitake/2019_brigham-young_roster.csv,James Empey,SO,OL,,2019,Brigham Young,Kalani Sitake
https://raw.githubusercontent.com/RKRoberts97/byu_football_tree/refs/heads/main/College/Coaches/College%20Head%20Coaches/Kalani_Sitake/2019_brigham-young_roster.csv,Blake Freeland,FR,OL,,2019,Brigham Young,Kalani Sitake
https://raw.githubusercontent.com/RKRoberts97/byu_football_tree/refs/heads/main/College/Coaches/College%20Head%20Coaches/Kalani_Sitake/2019_brigham-young_roster.csv,J.T. Gentry,FR,OL,,2019,Brigham Young,Kalani Sitake
https://raw.githubusercontent.com/RKRoberts97/byu_football_tree/refs/heads/main/College/Coaches/College%20Head%20Coaches/Kalani_Sitake/2019_brigham-young_roster.csv,Caden Haws,FR,OL,,2019,Brigham Young,Kalani Sitake
https://raw.githubusercontent.com/RKRoberts97/byu_football_tree/refs/heads/main/College/Coaches/College%20Head%20Coaches/Kalani_Sitake/2019_brigham-young_roster.csv,Tristen Hoge,JR,OL,,2019,Brigham Young,Kalani Sitake
https://raw.githubusercontent.com/RKRoberts97/byu_football_tree/refs/heads/main/College/Coaches/College%20Head%20Coaches/Kalani_Sitake/2019_brigham-young_roster.csv,Brayden Keim,FR,OL,,2019,Brigham Young,Kalani Sitake
https://raw.githubusercontent.com/RKRoberts97/byu_football_tree/refs/heads/main/College/Coaches/College%20Head%20Coaches/Kalani_Sitake/2019_brigham-young_roster.csv,Harris LaChance,FR,OL,,2019,Brigham Young,Kalani Sitake
https://raw.githubusercontent.com/RKRoberts97/byu_football_tree/refs/heads/main/College/Coaches/College%20Head%20Coaches/Kalani_Sitake/2019_brigham-young_roster.csv,Kieffer Longson,JR,OL,,2019,Brigham Young,Kalani Sitake
https://raw.githubusercontent.com/RKRoberts97/byu_football_tree/refs/heads/main/College/Coaches/College%20Head%20Coaches/Kalani_Sitake/2019_brigham-young_roster.csv,Addison Pulsipher,SR,OL,,2019,Brigham Young,Kalani Sitake
https://raw.githubusercontent.com/RKRoberts97/byu_football_tree/refs/heads/main/College/Coaches/College%20Head%20Coaches/Kalani_Sitake/2019_brigham-young_roster.csv,Keanu Saleapaga,SO,OL,,2019,Brigham Young,Kalani Sitake
https://raw.githubusercontent.com/RKRoberts97/byu_football_tree/refs/heads/main/College/Coaches/College%20Head%20Coaches/Kalani_Sitake/2019_brigham-young_roster.csv,Thomas Shoaf,SR,OL,,2019,Brigham Young,Kalani Sitake
https://raw.githubusercontent.com/RKRoberts97/byu_football_tree/refs/heads/main/College/Coaches/College%20Head%20Coaches/Kalani_Sitake/2019_brigham-young_roster.csv,Jacob Smith,FR,OL,,2019,Brigham Young,Kalani Sitake
https://raw.githubusercontent.com/RKRoberts97/byu_football_tree/refs/heads/main/College/Coaches/College%20Head%20Coaches/Kalani_Sitake/2019_brigham-young_roster.csv,Joe Tukuafu,SO,OL,,2019,Brigham Young,Kalani Sitake
https://raw.githubusercontent.com/RKRoberts97/byu_football_tree/refs/heads/main/College/Coaches/College%20Head%20Coaches/Kalani_Sitake/2019_brigham-young_roster.csv,Mo Unutoa,SO,OL,,2019,Brigham Young,Kalani Sitake
https://raw.githubusercontent.com/RKRoberts97/byu_football_tree/refs/heads/main/College/Coaches/College%20Head%20Coaches/Kalani_Sitake/2019_brigham-young_roster.csv,Brevan Ward,SO,OL,,2019,Brigham Young,Kalani Sitake
https://raw.githubusercontent.com/RKRoberts97/byu_football_tree/refs/heads/main/College/Coaches/College%20Head%20Coaches/Kalani_Sitake/2019_brigham-young_roster.csv,Skyler Southam,SO,K,,2019,Brigham Young,Kalani Sitake
https://raw.githubusercontent.com/RKRoberts97/byu_football_tree/refs/heads/main/College/Coaches/College%20Head%20Coaches/Kalani_Sitake/2019_brigham-young_roster.csv,Khyiris Tonga,JR,DL,,2019,Brigham Young,Kalani Sitake
https://raw.githubusercontent.com/RKRoberts97/byu_football_tree/refs/heads/main/College/Coaches/College%20Head%20Coaches/Kalani_Sitake/2019_brigham-young_roster.csv,Austin Chambers,JR,DL,,2019,Brigham Young,Kalani Sitake
https://raw.githubusercontent.com/RKRoberts97/byu_football_tree/refs/heads/main/College/Coaches/College%20Head%20Coaches/Kalani_Sitake/2019_brigham-young_roster.csv,Zac Dawe,JR,DL,,2019,Brigham Young,Kalani Sitake
https://raw.githubusercontent.com/RKRoberts97/byu_football_tree/refs/heads/main/College/Coaches/College%20Head%20Coaches/Kalani_Sitake/2019_brigham-young_roster.csv,Bracken El-Bakri,JR,DL,,2019,Brigham Young,Kalani Sitake
https://raw.githubusercontent.com/RKRoberts97/byu_football_tree/refs/heads/main/College/Coaches/College%20Head%20Coaches/Kalani_Sitake/2019_brigham-young_roster.csv,Lorenzo Fauatea,SO,DL,,2019,Brigham Young,Kalani Sitake
https://raw.githubusercontent.com/RKRoberts97/byu_football_tree/refs/heads/main/College/Coaches/College%20Head%20Coaches/Kalani_Sitake/2019_brigham-young_roster.csv,Devin Kaufusi,SO,DL,,2019,Brigham Young,Kalani Sitake
https://raw.githubusercontent.com/RKRoberts97/byu_football_tree/refs/heads/main/College/Coaches/College%20Head%20Coaches/Kalani_Sitake/2019_brigham-young_roster.csv,Uriah Leiataua,JR,DL,,2019,Brigham Young,Kalani Sitake
https://raw.githubusercontent.com/RKRoberts97/byu_football_tree/refs/heads/main/College/Coaches/College%20Head%20Coaches/Kalani_Sitake/2019_brigham-young_roster.csv,Atunaisa Mahe,FR,DL,,2019,Brigham Young,Kalani Sitake
https://raw.githubusercontent.com/RKRoberts97/byu_football_tree/refs/heads/main/College/Coaches/College%20Head%20Coaches/Kalani_Sitake/2019_brigham-young_roster.csv,JJ Nwigwe,SR,DL,,2019,Brigham Young,Kalani Sitake
https://raw.githubusercontent.com/RKRoberts97/byu_football_tree/refs/heads/main/College/Coaches/College%20Head%20Coaches/Kalani_Sitake/2019_brigham-young_roster.csv,Trajan Pili,SR,DL,,2019,Brigham Young,Kalani Sitake
https://raw.githubusercontent.com/RKRoberts97/byu_football_tree/refs/heads/main/College/Coaches/College%20Head%20Coaches/Kalani_Sitake/2019_brigham-young_roster.csv,Gabe Summers,FR,DL,,2019,Brigham Young,Kalani Sitake
https://raw.githubusercontent.com/RKRoberts97/byu_football_tree/refs/heads/main/College/Coaches/College%20Head%20Coaches/Kalani_Sitake/2019_brigham-young_roster.csv,Alden Tofa,SO,DL,,2019,Brigham Young,Kalani Sitake
https://raw.githubusercontent.com/RKRoberts97/byu_football_tree/refs/heads/main/College/Coaches/College%20Head%20Coaches/Kalani_Sitake/2019_brigham-young_roster.csv,Earl Tuioti-Mariner,SO,DL,,2019,Brigham Young,Kalani Sitake
https://raw.githubusercontent.com/RKRoberts97/byu_football_tree/refs/heads/main/College/Coaches/College%20Head%20Coaches/Kalani_Sitake/2019_brigham-young_roster.csv,Seleti Fevaleaki,FR,DL,,2019,Brigham Young,Kalani Sitake
https://raw.githubusercontent.com/RKRoberts97/byu_football_tree/refs/heads/main/College/Coaches/College%20Head%20Coaches/Kalani_Sitake/2019_brigham-young_roster.csv,Hirkley Latu,FR,DL,,2019,Brigham Young,Kalani Sitake
https://raw.githubusercontent.com/RKRoberts97/byu_football_tree/refs/heads/main/College/Coaches/College%20Head%20Coaches/Kalani_Sitake/2019_brigham-young_roster.csv,Freddy Livai,FR,DL,,2019,Brigham Young,Kalani Sitake
https://raw.githubusercontent.com/RKRoberts97/byu_football_tree/refs/heads/main/College/Coaches/College%20Head%20Coaches/Kalani_Sitake/2019_brigham-young_roster.csv,Jeddy Tuiloma,SO,DL,,2019,Brigham Young,Kalani Sitake
https://raw.githubusercontent.com/RKRoberts97/byu_football_tree/refs/heads/main/College/Coaches/College%20Head%20Coaches/Kalani_Sitake/2019_brigham-young_roster.csv,Tyler Allgeier,FR,LB,,2019,Brigham Young,Kalani Sitake
https://raw.githubusercontent.com/RKRoberts97/byu_football_tree/refs/heads/main/College/Coaches/College%20Head%20Coaches/Kalani_Sitake/2019_brigham-young_roster.csv,Chaz Ah You,SO,LB,,2019,Brigham Young,Kalani Sitake
https://raw.githubusercontent.com/RKRoberts97/byu_football_tree/refs/heads/main/College/Coaches/College%20Head%20Coaches/Kalani_Sitake/2019_brigham-young_roster.csv,Zayne Anderson,SR,LB,,2019,Brigham Young,Kalani Sitake
https://raw.githubusercontent.com/RKRoberts97/byu_football_tree/refs/heads/main/College/Coaches/College%20Head%20Coaches/Kalani_Sitake/2019_brigham-young_roster.csv,Sam Baldwin,SR,LB,,2019,Brigham Young,Kalani Sitake
https://raw.githubusercontent.com/RKRoberts97/byu_football_tree/refs/heads/main/College/Coaches/College%20Head%20Coaches/Kalani_Sitake/2019_brigham-young_roster.csv,Ben Bywater,FR,LB,,2019,Brigham Young,Kalani Sitake
https://raw.githubusercontent.com/RKRoberts97/byu_football_tree/refs/heads/main/College/Coaches/College%20Head%20Coaches/Kalani_Sitake/2019_brigham-young_roster.csv,Matthew Criddle,SO,LB,,2019,Brigham Young,Kalani Sitake
https://raw.githubusercontent.com/RKRoberts97/byu_football_tree/refs/heads/main/College/Coaches/College%20Head%20Coaches/Kalani_Sitake/2019_brigham-young_roster.csv,Kavika Fonua,JR,LB,,2019,Brigham Young,Kalani Sitake
https://raw.githubusercontent.com/RKRoberts97/byu_football_tree/refs/heads/main/College/Coaches/College%20Head%20Coaches/Kalani_Sitake/2019_brigham-young_roster.csv,Drew Jensen,FR,LB,,2019,Brigham Young,Kalani Sitake
https://raw.githubusercontent.com/RKRoberts97/byu_football_tree/refs/heads/main/College/Coaches/College%20Head%20Coaches/Kalani_Sitake/2019_brigham-young_roster.csv,Isaiah Kaufusi,JR,LB,,2019,Brigham Young,Kalani Sitake
https://raw.githubusercontent.com/RKRoberts97/byu_football_tree/refs/heads/main/College/Coaches/College%20Head%20Coaches/Kalani_Sitake/2019_brigham-young_roster.csv,Jackson Kaufusi,FR,LB,,2019,Brigham Young,Kalani Sitake
https://raw.githubusercontent.com/RKRoberts97/byu_football_tree/refs/heads/main/College/Coaches/College%20Head%20Coaches/Kalani_Sitake/2019_brigham-young_roster.csv,Keenan Pili,FR,LB,,2019,Brigham Young,Kalani Sitake
https://raw.githubusercontent.com/RKRoberts97/byu_football_tree/refs/heads/main/College/Coaches/College%20Head%20Coaches/Kalani_Sitake/2019_brigham-young_roster.csv,Max Tooley,FR,LB,,2019,Brigham Young,Kalani Sitake
https://raw.githubusercontent.com/RKRoberts97/byu_football_tree/refs/heads/main/College/Coaches/College%20Head%20Coaches/Kalani_Sitake/2019_brigham-young_roster.csv,Payton Wilgar,FR,LB,,2019,Brigham Young,Kalani Sitake
https://raw.githubusercontent.com/RKRoberts97/byu_football_tree/refs/heads/main/College/Coaches/College%20Head%20Coaches/Kalani_Sitake/2019_brigham-young_roster.csv,Solofa Funu,FR,LB,,2019,Brigham Young,Kalani Sitake
https://raw.githubusercontent.com/RKRoberts97/byu_football_tree/refs/heads/main/College/Coaches/College%20Head%20Coaches/Kalani_Sitake/2019_brigham-young_roster.csv,Sam Lee,JR,LB,,2019,Brigham Young,Kalani Sitake
https://raw.githubusercontent.com/RKRoberts97/byu_football_tree/refs/heads/main/College/Coaches/College%20Head%20Coaches/Kalani_Sitake/2019_brigham-young_roster.csv,Alex Miskela,FR,LB,,2019,Brigham Young,Kalani Sitake
https://raw.githubusercontent.com/RKRoberts97/byu_football_tree/refs/heads/main/College/Coaches/College%20Head%20Coaches/Kalani_Sitake/2019_brigham-young_roster.csv,Kade Pupunu,FR,LB,,2019,Brigham Young,Kalani Sitake
https://raw.githubusercontent.com/RKRoberts97/byu_football_tree/refs/heads/main/College/Coaches/College%20Head%20Coaches/Kalani_Sitake/2019_brigham-young_roster.csv,Pepe Tanuvasa,SO,LB,,2019,Brigham Young,Kalani Sitake
https://raw.githubusercontent.com/RKRoberts97/byu_football_tree/refs/heads/main/College/Coaches/College%20Head%20Coaches/Kalani_Sitake/2019_brigham-young_roster.csv,Dayan Ghanwoloku,SR,DB,,2019,Brigham Young,Kalani Sitake
https://raw.githubusercontent.com/RKRoberts97/byu_football_tree/refs/heads/main/College/Coaches/College%20Head%20Coaches/Kalani_Sitake/2019_brigham-young_roster.csv,Austin Kafentzis,SR,DB,,2019,Brigham Young,Kalani Sitake
https://raw.githubusercontent.com/RKRoberts97/byu_football_tree/refs/heads/main/College/Coaches/College%20Head%20Coaches/Kalani_Sitake/2019_brigham-young_roster.csv,Tevita Gagnier,FR,DB,,2019,Brigham Young,Kalani Sitake
https://raw.githubusercontent.com/RKRoberts97/byu_football_tree/refs/heads/main/College/Coaches/College%20Head%20Coaches/Kalani_Sitake/2019_brigham-young_roster.csv,Dimitri Gallow,JR,DB,,2019,Brigham Young,Kalani Sitake
https://raw.githubusercontent.com/RKRoberts97/byu_football_tree/refs/heads/main/College/Coaches/College%20Head%20Coaches/Kalani_Sitake/2019_brigham-young_roster.csv,Ammon Hannemann,FR,DB,,2019,Brigham Young,Kalani Sitake
https://raw.githubusercontent.com/RKRoberts97/byu_football_tree/refs/heads/main/College/Coaches/College%20Head%20Coaches/Kalani_Sitake/2019_brigham-young_roster.csv,Isaiah Herron,FR,DB,,2019,Brigham Young,Kalani Sitake
https://raw.githubusercontent.com/RKRoberts97/byu_football_tree/refs/heads/main/College/Coaches/College%20Head%20Coaches/Kalani_Sitake/2019_brigham-young_roster.csv,Austin Lee,SR,DB,,2019,Brigham Young,Kalani Sitake
https://raw.githubusercontent.com/RKRoberts97/byu_football_tree/refs/heads/main/College/Coaches/College%20Head%20Coaches/Kalani_Sitake/2019_brigham-young_roster.csv,Hayden Livingston,FR,DB,,2019,Brigham Young,Kalani Sitake
https://raw.githubusercontent.com/RKRoberts97/byu_football_tree/refs/heads/main/College/Coaches/College%20Head%20Coaches/Kalani_Sitake/2019_brigham-young_roster.csv,D'Angelo Mandell,SO,DB,,2019,Brigham Young,Kalani Sitake
https://raw.githubusercontent.com/RKRoberts97/byu_football_tree/refs/heads/main/College/Coaches/College%20Head%20Coaches/Kalani_Sitake/2019_brigham-young_roster.csv,Malik Moore,SO,DB,,2019,Brigham Young,Kalani Sitake
https://raw.githubusercontent.com/RKRoberts97/byu_football_tree/refs/heads/main/College/Coaches/College%20Head%20Coaches/Kalani_Sitake/2019_brigham-young_roster.csv,Sawyer Powell,SR,DB,,2019,Brigham Young,Kalani Sitake
https://raw.githubusercontent.com/RKRoberts97/byu_football_tree/refs/heads/main/College/Coaches/College%20Head%20Coaches/Kalani_Sitake/2019_brigham-young_roster.csv,Mitchell Price,SO,DB,,2019,Brigham Young,Kalani Sitake
https://raw.githubusercontent.com/RKRoberts97/byu_football_tree/refs/heads/main/College/Coaches/College%20Head%20Coaches/Kalani_Sitake/2019_brigham-young_roster.csv,Morgan Pyper,FR,DB,,2019,Brigham Young,Kalani Sitake
https://raw.githubusercontent.com/RKRoberts97/byu_football_tree/refs/heads/main/College/Coaches/College%20Head%20Coaches/Kalani_Sitake/2019_brigham-young_roster.csv,Beau Tanner,SR,DB,,2019,Brigham Young,Kalani Sitake
https://raw.githubusercontent.com/RKRoberts97/byu_football_tree/refs/heads/main/College/Coaches/College%20Head%20Coaches/Kalani_Sitake/2019_brigham-young_roster.csv,George Udo,FR,DB,,2019,Brigham Young,Kalani Sitake
https://raw.githubusercontent.com/RKRoberts97/byu_football_tree/refs/heads/main/College/Coaches/College%20Head%20Coaches/Kalani_Sitake/2019_brigham-young_roster.csv,Troy Warner,SR,DB,,2019,Brigham Young,Kalani Sitake
https://raw.githubusercontent.com/RKRoberts97/byu_football_tree/refs/heads/main/College/Coaches/College%20Head%20Coaches/Kalani_Sitake/2019_brigham-young_roster.csv,Will Watanabe,FR,DB,,2019,Brigham Young,Kalani Sitake
https://raw.githubusercontent.com/RKRoberts97/byu_football_tree/refs/heads/main/College/Coaches/College%20Head%20Coaches/Kalani_Sitake/2019_brigham-young_roster.csv,Chris Wilcox,SR,DB,,2019,Brigham Young,Kalani Sitake
https://raw.githubusercontent.com/RKRoberts97/byu_football_tree/refs/heads/main/College/Coaches/College%20Head%20Coaches/Kalani_Sitake/2019_brigham-young_roster.csv,Shamon Willis,SO,DB,,2019,Brigham Young,Kalani Sitake
https://raw.githubusercontent.com/RKRoberts97/byu_football_tree/refs/heads/main/College/Coaches/College%20Head%20Coaches/Kalani_Sitake/2019_brigham-young_roster.csv,Chapman Beaird,FR,DB,,2019,Brigham Young,Kalani Sitake
https://raw.githubusercontent.com/RKRoberts97/byu_football_tree/refs/heads/main/College/Coaches/College%20Head%20Coaches/Kalani_Sitake/2019_brigham-young_roster.csv,Javelle Brown,FR,DB,,2019,Brigham Young,Kalani Sitake
https://raw.githubusercontent.com/RKRoberts97/byu_football_tree/refs/heads/main/College/Coaches/College%20Head%20Coaches/Kalani_Sitake/2019_brigham-young_roster.csv,Keenan Ellis,SO,DB,,2019,Brigham Young,Kalani Sitake
https://raw.githubusercontent.com/RKRoberts97/byu_football_tree/refs/heads/main/College/Coaches/College%20Head%20Coaches/Kalani_Sitake/2019_brigham-young_roster.csv,Kimball Henstrom,FR,DB,,2019,Brigham Young,Kalani Sitake
https://raw.githubusercontent.com/RKRoberts97/byu_football_tree/refs/heads/main/College/Coaches/College%20Head%20Coaches/Kalani_Sitake/2019_brigham-young_roster.csv,Jared Kapisi,JR,DB,,2019,Brigham Young,Kalani Sitake
https://raw.githubusercontent.com/RKRoberts97/byu_football_tree/refs/heads/main/College/Coaches/College%20Head%20Coaches/Kalani_Sitake/2019_brigham-young_roster.csv,Dallin Lee,FR,DB,,2019,Brigham Young,Kalani Sitake
https://raw.githubusercontent.com/RKRoberts97/byu_football_tree/refs/heads/main/College/Coaches/College%20Head%20Coaches/Kalani_Sitake/2019_brigham-young_roster.csv,Austin McChesney,SR,DB,,2019,Brigham Young,Kalani Sitake
https://raw.githubusercontent.com/RKRoberts97/byu_football_tree/refs/heads/main/College/Coaches/College%20Head%20Coaches/Kalani_Sitake/2019_brigham-young_roster.csv,Danny Jones,JR,P,,2019,Brigham Young,Kalani Sitake
https://raw.githubusercontent.com/RKRoberts97/byu_football_tree/refs/heads/main/College/Coaches/College%20Head%20Coaches/Kalani_Sitake/2019_brigham-young_roster.csv,Jake Oldroyd,SO,PK,,2019,Brigham Young,Kalani Sitake
https://raw.githubusercontent.com/RKRoberts97/byu_football_tree/refs/heads/main/College/Coaches/College%20Head%20Coaches/Kalani_Sitake/2019_brigham-young_roster.csv,Mitch Harris,SR,LS,,2019,Brigham Young,Kalani Sitake
https://raw.githubusercontent.com/RKRoberts97/byu_football_tree/refs/heads/main/College/Coaches/College%20Head%20Coaches/Kalani_Sitake/2019_brigham-young_roster.csv,Britton Hogan,FR,LS,,2019,Brigham Young,Kalani Sitake
https://raw.githubusercontent.com/RKRoberts97/byu_football_tree/refs/heads/main/College/Coaches/College%20Head%20Coaches/Kalani_Sitake/2020_brigham-young_roster.csv,Zach Wilson,JR,QB,"247 Cmp, 336 Att, 3692 Yds, 33 TD",2020,Brigham Young,Kalani Sitake
https://raw.githubusercontent.com/RKRoberts97/byu_football_tree/refs/heads/main/College/Coaches/College%20Head%20Coaches/Kalani_Sitake/2020_brigham-young_roster.csv,Baylor Romney,SO,QB,"24 Cmp, 35 Att, 261 Yds, 1 TD",2020,Brigham Young,Kalani Sitake
https://raw.githubusercontent.com/RKRoberts97/byu_football_tree/refs/heads/main/College/Coaches/College%20Head%20Coaches/Kalani_Sitake/2020_brigham-young_roster.csv,Jacob Conover,FR,QB,,2020,Brigham Young,Kalani Sitake
https://raw.githubusercontent.com/RKRoberts97/byu_football_tree/refs/heads/main/College/Coaches/College%20Head%20Coaches/Kalani_Sitake/2020_brigham-young_roster.csv,Mason Fakahua,FR,QB,,2020,Brigham Young,Kalani Sitake
https://raw.githubusercontent.com/RKRoberts97/byu_football_tree/refs/heads/main/College/Coaches/College%20Head%20Coaches/Kalani_Sitake/2020_brigham-young_roster.csv,Jaren Hall,SO,QB,,2020,Brigham Young,Kalani Sitake
https://raw.githubusercontent.com/RKRoberts97/byu_football_tree/refs/heads/main/College/Coaches/College%20Head%20Coaches/Kalani_Sitake/2020_brigham-young_roster.csv,Sol-Jay Maiava-Peters,FR,QB,,2020,Brigham Young,Kalani Sitake
https://raw.githubusercontent.com/RKRoberts97/byu_football_tree/refs/heads/main/College/Coaches/College%20Head%20Coaches/Kalani_Sitake/2020_brigham-young_roster.csv,Rhett Reilly,SO,QB,,2020,Brigham Young,Kalani Sitake
https://raw.githubusercontent.com/RKRoberts97/byu_football_tree/refs/heads/main/College/Coaches/College%20Head%20Coaches/Kalani_Sitake/2020_brigham-young_roster.csv,Tyler Allgeier,SO,RB,"150 Att, 1130 Yds, 7.5 Avg",2020,Brigham Young,Kalani Sitake
https://raw.githubusercontent.com/RKRoberts97/byu_football_tree/refs/heads/main/College/Coaches/College%20Head%20Coaches/Kalani_Sitake/2020_brigham-young_roster.csv,Lopini Katoa,JR,RB,"84 Att, 444 Yds, 5.3 Avg",2020,Brigham Young,Kalani Sitake
https://raw.githubusercontent.com/RKRoberts97/byu_football_tree/refs/heads/main/College/Coaches/College%20Head%20Coaches/Kalani_Sitake/2020_brigham-young_roster.csv,Miles Davis,FR,RB,"15 Att, 96 Yds, 6.4 Avg",2020,Brigham Young,Kalani Sitake
https://raw.githubusercontent.com/RKRoberts97/byu_football_tree/refs/heads/main/College/Coaches/College%20Head%20Coaches/Kalani_Sitake/2020_brigham-young_roster.csv,Sione Finau,SO,RB,"12 Att, 48 Yds, 4.0 Avg",2020,Brigham Young,Kalani Sitake
https://raw.githubusercontent.com/RKRoberts97/byu_football_tree/refs/heads/main/College/Coaches/College%20Head%20Coaches/Kalani_Sitake/2020_brigham-young_roster.csv,Jackson McChesney,FR,RB,"11 Att, 56 Yds, 5.1 Avg",2020,Brigham Young,Kalani Sitake
https://raw.githubusercontent.com/RKRoberts97/byu_football_tree/refs/heads/main/College/Coaches/College%20Head%20Coaches/Kalani_Sitake/2020_brigham-young_roster.csv,Chase Wester,JR,RB,"1 Att, 4 Yds, 4.0 Avg",2020,Brigham Young,Kalani Sitake
https://raw.githubusercontent.com/RKRoberts97/byu_football_tree/refs/heads/main/College/Coaches/College%20Head%20Coaches/Kalani_Sitake/2020_brigham-young_roster.csv,Luc Andrada,FR,RB,,2020,Brigham Young,Kalani Sitake
https://raw.githubusercontent.com/RKRoberts97/byu_football_tree/refs/heads/main/College/Coaches/College%20Head%20Coaches/Kalani_Sitake/2020_brigham-young_roster.csv,Javelle Brown,FR,RB,,2020,Brigham Young,Kalani Sitake
https://raw.githubusercontent.com/RKRoberts97/byu_football_tree/refs/heads/main/College/Coaches/College%20Head%20Coaches/Kalani_Sitake/2020_brigham-young_roster.csv,Theo Dawson,SO,RB,,2020,Brigham Young,Kalani Sitake
https://raw.githubusercontent.com/RKRoberts97/byu_football_tree/refs/heads/main/College/Coaches/College%20Head%20Coaches/Kalani_Sitake/2020_brigham-young_roster.csv,Hinckley Ropati,SO,RB,,2020,Brigham Young,Kalani Sitake
https://raw.githubusercontent.com/RKRoberts97/byu_football_tree/refs/heads/main/College/Coaches/College%20Head%20Coaches/Kalani_Sitake/2020_brigham-young_roster.csv,Johnny Tapusoa,SR,RB,,2020,Brigham Young,Kalani Sitake
https://raw.githubusercontent.com/RKRoberts97/byu_football_tree/refs/heads/main/College/Coaches/College%20Head%20Coaches/Kalani_Sitake/2020_brigham-young_roster.csv,Alec Wyble-Meza,SO,RB,,2020,Brigham Young,Kalani Sitake
https://raw.githubusercontent.com/RKRoberts97/byu_football_tree/refs/heads/main/College/Coaches/College%20Head%20Coaches/Kalani_Sitake/2020_brigham-young_roster.csv,Neil Pau'u,JR,WR,"45 Rec, 603 Yds, 13.4 Avg",2020,Brigham Young,Kalani Sitake
https://raw.githubusercontent.com/RKRoberts97/byu_football_tree/refs/heads/main/College/Coaches/College%20Head%20Coaches/Kalani_Sitake/2020_brigham-young_roster.csv,Dax Milne,JR,WR,"70 Rec, 1188 Yds, 17.0 Avg",2020,Brigham Young,Kalani Sitake
https://raw.githubusercontent.com/RKRoberts97/byu_football_tree/refs/heads/main/College/Coaches/College%20Head%20Coaches/Kalani_Sitake/2020_brigham-young_roster.csv,Chris Jackson,JR,WR,"6 Rec, 22 Yds, 3.7 Avg",2020,Brigham Young,Kalani Sitake
https://raw.githubusercontent.com/RKRoberts97/byu_football_tree/refs/heads/main/College/Coaches/College%20Head%20Coaches/Kalani_Sitake/2020_brigham-young_roster.csv,Gunner Romney,JR,WR,"39 Rec, 767 Yds, 19.7 Avg",2020,Brigham Young,Kalani Sitake
https://raw.githubusercontent.com/RKRoberts97/byu_football_tree/refs/heads/main/College/Coaches/College%20Head%20Coaches/Kalani_Sitake/2020_brigham-young_roster.csv,Kody Epps,FR,WR,"5 Rec, 47 Yds, 9.4 Avg",2020,Brigham Young,Kalani Sitake
https://raw.githubusercontent.com/RKRoberts97/byu_football_tree/refs/heads/main/College/Coaches/College%20Head%20Coaches/Kalani_Sitake/2020_brigham-young_roster.csv,Talmage Gunther,FR,WR,,2020,Brigham Young,Kalani Sitake
https://raw.githubusercontent.com/RKRoberts97/byu_football_tree/refs/heads/main/College/Coaches/College%20Head%20Coaches/Kalani_Sitake/2020_brigham-young_roster.csv,Terence Fall,FR,WR,,2020,Brigham Young,Kalani Sitake
https://raw.githubusercontent.com/RKRoberts97/byu_football_tree/refs/heads/main/College/Coaches/College%20Head%20Coaches/Kalani_Sitake/2020_brigham-young_roster.csv,Brayden Cosper,SO,WR,"4 Rec, 36 Yds, 9.0 Avg",2020,Brigham Young,Kalani Sitake
https://raw.githubusercontent.com/RKRoberts97/byu_football_tree/refs/heads/main/College/Coaches/College%20Head%20Coaches/Kalani_Sitake/2020_brigham-young_roster.csv,Keanu Hill,FR,WR,"4 Rec, 70 Yds, 17.5 Avg",2020,Brigham Young,Kalani Sitake
https://raw.githubusercontent.com/RKRoberts97/byu_football_tree/refs/heads/main/College/Coaches/College%20Head%20Coaches/Kalani_Sitake/2020_brigham-young_roster.csv,Hobbs Nyberg,FR,WR,,2020,Brigham Young,Kalani Sitake
https://raw.githubusercontent.com/RKRoberts97/byu_football_tree/refs/heads/main/College/Coaches/College%20Head%20Coaches/Kalani_Sitake/2020_brigham-young_roster.csv,Chayce Bolli,FR,WR,,2020,Brigham Young,Kalani Sitake
https://raw.githubusercontent.com/RKRoberts97/byu_football_tree/refs/heads/main/College/Coaches/College%20Head%20Coaches/Kalani_Sitake/2020_brigham-young_roster.csv,Jacob Boren,SO,WR,,2020,Brigham Young,Kalani Sitake
https://raw.githubusercontent.com/RKRoberts97/byu_football_tree/refs/heads/main/College/Coaches/College%20Head%20Coaches/Kalani_Sitake/2020_brigham-young_roster.csv,Jacob Doman,JR,WR,,2020,Brigham Young,Kalani Sitake
https://raw.githubusercontent.com/RKRoberts97/byu_football_tree/refs/heads/main/College/Coaches/College%20Head%20Coaches/Kalani_Sitake/2020_brigham-young_roster.csv,Koy Harris,JR,WR,,2020,Brigham Young,Kalani Sitake
https://raw.githubusercontent.com/RKRoberts97/byu_football_tree/refs/heads/main/College/Coaches/College%20Head%20Coaches/Kalani_Sitake/2020_brigham-young_roster.csv,Tevita Ika,FR,WR,,2020,Brigham Young,Kalani Sitake
https://raw.githubusercontent.com/RKRoberts97/byu_football_tree/refs/heads/main/College/Coaches/College%20Head%20Coaches/Kalani_Sitake/2020_brigham-young_roster.csv,Batchlor Johnson,SR,WR,,2020,Brigham Young,Kalani Sitake
https://raw.githubusercontent.com/RKRoberts97/byu_football_tree/refs/heads/main/College/Coaches/College%20Head%20Coaches/Kalani_Sitake/2020_brigham-young_roster.csv,Kade Moore,FR,WR,,2020,Brigham Young,Kalani Sitake
https://raw.githubusercontent.com/RKRoberts97/byu_football_tree/refs/heads/main/College/Coaches/College%20Head%20Coaches/Kalani_Sitake/2020_brigham-young_roster.csv,Joe Nelson,FR,WR,,2020,Brigham Young,Kalani Sitake
https://raw.githubusercontent.com/RKRoberts97/byu_football_tree/refs/heads/main/College/Coaches/College%20Head%20Coaches/Kalani_Sitake/2020_brigham-young_roster.csv,Jacob Talbot,JR,WR,,2020,Brigham Young,Kalani Sitake
https://raw.githubusercontent.com/RKRoberts97/byu_football_tree/refs/heads/main/College/Coaches/College%20Head%20Coaches/Kalani_Sitake/2020_brigham-young_roster.csv,Nathan Upham,FR,WR,,2020,Brigham Young,Kalani Sitake
https://raw.githubusercontent.com/RKRoberts97/byu_football_tree/refs/heads/main/College/Coaches/College%20Head%20Coaches/Kalani_Sitake/2020_brigham-young_roster.csv,Masen Wake,SO,TE,"8 Rec, 114 Yds, 14.3 Avg",2020,Brigham Young,Kalani Sitake
https://raw.githubusercontent.com/RKRoberts97/byu_football_tree/refs/heads/main/College/Coaches/College%20Head%20Coaches/Kalani_Sitake/2020_brigham-young_roster.csv,Isaac Rex,FR,TE,"37 Rec, 429 Yds, 11.6 Avg",2020,Brigham Young,Kalani Sitake
https://raw.githubusercontent.com/RKRoberts97/byu_football_tree/refs/heads/main/College/Coaches/College%20Head%20Coaches/Kalani_Sitake/2020_brigham-young_roster.csv,Carter Wheat,FR,TE,"4 Rec, 74 Yds, 18.5 Avg",2020,Brigham Young,Kalani Sitake
https://raw.githubusercontent.com/RKRoberts97/byu_football_tree/refs/heads/main/College/Coaches/College%20Head%20Coaches/Kalani_Sitake/2020_brigham-young_roster.csv,Kyle Griffitts,SR,TE,"1 Rec, 29 Yds, 29.0 Avg",2020,Brigham Young,Kalani Sitake
https://raw.githubusercontent.com/RKRoberts97/byu_football_tree/refs/heads/main/College/Coaches/College%20Head%20Coaches/Kalani_Sitake/2020_brigham-young_roster.csv,Hank Tuipulotu,SO,TE,"1 Rec, 20 Yds, 20.0 Avg",2020,Brigham Young,Kalani Sitake
https://raw.githubusercontent.com/RKRoberts97/byu_football_tree/refs/heads/main/College/Coaches/College%20Head%20Coaches/Kalani_Sitake/2020_brigham-young_roster.csv,Matt Bushman,SR,TE,,2020,Brigham Young,Kalani Sitake
https://raw.githubusercontent.com/RKRoberts97/byu_football_tree/refs/heads/main/College/Coaches/College%20Head%20Coaches/Kalani_Sitake/2020_brigham-young_roster.csv,Bentley Hanshaw,FR,TE,,2020,Brigham Young,Kalani Sitake
https://raw.githubusercontent.com/RKRoberts97/byu_football_tree/refs/heads/main/College/Coaches/College%20Head%20Coaches/Kalani_Sitake/2020_brigham-young_roster.csv,Nate Heaps,JR,TE,,2020,Brigham Young,Kalani Sitake
https://raw.githubusercontent.com/RKRoberts97/byu_football_tree/refs/heads/main/College/Coaches/College%20Head%20Coaches/Kalani_Sitake/2020_brigham-young_roster.csv,Lane Lunt,JR,TE,,2020,Brigham Young,Kalani Sitake
https://raw.githubusercontent.com/RKRoberts97/byu_football_tree/refs/heads/main/College/Coaches/College%20Head%20Coaches/Kalani_Sitake/2020_brigham-young_roster.csv,Ben Tuipulotu,FR,TE,,2020,Brigham Young,Kalani Sitake
https://raw.githubusercontent.com/RKRoberts97/byu_football_tree/refs/heads/main/College/Coaches/College%20Head%20Coaches/Kalani_Sitake/2020_brigham-young_roster.csv,Blake Freeland,SO,OL,,2020,Brigham Young,Kalani Sitake
https://raw.githubusercontent.com/RKRoberts97/byu_football_tree/refs/heads/main/College/Coaches/College%20Head%20Coaches/Kalani_Sitake/2020_brigham-young_roster.csv,Ethan Atagi,SO,OL,,2020,Brigham Young,Kalani Sitake
https://raw.githubusercontent.com/RKRoberts97/byu_football_tree/refs/heads/main/College/Coaches/College%20Head%20Coaches/Kalani_Sitake/2020_brigham-young_roster.csv,Clark Barrington,SO,OL,,2020,Brigham Young,Kalani Sitake
https://raw.githubusercontent.com/RKRoberts97/byu_football_tree/refs/heads/main/College/Coaches/College%20Head%20Coaches/Kalani_Sitake/2020_brigham-young_roster.csv,Jori Benson,FR,OL,,2020,Brigham Young,Kalani Sitake
https://raw.githubusercontent.com/RKRoberts97/byu_football_tree/refs/heads/main/College/Coaches/College%20Head%20Coaches/Kalani_Sitake/2020_brigham-young_roster.csv,Chandler Bird,FR,OL,,2020,Brigham Young,Kalani Sitake
https://raw.githubusercontent.com/RKRoberts97/byu_football_tree/refs/heads/main/College/Coaches/College%20Head%20Coaches/Kalani_Sitake/2020_brigham-young_roster.csv,Brady Christensen,JR,OL,,2020,Brigham Young,Kalani Sitake
https://raw.githubusercontent.com/RKRoberts97/byu_football_tree/refs/heads/main/College/Coaches/College%20Head%20Coaches/Kalani_Sitake/2020_brigham-young_roster.csv,James Empey,JR,OL,,2020,Brigham Young,Kalani Sitake
https://raw.githubusercontent.com/RKRoberts97/byu_football_tree/refs/heads/main/College/Coaches/College%20Head%20Coaches/Kalani_Sitake/2020_brigham-young_roster.csv,Chandon Herring,SR,OL,,2020,Brigham Young,Kalani Sitake
https://raw.githubusercontent.com/RKRoberts97/byu_football_tree/refs/heads/main/College/Coaches/College%20Head%20Coaches/Kalani_Sitake/2020_brigham-young_roster.csv,Tristen Hoge,SR,OL,,2020,Brigham Young,Kalani Sitake
https://raw.githubusercontent.com/RKRoberts97/byu_football_tree/refs/heads/main/College/Coaches/College%20Head%20Coaches/Kalani_Sitake/2020_brigham-young_roster.csv,Brayden Keim,FR,OL,,2020,Brigham Young,Kalani Sitake
https://raw.githubusercontent.com/RKRoberts97/byu_football_tree/refs/heads/main/College/Coaches/College%20Head%20Coaches/Kalani_Sitake/2020_brigham-young_roster.csv,Harris LaChance,SO,OL,,2020,Brigham Young,Kalani Sitake
https://raw.githubusercontent.com/RKRoberts97/byu_football_tree/refs/heads/main/College/Coaches/College%20Head%20Coaches/Kalani_Sitake/2020_brigham-young_roster.csv,Kieffer Longson,SR,OL,,2020,Brigham Young,Kalani Sitake
https://raw.githubusercontent.com/RKRoberts97/byu_football_tree/refs/heads/main/College/Coaches/College%20Head%20Coaches/Kalani_Sitake/2020_brigham-young_roster.csv,Burke Parker,FR,OL,,2020,Brigham Young,Kalani Sitake
https://raw.githubusercontent.com/RKRoberts97/byu_football_tree/refs/heads/main/College/Coaches/College%20Head%20Coaches/Kalani_Sitake/2020_brigham-young_roster.csv,Connor Pay,FR,OL,,2020,Brigham Young,Kalani Sitake
https://raw.githubusercontent.com/RKRoberts97/byu_football_tree/refs/heads/main/College/Coaches/College%20Head%20Coaches/Kalani_Sitake/2020_brigham-young_roster.csv,Keanu Saleapaga,JR,OL,,2020,Brigham Young,Kalani Sitake
https://raw.githubusercontent.com/RKRoberts97/byu_football_tree/refs/heads/main/College/Coaches/College%20Head%20Coaches/Kalani_Sitake/2020_brigham-young_roster.csv,Joe Tukuafu,JR,OL,,2020,Brigham Young,Kalani Sitake
https://raw.githubusercontent.com/RKRoberts97/byu_football_tree/refs/heads/main/College/Coaches/College%20Head%20Coaches/Kalani_Sitake/2020_brigham-young_roster.csv,Elijah Unutoa,FR,OL,,2020,Brigham Young,Kalani Sitake
https://raw.githubusercontent.com/RKRoberts97/byu_football_tree/refs/heads/main/College/Coaches/College%20Head%20Coaches/Kalani_Sitake/2020_brigham-young_roster.csv,Mo Unutoa,JR,OL,,2020,Brigham Young,Kalani Sitake
https://raw.githubusercontent.com/RKRoberts97/byu_football_tree/refs/heads/main/College/Coaches/College%20Head%20Coaches/Kalani_Sitake/2020_brigham-young_roster.csv,Seth Willis,FR,OL,,2020,Brigham Young,Kalani Sitake
https://raw.githubusercontent.com/RKRoberts97/byu_football_tree/refs/heads/main/College/Coaches/College%20Head%20Coaches/Kalani_Sitake/2020_brigham-young_roster.csv,Jake Oldroyd,SO,K,,2020,Brigham Young,Kalani Sitake
https://raw.githubusercontent.com/RKRoberts97/byu_football_tree/refs/heads/main/College/Coaches/College%20Head%20Coaches/Kalani_Sitake/2020_brigham-young_roster.csv,Justen Smith,FR,K,,2020,Brigham Young,Kalani Sitake
https://raw.githubusercontent.com/RKRoberts97/byu_football_tree/refs/heads/main/College/Coaches/College%20Head%20Coaches/Kalani_Sitake/2020_brigham-young_roster.csv,Tyler Batty,FR,DL,,2020,Brigham Young,Kalani Sitake
https://raw.githubusercontent.com/RKRoberts97/byu_football_tree/refs/heads/main/College/Coaches/College%20Head%20Coaches/Kalani_Sitake/2020_brigham-young_roster.csv,Zac Dawe,SR,DL,,2020,Brigham Young,Kalani Sitake
https://raw.githubusercontent.com/RKRoberts97/byu_football_tree/refs/heads/main/College/Coaches/College%20Head%20Coaches/Kalani_Sitake/2020_brigham-young_roster.csv,Bracken El-Bakri,SR,DL,,2020,Brigham Young,Kalani Sitake
https://raw.githubusercontent.com/RKRoberts97/byu_football_tree/refs/heads/main/College/Coaches/College%20Head%20Coaches/Kalani_Sitake/2020_brigham-young_roster.csv,Lorenzo Fauatea,JR,DL,,2020,Brigham Young,Kalani Sitake
https://raw.githubusercontent.com/RKRoberts97/byu_football_tree/refs/heads/main/College/Coaches/College%20Head%20Coaches/Kalani_Sitake/2020_brigham-young_roster.csv,Seleti Fevaleaki,FR,DL,,2020,Brigham Young,Kalani Sitake
https://raw.githubusercontent.com/RKRoberts97/byu_football_tree/refs/heads/main/College/Coaches/College%20Head%20Coaches/Kalani_Sitake/2020_brigham-young_roster.csv,Caden Haws,FR,DL,,2020,Brigham Young,Kalani Sitake
https://raw.githubusercontent.com/RKRoberts97/byu_football_tree/refs/heads/main/College/Coaches/College%20Head%20Coaches/Kalani_Sitake/2020_brigham-young_roster.csv,Hirkley Latu,SO,DL,,2020,Brigham Young,Kalani Sitake
https://raw.githubusercontent.com/RKRoberts97/byu_football_tree/refs/heads/main/College/Coaches/College%20Head%20Coaches/Kalani_Sitake/2020_brigham-young_roster.csv,Uriah Leiataua,SR,DL,,2020,Brigham Young,Kalani Sitake
https://raw.githubusercontent.com/RKRoberts97/byu_football_tree/refs/heads/main/College/Coaches/College%20Head%20Coaches/Kalani_Sitake/2020_brigham-young_roster.csv,Gabe Summers,SO,DL,,2020,Brigham Young,Kalani Sitake
https://raw.githubusercontent.com/RKRoberts97/byu_football_tree/refs/heads/main/College/Coaches/College%20Head%20Coaches/Kalani_Sitake/2020_brigham-young_roster.csv,Alden Tofa,JR,DL,,2020,Brigham Young,Kalani Sitake
https://raw.githubusercontent.com/RKRoberts97/byu_football_tree/refs/heads/main/College/Coaches/College%20Head%20Coaches/Kalani_Sitake/2020_brigham-young_roster.csv,Khyiris Tonga,SR,DL,,2020,Brigham Young,Kalani Sitake
https://raw.githubusercontent.com/RKRoberts97/byu_football_tree/refs/heads/main/College/Coaches/College%20Head%20Coaches/Kalani_Sitake/2020_brigham-young_roster.csv,Jeddy Tuiloma,SR,DL,,2020,Brigham Young,Kalani Sitake
https://raw.githubusercontent.com/RKRoberts97/byu_football_tree/refs/heads/main/College/Coaches/College%20Head%20Coaches/Kalani_Sitake/2020_brigham-young_roster.csv,Earl Tuioti-Mariner,JR,DL,,2020,Brigham Young,Kalani Sitake
https://raw.githubusercontent.com/RKRoberts97/byu_football_tree/refs/heads/main/College/Coaches/College%20Head%20Coaches/Kalani_Sitake/2020_brigham-young_roster.csv,Tanner Baker,SO,DL,,2020,Brigham Young,Kalani Sitake
https://raw.githubusercontent.com/RKRoberts97/byu_football_tree/refs/heads/main/College/Coaches/College%20Head%20Coaches/Kalani_Sitake/2020_brigham-young_roster.csv,Garred Blanthorn,FR,DL,,2020,Brigham Young,Kalani Sitake
https://raw.githubusercontent.com/RKRoberts97/byu_football_tree/refs/heads/main/College/Coaches/College%20Head%20Coaches/Kalani_Sitake/2020_brigham-young_roster.csv,Austin Chambers,SR,DL,,2020,Brigham Young,Kalani Sitake
https://raw.githubusercontent.com/RKRoberts97/byu_football_tree/refs/heads/main/College/Coaches/College%20Head%20Coaches/Kalani_Sitake/2020_brigham-young_roster.csv,Solofa Funu,FR,DL,,2020,Brigham Young,Kalani Sitake
https://raw.githubusercontent.com/RKRoberts97/byu_football_tree/refs/heads/main/College/Coaches/College%20Head%20Coaches/Kalani_Sitake/2020_brigham-young_roster.csv,J.T. Gentry,SO,DL,,2020,Brigham Young,Kalani Sitake
https://raw.githubusercontent.com/RKRoberts97/byu_football_tree/refs/heads/main/College/Coaches/College%20Head%20Coaches/Kalani_Sitake/2020_brigham-young_roster.csv,Fisher Jackson,FR,DL,,2020,Brigham Young,Kalani Sitake
https://raw.githubusercontent.com/RKRoberts97/byu_football_tree/refs/heads/main/College/Coaches/College%20Head%20Coaches/Kalani_Sitake/2020_brigham-young_roster.csv,Freddy Livai,FR,DL,,2020,Brigham Young,Kalani Sitake
https://raw.githubusercontent.com/RKRoberts97/byu_football_tree/refs/heads/main/College/Coaches/College%20Head%20Coaches/Kalani_Sitake/2020_brigham-young_roster.csv,Atunaisa Mahe,SO,DL,,2020,Brigham Young,Kalani Sitake
https://raw.githubusercontent.com/RKRoberts97/byu_football_tree/refs/heads/main/College/Coaches/College%20Head%20Coaches/Kalani_Sitake/2020_brigham-young_roster.csv,Darius McFarland,SO,DL,,2020,Brigham Young,Kalani Sitake
https://raw.githubusercontent.com/RKRoberts97/byu_football_tree/refs/heads/main/College/Coaches/College%20Head%20Coaches/Kalani_Sitake/2020_brigham-young_roster.csv,Alex Muti,FR,DL,,2020,Brigham Young,Kalani Sitake
https://raw.githubusercontent.com/RKRoberts97/byu_football_tree/refs/heads/main/College/Coaches/College%20Head%20Coaches/Kalani_Sitake/2020_brigham-young_roster.csv,Alema Pilimai,SO,DL,,2020,Brigham Young,Kalani Sitake
https://raw.githubusercontent.com/RKRoberts97/byu_football_tree/refs/heads/main/College/Coaches/College%20Head%20Coaches/Kalani_Sitake/2020_brigham-young_roster.csv,Andrew Slack,FR,DL,,2020,Brigham Young,Kalani Sitake
https://raw.githubusercontent.com/RKRoberts97/byu_football_tree/refs/heads/main/College/Coaches/College%20Head%20Coaches/Kalani_Sitake/2020_brigham-young_roster.csv,Kavika Fonua,SR,LB,,2020,Brigham Young,Kalani Sitake
https://raw.githubusercontent.com/RKRoberts97/byu_football_tree/refs/heads/main/College/Coaches/College%20Head%20Coaches/Kalani_Sitake/2020_brigham-young_roster.csv,Chaz Ah You,JR,LB,,2020,Brigham Young,Kalani Sitake
https://raw.githubusercontent.com/RKRoberts97/byu_football_tree/refs/heads/main/College/Coaches/College%20Head%20Coaches/Kalani_Sitake/2020_brigham-young_roster.csv,Zayne Anderson,SR,LB,,2020,Brigham Young,Kalani Sitake
https://raw.githubusercontent.com/RKRoberts97/byu_football_tree/refs/heads/main/College/Coaches/College%20Head%20Coaches/Kalani_Sitake/2020_brigham-young_roster.csv,Ben Bywater,FR,LB,,2020,Brigham Young,Kalani Sitake
https://raw.githubusercontent.com/RKRoberts97/byu_football_tree/refs/heads/main/College/Coaches/College%20Head%20Coaches/Kalani_Sitake/2020_brigham-young_roster.csv,Matthew Criddle,JR,LB,,2020,Brigham Young,Kalani Sitake
https://raw.githubusercontent.com/RKRoberts97/byu_football_tree/refs/heads/main/College/Coaches/College%20Head%20Coaches/Kalani_Sitake/2020_brigham-young_roster.csv,Drew Jensen,SO,LB,,2020,Brigham Young,Kalani Sitake
https://raw.githubusercontent.com/RKRoberts97/byu_football_tree/refs/heads/main/College/Coaches/College%20Head%20Coaches/Kalani_Sitake/2020_brigham-young_roster.csv,Isaiah Kaufusi,SR,LB,,2020,Brigham Young,Kalani Sitake
https://raw.githubusercontent.com/RKRoberts97/byu_football_tree/refs/heads/main/College/Coaches/College%20Head%20Coaches/Kalani_Sitake/2020_brigham-young_roster.csv,Jackson Kaufusi,SO,LB,,2020,Brigham Young,Kalani Sitake
https://raw.githubusercontent.com/RKRoberts97/byu_football_tree/refs/heads/main/College/Coaches/College%20Head%20Coaches/Kalani_Sitake/2020_brigham-young_roster.csv,Keenan Pili,SO,LB,,2020,Brigham Young,Kalani Sitake
https://raw.githubusercontent.com/RKRoberts97/byu_football_tree/refs/heads/main/College/Coaches/College%20Head%20Coaches/Kalani_Sitake/2020_brigham-young_roster.csv,Pepe Tanuvasa,JR,LB,,2020,Brigham Young,Kalani Sitake
https://raw.githubusercontent.com/RKRoberts97/byu_football_tree/refs/heads/main/College/Coaches/College%20Head%20Coaches/Kalani_Sitake/2020_brigham-young_roster.csv,Max Tooley,SO,LB,,2020,Brigham Young,Kalani Sitake
https://raw.githubusercontent.com/RKRoberts97/byu_football_tree/refs/heads/main/College/Coaches/College%20Head%20Coaches/Kalani_Sitake/2020_brigham-young_roster.csv,Payton Wilgar,SO,LB,,2020,Brigham Young,Kalani Sitake
https://raw.githubusercontent.com/RKRoberts97/byu_football_tree/refs/heads/main/College/Coaches/College%20Head%20Coaches/Kalani_Sitake/2020_brigham-young_roster.csv,Josh Wilson,FR,LB,,2020,Brigham Young,Kalani Sitake
https://raw.githubusercontent.com/RKRoberts97/byu_football_tree/refs/heads/main/College/Coaches/College%20Head%20Coaches/Kalani_Sitake/2020_brigham-young_roster.csv,Truman Andrus,FR,LB,,2020,Brigham Young,Kalani Sitake
https://raw.githubusercontent.com/RKRoberts97/byu_football_tree/refs/heads/main/College/Coaches/College%20Head%20Coaches/Kalani_Sitake/2020_brigham-young_roster.csv,Malakai Fakahua,FR,LB,,2020,Brigham Young,Kalani Sitake
https://raw.githubusercontent.com/RKRoberts97/byu_football_tree/refs/heads/main/College/Coaches/College%20Head%20Coaches/Kalani_Sitake/2020_brigham-young_roster.csv,Chase Hughes,SO,LB,,2020,Brigham Young,Kalani Sitake
https://raw.githubusercontent.com/RKRoberts97/byu_football_tree/refs/heads/main/College/Coaches/College%20Head%20Coaches/Kalani_Sitake/2020_brigham-young_roster.csv,Sam Lee,SR,LB,,2020,Brigham Young,Kalani Sitake
https://raw.githubusercontent.com/RKRoberts97/byu_football_tree/refs/heads/main/College/Coaches/College%20Head%20Coaches/Kalani_Sitake/2020_brigham-young_roster.csv,Preston Lewis,FR,LB,,2020,Brigham Young,Kalani Sitake
https://raw.githubusercontent.com/RKRoberts97/byu_football_tree/refs/heads/main/College/Coaches/College%20Head%20Coaches/Kalani_Sitake/2020_brigham-young_roster.csv,Alex Miskela,FR,LB,,2020,Brigham Young,Kalani Sitake
https://raw.githubusercontent.com/RKRoberts97/byu_football_tree/refs/heads/main/College/Coaches/College%20Head%20Coaches/Kalani_Sitake/2020_brigham-young_roster.csv,Kade Pupunu,FR,LB,,2020,Brigham Young,Kalani Sitake
https://raw.githubusercontent.com/RKRoberts97/byu_football_tree/refs/heads/main/College/Coaches/College%20Head%20Coaches/Kalani_Sitake/2020_brigham-young_roster.csv,Caleb Christensen,FR,DB,,2020,Brigham Young,Kalani Sitake
https://raw.githubusercontent.com/RKRoberts97/byu_football_tree/refs/heads/main/College/Coaches/College%20Head%20Coaches/Kalani_Sitake/2020_brigham-young_roster.csv,Keenan Ellis,JR,DB,,2020,Brigham Young,Kalani Sitake
https://raw.githubusercontent.com/RKRoberts97/byu_football_tree/refs/heads/main/College/Coaches/College%20Head%20Coaches/Kalani_Sitake/2020_brigham-young_roster.csv,Tevita Gagnier,FR,DB,,2020,Brigham Young,Kalani Sitake
https://raw.githubusercontent.com/RKRoberts97/byu_football_tree/refs/heads/main/College/Coaches/College%20Head%20Coaches/Kalani_Sitake/2020_brigham-young_roster.csv,Micah Harper,FR,DB,,2020,Brigham Young,Kalani Sitake
https://raw.githubusercontent.com/RKRoberts97/byu_football_tree/refs/heads/main/College/Coaches/College%20Head%20Coaches/Kalani_Sitake/2020_brigham-young_roster.csv,Isaiah Herron,SO,DB,,2020,Brigham Young,Kalani Sitake
https://raw.githubusercontent.com/RKRoberts97/byu_football_tree/refs/heads/main/College/Coaches/College%20Head%20Coaches/Kalani_Sitake/2020_brigham-young_roster.csv,Jared Kapisi,SR,DB,,2020,Brigham Young,Kalani Sitake
https://raw.githubusercontent.com/RKRoberts97/byu_football_tree/refs/heads/main/College/Coaches/College%20Head%20Coaches/Kalani_Sitake/2020_brigham-young_roster.csv,Hayden Livingston,SO,DB,,2020,Brigham Young,Kalani Sitake
https://raw.githubusercontent.com/RKRoberts97/byu_football_tree/refs/heads/main/College/Coaches/College%20Head%20Coaches/Kalani_Sitake/2020_brigham-young_roster.csv,D'Angelo Mandell,JR,DB,,2020,Brigham Young,Kalani Sitake
https://raw.githubusercontent.com/RKRoberts97/byu_football_tree/refs/heads/main/College/Coaches/College%20Head%20Coaches/Kalani_Sitake/2020_brigham-young_roster.csv,Jason Money,JR,DB,,2020,Brigham Young,Kalani Sitake
https://raw.githubusercontent.com/RKRoberts97/byu_football_tree/refs/heads/main/College/Coaches/College%20Head%20Coaches/Kalani_Sitake/2020_brigham-young_roster.csv,Malik Moore,JR,DB,,2020,Brigham Young,Kalani Sitake
https://raw.githubusercontent.com/RKRoberts97/byu_football_tree/refs/heads/main/College/Coaches/College%20Head%20Coaches/Kalani_Sitake/2020_brigham-young_roster.csv,Morgan Pyper,SO,DB,,2020,Brigham Young,Kalani Sitake
https://raw.githubusercontent.com/RKRoberts97/byu_football_tree/refs/heads/main/College/Coaches/College%20Head%20Coaches/Kalani_Sitake/2020_brigham-young_roster.csv,George Udo,SO,DB,,2020,Brigham Young,Kalani Sitake
https://raw.githubusercontent.com/RKRoberts97/byu_football_tree/refs/heads/main/College/Coaches/College%20Head%20Coaches/Kalani_Sitake/2020_brigham-young_roster.csv,Troy Warner,SR,DB,,2020,Brigham Young,Kalani Sitake
https://raw.githubusercontent.com/RKRoberts97/byu_football_tree/refs/heads/main/College/Coaches/College%20Head%20Coaches/Kalani_Sitake/2020_brigham-young_roster.csv,Chris Wilcox,SR,DB,,2020,Brigham Young,Kalani Sitake
https://raw.githubusercontent.com/RKRoberts97/byu_football_tree/refs/heads/main/College/Coaches/College%20Head%20Coaches/Kalani_Sitake/2020_brigham-young_roster.csv,Shamon Willis,JR,DB,,2020,Brigham Young,Kalani Sitake
https://raw.githubusercontent.com/RKRoberts97/byu_football_tree/refs/heads/main/College/Coaches/College%20Head%20Coaches/Kalani_Sitake/2020_brigham-young_roster.csv,Wes Wright,SO,DB,,2020,Brigham Young,Kalani Sitake
https://raw.githubusercontent.com/RKRoberts97/byu_football_tree/refs/heads/main/College/Coaches/College%20Head%20Coaches/Kalani_Sitake/2020_brigham-young_roster.csv,Samuel Allred,SR,DB,,2020,Brigham Young,Kalani Sitake
https://raw.githubusercontent.com/RKRoberts97/byu_football_tree/refs/heads/main/College/Coaches/College%20Head%20Coaches/Kalani_Sitake/2020_brigham-young_roster.csv,Jonathan Baird,FR,DB,,2020,Brigham Young,Kalani Sitake
https://raw.githubusercontent.com/RKRoberts97/byu_football_tree/refs/heads/main/College/Coaches/College%20Head%20Coaches/Kalani_Sitake/2020_brigham-young_roster.csv,Chapman Beaird,SO,DB,,2020,Brigham Young,Kalani Sitake
https://raw.githubusercontent.com/RKRoberts97/byu_football_tree/refs/heads/main/College/Coaches/College%20Head%20Coaches/Kalani_Sitake/2020_brigham-young_roster.csv,Dimitri Gallow,SR,DB,,2020,Brigham Young,Kalani Sitake
https://raw.githubusercontent.com/RKRoberts97/byu_football_tree/refs/heads/main/College/Coaches/College%20Head%20Coaches/Kalani_Sitake/2020_brigham-young_roster.csv,Ammon Hannemann,FR,DB,,2020,Brigham Young,Kalani Sitake
https://raw.githubusercontent.com/RKRoberts97/byu_football_tree/refs/heads/main/College/Coaches/College%20Head%20Coaches/Kalani_Sitake/2020_brigham-young_roster.csv,Mitchell Price,JR,DB,,2020,Brigham Young,Kalani Sitake
https://raw.githubusercontent.com/RKRoberts97/byu_football_tree/refs/heads/main/College/Coaches/College%20Head%20Coaches/Kalani_Sitake/2020_brigham-young_roster.csv,Ethan Slade,FR,DB,,2020,Brigham Young,Kalani Sitake
https://raw.githubusercontent.com/RKRoberts97/byu_football_tree/refs/heads/main/College/Coaches/College%20Head%20Coaches/Kalani_Sitake/2020_brigham-young_roster.csv,Petey Tuipulotu,FR,DB,,2020,Brigham Young,Kalani Sitake
https://raw.githubusercontent.com/RKRoberts97/byu_football_tree/refs/heads/main/College/Coaches/College%20Head%20Coaches/Kalani_Sitake/2020_brigham-young_roster.csv,Will Watanabe,SO,DB,,2020,Brigham Young,Kalani Sitake
https://raw.githubusercontent.com/RKRoberts97/byu_football_tree/refs/heads/main/College/Coaches/College%20Head%20Coaches/Kalani_Sitake/2020_brigham-young_roster.csv,Jaques Wilson,JR,DB,,2020,Brigham Young,Kalani Sitake
https://raw.githubusercontent.com/RKRoberts97/byu_football_tree/refs/heads/main/College/Coaches/College%20Head%20Coaches/Kalani_Sitake/2020_brigham-young_roster.csv,Ryan Rehkow,FR,P,,2020,Brigham Young,Kalani Sitake
https://raw.githubusercontent.com/RKRoberts97/byu_football_tree/refs/heads/main/College/Coaches/College%20Head%20Coaches/Kalani_Sitake/2020_brigham-young_roster.csv,Britton Hogan,SO,LS,,2020,Brigham Young,Kalani Sitake
https://raw.githubusercontent.com/RKRoberts97/byu_football_tree/refs/heads/main/College/Coaches/College%20Head%20Coaches/Kalani_Sitake/2020_brigham-young_roster.csv,Austin Riggs,FR,LS,,2020,Brigham Young,Kalani Sitake
https://raw.githubusercontent.com/RKRoberts97/byu_football_tree/refs/heads/main/College/Coaches/College%20Head%20Coaches/Kalani_Sitake/2020_brigham-young_roster.csv,Jacob Palu,FR,DT,,2020,Brigham Young,Kalani Sitake
https://raw.githubusercontent.com/RKRoberts97/byu_football_tree/refs/heads/main/College/Coaches/College%20Head%20Coaches/Kalani_Sitake/2021_brigham-young_roster.csv,Jaren Hall,SO,QB,"189 Cmp, 296 Att, 2583 Yds, 20 TD",2021,Brigham Young,Kalani Sitake
https://raw.githubusercontent.com/RKRoberts97/byu_football_tree/refs/heads/main/College/Coaches/College%20Head%20Coaches/Kalani_Sitake/2021_brigham-young_roster.csv,Baylor Romney,SO,QB,"56 Cmp, 80 Att, 779 Yds, 6 TD",2021,Brigham Young,Kalani Sitake
https://raw.githubusercontent.com/RKRoberts97/byu_football_tree/refs/heads/main/College/Coaches/College%20Head%20Coaches/Kalani_Sitake/2021_brigham-young_roster.csv,Jacob Conover,FR,QB,"5 Cmp, 10 Att, 45 Yds, 0 TD",2021,Brigham Young,Kalani Sitake
https://raw.githubusercontent.com/RKRoberts97/byu_football_tree/refs/heads/main/College/Coaches/College%20Head%20Coaches/Kalani_Sitake/2021_brigham-young_roster.csv,Nick Billoups,FR,QB,,2021,Brigham Young,Kalani Sitake
https://raw.githubusercontent.com/RKRoberts97/byu_football_tree/refs/heads/main/College/Coaches/College%20Head%20Coaches/Kalani_Sitake/2021_brigham-young_roster.csv,Cade Fennegan,FR,QB,,2021,Brigham Young,Kalani Sitake
https://raw.githubusercontent.com/RKRoberts97/byu_football_tree/refs/heads/main/College/Coaches/College%20Head%20Coaches/Kalani_Sitake/2021_brigham-young_roster.csv,Jake Jensen,FR,QB,,2021,Brigham Young,Kalani Sitake
https://raw.githubusercontent.com/RKRoberts97/byu_football_tree/refs/heads/main/College/Coaches/College%20Head%20Coaches/Kalani_Sitake/2021_brigham-young_roster.csv,Sol-Jay Maiava-Peters,FR,QB,,2021,Brigham Young,Kalani Sitake
https://raw.githubusercontent.com/RKRoberts97/byu_football_tree/refs/heads/main/College/Coaches/College%20Head%20Coaches/Kalani_Sitake/2021_brigham-young_roster.csv,Rhett Reilly,SO,QB,,2021,Brigham Young,Kalani Sitake
https://raw.githubusercontent.com/RKRoberts97/byu_football_tree/refs/heads/main/College/Coaches/College%20Head%20Coaches/Kalani_Sitake/2021_brigham-young_roster.csv,Tyler Allgeier,SO,RB,"276 Att, 1601 Yds, 5.8 Avg",2021,Brigham Young,Kalani Sitake
https://raw.githubusercontent.com/RKRoberts97/byu_football_tree/refs/heads/main/College/Coaches/College%20Head%20Coaches/Kalani_Sitake/2021_brigham-young_roster.csv,Lopini Katoa,JR,RB,"61 Att, 242 Yds, 4.0 Avg",2021,Brigham Young,Kalani Sitake
https://raw.githubusercontent.com/RKRoberts97/byu_football_tree/refs/heads/main/College/Coaches/College%20Head%20Coaches/Kalani_Sitake/2021_brigham-young_roster.csv,Jackson McChesney,FR,RB,"14 Att, 64 Yds, 4.6 Avg",2021,Brigham Young,Kalani Sitake
https://raw.githubusercontent.com/RKRoberts97/byu_football_tree/refs/heads/main/College/Coaches/College%20Head%20Coaches/Kalani_Sitake/2021_brigham-young_roster.csv,Hinckley Ropati,SO,RB,"4 Att, 15 Yds, 3.8 Avg",2021,Brigham Young,Kalani Sitake
https://raw.githubusercontent.com/RKRoberts97/byu_football_tree/refs/heads/main/College/Coaches/College%20Head%20Coaches/Kalani_Sitake/2021_brigham-young_roster.csv,Miles Davis,FR,RB,"1 Att, -7 Yds, -7.0 Avg",2021,Brigham Young,Kalani Sitake
https://raw.githubusercontent.com/RKRoberts97/byu_football_tree/refs/heads/main/College/Coaches/College%20Head%20Coaches/Kalani_Sitake/2021_brigham-young_roster.csv,Beau Robinson,FR,RB,,2021,Brigham Young,Kalani Sitake
https://raw.githubusercontent.com/RKRoberts97/byu_football_tree/refs/heads/main/College/Coaches/College%20Head%20Coaches/Kalani_Sitake/2021_brigham-young_roster.csv,Luc Andrada,FR,RB,,2021,Brigham Young,Kalani Sitake
https://raw.githubusercontent.com/RKRoberts97/byu_football_tree/refs/heads/main/College/Coaches/College%20Head%20Coaches/Kalani_Sitake/2021_brigham-young_roster.csv,Mason Fakahua,FR,RB,,2021,Brigham Young,Kalani Sitake
https://raw.githubusercontent.com/RKRoberts97/byu_football_tree/refs/heads/main/College/Coaches/College%20Head%20Coaches/Kalani_Sitake/2021_brigham-young_roster.csv,Sione Finau,SO,RB,,2021,Brigham Young,Kalani Sitake
https://raw.githubusercontent.com/RKRoberts97/byu_football_tree/refs/heads/main/College/Coaches/College%20Head%20Coaches/Kalani_Sitake/2021_brigham-young_roster.csv,Faka'osi Nasilai,FR,RB,,2021,Brigham Young,Kalani Sitake
https://raw.githubusercontent.com/RKRoberts97/byu_football_tree/refs/heads/main/College/Coaches/College%20Head%20Coaches/Kalani_Sitake/2021_brigham-young_roster.csv,Neil Pau'u,JR,WR,"46 Rec, 526 Yds, 11.4 Avg",2021,Brigham Young,Kalani Sitake
https://raw.githubusercontent.com/RKRoberts97/byu_football_tree/refs/heads/main/College/Coaches/College%20Head%20Coaches/Kalani_Sitake/2021_brigham-young_roster.csv,Puka Nacua,,WR,"43 Rec, 805 Yds, 18.7 Avg",2021,Brigham Young,Kalani Sitake
https://raw.githubusercontent.com/RKRoberts97/byu_football_tree/refs/heads/main/College/Coaches/College%20Head%20Coaches/Kalani_Sitake/2021_brigham-young_roster.csv,Samson Nacua,SR,WR,"21 Rec, 329 Yds, 15.7 Avg",2021,Brigham Young,Kalani Sitake
https://raw.githubusercontent.com/RKRoberts97/byu_football_tree/refs/heads/main/College/Coaches/College%20Head%20Coaches/Kalani_Sitake/2021_brigham-young_roster.csv,Chris Jackson,JR,WR,"4 Rec, 39 Yds, 9.8 Avg",2021,Brigham Young,Kalani Sitake
https://raw.githubusercontent.com/RKRoberts97/byu_football_tree/refs/heads/main/College/Coaches/College%20Head%20Coaches/Kalani_Sitake/2021_brigham-young_roster.csv,Gunner Romney,JR,WR,"34 Rec, 594 Yds, 17.5 Avg",2021,Brigham Young,Kalani Sitake
https://raw.githubusercontent.com/RKRoberts97/byu_football_tree/refs/heads/main/College/Coaches/College%20Head%20Coaches/Kalani_Sitake/2021_brigham-young_roster.csv,Keanu Hill,FR,WR,"18 Rec, 343 Yds, 19.1 Avg",2021,Brigham Young,Kalani Sitake
https://raw.githubusercontent.com/RKRoberts97/byu_football_tree/refs/heads/main/College/Coaches/College%20Head%20Coaches/Kalani_Sitake/2021_brigham-young_roster.csv,Talmage Gunther,FR,WR,,2021,Brigham Young,Kalani Sitake
https://raw.githubusercontent.com/RKRoberts97/byu_football_tree/refs/heads/main/College/Coaches/College%20Head%20Coaches/Kalani_Sitake/2021_brigham-young_roster.csv,Hobbs Nyberg,FR,WR,,2021,Brigham Young,Kalani Sitake
https://raw.githubusercontent.com/RKRoberts97/byu_football_tree/refs/heads/main/College/Coaches/College%20Head%20Coaches/Kalani_Sitake/2021_brigham-young_roster.csv,Maguire Anderson,FR,WR,,2021,Brigham Young,Kalani Sitake
https://raw.githubusercontent.com/RKRoberts97/byu_football_tree/refs/heads/main/College/Coaches/College%20Head%20Coaches/Kalani_Sitake/2021_brigham-young_roster.csv,Brayden Cosper,SO,WR,,2021,Brigham Young,Kalani Sitake
https://raw.githubusercontent.com/RKRoberts97/byu_football_tree/refs/heads/main/College/Coaches/College%20Head%20Coaches/Kalani_Sitake/2021_brigham-young_roster.csv,Kody Epps,FR,WR,,2021,Brigham Young,Kalani Sitake
https://raw.githubusercontent.com/RKRoberts97/byu_football_tree/refs/heads/main/College/Coaches/College%20Head%20Coaches/Kalani_Sitake/2021_brigham-young_roster.csv,Terence Fall,FR,WR,,2021,Brigham Young,Kalani Sitake
https://raw.githubusercontent.com/RKRoberts97/byu_football_tree/refs/heads/main/College/Coaches/College%20Head%20Coaches/Kalani_Sitake/2021_brigham-young_roster.csv,Tevita Ika,SO,WR,,2021,Brigham Young,Kalani Sitake
https://raw.githubusercontent.com/RKRoberts97/byu_football_tree/refs/heads/main/College/Coaches/College%20Head%20Coaches/Kalani_Sitake/2021_brigham-young_roster.csv,Kade Moore,FR,WR,,2021,Brigham Young,Kalani Sitake
https://raw.githubusercontent.com/RKRoberts97/byu_football_tree/refs/heads/main/College/Coaches/College%20Head%20Coaches/Kalani_Sitake/2021_brigham-young_roster.csv,Chase Roberts,FR,WR,,2021,Brigham Young,Kalani Sitake
https://raw.githubusercontent.com/RKRoberts97/byu_football_tree/refs/heads/main/College/Coaches/College%20Head%20Coaches/Kalani_Sitake/2021_brigham-young_roster.csv,Tanner Wall,FR,WR,,2021,Brigham Young,Kalani Sitake
https://raw.githubusercontent.com/RKRoberts97/byu_football_tree/refs/heads/main/College/Coaches/College%20Head%20Coaches/Kalani_Sitake/2021_brigham-young_roster.csv,Masen Wake,SO,TE,"14 Rec, 148 Yds, 10.6 Avg",2021,Brigham Young,Kalani Sitake
https://raw.githubusercontent.com/RKRoberts97/byu_football_tree/refs/heads/main/College/Coaches/College%20Head%20Coaches/Kalani_Sitake/2021_brigham-young_roster.csv,Dallin Holker,SO,TE,"14 Rec, 200 Yds, 14.3 Avg",2021,Brigham Young,Kalani Sitake
https://raw.githubusercontent.com/RKRoberts97/byu_football_tree/refs/heads/main/College/Coaches/College%20Head%20Coaches/Kalani_Sitake/2021_brigham-young_roster.csv,Isaac Rex,FR,TE,"18 Rec, 191 Yds, 10.6 Avg",2021,Brigham Young,Kalani Sitake
https://raw.githubusercontent.com/RKRoberts97/byu_football_tree/refs/heads/main/College/Coaches/College%20Head%20Coaches/Kalani_Sitake/2021_brigham-young_roster.csv,Carter Wheat,SO,TE,"1 Rec, 5 Yds, 5.0 Avg",2021,Brigham Young,Kalani Sitake
https://raw.githubusercontent.com/RKRoberts97/byu_football_tree/refs/heads/main/College/Coaches/College%20Head%20Coaches/Kalani_Sitake/2021_brigham-young_roster.csv,Lokana Enos,FR,TE,,2021,Brigham Young,Kalani Sitake
https://raw.githubusercontent.com/RKRoberts97/byu_football_tree/refs/heads/main/College/Coaches/College%20Head%20Coaches/Kalani_Sitake/2021_brigham-young_roster.csv,Ethan Erickson,FR,TE,,2021,Brigham Young,Kalani Sitake
https://raw.githubusercontent.com/RKRoberts97/byu_football_tree/refs/heads/main/College/Coaches/College%20Head%20Coaches/Kalani_Sitake/2021_brigham-young_roster.csv,Bentley Hanshaw,FR,TE,,2021,Brigham Young,Kalani Sitake
https://raw.githubusercontent.com/RKRoberts97/byu_football_tree/refs/heads/main/College/Coaches/College%20Head%20Coaches/Kalani_Sitake/2021_brigham-young_roster.csv,Lane Lunt,JR,TE,,2021,Brigham Young,Kalani Sitake
https://raw.githubusercontent.com/RKRoberts97/byu_football_tree/refs/heads/main/College/Coaches/College%20Head%20Coaches/Kalani_Sitake/2021_brigham-young_roster.csv,Ben Tuipulotu,FR,TE,,2021,Brigham Young,Kalani Sitake
https://raw.githubusercontent.com/RKRoberts97/byu_football_tree/refs/heads/main/College/Coaches/College%20Head%20Coaches/Kalani_Sitake/2021_brigham-young_roster.csv,Hank Tuipulotu,SO,TE,,2021,Brigham Young,Kalani Sitake
https://raw.githubusercontent.com/RKRoberts97/byu_football_tree/refs/heads/main/College/Coaches/College%20Head%20Coaches/Kalani_Sitake/2021_brigham-young_roster.csv,Ben Ward,FR,TE,,2021,Brigham Young,Kalani Sitake
https://raw.githubusercontent.com/RKRoberts97/byu_football_tree/refs/heads/main/College/Coaches/College%20Head%20Coaches/Kalani_Sitake/2021_brigham-young_roster.csv,Campbell Barrington,FR,OL,,2021,Brigham Young,Kalani Sitake
https://raw.githubusercontent.com/RKRoberts97/byu_football_tree/refs/heads/main/College/Coaches/College%20Head%20Coaches/Kalani_Sitake/2021_brigham-young_roster.csv,Clark Barrington,SO,OL,,2021,Brigham Young,Kalani Sitake
https://raw.githubusercontent.com/RKRoberts97/byu_football_tree/refs/heads/main/College/Coaches/College%20Head%20Coaches/Kalani_Sitake/2021_brigham-young_roster.csv,Chandler Bird,FR,OL,,2021,Brigham Young,Kalani Sitake
https://raw.githubusercontent.com/RKRoberts97/byu_football_tree/refs/heads/main/College/Coaches/College%20Head%20Coaches/Kalani_Sitake/2021_brigham-young_roster.csv,James Empey,JR,OL,,2021,Brigham Young,Kalani Sitake
https://raw.githubusercontent.com/RKRoberts97/byu_football_tree/refs/heads/main/College/Coaches/College%20Head%20Coaches/Kalani_Sitake/2021_brigham-young_roster.csv,Blake Freeland,SO,OL,,2021,Brigham Young,Kalani Sitake
https://raw.githubusercontent.com/RKRoberts97/byu_football_tree/refs/heads/main/College/Coaches/College%20Head%20Coaches/Kalani_Sitake/2021_brigham-young_roster.csv,J.T. Gentry,SO,OL,,2021,Brigham Young,Kalani Sitake
https://raw.githubusercontent.com/RKRoberts97/byu_football_tree/refs/heads/main/College/Coaches/College%20Head%20Coaches/Kalani_Sitake/2021_brigham-young_roster.csv,Brock Gunderson,FR,OL,,2021,Brigham Young,Kalani Sitake
https://raw.githubusercontent.com/RKRoberts97/byu_football_tree/refs/heads/main/College/Coaches/College%20Head%20Coaches/Kalani_Sitake/2021_brigham-young_roster.csv,Donovan Hanna,FR,OL,,2021,Brigham Young,Kalani Sitake
https://raw.githubusercontent.com/RKRoberts97/byu_football_tree/refs/heads/main/College/Coaches/College%20Head%20Coaches/Kalani_Sitake/2021_brigham-young_roster.csv,Hunter Hill,FR,OL,,2021,Brigham Young,Kalani Sitake
https://raw.githubusercontent.com/RKRoberts97/byu_football_tree/refs/heads/main/College/Coaches/College%20Head%20Coaches/Kalani_Sitake/2021_brigham-young_roster.csv,Mufi Hunt,SR,OL,,2021,Brigham Young,Kalani Sitake
https://raw.githubusercontent.com/RKRoberts97/byu_football_tree/refs/heads/main/College/Coaches/College%20Head%20Coaches/Kalani_Sitake/2021_brigham-young_roster.csv,Brayden Keim,SO,OL,,2021,Brigham Young,Kalani Sitake
https://raw.githubusercontent.com/RKRoberts97/byu_football_tree/refs/heads/main/College/Coaches/College%20Head%20Coaches/Kalani_Sitake/2021_brigham-young_roster.csv,Harris LaChance,SO,OL,,2021,Brigham Young,Kalani Sitake
https://raw.githubusercontent.com/RKRoberts97/byu_football_tree/refs/heads/main/College/Coaches/College%20Head%20Coaches/Kalani_Sitake/2021_brigham-young_roster.csv,Tysen Lewis,FR,OL,,2021,Brigham Young,Kalani Sitake
https://raw.githubusercontent.com/RKRoberts97/byu_football_tree/refs/heads/main/College/Coaches/College%20Head%20Coaches/Kalani_Sitake/2021_brigham-young_roster.csv,Tyler Little,FR,OL,,2021,Brigham Young,Kalani Sitake
https://raw.githubusercontent.com/RKRoberts97/byu_football_tree/refs/heads/main/College/Coaches/College%20Head%20Coaches/Kalani_Sitake/2021_brigham-young_roster.csv,Cooper McMullin,FR,OL,,2021,Brigham Young,Kalani Sitake
https://raw.githubusercontent.com/RKRoberts97/byu_football_tree/refs/heads/main/College/Coaches/College%20Head%20Coaches/Kalani_Sitake/2021_brigham-young_roster.csv,Burke Parker,FR,OL,,2021,Brigham Young,Kalani Sitake
https://raw.githubusercontent.com/RKRoberts97/byu_football_tree/refs/heads/main/College/Coaches/College%20Head%20Coaches/Kalani_Sitake/2021_brigham-young_roster.csv,Cade Parrish,FR,OL,,2021,Brigham Young,Kalani Sitake
https://raw.githubusercontent.com/RKRoberts97/byu_football_tree/refs/heads/main/College/Coaches/College%20Head%20Coaches/Kalani_Sitake/2021_brigham-young_roster.csv,Connor Pay,FR,OL,,2021,Brigham Young,Kalani Sitake
https://raw.githubusercontent.com/RKRoberts97/byu_football_tree/refs/heads/main/College/Coaches/College%20Head%20Coaches/Kalani_Sitake/2021_brigham-young_roster.csv,Dylan Rollins,FR,OL,,2021,Brigham Young,Kalani Sitake
https://raw.githubusercontent.com/RKRoberts97/byu_football_tree/refs/heads/main/College/Coaches/College%20Head%20Coaches/Kalani_Sitake/2021_brigham-young_roster.csv,Keanu Saleapaga,JR,OL,,2021,Brigham Young,Kalani Sitake
https://raw.githubusercontent.com/RKRoberts97/byu_football_tree/refs/heads/main/College/Coaches/College%20Head%20Coaches/Kalani_Sitake/2021_brigham-young_roster.csv,Joe Tukuafu,JR,OL,,2021,Brigham Young,Kalani Sitake
https://raw.githubusercontent.com/RKRoberts97/byu_football_tree/refs/heads/main/College/Coaches/College%20Head%20Coaches/Kalani_Sitake/2021_brigham-young_roster.csv,Mo Unutoa,JR,OL,,2021,Brigham Young,Kalani Sitake
https://raw.githubusercontent.com/RKRoberts97/byu_football_tree/refs/heads/main/College/Coaches/College%20Head%20Coaches/Kalani_Sitake/2021_brigham-young_roster.csv,Seth Willis,FR,OL,,2021,Brigham Young,Kalani Sitake
https://raw.githubusercontent.com/RKRoberts97/byu_football_tree/refs/heads/main/College/Coaches/College%20Head%20Coaches/Kalani_Sitake/2021_brigham-young_roster.csv,Jake Oldroyd,SO,K,,2021,Brigham Young,Kalani Sitake
https://raw.githubusercontent.com/RKRoberts97/byu_football_tree/refs/heads/main/College/Coaches/College%20Head%20Coaches/Kalani_Sitake/2021_brigham-young_roster.csv,Justen Smith,FR,K,,2021,Brigham Young,Kalani Sitake
https://raw.githubusercontent.com/RKRoberts97/byu_football_tree/refs/heads/main/College/Coaches/College%20Head%20Coaches/Kalani_Sitake/2021_brigham-young_roster.csv,Cash Peterman,FR,K,,2021,Brigham Young,Kalani Sitake
https://raw.githubusercontent.com/RKRoberts97/byu_football_tree/refs/heads/main/College/Coaches/College%20Head%20Coaches/Kalani_Sitake/2021_brigham-young_roster.csv,Tyler Batty,FR,DL,,2021,Brigham Young,Kalani Sitake
https://raw.githubusercontent.com/RKRoberts97/byu_football_tree/refs/heads/main/College/Coaches/College%20Head%20Coaches/Kalani_Sitake/2021_brigham-young_roster.csv,Lorenzo Fauatea,JR,DL,,2021,Brigham Young,Kalani Sitake
https://raw.githubusercontent.com/RKRoberts97/byu_football_tree/refs/heads/main/College/Coaches/College%20Head%20Coaches/Kalani_Sitake/2021_brigham-young_roster.csv,Hunter Greer,FR,DL,,2021,Brigham Young,Kalani Sitake
https://raw.githubusercontent.com/RKRoberts97/byu_football_tree/refs/heads/main/College/Coaches/College%20Head%20Coaches/Kalani_Sitake/2021_brigham-young_roster.csv,Caden Haws,SO,DL,,2021,Brigham Young,Kalani Sitake
https://raw.githubusercontent.com/RKRoberts97/byu_football_tree/refs/heads/main/College/Coaches/College%20Head%20Coaches/Kalani_Sitake/2021_brigham-young_roster.csv,Fisher Jackson,FR,DL,,2021,Brigham Young,Kalani Sitake
https://raw.githubusercontent.com/RKRoberts97/byu_football_tree/refs/heads/main/College/Coaches/College%20Head%20Coaches/Kalani_Sitake/2021_brigham-young_roster.csv,Josh Larsen,FR,DL,,2021,Brigham Young,Kalani Sitake
https://raw.githubusercontent.com/RKRoberts97/byu_football_tree/refs/heads/main/College/Coaches/College%20Head%20Coaches/Kalani_Sitake/2021_brigham-young_roster.csv,Uriah Leiataua,SR,DL,,2021,Brigham Young,Kalani Sitake
https://raw.githubusercontent.com/RKRoberts97/byu_football_tree/refs/heads/main/College/Coaches/College%20Head%20Coaches/Kalani_Sitake/2021_brigham-young_roster.csv,Atunaisa Mahe,SO,DL,,2021,Brigham Young,Kalani Sitake
https://raw.githubusercontent.com/RKRoberts97/byu_football_tree/refs/heads/main/College/Coaches/College%20Head%20Coaches/Kalani_Sitake/2021_brigham-young_roster.csv,Blake Mangelson,FR,DL,,2021,Brigham Young,Kalani Sitake
https://raw.githubusercontent.com/RKRoberts97/byu_football_tree/refs/heads/main/College/Coaches/College%20Head%20Coaches/Kalani_Sitake/2021_brigham-young_roster.csv,John Nelson,FR,DL,,2021,Brigham Young,Kalani Sitake
https://raw.githubusercontent.com/RKRoberts97/byu_football_tree/refs/heads/main/College/Coaches/College%20Head%20Coaches/Kalani_Sitake/2021_brigham-young_roster.csv,Alema Pilimai,SO,DL,,2021,Brigham Young,Kalani Sitake
https://raw.githubusercontent.com/RKRoberts97/byu_football_tree/refs/heads/main/College/Coaches/College%20Head%20Coaches/Kalani_Sitake/2021_brigham-young_roster.csv,Gabe Summers,SO,DL,,2021,Brigham Young,Kalani Sitake
https://raw.githubusercontent.com/RKRoberts97/byu_football_tree/refs/heads/main/College/Coaches/College%20Head%20Coaches/Kalani_Sitake/2021_brigham-young_roster.csv,Alden Tofa,JR,DL,,2021,Brigham Young,Kalani Sitake
https://raw.githubusercontent.com/RKRoberts97/byu_football_tree/refs/heads/main/College/Coaches/College%20Head%20Coaches/Kalani_Sitake/2021_brigham-young_roster.csv,Earl Tuioti-Mariner,JR,DL,,2021,Brigham Young,Kalani Sitake
https://raw.githubusercontent.com/RKRoberts97/byu_football_tree/refs/heads/main/College/Coaches/College%20Head%20Coaches/Kalani_Sitake/2021_brigham-young_roster.csv,Tanner Baker,SO,DL,,2021,Brigham Young,Kalani Sitake
https://raw.githubusercontent.com/RKRoberts97/byu_football_tree/refs/heads/main/College/Coaches/College%20Head%20Coaches/Kalani_Sitake/2021_brigham-young_roster.csv,Seleti Fevaleaki,FR,DL,,2021,Brigham Young,Kalani Sitake
https://raw.githubusercontent.com/RKRoberts97/byu_football_tree/refs/heads/main/College/Coaches/College%20Head%20Coaches/Kalani_Sitake/2021_brigham-young_roster.csv,Freddy Livai,FR,DL,,2021,Brigham Young,Kalani Sitake
https://raw.githubusercontent.com/RKRoberts97/byu_football_tree/refs/heads/main/College/Coaches/College%20Head%20Coaches/Kalani_Sitake/2021_brigham-young_roster.csv,Alex Muti,FR,DL,,2021,Brigham Young,Kalani Sitake
https://raw.githubusercontent.com/RKRoberts97/byu_football_tree/refs/heads/main/College/Coaches/College%20Head%20Coaches/Kalani_Sitake/2021_brigham-young_roster.csv,Mike Petty,FR,DL,,2021,Brigham Young,Kalani Sitake
https://raw.githubusercontent.com/RKRoberts97/byu_football_tree/refs/heads/main/College/Coaches/College%20Head%20Coaches/Kalani_Sitake/2021_brigham-young_roster.csv,Joshua Singh,FR,DL,,2021,Brigham Young,Kalani Sitake
https://raw.githubusercontent.com/RKRoberts97/byu_football_tree/refs/heads/main/College/Coaches/College%20Head%20Coaches/Kalani_Sitake/2021_brigham-young_roster.csv,Andrew Slack,FR,DL,,2021,Brigham Young,Kalani Sitake
https://raw.githubusercontent.com/RKRoberts97/byu_football_tree/refs/heads/main/College/Coaches/College%20Head%20Coaches/Kalani_Sitake/2021_brigham-young_roster.csv,Chaz Ah You,JR,LB,,2021,Brigham Young,Kalani Sitake
https://raw.githubusercontent.com/RKRoberts97/byu_football_tree/refs/heads/main/College/Coaches/College%20Head%20Coaches/Kalani_Sitake/2021_brigham-young_roster.csv,Jacob Bosco,FR,LB,,2021,Brigham Young,Kalani Sitake
https://raw.githubusercontent.com/RKRoberts97/byu_football_tree/refs/heads/main/College/Coaches/College%20Head%20Coaches/Kalani_Sitake/2021_brigham-young_roster.csv,Ben Bywater,FR,LB,,2021,Brigham Young,Kalani Sitake
https://raw.githubusercontent.com/RKRoberts97/byu_football_tree/refs/heads/main/College/Coaches/College%20Head%20Coaches/Kalani_Sitake/2021_brigham-young_roster.csv,Drew Jensen,SO,LB,,2021,Brigham Young,Kalani Sitake
https://raw.githubusercontent.com/RKRoberts97/byu_football_tree/refs/heads/main/College/Coaches/College%20Head%20Coaches/Kalani_Sitake/2021_brigham-young_roster.csv,Jackson Kaufusi,SO,LB,,2021,Brigham Young,Kalani Sitake
https://raw.githubusercontent.com/RKRoberts97/byu_football_tree/refs/heads/main/College/Coaches/College%20Head%20Coaches/Kalani_Sitake/2021_brigham-young_roster.csv,Keenan Pili,SO,LB,,2021,Brigham Young,Kalani Sitake
https://raw.githubusercontent.com/RKRoberts97/byu_football_tree/refs/heads/main/College/Coaches/College%20Head%20Coaches/Kalani_Sitake/2021_brigham-young_roster.csv,Kade Pupunu,FR,LB,,2021,Brigham Young,Kalani Sitake
https://raw.githubusercontent.com/RKRoberts97/byu_football_tree/refs/heads/main/College/Coaches/College%20Head%20Coaches/Kalani_Sitake/2021_brigham-young_roster.csv,Pepe Tanuvasa,JR,LB,,2021,Brigham Young,Kalani Sitake
https://raw.githubusercontent.com/RKRoberts97/byu_football_tree/refs/heads/main/College/Coaches/College%20Head%20Coaches/Kalani_Sitake/2021_brigham-young_roster.csv,Max Tooley,SO,LB,,2021,Brigham Young,Kalani Sitake
https://raw.githubusercontent.com/RKRoberts97/byu_football_tree/refs/heads/main/College/Coaches/College%20Head%20Coaches/Kalani_Sitake/2021_brigham-young_roster.csv,Payton Wilgar,SO,LB,,2021,Brigham Young,Kalani Sitake
https://raw.githubusercontent.com/RKRoberts97/byu_football_tree/refs/heads/main/College/Coaches/College%20Head%20Coaches/Kalani_Sitake/2021_brigham-young_roster.csv,Josh Wilson,FR,LB,,2021,Brigham Young,Kalani Sitake
https://raw.githubusercontent.com/RKRoberts97/byu_football_tree/refs/heads/main/College/Coaches/College%20Head%20Coaches/Kalani_Sitake/2021_brigham-young_roster.csv,Truman Andrus,FR,LB,,2021,Brigham Young,Kalani Sitake
https://raw.githubusercontent.com/RKRoberts97/byu_football_tree/refs/heads/main/College/Coaches/College%20Head%20Coaches/Kalani_Sitake/2021_brigham-young_roster.csv,Theo Dawson,SO,LB,,2021,Brigham Young,Kalani Sitake
https://raw.githubusercontent.com/RKRoberts97/byu_football_tree/refs/heads/main/College/Coaches/College%20Head%20Coaches/Kalani_Sitake/2021_brigham-young_roster.csv,Cade Hoke,FR,LB,,2021,Brigham Young,Kalani Sitake
https://raw.githubusercontent.com/RKRoberts97/byu_football_tree/refs/heads/main/College/Coaches/College%20Head%20Coaches/Kalani_Sitake/2021_brigham-young_roster.csv,Preston Lewis,FR,LB,,2021,Brigham Young,Kalani Sitake
https://raw.githubusercontent.com/RKRoberts97/byu_football_tree/refs/heads/main/College/Coaches/College%20Head%20Coaches/Kalani_Sitake/2021_brigham-young_roster.csv,Isaac Matua,FR,LB,,2021,Brigham Young,Kalani Sitake
https://raw.githubusercontent.com/RKRoberts97/byu_football_tree/refs/heads/main/College/Coaches/College%20Head%20Coaches/Kalani_Sitake/2021_brigham-young_roster.csv,Viliami Tausinga,FR,LB,,2021,Brigham Young,Kalani Sitake
https://raw.githubusercontent.com/RKRoberts97/byu_football_tree/refs/heads/main/College/Coaches/College%20Head%20Coaches/Kalani_Sitake/2021_brigham-young_roster.csv,Jacob Boren,SO,DB,,2021,Brigham Young,Kalani Sitake
https://raw.githubusercontent.com/RKRoberts97/byu_football_tree/refs/heads/main/College/Coaches/College%20Head%20Coaches/Kalani_Sitake/2021_brigham-young_roster.csv,Javelle Brown,FR,DB,,2021,Brigham Young,Kalani Sitake
https://raw.githubusercontent.com/RKRoberts97/byu_football_tree/refs/heads/main/College/Coaches/College%20Head%20Coaches/Kalani_Sitake/2021_brigham-young_roster.csv,Caleb Christensen,FR,DB,,2021,Brigham Young,Kalani Sitake
https://raw.githubusercontent.com/RKRoberts97/byu_football_tree/refs/heads/main/College/Coaches/College%20Head%20Coaches/Kalani_Sitake/2021_brigham-young_roster.csv,Matthew Criddle,JR,DB,,2021,Brigham Young,Kalani Sitake
https://raw.githubusercontent.com/RKRoberts97/byu_football_tree/refs/heads/main/College/Coaches/College%20Head%20Coaches/Kalani_Sitake/2021_brigham-young_roster.csv,Ammon Hannemann,FR,DB,,2021,Brigham Young,Kalani Sitake
https://raw.githubusercontent.com/RKRoberts97/byu_football_tree/refs/heads/main/College/Coaches/College%20Head%20Coaches/Kalani_Sitake/2021_brigham-young_roster.csv,Kaleb Hayes,JR,DB,,2021,Brigham Young,Kalani Sitake
https://raw.githubusercontent.com/RKRoberts97/byu_football_tree/refs/heads/main/College/Coaches/College%20Head%20Coaches/Kalani_Sitake/2021_brigham-young_roster.csv,Isaiah Herron,SO,DB,,2021,Brigham Young,Kalani Sitake
https://raw.githubusercontent.com/RKRoberts97/byu_football_tree/refs/heads/main/College/Coaches/College%20Head%20Coaches/Kalani_Sitake/2021_brigham-young_roster.csv,Jared Kapisi,SR,DB,,2021,Brigham Young,Kalani Sitake
https://raw.githubusercontent.com/RKRoberts97/byu_football_tree/refs/heads/main/College/Coaches/College%20Head%20Coaches/Kalani_Sitake/2021_brigham-young_roster.csv,Hayden Livingston,SO,DB,,2021,Brigham Young,Kalani Sitake
https://raw.githubusercontent.com/RKRoberts97/byu_football_tree/refs/heads/main/College/Coaches/College%20Head%20Coaches/Kalani_Sitake/2021_brigham-young_roster.csv,D'Angelo Mandell,JR,DB,,2021,Brigham Young,Kalani Sitake
https://raw.githubusercontent.com/RKRoberts97/byu_football_tree/refs/heads/main/College/Coaches/College%20Head%20Coaches/Kalani_Sitake/2021_brigham-young_roster.csv,Jason Money,JR,DB,,2021,Brigham Young,Kalani Sitake
https://raw.githubusercontent.com/RKRoberts97/byu_football_tree/refs/heads/main/College/Coaches/College%20Head%20Coaches/Kalani_Sitake/2021_brigham-young_roster.csv,Malik Moore,JR,DB,,2021,Brigham Young,Kalani Sitake
https://raw.githubusercontent.com/RKRoberts97/byu_football_tree/refs/heads/main/College/Coaches/College%20Head%20Coaches/Kalani_Sitake/2021_brigham-young_roster.csv,Nick Nethercott,FR,DB,,2021,Brigham Young,Kalani Sitake
https://raw.githubusercontent.com/RKRoberts97/byu_football_tree/refs/heads/main/College/Coaches/College%20Head%20Coaches/Kalani_Sitake/2021_brigham-young_roster.csv,Mitchell Price,JR,DB,,2021,Brigham Young,Kalani Sitake
https://raw.githubusercontent.com/RKRoberts97/byu_football_tree/refs/heads/main/College/Coaches/College%20Head%20Coaches/Kalani_Sitake/2021_brigham-young_roster.csv,Morgan Pyper,SO,DB,,2021,Brigham Young,Kalani Sitake
https://raw.githubusercontent.com/RKRoberts97/byu_football_tree/refs/heads/main/College/Coaches/College%20Head%20Coaches/Kalani_Sitake/2021_brigham-young_roster.csv,Jakob Robinson,SO,DB,,2021,Brigham Young,Kalani Sitake
https://raw.githubusercontent.com/RKRoberts97/byu_football_tree/refs/heads/main/College/Coaches/College%20Head%20Coaches/Kalani_Sitake/2021_brigham-young_roster.csv,Ethan Slade,FR,DB,,2021,Brigham Young,Kalani Sitake
https://raw.githubusercontent.com/RKRoberts97/byu_football_tree/refs/heads/main/College/Coaches/College%20Head%20Coaches/Kalani_Sitake/2021_brigham-young_roster.csv,George Udo,SO,DB,,2021,Brigham Young,Kalani Sitake
https://raw.githubusercontent.com/RKRoberts97/byu_football_tree/refs/heads/main/College/Coaches/College%20Head%20Coaches/Kalani_Sitake/2021_brigham-young_roster.csv,Shamon Willis,JR,DB,,2021,Brigham Young,Kalani Sitake
https://raw.githubusercontent.com/RKRoberts97/byu_football_tree/refs/heads/main/College/Coaches/College%20Head%20Coaches/Kalani_Sitake/2021_brigham-young_roster.csv,Jaques Wilson,JR,DB,,2021,Brigham Young,Kalani Sitake
https://raw.githubusercontent.com/RKRoberts97/byu_football_tree/refs/heads/main/College/Coaches/College%20Head%20Coaches/Kalani_Sitake/2021_brigham-young_roster.csv,Talan Alfrey,FR,DB,,2021,Brigham Young,Kalani Sitake
https://raw.githubusercontent.com/RKRoberts97/byu_football_tree/refs/heads/main/College/Coaches/College%20Head%20Coaches/Kalani_Sitake/2021_brigham-young_roster.csv,Conner Ebeling,FR,DB,,2021,Brigham Young,Kalani Sitake
https://raw.githubusercontent.com/RKRoberts97/byu_football_tree/refs/heads/main/College/Coaches/College%20Head%20Coaches/Kalani_Sitake/2021_brigham-young_roster.csv,Keenan Ellis,JR,DB,,2021,Brigham Young,Kalani Sitake
https://raw.githubusercontent.com/RKRoberts97/byu_football_tree/refs/heads/main/College/Coaches/College%20Head%20Coaches/Kalani_Sitake/2021_brigham-young_roster.csv,Tevita Gagnier,FR,DB,,2021,Brigham Young,Kalani Sitake
https://raw.githubusercontent.com/RKRoberts97/byu_football_tree/refs/heads/main/College/Coaches/College%20Head%20Coaches/Kalani_Sitake/2021_brigham-young_roster.csv,Micah Harper,FR,DB,,2021,Brigham Young,Kalani Sitake
https://raw.githubusercontent.com/RKRoberts97/byu_football_tree/refs/heads/main/College/Coaches/College%20Head%20Coaches/Kalani_Sitake/2021_brigham-young_roster.csv,Dean Jones,FR,DB,,2021,Brigham Young,Kalani Sitake
https://raw.githubusercontent.com/RKRoberts97/byu_football_tree/refs/heads/main/College/Coaches/College%20Head%20Coaches/Kalani_Sitake/2021_brigham-young_roster.csv,Jaylon Vickers,SO,DB,,2021,Brigham Young,Kalani Sitake
https://raw.githubusercontent.com/RKRoberts97/byu_football_tree/refs/heads/main/College/Coaches/College%20Head%20Coaches/Kalani_Sitake/2021_brigham-young_roster.csv,Wes Wright,SO,DB,,2021,Brigham Young,Kalani Sitake
https://raw.githubusercontent.com/RKRoberts97/byu_football_tree/refs/heads/main/College/Coaches/College%20Head%20Coaches/Kalani_Sitake/2021_brigham-young_roster.csv,Ryan Rehkow,FR,P,,2021,Brigham Young,Kalani Sitake
https://raw.githubusercontent.com/RKRoberts97/byu_football_tree/refs/heads/main/College/Coaches/College%20Head%20Coaches/Kalani_Sitake/2021_brigham-young_roster.csv,Jacob Palu,FR,DT,,2021,Brigham Young,Kalani Sitake
https://raw.githubusercontent.com/RKRoberts97/byu_football_tree/refs/heads/main/College/Coaches/College%20Head%20Coaches/Kalani_Sitake/2021_brigham-young_roster.csv,Austin Riggs,FR,LS,,2021,Brigham Young,Kalani Sitake
https://raw.githubusercontent.com/RKRoberts97/byu_football_tree/refs/heads/main/College/Coaches/College%20Head%20Coaches/Kalani_Sitake/2021_brigham-young_roster.csv,Britton Hogan,SO,LS,,2021,Brigham Young,Kalani Sitake
https://raw.githubusercontent.com/RKRoberts97/byu_football_tree/refs/heads/main/College/Coaches/College%20Head%20Coaches/Kalani_Sitake/2022_brigham-young_roster.csv,Jaren Hall,SR,QB,"248 Cmp, 376 Att, 3171 Yds, 31 TD",2022,Brigham Young,Kalani Sitake
https://raw.githubusercontent.com/RKRoberts97/byu_football_tree/refs/heads/main/College/Coaches/College%20Head%20Coaches/Kalani_Sitake/2022_brigham-young_roster.csv,Sol-Jay Maiava-Peters,SO,QB,"7 Cmp, 12 Att, 47 Yds, 0 TD",2022,Brigham Young,Kalani Sitake
https://raw.githubusercontent.com/RKRoberts97/byu_football_tree/refs/heads/main/College/Coaches/College%20Head%20Coaches/Kalani_Sitake/2022_brigham-young_roster.csv,Jacob Conover,JR,QB,"0 Cmp, 1 Att, 0 Yds, 0 TD",2022,Brigham Young,Kalani Sitake
https://raw.githubusercontent.com/RKRoberts97/byu_football_tree/refs/heads/main/College/Coaches/College%20Head%20Coaches/Kalani_Sitake/2022_brigham-young_roster.csv,Nick Billoups,JR,QB,,2022,Brigham Young,Kalani Sitake
https://raw.githubusercontent.com/RKRoberts97/byu_football_tree/refs/heads/main/College/Coaches/College%20Head%20Coaches/Kalani_Sitake/2022_brigham-young_roster.csv,Cade Fennegan,JR,QB,,2022,Brigham Young,Kalani Sitake
https://raw.githubusercontent.com/RKRoberts97/byu_football_tree/refs/heads/main/College/Coaches/College%20Head%20Coaches/Kalani_Sitake/2022_brigham-young_roster.csv,Christopher Brooks,SR,RB,"130 Att, 817 Yds, 6.3 Avg",2022,Brigham Young,Kalani Sitake
https://raw.githubusercontent.com/RKRoberts97/byu_football_tree/refs/heads/main/College/Coaches/College%20Head%20Coaches/Kalani_Sitake/2022_brigham-young_roster.csv,Lopini Katoa,SR,RB,"75 Att, 332 Yds, 4.4 Avg",2022,Brigham Young,Kalani Sitake
https://raw.githubusercontent.com/RKRoberts97/byu_football_tree/refs/heads/main/College/Coaches/College%20Head%20Coaches/Kalani_Sitake/2022_brigham-young_roster.csv,Miles Davis,JR,RB,"40 Att, 225 Yds, 5.6 Avg",2022,Brigham Young,Kalani Sitake
https://raw.githubusercontent.com/RKRoberts97/byu_football_tree/refs/heads/main/College/Coaches/College%20Head%20Coaches/Kalani_Sitake/2022_brigham-young_roster.csv,Hinckley Ropati,SR,RB,"36 Att, 189 Yds, 5.3 Avg",2022,Brigham Young,Kalani Sitake
https://raw.githubusercontent.com/RKRoberts97/byu_football_tree/refs/heads/main/College/Coaches/College%20Head%20Coaches/Kalani_Sitake/2022_brigham-young_roster.csv,Mason Fakahua,JR,RB,"7 Att, 14 Yds, 2.0 Avg",2022,Brigham Young,Kalani Sitake
https://raw.githubusercontent.com/RKRoberts97/byu_football_tree/refs/heads/main/College/Coaches/College%20Head%20Coaches/Kalani_Sitake/2022_brigham-young_roster.csv,Jackson McChesney,SR,RB,"3 Att, 33 Yds, 11.0 Avg",2022,Brigham Young,Kalani Sitake
https://raw.githubusercontent.com/RKRoberts97/byu_football_tree/refs/heads/main/College/Coaches/College%20Head%20Coaches/Kalani_Sitake/2022_brigham-young_roster.csv,Enoch Nawahine,JR,RB,,2022,Brigham Young,Kalani Sitake
https://raw.githubusercontent.com/RKRoberts97/byu_football_tree/refs/heads/main/College/Coaches/College%20Head%20Coaches/Kalani_Sitake/2022_brigham-young_roster.csv,Beau Robinson,JR,RB,,2022,Brigham Young,Kalani Sitake
https://raw.githubusercontent.com/RKRoberts97/byu_football_tree/refs/heads/main/College/Coaches/College%20Head%20Coaches/Kalani_Sitake/2022_brigham-young_roster.csv,Chase Roberts,JR,WR,"22 Rec, 357 Yds, 16.2 Avg",2022,Brigham Young,Kalani Sitake
https://raw.githubusercontent.com/RKRoberts97/byu_football_tree/refs/heads/main/College/Coaches/College%20Head%20Coaches/Kalani_Sitake/2022_brigham-young_roster.csv,Keanu Hill,JR,WR,"36 Rec, 572 Yds, 15.9 Avg",2022,Brigham Young,Kalani Sitake
https://raw.githubusercontent.com/RKRoberts97/byu_football_tree/refs/heads/main/College/Coaches/College%20Head%20Coaches/Kalani_Sitake/2022_brigham-young_roster.csv,Puka Nacua,SR,WR,"48 Rec, 625 Yds, 13.0 Avg",2022,Brigham Young,Kalani Sitake
https://raw.githubusercontent.com/RKRoberts97/byu_football_tree/refs/heads/main/College/Coaches/College%20Head%20Coaches/Kalani_Sitake/2022_brigham-young_roster.csv,Kody Epps,JR,WR,"39 Rec, 459 Yds, 11.8 Avg",2022,Brigham Young,Kalani Sitake
https://raw.githubusercontent.com/RKRoberts97/byu_football_tree/refs/heads/main/College/Coaches/College%20Head%20Coaches/Kalani_Sitake/2022_brigham-young_roster.csv,Gunner Romney,SR,WR,"5 Rec, 59 Yds, 11.8 Avg",2022,Brigham Young,Kalani Sitake
https://raw.githubusercontent.com/RKRoberts97/byu_football_tree/refs/heads/main/College/Coaches/College%20Head%20Coaches/Kalani_Sitake/2022_brigham-young_roster.csv,Terence Fall,JR,WR,"1 Rec, 19 Yds, 19.0 Avg",2022,Brigham Young,Kalani Sitake
https://raw.githubusercontent.com/RKRoberts97/byu_football_tree/refs/heads/main/College/Coaches/College%20Head%20Coaches/Kalani_Sitake/2022_brigham-young_roster.csv,Parker Kingston,SO,WR,,2022,Brigham Young,Kalani Sitake
https://raw.githubusercontent.com/RKRoberts97/byu_football_tree/refs/heads/main/College/Coaches/College%20Head%20Coaches/Kalani_Sitake/2022_brigham-young_roster.csv,Brayden Cosper,SR,WR,"30 Rec, 363 Yds, 12.1 Avg",2022,Brigham Young,Kalani Sitake
https://raw.githubusercontent.com/RKRoberts97/byu_football_tree/refs/heads/main/College/Coaches/College%20Head%20Coaches/Kalani_Sitake/2022_brigham-young_roster.csv,Talmage Gunther,JR,WR,,2022,Brigham Young,Kalani Sitake
https://raw.githubusercontent.com/RKRoberts97/byu_football_tree/refs/heads/main/College/Coaches/College%20Head%20Coaches/Kalani_Sitake/2022_brigham-young_roster.csv,Kade Moore,JR,WR,,2022,Brigham Young,Kalani Sitake
https://raw.githubusercontent.com/RKRoberts97/byu_football_tree/refs/heads/main/College/Coaches/College%20Head%20Coaches/Kalani_Sitake/2022_brigham-young_roster.csv,Hobbs Nyberg,JR,WR,,2022,Brigham Young,Kalani Sitake
https://raw.githubusercontent.com/RKRoberts97/byu_football_tree/refs/heads/main/College/Coaches/College%20Head%20Coaches/Kalani_Sitake/2022_brigham-young_roster.csv,Tanner Wall,JR,WR,,2022,Brigham Young,Kalani Sitake
https://raw.githubusercontent.com/RKRoberts97/byu_football_tree/refs/heads/main/College/Coaches/College%20Head%20Coaches/Kalani_Sitake/2022_brigham-young_roster.csv,Kyson Hall,SO,WR,,2022,Brigham Young,Kalani Sitake
https://raw.githubusercontent.com/RKRoberts97/byu_football_tree/refs/heads/main/College/Coaches/College%20Head%20Coaches/Kalani_Sitake/2022_brigham-young_roster.csv,Dom Henry,SO,WR,,2022,Brigham Young,Kalani Sitake
https://raw.githubusercontent.com/RKRoberts97/byu_football_tree/refs/heads/main/College/Coaches/College%20Head%20Coaches/Kalani_Sitake/2022_brigham-young_roster.csv,Isaac Rex,JR,TE,"22 Rec, 320 Yds, 14.5 Avg",2022,Brigham Young,Kalani Sitake
https://raw.githubusercontent.com/RKRoberts97/byu_football_tree/refs/heads/main/College/Coaches/College%20Head%20Coaches/Kalani_Sitake/2022_brigham-young_roster.csv,Dallin Holker,SR,TE,"9 Rec, 86 Yds, 9.6 Avg",2022,Brigham Young,Kalani Sitake
https://raw.githubusercontent.com/RKRoberts97/byu_football_tree/refs/heads/main/College/Coaches/College%20Head%20Coaches/Kalani_Sitake/2022_brigham-young_roster.csv,Ethan Erickson,JR,TE,"1 Rec, 14 Yds, 14.0 Avg",2022,Brigham Young,Kalani Sitake
https://raw.githubusercontent.com/RKRoberts97/byu_football_tree/refs/heads/main/College/Coaches/College%20Head%20Coaches/Kalani_Sitake/2022_brigham-young_roster.csv,Lane Lunt,SR,TE,,2022,Brigham Young,Kalani Sitake
https://raw.githubusercontent.com/RKRoberts97/byu_football_tree/refs/heads/main/College/Coaches/College%20Head%20Coaches/Kalani_Sitake/2022_brigham-young_roster.csv,Carter Wheat,SR,TE,,2022,Brigham Young,Kalani Sitake
https://raw.githubusercontent.com/RKRoberts97/byu_football_tree/refs/heads/main/College/Coaches/College%20Head%20Coaches/Kalani_Sitake/2022_brigham-young_roster.csv,Anthony Olsen,SO,TE,,2022,Brigham Young,Kalani Sitake
https://raw.githubusercontent.com/RKRoberts97/byu_football_tree/refs/heads/main/College/Coaches/College%20Head%20Coaches/Kalani_Sitake/2022_brigham-young_roster.csv,Campbell Barrington,JR,OL,,2022,Brigham Young,Kalani Sitake
https://raw.githubusercontent.com/RKRoberts97/byu_football_tree/refs/heads/main/College/Coaches/College%20Head%20Coaches/Kalani_Sitake/2022_brigham-young_roster.csv,Clark Barrington,SR,OL,,2022,Brigham Young,Kalani Sitake
https://raw.githubusercontent.com/RKRoberts97/byu_football_tree/refs/heads/main/College/Coaches/College%20Head%20Coaches/Kalani_Sitake/2022_brigham-young_roster.csv,Sam Dawe,SO,OL,,2022,Brigham Young,Kalani Sitake
https://raw.githubusercontent.com/RKRoberts97/byu_football_tree/refs/heads/main/College/Coaches/College%20Head%20Coaches/Kalani_Sitake/2022_brigham-young_roster.csv,Blake Freeland,SR,OL,,2022,Brigham Young,Kalani Sitake
https://raw.githubusercontent.com/RKRoberts97/byu_football_tree/refs/heads/main/College/Coaches/College%20Head%20Coaches/Kalani_Sitake/2022_brigham-young_roster.csv,Brayden Keim,SR,OL,,2022,Brigham Young,Kalani Sitake
https://raw.githubusercontent.com/RKRoberts97/byu_football_tree/refs/heads/main/College/Coaches/College%20Head%20Coaches/Kalani_Sitake/2022_brigham-young_roster.csv,Harris LaChance,SR,OL,,2022,Brigham Young,Kalani Sitake
https://raw.githubusercontent.com/RKRoberts97/byu_football_tree/refs/heads/main/College/Coaches/College%20Head%20Coaches/Kalani_Sitake/2022_brigham-young_roster.csv,Tyler Little,JR,OL,,2022,Brigham Young,Kalani Sitake
https://raw.githubusercontent.com/RKRoberts97/byu_football_tree/refs/heads/main/College/Coaches/College%20Head%20Coaches/Kalani_Sitake/2022_brigham-young_roster.csv,Sonny Makasini,SO,OL,,2022,Brigham Young,Kalani Sitake
https://raw.githubusercontent.com/RKRoberts97/byu_football_tree/refs/heads/main/College/Coaches/College%20Head%20Coaches/Kalani_Sitake/2022_brigham-young_roster.csv,Connor Pay,JR,OL,,2022,Brigham Young,Kalani Sitake
https://raw.githubusercontent.com/RKRoberts97/byu_football_tree/refs/heads/main/College/Coaches/College%20Head%20Coaches/Kalani_Sitake/2022_brigham-young_roster.csv,Kingsley Suamataia,SO,OL,,2022,Brigham Young,Kalani Sitake
https://raw.githubusercontent.com/RKRoberts97/byu_football_tree/refs/heads/main/College/Coaches/College%20Head%20Coaches/Kalani_Sitake/2022_brigham-young_roster.csv,Lisala Tai,SR,OL,,2022,Brigham Young,Kalani Sitake
https://raw.githubusercontent.com/RKRoberts97/byu_football_tree/refs/heads/main/College/Coaches/College%20Head%20Coaches/Kalani_Sitake/2022_brigham-young_roster.csv,Joe Tukuafu,SR,OL,,2022,Brigham Young,Kalani Sitake
https://raw.githubusercontent.com/RKRoberts97/byu_football_tree/refs/heads/main/College/Coaches/College%20Head%20Coaches/Kalani_Sitake/2022_brigham-young_roster.csv,Ben Ward,JR,OL,,2022,Brigham Young,Kalani Sitake
https://raw.githubusercontent.com/RKRoberts97/byu_football_tree/refs/heads/main/College/Coaches/College%20Head%20Coaches/Kalani_Sitake/2022_brigham-young_roster.csv,Peter Falaniko,SO,OL,,2022,Brigham Young,Kalani Sitake
https://raw.githubusercontent.com/RKRoberts97/byu_football_tree/refs/heads/main/College/Coaches/College%20Head%20Coaches/Kalani_Sitake/2022_brigham-young_roster.csv,Donovan Hanna,JR,OL,,2022,Brigham Young,Kalani Sitake
https://raw.githubusercontent.com/RKRoberts97/byu_football_tree/refs/heads/main/College/Coaches/College%20Head%20Coaches/Kalani_Sitake/2022_brigham-young_roster.csv,Vae Soifua,SO,OL,,2022,Brigham Young,Kalani Sitake
https://raw.githubusercontent.com/RKRoberts97/byu_football_tree/refs/heads/main/College/Coaches/College%20Head%20Coaches/Kalani_Sitake/2022_brigham-young_roster.csv,Sione Veikoso,FR,OL,,2022,Brigham Young,Kalani Sitake
https://raw.githubusercontent.com/RKRoberts97/byu_football_tree/refs/heads/main/College/Coaches/College%20Head%20Coaches/Kalani_Sitake/2022_brigham-young_roster.csv,Jake Oldroyd,SR,K,,2022,Brigham Young,Kalani Sitake
https://raw.githubusercontent.com/RKRoberts97/byu_football_tree/refs/heads/main/College/Coaches/College%20Head%20Coaches/Kalani_Sitake/2022_brigham-young_roster.csv,Cash Peterman,JR,K,,2022,Brigham Young,Kalani Sitake
https://raw.githubusercontent.com/RKRoberts97/byu_football_tree/refs/heads/main/College/Coaches/College%20Head%20Coaches/Kalani_Sitake/2022_brigham-young_roster.csv,Justen Smith,JR,K,,2022,Brigham Young,Kalani Sitake
https://raw.githubusercontent.com/RKRoberts97/byu_football_tree/refs/heads/main/College/Coaches/College%20Head%20Coaches/Kalani_Sitake/2022_brigham-young_roster.csv,Tyler Batty,JR,DL,,2022,Brigham Young,Kalani Sitake
https://raw.githubusercontent.com/RKRoberts97/byu_football_tree/refs/heads/main/College/Coaches/College%20Head%20Coaches/Kalani_Sitake/2022_brigham-young_roster.csv,Lorenzo Fauatea,SR,DL,,2022,Brigham Young,Kalani Sitake
https://raw.githubusercontent.com/RKRoberts97/byu_football_tree/refs/heads/main/College/Coaches/College%20Head%20Coaches/Kalani_Sitake/2022_brigham-young_roster.csv,Hunter Greer,JR,DL,,2022,Brigham Young,Kalani Sitake
https://raw.githubusercontent.com/RKRoberts97/byu_football_tree/refs/heads/main/College/Coaches/College%20Head%20Coaches/Kalani_Sitake/2022_brigham-young_roster.csv,Caden Haws,SR,DL,,2022,Brigham Young,Kalani Sitake
https://raw.githubusercontent.com/RKRoberts97/byu_football_tree/refs/heads/main/College/Coaches/College%20Head%20Coaches/Kalani_Sitake/2022_brigham-young_roster.csv,Fisher Jackson,JR,DL,,2022,Brigham Young,Kalani Sitake
https://raw.githubusercontent.com/RKRoberts97/byu_football_tree/refs/heads/main/College/Coaches/College%20Head%20Coaches/Kalani_Sitake/2022_brigham-young_roster.csv,Josh Larsen,JR,DL,,2022,Brigham Young,Kalani Sitake
https://raw.githubusercontent.com/RKRoberts97/byu_football_tree/refs/heads/main/College/Coaches/College%20Head%20Coaches/Kalani_Sitake/2022_brigham-young_roster.csv,Logan Lutui,SO,DL,,2022,Brigham Young,Kalani Sitake
https://raw.githubusercontent.com/RKRoberts97/byu_football_tree/refs/heads/main/College/Coaches/College%20Head%20Coaches/Kalani_Sitake/2022_brigham-young_roster.csv,Atunaisa Mahe,SR,DL,,2022,Brigham Young,Kalani Sitake
https://raw.githubusercontent.com/RKRoberts97/byu_football_tree/refs/heads/main/College/Coaches/College%20Head%20Coaches/Kalani_Sitake/2022_brigham-young_roster.csv,Blake Mangelson,JR,DL,,2022,Brigham Young,Kalani Sitake
https://raw.githubusercontent.com/RKRoberts97/byu_football_tree/refs/heads/main/College/Coaches/College%20Head%20Coaches/Kalani_Sitake/2022_brigham-young_roster.csv,Bruce Mitchell,SO,DL,,2022,Brigham Young,Kalani Sitake
https://raw.githubusercontent.com/RKRoberts97/byu_football_tree/refs/heads/main/College/Coaches/College%20Head%20Coaches/Kalani_Sitake/2022_brigham-young_roster.csv,Aisea Moa,SO,DL,,2022,Brigham Young,Kalani Sitake
https://raw.githubusercontent.com/RKRoberts97/byu_football_tree/refs/heads/main/College/Coaches/College%20Head%20Coaches/Kalani_Sitake/2022_brigham-young_roster.csv,John Nelson,JR,DL,,2022,Brigham Young,Kalani Sitake
https://raw.githubusercontent.com/RKRoberts97/byu_football_tree/refs/heads/main/College/Coaches/College%20Head%20Coaches/Kalani_Sitake/2022_brigham-young_roster.csv,Alema Pilimai,SR,DL,,2022,Brigham Young,Kalani Sitake
https://raw.githubusercontent.com/RKRoberts97/byu_football_tree/refs/heads/main/College/Coaches/College%20Head%20Coaches/Kalani_Sitake/2022_brigham-young_roster.csv,Joshua Singh,JR,DL,,2022,Brigham Young,Kalani Sitake
https://raw.githubusercontent.com/RKRoberts97/byu_football_tree/refs/heads/main/College/Coaches/College%20Head%20Coaches/Kalani_Sitake/2022_brigham-young_roster.csv,Gabe Summers,SR,DL,,2022,Brigham Young,Kalani Sitake
https://raw.githubusercontent.com/RKRoberts97/byu_football_tree/refs/heads/main/College/Coaches/College%20Head%20Coaches/Kalani_Sitake/2022_brigham-young_roster.csv,Alden Tofa,SR,DL,,2022,Brigham Young,Kalani Sitake
https://raw.githubusercontent.com/RKRoberts97/byu_football_tree/refs/heads/main/College/Coaches/College%20Head%20Coaches/Kalani_Sitake/2022_brigham-young_roster.csv,Earl Tuioti-Mariner,SR,DL,,2022,Brigham Young,Kalani Sitake
https://raw.githubusercontent.com/RKRoberts97/byu_football_tree/refs/heads/main/College/Coaches/College%20Head%20Coaches/Kalani_Sitake/2022_brigham-young_roster.csv,Ben Bywater,JR,LB,,2022,Brigham Young,Kalani Sitake
https://raw.githubusercontent.com/RKRoberts97/byu_football_tree/refs/heads/main/College/Coaches/College%20Head%20Coaches/Kalani_Sitake/2022_brigham-young_roster.csv,Matthew Criddle,SR,LB,,2022,Brigham Young,Kalani Sitake
https://raw.githubusercontent.com/RKRoberts97/byu_football_tree/refs/heads/main/College/Coaches/College%20Head%20Coaches/Kalani_Sitake/2022_brigham-young_roster.csv,Jackson Kaufusi,SR,LB,,2022,Brigham Young,Kalani Sitake
https://raw.githubusercontent.com/RKRoberts97/byu_football_tree/refs/heads/main/College/Coaches/College%20Head%20Coaches/Kalani_Sitake/2022_brigham-young_roster.csv,Keenan Pili,SR,LB,,2022,Brigham Young,Kalani Sitake
https://raw.githubusercontent.com/RKRoberts97/byu_football_tree/refs/heads/main/College/Coaches/College%20Head%20Coaches/Kalani_Sitake/2022_brigham-young_roster.csv,Logan Pili,SO,LB,,2022,Brigham Young,Kalani Sitake
https://raw.githubusercontent.com/RKRoberts97/byu_football_tree/refs/heads/main/College/Coaches/College%20Head%20Coaches/Kalani_Sitake/2022_brigham-young_roster.csv,Morgan Pyper,SR,LB,,2022,Brigham Young,Kalani Sitake
https://raw.githubusercontent.com/RKRoberts97/byu_football_tree/refs/heads/main/College/Coaches/College%20Head%20Coaches/Kalani_Sitake/2022_brigham-young_roster.csv,Tate Romney,SO,LB,,2022,Brigham Young,Kalani Sitake
https://raw.githubusercontent.com/RKRoberts97/byu_football_tree/refs/heads/main/College/Coaches/College%20Head%20Coaches/Kalani_Sitake/2022_brigham-young_roster.csv,Bodie Schoonover,SO,LB,,2022,Brigham Young,Kalani Sitake
https://raw.githubusercontent.com/RKRoberts97/byu_football_tree/refs/heads/main/College/Coaches/College%20Head%20Coaches/Kalani_Sitake/2022_brigham-young_roster.csv,Pepe Tanuvasa,SR,LB,,2022,Brigham Young,Kalani Sitake
https://raw.githubusercontent.com/RKRoberts97/byu_football_tree/refs/heads/main/College/Coaches/College%20Head%20Coaches/Kalani_Sitake/2022_brigham-young_roster.csv,Max Tooley,SR,LB,,2022,Brigham Young,Kalani Sitake
https://raw.githubusercontent.com/RKRoberts97/byu_football_tree/refs/heads/main/College/Coaches/College%20Head%20Coaches/Kalani_Sitake/2022_brigham-young_roster.csv,Payton Wilgar,SR,LB,,2022,Brigham Young,Kalani Sitake
https://raw.githubusercontent.com/RKRoberts97/byu_football_tree/refs/heads/main/College/Coaches/College%20Head%20Coaches/Kalani_Sitake/2022_brigham-young_roster.csv,Josh Wilson,JR,LB,,2022,Brigham Young,Kalani Sitake
https://raw.githubusercontent.com/RKRoberts97/byu_football_tree/refs/heads/main/College/Coaches/College%20Head%20Coaches/Kalani_Sitake/2022_brigham-young_roster.csv,Michael Daley,JR,LB,,2022,Brigham Young,Kalani Sitake
https://raw.githubusercontent.com/RKRoberts97/byu_football_tree/refs/heads/main/College/Coaches/College%20Head%20Coaches/Kalani_Sitake/2022_brigham-young_roster.csv,Micah Wilson,SO,LB,,2022,Brigham Young,Kalani Sitake
https://raw.githubusercontent.com/RKRoberts97/byu_football_tree/refs/heads/main/College/Coaches/College%20Head%20Coaches/Kalani_Sitake/2022_brigham-young_roster.csv,Chris Jackson,SR,DB,,2022,Brigham Young,Kalani Sitake
https://raw.githubusercontent.com/RKRoberts97/byu_football_tree/refs/heads/main/College/Coaches/College%20Head%20Coaches/Kalani_Sitake/2022_brigham-young_roster.csv,Chaz Ah You,SR,DB,,2022,Brigham Young,Kalani Sitake
https://raw.githubusercontent.com/RKRoberts97/byu_football_tree/refs/heads/main/College/Coaches/College%20Head%20Coaches/Kalani_Sitake/2022_brigham-young_roster.csv,Talan Alfrey,JR,DB,,2022,Brigham Young,Kalani Sitake
https://raw.githubusercontent.com/RKRoberts97/byu_football_tree/refs/heads/main/College/Coaches/College%20Head%20Coaches/Kalani_Sitake/2022_brigham-young_roster.csv,Jacob Boren,SR,DB,,2022,Brigham Young,Kalani Sitake
https://raw.githubusercontent.com/RKRoberts97/byu_football_tree/refs/heads/main/College/Coaches/College%20Head%20Coaches/Kalani_Sitake/2022_brigham-young_roster.csv,Caleb Christensen,JR,DB,,2022,Brigham Young,Kalani Sitake
https://raw.githubusercontent.com/RKRoberts97/byu_football_tree/refs/heads/main/College/Coaches/College%20Head%20Coaches/Kalani_Sitake/2022_brigham-young_roster.csv,Chika Ebunoha,SO,DB,,2022,Brigham Young,Kalani Sitake
https://raw.githubusercontent.com/RKRoberts97/byu_football_tree/refs/heads/main/College/Coaches/College%20Head%20Coaches/Kalani_Sitake/2022_brigham-young_roster.csv,Tavita Gagnier,JR,DB,,2022,Brigham Young,Kalani Sitake
https://raw.githubusercontent.com/RKRoberts97/byu_football_tree/refs/heads/main/College/Coaches/College%20Head%20Coaches/Kalani_Sitake/2022_brigham-young_roster.csv,Korbyn Green,SO,DB,,2022,Brigham Young,Kalani Sitake
https://raw.githubusercontent.com/RKRoberts97/byu_football_tree/refs/heads/main/College/Coaches/College%20Head%20Coaches/Kalani_Sitake/2022_brigham-young_roster.csv,Ammon Hannemann,JR,DB,,2022,Brigham Young,Kalani Sitake
https://raw.githubusercontent.com/RKRoberts97/byu_football_tree/refs/heads/main/College/Coaches/College%20Head%20Coaches/Kalani_Sitake/2022_brigham-young_roster.csv,Micah Harper,SR,DB,,2022,Brigham Young,Kalani Sitake
https://raw.githubusercontent.com/RKRoberts97/byu_football_tree/refs/heads/main/College/Coaches/College%20Head%20Coaches/Kalani_Sitake/2022_brigham-young_roster.csv,Kaleb Hayes,SR,DB,,2022,Brigham Young,Kalani Sitake
https://raw.githubusercontent.com/RKRoberts97/byu_football_tree/refs/heads/main/College/Coaches/College%20Head%20Coaches/Kalani_Sitake/2022_brigham-young_roster.csv,Gabe Jeudy-Lally,SR,DB,,2022,Brigham Young,Kalani Sitake
https://raw.githubusercontent.com/RKRoberts97/byu_football_tree/refs/heads/main/College/Coaches/College%20Head%20Coaches/Kalani_Sitake/2022_brigham-young_roster.csv,Evan Johnson,SO,DB,,2022,Brigham Young,Kalani Sitake
https://raw.githubusercontent.com/RKRoberts97/byu_football_tree/refs/heads/main/College/Coaches/College%20Head%20Coaches/Kalani_Sitake/2022_brigham-young_roster.csv,Dean Jones,JR,DB,,2022,Brigham Young,Kalani Sitake
https://raw.githubusercontent.com/RKRoberts97/byu_football_tree/refs/heads/main/College/Coaches/College%20Head%20Coaches/Kalani_Sitake/2022_brigham-young_roster.csv,Carter Krupp,JR,DB,,2022,Brigham Young,Kalani Sitake
https://raw.githubusercontent.com/RKRoberts97/byu_football_tree/refs/heads/main/College/Coaches/College%20Head%20Coaches/Kalani_Sitake/2022_brigham-young_roster.csv,Hayden Livingston,SR,DB,,2022,Brigham Young,Kalani Sitake
https://raw.githubusercontent.com/RKRoberts97/byu_football_tree/refs/heads/main/College/Coaches/College%20Head%20Coaches/Kalani_Sitake/2022_brigham-young_roster.csv,D'Angelo Mandell,SR,DB,,2022,Brigham Young,Kalani Sitake
https://raw.githubusercontent.com/RKRoberts97/byu_football_tree/refs/heads/main/College/Coaches/College%20Head%20Coaches/Kalani_Sitake/2022_brigham-young_roster.csv,Malik Moore,SR,DB,,2022,Brigham Young,Kalani Sitake
https://raw.githubusercontent.com/RKRoberts97/byu_football_tree/refs/heads/main/College/Coaches/College%20Head%20Coaches/Kalani_Sitake/2022_brigham-young_roster.csv,Preston Rex,SO,DB,,2022,Brigham Young,Kalani Sitake
https://raw.githubusercontent.com/RKRoberts97/byu_football_tree/refs/heads/main/College/Coaches/College%20Head%20Coaches/Kalani_Sitake/2022_brigham-young_roster.csv,Ethan Slade,JR,DB,,2022,Brigham Young,Kalani Sitake
https://raw.githubusercontent.com/RKRoberts97/byu_football_tree/refs/heads/main/College/Coaches/College%20Head%20Coaches/Kalani_Sitake/2022_brigham-young_roster.csv,George Udo,SR,DB,,2022,Brigham Young,Kalani Sitake
https://raw.githubusercontent.com/RKRoberts97/byu_football_tree/refs/heads/main/College/Coaches/College%20Head%20Coaches/Kalani_Sitake/2022_brigham-young_roster.csv,Nathan Gillis,SO,DB,,2022,Brigham Young,Kalani Sitake
https://raw.githubusercontent.com/RKRoberts97/byu_football_tree/refs/heads/main/College/Coaches/College%20Head%20Coaches/Kalani_Sitake/2022_brigham-young_roster.csv,Quenton Rice,JR,DB,,2022,Brigham Young,Kalani Sitake
https://raw.githubusercontent.com/RKRoberts97/byu_football_tree/refs/heads/main/College/Coaches/College%20Head%20Coaches/Kalani_Sitake/2022_brigham-young_roster.csv,Ryan Rehkow,JR,P,,2022,Brigham Young,Kalani Sitake
https://raw.githubusercontent.com/RKRoberts97/byu_football_tree/refs/heads/main/College/Coaches/College%20Head%20Coaches/Kalani_Sitake/2022_brigham-young_roster.csv,Masen Wake,SR,FB,,2022,Brigham Young,Kalani Sitake
https://raw.githubusercontent.com/RKRoberts97/byu_football_tree/refs/heads/main/College/Coaches/College%20Head%20Coaches/Kalani_Sitake/2022_brigham-young_roster.csv,Zion Allen,SO,CB,,2022,Brigham Young,Kalani Sitake
https://raw.githubusercontent.com/RKRoberts97/byu_football_tree/refs/heads/main/College/Coaches/College%20Head%20Coaches/Kalani_Sitake/2022_brigham-young_roster.csv,Mory Bamba,SO,CB,,2022,Brigham Young,Kalani Sitake
https://raw.githubusercontent.com/RKRoberts97/byu_football_tree/refs/heads/main/College/Coaches/College%20Head%20Coaches/Kalani_Sitake/2022_brigham-young_roster.csv,Houston Heimuli,SR,FB,,2022,Brigham Young,Kalani Sitake
https://raw.githubusercontent.com/RKRoberts97/byu_football_tree/refs/heads/main/College/Coaches/College%20Head%20Coaches/Kalani_Sitake/2022_brigham-young_roster.csv,Britton Hogan,SR,LS,,2022,Brigham Young,Kalani Sitake
https://raw.githubusercontent.com/RKRoberts97/byu_football_tree/refs/heads/main/College/Coaches/College%20Head%20Coaches/Kalani_Sitake/2022_brigham-young_roster.csv,Austin Riggs,JR,LS,,2022,Brigham Young,Kalani Sitake
https://raw.githubusercontent.com/RKRoberts97/byu_football_tree/refs/heads/main/College/Coaches/College%20Head%20Coaches/Kalani_Sitake/2022_brigham-young_roster.csv,Dalton Riggs,SO,LS,,2022,Brigham Young,Kalani Sitake
https://raw.githubusercontent.com/RKRoberts97/byu_football_tree/refs/heads/main/College/Coaches/College%20Head%20Coaches/Kalani_Sitake/2022_brigham-young_roster.csv,Jakob Robinson,JR,CB,,2022,Brigham Young,Kalani Sitake
https://raw.githubusercontent.com/RKRoberts97/byu_football_tree/refs/heads/main/College/Coaches/College%20Head%20Coaches/Kalani_Sitake/2023_brigham-young_roster.csv,Kedon Slovis,SR,QB,"153 Cmp, 266 Att, 1716 Yds, 12 TD",2023,Brigham Young,Kalani Sitake
https://raw.githubusercontent.com/RKRoberts97/byu_football_tree/refs/heads/main/College/Coaches/College%20Head%20Coaches/Kalani_Sitake/2023_brigham-young_roster.csv,Jake Retzlaff,JR,QB,"63 Cmp, 125 Att, 648 Yds, 3 TD",2023,Brigham Young,Kalani Sitake
https://raw.githubusercontent.com/RKRoberts97/byu_football_tree/refs/heads/main/College/Coaches/College%20Head%20Coaches/Kalani_Sitake/2023_brigham-young_roster.csv,Cade Fennegan,JR,QB,,2023,Brigham Young,Kalani Sitake
https://raw.githubusercontent.com/RKRoberts97/byu_football_tree/refs/heads/main/College/Coaches/College%20Head%20Coaches/Kalani_Sitake/2023_brigham-young_roster.csv,Nick Billoups,JR,QB,,2023,Brigham Young,Kalani Sitake
https://raw.githubusercontent.com/RKRoberts97/byu_football_tree/refs/heads/main/College/Coaches/College%20Head%20Coaches/Kalani_Sitake/2023_brigham-young_roster.csv,Ryder Burton,FR,QB,,2023,Brigham Young,Kalani Sitake
https://raw.githubusercontent.com/RKRoberts97/byu_football_tree/refs/heads/main/College/Coaches/College%20Head%20Coaches/Kalani_Sitake/2023_brigham-young_roster.csv,Cole Hagen,FR,QB,,2023,Brigham Young,Kalani Sitake
https://raw.githubusercontent.com/RKRoberts97/byu_football_tree/refs/heads/main/College/Coaches/College%20Head%20Coaches/Kalani_Sitake/2023_brigham-young_roster.csv,LJ Martin,FR,RB,"109 Att, 518 Yds, 4.8 Avg",2023,Brigham Young,Kalani Sitake
https://raw.githubusercontent.com/RKRoberts97/byu_football_tree/refs/heads/main/College/Coaches/College%20Head%20Coaches/Kalani_Sitake/2023_brigham-young_roster.csv,Aidan Robbins,SR,RB,"101 Att, 485 Yds, 4.8 Avg",2023,Brigham Young,Kalani Sitake
https://raw.githubusercontent.com/RKRoberts97/byu_football_tree/refs/heads/main/College/Coaches/College%20Head%20Coaches/Kalani_Sitake/2023_brigham-young_roster.csv,Deion Smith,JR,RB,"23 Att, 64 Yds, 2.8 Avg",2023,Brigham Young,Kalani Sitake
https://raw.githubusercontent.com/RKRoberts97/byu_football_tree/refs/heads/main/College/Coaches/College%20Head%20Coaches/Kalani_Sitake/2023_brigham-young_roster.csv,Miles Davis,JR,RB,"16 Att, 78 Yds, 4.9 Avg",2023,Brigham Young,Kalani Sitake
https://raw.githubusercontent.com/RKRoberts97/byu_football_tree/refs/heads/main/College/Coaches/College%20Head%20Coaches/Kalani_Sitake/2023_brigham-young_roster.csv,Enoch Nawahine,JR,RB,"1 Att, 1 Yds, 1.0 Avg",2023,Brigham Young,Kalani Sitake
https://raw.githubusercontent.com/RKRoberts97/byu_football_tree/refs/heads/main/College/Coaches/College%20Head%20Coaches/Kalani_Sitake/2023_brigham-young_roster.csv,Mason Fakahua,JR,RB,"6 Rec, 27 Yds, 4.5 Avg",2023,Brigham Young,Kalani Sitake
https://raw.githubusercontent.com/RKRoberts97/byu_football_tree/refs/heads/main/College/Coaches/College%20Head%20Coaches/Kalani_Sitake/2023_brigham-young_roster.csv,Nukuluve Helu,FR,RB,,2023,Brigham Young,Kalani Sitake
https://raw.githubusercontent.com/RKRoberts97/byu_football_tree/refs/heads/main/College/Coaches/College%20Head%20Coaches/Kalani_Sitake/2023_brigham-young_roster.csv,Hinckley Ropati,SR,RB,,2023,Brigham Young,Kalani Sitake
https://raw.githubusercontent.com/RKRoberts97/byu_football_tree/refs/heads/main/College/Coaches/College%20Head%20Coaches/Kalani_Sitake/2023_brigham-young_roster.csv,Parker Kingston,SO,WR,"19 Rec, 207 Yds, 10.9 Avg",2023,Brigham Young,Kalani Sitake
https://raw.githubusercontent.com/RKRoberts97/byu_football_tree/refs/heads/main/College/Coaches/College%20Head%20Coaches/Kalani_Sitake/2023_brigham-young_roster.csv,Keelan Marion,SO,WR,"20 Rec, 216 Yds, 10.8 Avg",2023,Brigham Young,Kalani Sitake
https://raw.githubusercontent.com/RKRoberts97/byu_football_tree/refs/heads/main/College/Coaches/College%20Head%20Coaches/Kalani_Sitake/2023_brigham-young_roster.csv,Kody Epps,JR,WR,"21 Rec, 259 Yds, 12.3 Avg",2023,Brigham Young,Kalani Sitake
https://raw.githubusercontent.com/RKRoberts97/byu_football_tree/refs/heads/main/College/Coaches/College%20Head%20Coaches/Kalani_Sitake/2023_brigham-young_roster.csv,Chase Roberts,JR,WR,"42 Rec, 573 Yds, 13.6 Avg",2023,Brigham Young,Kalani Sitake
https://raw.githubusercontent.com/RKRoberts97/byu_football_tree/refs/heads/main/College/Coaches/College%20Head%20Coaches/Kalani_Sitake/2023_brigham-young_roster.csv,Darius Lassiter,SR,WR,"29 Rec, 365 Yds, 12.6 Avg",2023,Brigham Young,Kalani Sitake
https://raw.githubusercontent.com/RKRoberts97/byu_football_tree/refs/heads/main/College/Coaches/College%20Head%20Coaches/Kalani_Sitake/2023_brigham-young_roster.csv,Keanu Hill,JR,WR,"12 Rec, 187 Yds, 15.6 Avg",2023,Brigham Young,Kalani Sitake
https://raw.githubusercontent.com/RKRoberts97/byu_football_tree/refs/heads/main/College/Coaches/College%20Head%20Coaches/Kalani_Sitake/2023_brigham-young_roster.csv,Talmage Gunther,JR,WR,"1 Rec, 3 Yds, 3.0 Avg",2023,Brigham Young,Kalani Sitake
https://raw.githubusercontent.com/RKRoberts97/byu_football_tree/refs/heads/main/College/Coaches/College%20Head%20Coaches/Kalani_Sitake/2023_brigham-young_roster.csv,Jojo Phillips,FR,WR,"1 Rec, 5 Yds, 5.0 Avg",2023,Brigham Young,Kalani Sitake
https://raw.githubusercontent.com/RKRoberts97/byu_football_tree/refs/heads/main/College/Coaches/College%20Head%20Coaches/Kalani_Sitake/2023_brigham-young_roster.csv,Koa Eldredge,FR,WR,,2023,Brigham Young,Kalani Sitake
https://raw.githubusercontent.com/RKRoberts97/byu_football_tree/refs/heads/main/College/Coaches/College%20Head%20Coaches/Kalani_Sitake/2023_brigham-young_roster.csv,Dom Henry,SO,WR,,2023,Brigham Young,Kalani Sitake
https://raw.githubusercontent.com/RKRoberts97/byu_football_tree/refs/heads/main/College/Coaches/College%20Head%20Coaches/Kalani_Sitake/2023_brigham-young_roster.csv,Hobbs Nyberg,JR,WR,,2023,Brigham Young,Kalani Sitake
https://raw.githubusercontent.com/RKRoberts97/byu_football_tree/refs/heads/main/College/Coaches/College%20Head%20Coaches/Kalani_Sitake/2023_brigham-young_roster.csv,Kevin Doe,FR,WR,,2023,Brigham Young,Kalani Sitake
https://raw.githubusercontent.com/RKRoberts97/byu_football_tree/refs/heads/main/College/Coaches/College%20Head%20Coaches/Kalani_Sitake/2023_brigham-young_roster.csv,Devin Downing,FR,WR,,2023,Brigham Young,Kalani Sitake
https://raw.githubusercontent.com/RKRoberts97/byu_football_tree/refs/heads/main/College/Coaches/College%20Head%20Coaches/Kalani_Sitake/2023_brigham-young_roster.csv,Jake Hill,FR,WR,,2023,Brigham Young,Kalani Sitake
https://raw.githubusercontent.com/RKRoberts97/byu_football_tree/refs/heads/main/College/Coaches/College%20Head%20Coaches/Kalani_Sitake/2023_brigham-young_roster.csv,Kade Moore,JR,WR,,2023,Brigham Young,Kalani Sitake
https://raw.githubusercontent.com/RKRoberts97/byu_football_tree/refs/heads/main/College/Coaches/College%20Head%20Coaches/Kalani_Sitake/2023_brigham-young_roster.csv,Ray Paulo,JR,TE,"1 Rec, -1 Yds, -1.0 Avg",2023,Brigham Young,Kalani Sitake
https://raw.githubusercontent.com/RKRoberts97/byu_football_tree/refs/heads/main/College/Coaches/College%20Head%20Coaches/Kalani_Sitake/2023_brigham-young_roster.csv,Isaac Rex,JR,TE,"34 Rec, 422 Yds, 12.4 Avg",2023,Brigham Young,Kalani Sitake
https://raw.githubusercontent.com/RKRoberts97/byu_football_tree/refs/heads/main/College/Coaches/College%20Head%20Coaches/Kalani_Sitake/2023_brigham-young_roster.csv,Ethan Erickson,JR,TE,"2 Rec, 24 Yds, 12.0 Avg",2023,Brigham Young,Kalani Sitake
https://raw.githubusercontent.com/RKRoberts97/byu_football_tree/refs/heads/main/College/Coaches/College%20Head%20Coaches/Kalani_Sitake/2023_brigham-young_roster.csv,Mata'ava Ta'ase,JR,TE,"1 Rec, 4 Yds, 4.0 Avg",2023,Brigham Young,Kalani Sitake
https://raw.githubusercontent.com/RKRoberts97/byu_football_tree/refs/heads/main/College/Coaches/College%20Head%20Coaches/Kalani_Sitake/2023_brigham-young_roster.csv,Jackson Bowers,FR,TE,,2023,Brigham Young,Kalani Sitake
https://raw.githubusercontent.com/RKRoberts97/byu_football_tree/refs/heads/main/College/Coaches/College%20Head%20Coaches/Kalani_Sitake/2023_brigham-young_roster.csv,Nason Coleman,FR,TE,,2023,Brigham Young,Kalani Sitake
https://raw.githubusercontent.com/RKRoberts97/byu_football_tree/refs/heads/main/College/Coaches/College%20Head%20Coaches/Kalani_Sitake/2023_brigham-young_roster.csv,Anthony Olsen,SO,TE,,2023,Brigham Young,Kalani Sitake
https://raw.githubusercontent.com/RKRoberts97/byu_football_tree/refs/heads/main/College/Coaches/College%20Head%20Coaches/Kalani_Sitake/2023_brigham-young_roster.csv,Bentley Redden,FR,TE,,2023,Brigham Young,Kalani Sitake
https://raw.githubusercontent.com/RKRoberts97/byu_football_tree/refs/heads/main/College/Coaches/College%20Head%20Coaches/Kalani_Sitake/2023_brigham-young_roster.csv,Jake Eichorn,FR,OL,,2023,Brigham Young,Kalani Sitake
https://raw.githubusercontent.com/RKRoberts97/byu_football_tree/refs/heads/main/College/Coaches/College%20Head%20Coaches/Kalani_Sitake/2023_brigham-young_roster.csv,Caleb Etienne,JR,OL,,2023,Brigham Young,Kalani Sitake
https://raw.githubusercontent.com/RKRoberts97/byu_football_tree/refs/heads/main/College/Coaches/College%20Head%20Coaches/Kalani_Sitake/2023_brigham-young_roster.csv,Ian Fitzgerald,JR,OL,,2023,Brigham Young,Kalani Sitake
https://raw.githubusercontent.com/RKRoberts97/byu_football_tree/refs/heads/main/College/Coaches/College%20Head%20Coaches/Kalani_Sitake/2023_brigham-young_roster.csv,Brayden Keim,SR,OL,,2023,Brigham Young,Kalani Sitake
https://raw.githubusercontent.com/RKRoberts97/byu_football_tree/refs/heads/main/College/Coaches/College%20Head%20Coaches/Kalani_Sitake/2023_brigham-young_roster.csv,Weylin Lapuaho,FR,OL,,2023,Brigham Young,Kalani Sitake
https://raw.githubusercontent.com/RKRoberts97/byu_football_tree/refs/heads/main/College/Coaches/College%20Head%20Coaches/Kalani_Sitake/2023_brigham-young_roster.csv,Tyler Little,JR,OL,,2023,Brigham Young,Kalani Sitake
https://raw.githubusercontent.com/RKRoberts97/byu_football_tree/refs/heads/main/College/Coaches/College%20Head%20Coaches/Kalani_Sitake/2023_brigham-young_roster.csv,Paul Maile,JR,OL,,2023,Brigham Young,Kalani Sitake
https://raw.githubusercontent.com/RKRoberts97/byu_football_tree/refs/heads/main/College/Coaches/College%20Head%20Coaches/Kalani_Sitake/2023_brigham-young_roster.csv,Simi Moala,SO,OL,,2023,Brigham Young,Kalani Sitake
https://raw.githubusercontent.com/RKRoberts97/byu_football_tree/refs/heads/main/College/Coaches/College%20Head%20Coaches/Kalani_Sitake/2023_brigham-young_roster.csv,Connor Pay,JR,OL,,2023,Brigham Young,Kalani Sitake
https://raw.githubusercontent.com/RKRoberts97/byu_football_tree/refs/heads/main/College/Coaches/College%20Head%20Coaches/Kalani_Sitake/2023_brigham-young_roster.csv,Kingsley Suamataia,SO,OL,,2023,Brigham Young,Kalani Sitake
https://raw.githubusercontent.com/RKRoberts97/byu_football_tree/refs/heads/main/College/Coaches/College%20Head%20Coaches/Kalani_Sitake/2023_brigham-young_roster.csv,Kaden Chidester,FR,OL,,2023,Brigham Young,Kalani Sitake
https://raw.githubusercontent.com/RKRoberts97/byu_football_tree/refs/heads/main/College/Coaches/College%20Head%20Coaches/Kalani_Sitake/2023_brigham-young_roster.csv,Sam Dawe,SO,OL,,2023,Brigham Young,Kalani Sitake
https://raw.githubusercontent.com/RKRoberts97/byu_football_tree/refs/heads/main/College/Coaches/College%20Head%20Coaches/Kalani_Sitake/2023_brigham-young_roster.csv,Peter Falaniko,SO,OL,,2023,Brigham Young,Kalani Sitake
https://raw.githubusercontent.com/RKRoberts97/byu_football_tree/refs/heads/main/College/Coaches/College%20Head%20Coaches/Kalani_Sitake/2023_brigham-young_roster.csv,Jake Griffin,FR,OL,,2023,Brigham Young,Kalani Sitake
https://raw.githubusercontent.com/RKRoberts97/byu_football_tree/refs/heads/main/College/Coaches/College%20Head%20Coaches/Kalani_Sitake/2023_brigham-young_roster.csv,Weston Jones,FR,OL,,2023,Brigham Young,Kalani Sitake
https://raw.githubusercontent.com/RKRoberts97/byu_football_tree/refs/heads/main/College/Coaches/College%20Head%20Coaches/Kalani_Sitake/2023_brigham-young_roster.csv,Sonny Makasini,SO,OL,,2023,Brigham Young,Kalani Sitake
https://raw.githubusercontent.com/RKRoberts97/byu_football_tree/refs/heads/main/College/Coaches/College%20Head%20Coaches/Kalani_Sitake/2023_brigham-young_roster.csv,Trevin Ostler,FR,OL,,2023,Brigham Young,Kalani Sitake
https://raw.githubusercontent.com/RKRoberts97/byu_football_tree/refs/heads/main/College/Coaches/College%20Head%20Coaches/Kalani_Sitake/2023_brigham-young_roster.csv,Joseph Paulo,JR,OL,,2023,Brigham Young,Kalani Sitake
https://raw.githubusercontent.com/RKRoberts97/byu_football_tree/refs/heads/main/College/Coaches/College%20Head%20Coaches/Kalani_Sitake/2023_brigham-young_roster.csv,Ben Ward,JR,OL,,2023,Brigham Young,Kalani Sitake
https://raw.githubusercontent.com/RKRoberts97/byu_football_tree/refs/heads/main/College/Coaches/College%20Head%20Coaches/Kalani_Sitake/2023_brigham-young_roster.csv,Will Ferrin,FR,K,,2023,Brigham Young,Kalani Sitake
https://raw.githubusercontent.com/RKRoberts97/byu_football_tree/refs/heads/main/College/Coaches/College%20Head%20Coaches/Kalani_Sitake/2023_brigham-young_roster.csv,Matthias Dunn,FR,K,,2023,Brigham Young,Kalani Sitake
https://raw.githubusercontent.com/RKRoberts97/byu_football_tree/refs/heads/main/College/Coaches/College%20Head%20Coaches/Kalani_Sitake/2023_brigham-young_roster.csv,Jordan Kapisi,FR,K,,2023,Brigham Young,Kalani Sitake
https://raw.githubusercontent.com/RKRoberts97/byu_football_tree/refs/heads/main/College/Coaches/College%20Head%20Coaches/Kalani_Sitake/2023_brigham-young_roster.csv,Tyler Batty,JR,DL,,2023,Brigham Young,Kalani Sitake
https://raw.githubusercontent.com/RKRoberts97/byu_football_tree/refs/heads/main/College/Coaches/College%20Head%20Coaches/Kalani_Sitake/2023_brigham-young_roster.csv,Caden Haws,SR,DL,,2023,Brigham Young,Kalani Sitake
https://raw.githubusercontent.com/RKRoberts97/byu_football_tree/refs/heads/main/College/Coaches/College%20Head%20Coaches/Kalani_Sitake/2023_brigham-young_roster.csv,Fisher Jackson,JR,DL,,2023,Brigham Young,Kalani Sitake
https://raw.githubusercontent.com/RKRoberts97/byu_football_tree/refs/heads/main/College/Coaches/College%20Head%20Coaches/Kalani_Sitake/2023_brigham-young_roster.csv,David Latu,SO,DL,,2023,Brigham Young,Kalani Sitake
https://raw.githubusercontent.com/RKRoberts97/byu_football_tree/refs/heads/main/College/Coaches/College%20Head%20Coaches/Kalani_Sitake/2023_brigham-young_roster.csv,Logan Lutui,SO,DL,,2023,Brigham Young,Kalani Sitake
https://raw.githubusercontent.com/RKRoberts97/byu_football_tree/refs/heads/main/College/Coaches/College%20Head%20Coaches/Kalani_Sitake/2023_brigham-young_roster.csv,Atunaisa Mahe,SR,DL,,2023,Brigham Young,Kalani Sitake
https://raw.githubusercontent.com/RKRoberts97/byu_football_tree/refs/heads/main/College/Coaches/College%20Head%20Coaches/Kalani_Sitake/2023_brigham-young_roster.csv,Blake Mangelson,JR,DL,,2023,Brigham Young,Kalani Sitake
https://raw.githubusercontent.com/RKRoberts97/byu_football_tree/refs/heads/main/College/Coaches/College%20Head%20Coaches/Kalani_Sitake/2023_brigham-young_roster.csv,Bruce Mitchell,SO,DL,,2023,Brigham Young,Kalani Sitake
https://raw.githubusercontent.com/RKRoberts97/byu_football_tree/refs/heads/main/College/Coaches/College%20Head%20Coaches/Kalani_Sitake/2023_brigham-young_roster.csv,Aisea Moa,SO,DL,,2023,Brigham Young,Kalani Sitake
https://raw.githubusercontent.com/RKRoberts97/byu_football_tree/refs/heads/main/College/Coaches/College%20Head%20Coaches/Kalani_Sitake/2023_brigham-young_roster.csv,John Nelson,JR,DL,,2023,Brigham Young,Kalani Sitake
https://raw.githubusercontent.com/RKRoberts97/byu_football_tree/refs/heads/main/College/Coaches/College%20Head%20Coaches/Kalani_Sitake/2023_brigham-young_roster.csv,Joshua Singh,JR,DL,,2023,Brigham Young,Kalani Sitake
https://raw.githubusercontent.com/RKRoberts97/byu_football_tree/refs/heads/main/College/Coaches/College%20Head%20Coaches/Kalani_Sitake/2023_brigham-young_roster.csv,Wyatt Dawe,FR,DL,,2023,Brigham Young,Kalani Sitake
https://raw.githubusercontent.com/RKRoberts97/byu_football_tree/refs/heads/main/College/Coaches/College%20Head%20Coaches/Kalani_Sitake/2023_brigham-young_roster.csv,Ben Bywater,JR,LB,,2023,Brigham Young,Kalani Sitake
https://raw.githubusercontent.com/RKRoberts97/byu_football_tree/refs/heads/main/College/Coaches/College%20Head%20Coaches/Kalani_Sitake/2023_brigham-young_roster.csv,Siale Esera,FR,LB,,2023,Brigham Young,Kalani Sitake
https://raw.githubusercontent.com/RKRoberts97/byu_football_tree/refs/heads/main/College/Coaches/College%20Head%20Coaches/Kalani_Sitake/2023_brigham-young_roster.csv,Isaiah Glasker,FR,LB,,2023,Brigham Young,Kalani Sitake
https://raw.githubusercontent.com/RKRoberts97/byu_football_tree/refs/heads/main/College/Coaches/College%20Head%20Coaches/Kalani_Sitake/2023_brigham-young_roster.csv,Miles Hall,FR,LB,,2023,Brigham Young,Kalani Sitake
https://raw.githubusercontent.com/RKRoberts97/byu_football_tree/refs/heads/main/College/Coaches/College%20Head%20Coaches/Kalani_Sitake/2023_brigham-young_roster.csv,Ammon Hannemann,JR,LB,,2023,Brigham Young,Kalani Sitake
https://raw.githubusercontent.com/RKRoberts97/byu_football_tree/refs/heads/main/College/Coaches/College%20Head%20Coaches/Kalani_Sitake/2023_brigham-young_roster.csv,Ace Kaufusi,FR,LB,,2023,Brigham Young,Kalani Sitake
https://raw.githubusercontent.com/RKRoberts97/byu_football_tree/refs/heads/main/College/Coaches/College%20Head%20Coaches/Kalani_Sitake/2023_brigham-young_roster.csv,Sione Moa,SO,LB,,2023,Brigham Young,Kalani Sitake
https://raw.githubusercontent.com/RKRoberts97/byu_football_tree/refs/heads/main/College/Coaches/College%20Head%20Coaches/Kalani_Sitake/2023_brigham-young_roster.csv,Bodie Schoonover,SO,LB,,2023,Brigham Young,Kalani Sitake
https://raw.githubusercontent.com/RKRoberts97/byu_football_tree/refs/heads/main/College/Coaches/College%20Head%20Coaches/Kalani_Sitake/2023_brigham-young_roster.csv,Nuu Sellesin,FR,LB,,2023,Brigham Young,Kalani Sitake
https://raw.githubusercontent.com/RKRoberts97/byu_football_tree/refs/heads/main/College/Coaches/College%20Head%20Coaches/Kalani_Sitake/2023_brigham-young_roster.csv,Harrison Taggart,FR,LB,,2023,Brigham Young,Kalani Sitake
https://raw.githubusercontent.com/RKRoberts97/byu_football_tree/refs/heads/main/College/Coaches/College%20Head%20Coaches/Kalani_Sitake/2023_brigham-young_roster.csv,Max Tooley,SR,LB,,2023,Brigham Young,Kalani Sitake
https://raw.githubusercontent.com/RKRoberts97/byu_football_tree/refs/heads/main/College/Coaches/College%20Head%20Coaches/Kalani_Sitake/2023_brigham-young_roster.csv,AJ Vongphachanh,SR,LB,,2023,Brigham Young,Kalani Sitake
https://raw.githubusercontent.com/RKRoberts97/byu_football_tree/refs/heads/main/College/Coaches/College%20Head%20Coaches/Kalani_Sitake/2023_brigham-young_roster.csv,Naseri Danielson,FR,LB,,2023,Brigham Young,Kalani Sitake
https://raw.githubusercontent.com/RKRoberts97/byu_football_tree/refs/heads/main/College/Coaches/College%20Head%20Coaches/Kalani_Sitake/2023_brigham-young_roster.csv,Lucky Finau,FR,LB,,2023,Brigham Young,Kalani Sitake
https://raw.githubusercontent.com/RKRoberts97/byu_football_tree/refs/heads/main/College/Coaches/College%20Head%20Coaches/Kalani_Sitake/2023_brigham-young_roster.csv,Maika Kaufusi,FR,LB,,2023,Brigham Young,Kalani Sitake
https://raw.githubusercontent.com/RKRoberts97/byu_football_tree/refs/heads/main/College/Coaches/College%20Head%20Coaches/Kalani_Sitake/2023_brigham-young_roster.csv,Kason Krebs,FR,LB,,2023,Brigham Young,Kalani Sitake
https://raw.githubusercontent.com/RKRoberts97/byu_football_tree/refs/heads/main/College/Coaches/College%20Head%20Coaches/Kalani_Sitake/2023_brigham-young_roster.csv,Chaz Ah You,SR,DB,,2023,Brigham Young,Kalani Sitake
https://raw.githubusercontent.com/RKRoberts97/byu_football_tree/refs/heads/main/College/Coaches/College%20Head%20Coaches/Kalani_Sitake/2023_brigham-young_roster.csv,Talan Alfrey,JR,DB,,2023,Brigham Young,Kalani Sitake
https://raw.githubusercontent.com/RKRoberts97/byu_football_tree/refs/heads/main/College/Coaches/College%20Head%20Coaches/Kalani_Sitake/2023_brigham-young_roster.csv,Jacob Boren,SR,DB,,2023,Brigham Young,Kalani Sitake
https://raw.githubusercontent.com/RKRoberts97/byu_football_tree/refs/heads/main/College/Coaches/College%20Head%20Coaches/Kalani_Sitake/2023_brigham-young_roster.csv,Caleb Christensen,JR,DB,,2023,Brigham Young,Kalani Sitake
https://raw.githubusercontent.com/RKRoberts97/byu_football_tree/refs/heads/main/College/Coaches/College%20Head%20Coaches/Kalani_Sitake/2023_brigham-young_roster.csv,Chika Ebunoha,SO,DB,,2023,Brigham Young,Kalani Sitake
https://raw.githubusercontent.com/RKRoberts97/byu_football_tree/refs/heads/main/College/Coaches/College%20Head%20Coaches/Kalani_Sitake/2023_brigham-young_roster.csv,Kamden Garrett,JR,DB,,2023,Brigham Young,Kalani Sitake
https://raw.githubusercontent.com/RKRoberts97/byu_football_tree/refs/heads/main/College/Coaches/College%20Head%20Coaches/Kalani_Sitake/2023_brigham-young_roster.csv,Evan Johnson,SO,DB,,2023,Brigham Young,Kalani Sitake
https://raw.githubusercontent.com/RKRoberts97/byu_football_tree/refs/heads/main/College/Coaches/College%20Head%20Coaches/Kalani_Sitake/2023_brigham-young_roster.csv,Malik Moore,SR,DB,,2023,Brigham Young,Kalani Sitake
https://raw.githubusercontent.com/RKRoberts97/byu_football_tree/refs/heads/main/College/Coaches/College%20Head%20Coaches/Kalani_Sitake/2023_brigham-young_roster.csv,Preston Rex,SO,DB,,2023,Brigham Young,Kalani Sitake
https://raw.githubusercontent.com/RKRoberts97/byu_football_tree/refs/heads/main/College/Coaches/College%20Head%20Coaches/Kalani_Sitake/2023_brigham-young_roster.csv,Ethan Slade,JR,DB,,2023,Brigham Young,Kalani Sitake
https://raw.githubusercontent.com/RKRoberts97/byu_football_tree/refs/heads/main/College/Coaches/College%20Head%20Coaches/Kalani_Sitake/2023_brigham-young_roster.csv,Micah Harper,SR,DB,,2023,Brigham Young,Kalani Sitake
https://raw.githubusercontent.com/RKRoberts97/byu_football_tree/refs/heads/main/College/Coaches/College%20Head%20Coaches/Kalani_Sitake/2023_brigham-young_roster.csv,Ryan Rehkow,JR,P,,2023,Brigham Young,Kalani Sitake
https://raw.githubusercontent.com/RKRoberts97/byu_football_tree/refs/heads/main/College/Coaches/College%20Head%20Coaches/Kalani_Sitake/2023_brigham-young_roster.csv,Landon Rehkow,FR,P,,2023,Brigham Young,Kalani Sitake
https://raw.githubusercontent.com/RKRoberts97/byu_football_tree/refs/heads/main/College/Coaches/College%20Head%20Coaches/Kalani_Sitake/2023_brigham-young_roster.csv,Isaiah Bagnah,JR,DE,,2023,Brigham Young,Kalani Sitake
https://raw.githubusercontent.com/RKRoberts97/byu_football_tree/refs/heads/main/College/Coaches/College%20Head%20Coaches/Kalani_Sitake/2023_brigham-young_roster.csv,Mory Bamba,SO,CB,,2023,Brigham Young,Kalani Sitake
https://raw.githubusercontent.com/RKRoberts97/byu_football_tree/refs/heads/main/College/Coaches/College%20Head%20Coaches/Kalani_Sitake/2023_brigham-young_roster.csv,Jackson Cravens,SR,DT,,2023,Brigham Young,Kalani Sitake
https://raw.githubusercontent.com/RKRoberts97/byu_football_tree/refs/heads/main/College/Coaches/College%20Head%20Coaches/Kalani_Sitake/2023_brigham-young_roster.csv,John Henry Daley,FR,DE,,2023,Brigham Young,Kalani Sitake
https://raw.githubusercontent.com/RKRoberts97/byu_football_tree/refs/heads/main/College/Coaches/College%20Head%20Coaches/Kalani_Sitake/2023_brigham-young_roster.csv,Michael Daley,JR,DE,,2023,Brigham Young,Kalani Sitake
https://raw.githubusercontent.com/RKRoberts97/byu_football_tree/refs/heads/main/College/Coaches/College%20Head%20Coaches/Kalani_Sitake/2023_brigham-young_roster.csv,Raider Damuni,FR,S,,2023,Brigham Young,Kalani Sitake
https://raw.githubusercontent.com/RKRoberts97/byu_football_tree/refs/heads/main/College/Coaches/College%20Head%20Coaches/Kalani_Sitake/2023_brigham-young_roster.csv,Jayden Dunlap,JR,CB,,2023,Brigham Young,Kalani Sitake
https://raw.githubusercontent.com/RKRoberts97/byu_football_tree/refs/heads/main/College/Coaches/College%20Head%20Coaches/Kalani_Sitake/2023_brigham-young_roster.csv,Dylan Flowers,SO,CB,,2023,Brigham Young,Kalani Sitake
https://raw.githubusercontent.com/RKRoberts97/byu_football_tree/refs/heads/main/College/Coaches/College%20Head%20Coaches/Kalani_Sitake/2023_brigham-young_roster.csv,Eddie Heckard,JR,CB,,2023,Brigham Young,Kalani Sitake
https://raw.githubusercontent.com/RKRoberts97/byu_football_tree/refs/heads/main/College/Coaches/College%20Head%20Coaches/Kalani_Sitake/2023_brigham-young_roster.csv,Marcus McKenzie,FR,CB,,2023,Brigham Young,Kalani Sitake
https://raw.githubusercontent.com/RKRoberts97/byu_football_tree/refs/heads/main/College/Coaches/College%20Head%20Coaches/Kalani_Sitake/2023_brigham-young_roster.csv,Austin Riggs,JR,LS,,2023,Brigham Young,Kalani Sitake
https://raw.githubusercontent.com/RKRoberts97/byu_football_tree/refs/heads/main/College/Coaches/College%20Head%20Coaches/Kalani_Sitake/2023_brigham-young_roster.csv,Dalton Riggs,SO,LS,,2023,Brigham Young,Kalani Sitake
https://raw.githubusercontent.com/RKRoberts97/byu_football_tree/refs/heads/main/College/Coaches/College%20Head%20Coaches/Kalani_Sitake/2023_brigham-young_roster.csv,Jakob Robinson,JR,CB,,2023,Brigham Young,Kalani Sitake
https://raw.githubusercontent.com/RKRoberts97/byu_football_tree/refs/heads/main/College/Coaches/College%20Head%20Coaches/Kalani_Sitake/2023_brigham-young_roster.csv,Peter Tuipulotu,FR,S,,2023,Brigham Young,Kalani Sitake
https://raw.githubusercontent.com/RKRoberts97/byu_football_tree/refs/heads/main/College/Coaches/College%20Head%20Coaches/Kalani_Sitake/2023_brigham-young_roster.csv,Crew Wakley,SO,S,,2023,Brigham Young,Kalani Sitake
https://raw.githubusercontent.com/RKRoberts97/byu_football_tree/refs/heads/main/College/Coaches/College%20Head%20Coaches/Kalani_Sitake/2023_brigham-young_roster.csv,Tanner Wall,JR,S,,2023,Brigham Young,Kalani Sitake
https://raw.githubusercontent.com/RKRoberts97/byu_football_tree/refs/heads/main/College/Coaches/College%20Head%20Coaches/Kalani_Sitake/2023_brigham-young_roster.csv,Zion Allen,SO,CB,,2023,Brigham Young,Kalani Sitake
https://raw.githubusercontent.com/RKRoberts97/byu_football_tree/refs/heads/main/College/Coaches/College%20Head%20Coaches/Kalani_Sitake/2023_brigham-young_roster.csv,Ty Burke,FR,S,,2023,Brigham Young,Kalani Sitake
https://raw.githubusercontent.com/RKRoberts97/byu_football_tree/refs/heads/main/College/Coaches/College%20Head%20Coaches/Kalani_Sitake/2023_brigham-young_roster.csv,Malae Tanuvasa,FR,S,,2023,Brigham Young,Kalani Sitake
https://raw.githubusercontent.com/RKRoberts97/byu_football_tree/refs/heads/main/College/Coaches/College%20Head%20Coaches/Kalani_Sitake/2024_brigham-young_roster.csv,Jake Retzlaff,SR,QB,"213 Cmp, 368 Att, 2947 Yds, 20 TD",2024,Brigham Young,Kalani Sitake
https://raw.githubusercontent.com/RKRoberts97/byu_football_tree/refs/heads/main/College/Coaches/College%20Head%20Coaches/Kalani_Sitake/2024_brigham-young_roster.csv,Gerry Bohanon,SR,QB,"3 Cmp, 4 Att, 27 Yds, 0 TD",2024,Brigham Young,Kalani Sitake
https://raw.githubusercontent.com/RKRoberts97/byu_football_tree/refs/heads/main/College/Coaches/College%20Head%20Coaches/Kalani_Sitake/2024_brigham-young_roster.csv,Treyson Bourguet,JR,QB,,2024,Brigham Young,Kalani Sitake
https://raw.githubusercontent.com/RKRoberts97/byu_football_tree/refs/heads/main/College/Coaches/College%20Head%20Coaches/Kalani_Sitake/2024_brigham-young_roster.csv,Cole Hagen,SO,QB,,2024,Brigham Young,Kalani Sitake
https://raw.githubusercontent.com/RKRoberts97/byu_football_tree/refs/heads/main/College/Coaches/College%20Head%20Coaches/Kalani_Sitake/2024_brigham-young_roster.csv,McCae Hillstead,FR,QB,,2024,Brigham Young,Kalani Sitake
https://raw.githubusercontent.com/RKRoberts97/byu_football_tree/refs/heads/main/College/Coaches/College%20Head%20Coaches/Kalani_Sitake/2024_brigham-young_roster.csv,Noah Lugo,FR,QB,,2024,Brigham Young,Kalani Sitake
https://raw.githubusercontent.com/RKRoberts97/byu_football_tree/refs/heads/main/College/Coaches/College%20Head%20Coaches/Kalani_Sitake/2024_brigham-young_roster.csv,Hinckley Ropati,SR,RB,"68 Att, 360 Yds, 5.3 Avg",2024,Brigham Young,Kalani Sitake
https://raw.githubusercontent.com/RKRoberts97/byu_football_tree/refs/heads/main/College/Coaches/College%20Head%20Coaches/Kalani_Sitake/2024_brigham-young_roster.csv,LJ Martin,SO,RB,"137 Att, 718 Yds, 5.2 Avg",2024,Brigham Young,Kalani Sitake
https://raw.githubusercontent.com/RKRoberts97/byu_football_tree/refs/heads/main/College/Coaches/College%20Head%20Coaches/Kalani_Sitake/2024_brigham-young_roster.csv,Enoch Nawahine,SR,RB,"30 Att, 98 Yds, 3.3 Avg",2024,Brigham Young,Kalani Sitake
https://raw.githubusercontent.com/RKRoberts97/byu_football_tree/refs/heads/main/College/Coaches/College%20Head%20Coaches/Kalani_Sitake/2024_brigham-young_roster.csv,Sione I Moa,FR,RB,"29 Att, 144 Yds, 5.0 Avg",2024,Brigham Young,Kalani Sitake
https://raw.githubusercontent.com/RKRoberts97/byu_football_tree/refs/heads/main/College/Coaches/College%20Head%20Coaches/Kalani_Sitake/2024_brigham-young_roster.csv,Miles Davis,SR,RB,"18 Att, 76 Yds, 4.2 Avg",2024,Brigham Young,Kalani Sitake
https://raw.githubusercontent.com/RKRoberts97/byu_football_tree/refs/heads/main/College/Coaches/College%20Head%20Coaches/Kalani_Sitake/2024_brigham-young_roster.csv,Pokaiaua Haunga,FR,RB,"18 Att, 81 Yds, 4.5 Avg",2024,Brigham Young,Kalani Sitake
https://raw.githubusercontent.com/RKRoberts97/byu_football_tree/refs/heads/main/College/Coaches/College%20Head%20Coaches/Kalani_Sitake/2024_brigham-young_roster.csv,Mason Fakahua,SR,RB,,2024,Brigham Young,Kalani Sitake
https://raw.githubusercontent.com/RKRoberts97/byu_football_tree/refs/heads/main/College/Coaches/College%20Head%20Coaches/Kalani_Sitake/2024_brigham-young_roster.csv,Jovesa Damuni,FR,RB,,2024,Brigham Young,Kalani Sitake
https://raw.githubusercontent.com/RKRoberts97/byu_football_tree/refs/heads/main/College/Coaches/College%20Head%20Coaches/Kalani_Sitake/2024_brigham-young_roster.csv,Charles Miska,FR,RB,,2024,Brigham Young,Kalani Sitake
https://raw.githubusercontent.com/RKRoberts97/byu_football_tree/refs/heads/main/College/Coaches/College%20Head%20Coaches/Kalani_Sitake/2024_brigham-young_roster.csv,Parker Kingston,JR,WR,"13 Rec, 196 Yds, 15.1 Avg",2024,Brigham Young,Kalani Sitake
https://raw.githubusercontent.com/RKRoberts97/byu_football_tree/refs/heads/main/College/Coaches/College%20Head%20Coaches/Kalani_Sitake/2024_brigham-young_roster.csv,Keelan Marion,JR,WR,"24 Rec, 346 Yds, 14.4 Avg",2024,Brigham Young,Kalani Sitake
https://raw.githubusercontent.com/RKRoberts97/byu_football_tree/refs/heads/main/College/Coaches/College%20Head%20Coaches/Kalani_Sitake/2024_brigham-young_roster.csv,Chase Roberts,SR,WR,"52 Rec, 854 Yds, 16.4 Avg",2024,Brigham Young,Kalani Sitake
https://raw.githubusercontent.com/RKRoberts97/byu_football_tree/refs/heads/main/College/Coaches/College%20Head%20Coaches/Kalani_Sitake/2024_brigham-young_roster.csv,Darius Lassiter,SR,WR,"45 Rec, 703 Yds, 15.6 Avg",2024,Brigham Young,Kalani Sitake
https://raw.githubusercontent.com/RKRoberts97/byu_football_tree/refs/heads/main/College/Coaches/College%20Head%20Coaches/Kalani_Sitake/2024_brigham-young_roster.csv,Keanu Hill,SR,WR,"12 Rec, 108 Yds, 9.0 Avg",2024,Brigham Young,Kalani Sitake
https://raw.githubusercontent.com/RKRoberts97/byu_football_tree/refs/heads/main/College/Coaches/College%20Head%20Coaches/Kalani_Sitake/2024_brigham-young_roster.csv,Jojo Phillips,SO,WR,"10 Rec, 211 Yds, 21.1 Avg",2024,Brigham Young,Kalani Sitake
https://raw.githubusercontent.com/RKRoberts97/byu_football_tree/refs/heads/main/College/Coaches/College%20Head%20Coaches/Kalani_Sitake/2024_brigham-young_roster.csv,Kody Epps,SR,WR,"8 Rec, 54 Yds, 6.8 Avg",2024,Brigham Young,Kalani Sitake
https://raw.githubusercontent.com/RKRoberts97/byu_football_tree/refs/heads/main/College/Coaches/College%20Head%20Coaches/Kalani_Sitake/2024_brigham-young_roster.csv,Cody Hagen,FR,WR,"3 Rec, 29 Yds, 9.7 Avg",2024,Brigham Young,Kalani Sitake
https://raw.githubusercontent.com/RKRoberts97/byu_football_tree/refs/heads/main/College/Coaches/College%20Head%20Coaches/Kalani_Sitake/2024_brigham-young_roster.csv,Dominique McKenzie,FR,WR,,2024,Brigham Young,Kalani Sitake
https://raw.githubusercontent.com/RKRoberts97/byu_football_tree/refs/heads/main/College/Coaches/College%20Head%20Coaches/Kalani_Sitake/2024_brigham-young_roster.csv,Marquis Montgomery,JR,WR,,2024,Brigham Young,Kalani Sitake
https://raw.githubusercontent.com/RKRoberts97/byu_football_tree/refs/heads/main/College/Coaches/College%20Head%20Coaches/Kalani_Sitake/2024_brigham-young_roster.csv,Tei Nacua,FR,WR,,2024,Brigham Young,Kalani Sitake
https://raw.githubusercontent.com/RKRoberts97/byu_football_tree/refs/heads/main/College/Coaches/College%20Head%20Coaches/Kalani_Sitake/2024_brigham-young_roster.csv,Rowan Reay,FR,WR,,2024,Brigham Young,Kalani Sitake
https://raw.githubusercontent.com/RKRoberts97/byu_football_tree/refs/heads/main/College/Coaches/College%20Head%20Coaches/Kalani_Sitake/2024_brigham-young_roster.csv,Weston Covey,FR,WR,,2024,Brigham Young,Kalani Sitake
https://raw.githubusercontent.com/RKRoberts97/byu_football_tree/refs/heads/main/College/Coaches/College%20Head%20Coaches/Kalani_Sitake/2024_brigham-young_roster.csv,Ty West,FR,WR,,2024,Brigham Young,Kalani Sitake
https://raw.githubusercontent.com/RKRoberts97/byu_football_tree/refs/heads/main/College/Coaches/College%20Head%20Coaches/Kalani_Sitake/2024_brigham-young_roster.csv,Prince Zombo,FR,WR,,2024,Brigham Young,Kalani Sitake
https://raw.githubusercontent.com/RKRoberts97/byu_football_tree/refs/heads/main/College/Coaches/College%20Head%20Coaches/Kalani_Sitake/2024_brigham-young_roster.csv,Ryner Swanson,FR,TE,"10 Rec, 91 Yds, 9.1 Avg",2024,Brigham Young,Kalani Sitake
https://raw.githubusercontent.com/RKRoberts97/byu_football_tree/refs/heads/main/College/Coaches/College%20Head%20Coaches/Kalani_Sitake/2024_brigham-young_roster.csv,Mata'ava Ta'ase,SR,TE,"9 Rec, 91 Yds, 10.1 Avg",2024,Brigham Young,Kalani Sitake
https://raw.githubusercontent.com/RKRoberts97/byu_football_tree/refs/heads/main/College/Coaches/College%20Head%20Coaches/Kalani_Sitake/2024_brigham-young_roster.csv,Jackson Bowers,SO,TE,,2024,Brigham Young,Kalani Sitake
https://raw.githubusercontent.com/RKRoberts97/byu_football_tree/refs/heads/main/College/Coaches/College%20Head%20Coaches/Kalani_Sitake/2024_brigham-young_roster.csv,Ethan Erickson,SR,TE,,2024,Brigham Young,Kalani Sitake
https://raw.githubusercontent.com/RKRoberts97/byu_football_tree/refs/heads/main/College/Coaches/College%20Head%20Coaches/Kalani_Sitake/2024_brigham-young_roster.csv,Anthony Olsen,JR,TE,,2024,Brigham Young,Kalani Sitake
https://raw.githubusercontent.com/RKRoberts97/byu_football_tree/refs/heads/main/College/Coaches/College%20Head%20Coaches/Kalani_Sitake/2024_brigham-young_roster.csv,Ray Paulo,SR,TE,,2024,Brigham Young,Kalani Sitake
https://raw.githubusercontent.com/RKRoberts97/byu_football_tree/refs/heads/main/College/Coaches/College%20Head%20Coaches/Kalani_Sitake/2024_brigham-young_roster.csv,Nason Coleman,SO,TE,,2024,Brigham Young,Kalani Sitake
https://raw.githubusercontent.com/RKRoberts97/byu_football_tree/refs/heads/main/College/Coaches/College%20Head%20Coaches/Kalani_Sitake/2024_brigham-young_roster.csv,Noah Moeaki,FR,TE,,2024,Brigham Young,Kalani Sitake
https://raw.githubusercontent.com/RKRoberts97/byu_football_tree/refs/heads/main/College/Coaches/College%20Head%20Coaches/Kalani_Sitake/2024_brigham-young_roster.csv,Will Zundell,FR,TE,,2024,Brigham Young,Kalani Sitake
https://raw.githubusercontent.com/RKRoberts97/byu_football_tree/refs/heads/main/College/Coaches/College%20Head%20Coaches/Kalani_Sitake/2024_brigham-young_roster.csv,Kaden Chidester,SO,OL,,2024,Brigham Young,Kalani Sitake
https://raw.githubusercontent.com/RKRoberts97/byu_football_tree/refs/heads/main/College/Coaches/College%20Head%20Coaches/Kalani_Sitake/2024_brigham-young_roster.csv,Jake Eichorn,SO,OL,,2024,Brigham Young,Kalani Sitake
https://raw.githubusercontent.com/RKRoberts97/byu_football_tree/refs/heads/main/College/Coaches/College%20Head%20Coaches/Kalani_Sitake/2024_brigham-young_roster.csv,Caleb Etienne,SR,OL,,2024,Brigham Young,Kalani Sitake
https://raw.githubusercontent.com/RKRoberts97/byu_football_tree/refs/heads/main/College/Coaches/College%20Head%20Coaches/Kalani_Sitake/2024_brigham-young_roster.csv,Isaiah Jatta,SR,OL,,2024,Brigham Young,Kalani Sitake
https://raw.githubusercontent.com/RKRoberts97/byu_football_tree/refs/heads/main/College/Coaches/College%20Head%20Coaches/Kalani_Sitake/2024_brigham-young_roster.csv,Brayden Keim,SR,OL,,2024,Brigham Young,Kalani Sitake
https://raw.githubusercontent.com/RKRoberts97/byu_football_tree/refs/heads/main/College/Coaches/College%20Head%20Coaches/Kalani_Sitake/2024_brigham-young_roster.csv,Weylin Lapuaho,SO,OL,,2024,Brigham Young,Kalani Sitake
https://raw.githubusercontent.com/RKRoberts97/byu_football_tree/refs/heads/main/College/Coaches/College%20Head%20Coaches/Kalani_Sitake/2024_brigham-young_roster.csv,Austin Leausa,SO,OL,,2024,Brigham Young,Kalani Sitake
https://raw.githubusercontent.com/RKRoberts97/byu_football_tree/refs/heads/main/College/Coaches/College%20Head%20Coaches/Kalani_Sitake/2024_brigham-young_roster.csv,Sonny Makasini,JR,OL,,2024,Brigham Young,Kalani Sitake
https://raw.githubusercontent.com/RKRoberts97/byu_football_tree/refs/heads/main/College/Coaches/College%20Head%20Coaches/Kalani_Sitake/2024_brigham-young_roster.csv,Bruce Mitchell,JR,OL,,2024,Brigham Young,Kalani Sitake
https://raw.githubusercontent.com/RKRoberts97/byu_football_tree/refs/heads/main/College/Coaches/College%20Head%20Coaches/Kalani_Sitake/2024_brigham-young_roster.csv,Connor Pay,SR,OL,,2024,Brigham Young,Kalani Sitake
https://raw.githubusercontent.com/RKRoberts97/byu_football_tree/refs/heads/main/College/Coaches/College%20Head%20Coaches/Kalani_Sitake/2024_brigham-young_roster.csv,David Clifford,FR,OL,,2024,Brigham Young,Kalani Sitake
https://raw.githubusercontent.com/RKRoberts97/byu_football_tree/refs/heads/main/College/Coaches/College%20Head%20Coaches/Kalani_Sitake/2024_brigham-young_roster.csv,Sam Dawe,JR,OL,,2024,Brigham Young,Kalani Sitake
https://raw.githubusercontent.com/RKRoberts97/byu_football_tree/refs/heads/main/College/Coaches/College%20Head%20Coaches/Kalani_Sitake/2024_brigham-young_roster.csv,Jake Griffin,SO,OL,,2024,Brigham Young,Kalani Sitake
https://raw.githubusercontent.com/RKRoberts97/byu_football_tree/refs/heads/main/College/Coaches/College%20Head%20Coaches/Kalani_Sitake/2024_brigham-young_roster.csv,Sione Hingano,FR,OL,,2024,Brigham Young,Kalani Sitake
https://raw.githubusercontent.com/RKRoberts97/byu_football_tree/refs/heads/main/College/Coaches/College%20Head%20Coaches/Kalani_Sitake/2024_brigham-young_roster.csv,Weston Jones,SO,OL,,2024,Brigham Young,Kalani Sitake
https://raw.githubusercontent.com/RKRoberts97/byu_football_tree/refs/heads/main/College/Coaches/College%20Head%20Coaches/Kalani_Sitake/2024_brigham-young_roster.csv,Jackson Nelson,FR,OL,,2024,Brigham Young,Kalani Sitake
https://raw.githubusercontent.com/RKRoberts97/byu_football_tree/refs/heads/main/College/Coaches/College%20Head%20Coaches/Kalani_Sitake/2024_brigham-young_roster.csv,Trevin Ostler,SO,OL,,2024,Brigham Young,Kalani Sitake
https://raw.githubusercontent.com/RKRoberts97/byu_football_tree/refs/heads/main/College/Coaches/College%20Head%20Coaches/Kalani_Sitake/2024_brigham-young_roster.csv,Trevor Pay,FR,OL,,2024,Brigham Young,Kalani Sitake
https://raw.githubusercontent.com/RKRoberts97/byu_football_tree/refs/heads/main/College/Coaches/College%20Head%20Coaches/Kalani_Sitake/2024_brigham-young_roster.csv,Ikinasio Tupou,FR,OL,,2024,Brigham Young,Kalani Sitake
https://raw.githubusercontent.com/RKRoberts97/byu_football_tree/refs/heads/main/College/Coaches/College%20Head%20Coaches/Kalani_Sitake/2024_brigham-young_roster.csv,Will Ferrin,SO,K,,2024,Brigham Young,Kalani Sitake
https://raw.githubusercontent.com/RKRoberts97/byu_football_tree/refs/heads/main/College/Coaches/College%20Head%20Coaches/Kalani_Sitake/2024_brigham-young_roster.csv,Matthias Dunn,SO,K,,2024,Brigham Young,Kalani Sitake
https://raw.githubusercontent.com/RKRoberts97/byu_football_tree/refs/heads/main/College/Coaches/College%20Head%20Coaches/Kalani_Sitake/2024_brigham-young_roster.csv,Tyler Batty,SR,DL,,2024,Brigham Young,Kalani Sitake
https://raw.githubusercontent.com/RKRoberts97/byu_football_tree/refs/heads/main/College/Coaches/College%20Head%20Coaches/Kalani_Sitake/2024_brigham-young_roster.csv,Choe Bryant-Strother,JR,DL,,2024,Brigham Young,Kalani Sitake
https://raw.githubusercontent.com/RKRoberts97/byu_football_tree/refs/heads/main/College/Coaches/College%20Head%20Coaches/Kalani_Sitake/2024_brigham-young_roster.csv,David Latu,JR,DL,,2024,Brigham Young,Kalani Sitake
https://raw.githubusercontent.com/RKRoberts97/byu_football_tree/refs/heads/main/College/Coaches/College%20Head%20Coaches/Kalani_Sitake/2024_brigham-young_roster.csv,Logan Lutui,JR,DL,,2024,Brigham Young,Kalani Sitake
https://raw.githubusercontent.com/RKRoberts97/byu_football_tree/refs/heads/main/College/Coaches/College%20Head%20Coaches/Kalani_Sitake/2024_brigham-young_roster.csv,Blake Mangelson,SR,DL,,2024,Brigham Young,Kalani Sitake
https://raw.githubusercontent.com/RKRoberts97/byu_football_tree/refs/heads/main/College/Coaches/College%20Head%20Coaches/Kalani_Sitake/2024_brigham-young_roster.csv,John Nelson,SR,DL,,2024,Brigham Young,Kalani Sitake
https://raw.githubusercontent.com/RKRoberts97/byu_football_tree/refs/heads/main/College/Coaches/College%20Head%20Coaches/Kalani_Sitake/2024_brigham-young_roster.csv,Joshua Singh,SR,DL,,2024,Brigham Young,Kalani Sitake
https://raw.githubusercontent.com/RKRoberts97/byu_football_tree/refs/heads/main/College/Coaches/College%20Head%20Coaches/Kalani_Sitake/2024_brigham-young_roster.csv,Iosefa Letuli,FR,DL,,2024,Brigham Young,Kalani Sitake
https://raw.githubusercontent.com/RKRoberts97/byu_football_tree/refs/heads/main/College/Coaches/College%20Head%20Coaches/Kalani_Sitake/2024_brigham-young_roster.csv,Siale Esera,SO,LB,,2024,Brigham Young,Kalani Sitake
https://raw.githubusercontent.com/RKRoberts97/byu_football_tree/refs/heads/main/College/Coaches/College%20Head%20Coaches/Kalani_Sitake/2024_brigham-young_roster.csv,Isaiah Glasker,SO,LB,,2024,Brigham Young,Kalani Sitake
https://raw.githubusercontent.com/RKRoberts97/byu_football_tree/refs/heads/main/College/Coaches/College%20Head%20Coaches/Kalani_Sitake/2024_brigham-young_roster.csv,Miles Hall,SO,LB,,2024,Brigham Young,Kalani Sitake
https://raw.githubusercontent.com/RKRoberts97/byu_football_tree/refs/heads/main/College/Coaches/College%20Head%20Coaches/Kalani_Sitake/2024_brigham-young_roster.csv,Ace Kaufusi,SO,LB,,2024,Brigham Young,Kalani Sitake
https://raw.githubusercontent.com/RKRoberts97/byu_football_tree/refs/heads/main/College/Coaches/College%20Head%20Coaches/Kalani_Sitake/2024_brigham-young_roster.csv,Maika Kaufusi,SO,LB,,2024,Brigham Young,Kalani Sitake
https://raw.githubusercontent.com/RKRoberts97/byu_football_tree/refs/heads/main/College/Coaches/College%20Head%20Coaches/Kalani_Sitake/2024_brigham-young_roster.csv,Jack Kelly,JR,LB,,2024,Brigham Young,Kalani Sitake
https://raw.githubusercontent.com/RKRoberts97/byu_football_tree/refs/heads/main/College/Coaches/College%20Head%20Coaches/Kalani_Sitake/2024_brigham-young_roster.csv,Aisea Moa,JR,LB,,2024,Brigham Young,Kalani Sitake
https://raw.githubusercontent.com/RKRoberts97/byu_football_tree/refs/heads/main/College/Coaches/College%20Head%20Coaches/Kalani_Sitake/2024_brigham-young_roster.csv,Sione Moa,JR,LB,,2024,Brigham Young,Kalani Sitake
https://raw.githubusercontent.com/RKRoberts97/byu_football_tree/refs/heads/main/College/Coaches/College%20Head%20Coaches/Kalani_Sitake/2024_brigham-young_roster.csv,Bodie Schoonover,JR,LB,,2024,Brigham Young,Kalani Sitake
https://raw.githubusercontent.com/RKRoberts97/byu_football_tree/refs/heads/main/College/Coaches/College%20Head%20Coaches/Kalani_Sitake/2024_brigham-young_roster.csv,Harrison Taggart,SO,LB,,2024,Brigham Young,Kalani Sitake
https://raw.githubusercontent.com/RKRoberts97/byu_football_tree/refs/heads/main/College/Coaches/College%20Head%20Coaches/Kalani_Sitake/2024_brigham-young_roster.csv,Peter Tuipulotu,SO,LB,,2024,Brigham Young,Kalani Sitake
https://raw.githubusercontent.com/RKRoberts97/byu_football_tree/refs/heads/main/College/Coaches/College%20Head%20Coaches/Kalani_Sitake/2024_brigham-young_roster.csv,Lucky Finau,SO,LB,,2024,Brigham Young,Kalani Sitake
https://raw.githubusercontent.com/RKRoberts97/byu_football_tree/refs/heads/main/College/Coaches/College%20Head%20Coaches/Kalani_Sitake/2024_brigham-young_roster.csv,Nuu Sellesin,SO,LB,,2024,Brigham Young,Kalani Sitake
https://raw.githubusercontent.com/RKRoberts97/byu_football_tree/refs/heads/main/College/Coaches/College%20Head%20Coaches/Kalani_Sitake/2024_brigham-young_roster.csv,Talan Alfrey,SR,DB,,2024,Brigham Young,Kalani Sitake
https://raw.githubusercontent.com/RKRoberts97/byu_football_tree/refs/heads/main/College/Coaches/College%20Head%20Coaches/Kalani_Sitake/2024_brigham-young_roster.csv,Kevin Doe,SO,DB,,2024,Brigham Young,Kalani Sitake
https://raw.githubusercontent.com/RKRoberts97/byu_football_tree/refs/heads/main/College/Coaches/College%20Head%20Coaches/Kalani_Sitake/2024_brigham-young_roster.csv,Chika Ebunoha,JR,DB,,2024,Brigham Young,Kalani Sitake
https://raw.githubusercontent.com/RKRoberts97/byu_football_tree/refs/heads/main/College/Coaches/College%20Head%20Coaches/Kalani_Sitake/2024_brigham-young_roster.csv,Koa Eldredge,SO,DB,,2024,Brigham Young,Kalani Sitake
https://raw.githubusercontent.com/RKRoberts97/byu_football_tree/refs/heads/main/College/Coaches/College%20Head%20Coaches/Kalani_Sitake/2024_brigham-young_roster.csv,Micah Harper,SR,DB,,2024,Brigham Young,Kalani Sitake
https://raw.githubusercontent.com/RKRoberts97/byu_football_tree/refs/heads/main/College/Coaches/College%20Head%20Coaches/Kalani_Sitake/2024_brigham-young_roster.csv,Evan Johnson,JR,DB,,2024,Brigham Young,Kalani Sitake
https://raw.githubusercontent.com/RKRoberts97/byu_football_tree/refs/heads/main/College/Coaches/College%20Head%20Coaches/Kalani_Sitake/2024_brigham-young_roster.csv,Jonathan Kabeya,FR,DB,,2024,Brigham Young,Kalani Sitake
https://raw.githubusercontent.com/RKRoberts97/byu_football_tree/refs/heads/main/College/Coaches/College%20Head%20Coaches/Kalani_Sitake/2024_brigham-young_roster.csv,Preston Rex,JR,DB,,2024,Brigham Young,Kalani Sitake
https://raw.githubusercontent.com/RKRoberts97/byu_football_tree/refs/heads/main/College/Coaches/College%20Head%20Coaches/Kalani_Sitake/2024_brigham-young_roster.csv,Ethan Slade,SR,DB,,2024,Brigham Young,Kalani Sitake
https://raw.githubusercontent.com/RKRoberts97/byu_football_tree/refs/heads/main/College/Coaches/College%20Head%20Coaches/Kalani_Sitake/2024_brigham-young_roster.csv,Matthias Leach,FR,DB,,2024,Brigham Young,Kalani Sitake
https://raw.githubusercontent.com/RKRoberts97/byu_football_tree/refs/heads/main/College/Coaches/College%20Head%20Coaches/Kalani_Sitake/2024_brigham-young_roster.csv,Sam Vander Haar,SO,P,,2024,Brigham Young,Kalani Sitake
https://raw.githubusercontent.com/RKRoberts97/byu_football_tree/refs/heads/main/College/Coaches/College%20Head%20Coaches/Kalani_Sitake/2024_brigham-young_roster.csv,Landon Rehkow,SO,P,,2024,Brigham Young,Kalani Sitake
https://raw.githubusercontent.com/RKRoberts97/byu_football_tree/refs/heads/main/College/Coaches/College%20Head%20Coaches/Kalani_Sitake/2024_brigham-young_roster.csv,Therrian Alexander,FR,CB,,2024,Brigham Young,Kalani Sitake
https://raw.githubusercontent.com/RKRoberts97/byu_football_tree/refs/heads/main/College/Coaches/College%20Head%20Coaches/Kalani_Sitake/2024_brigham-young_roster.csv,Ephraim Asiata,FR,DE,,2024,Brigham Young,Kalani Sitake
https://raw.githubusercontent.com/RKRoberts97/byu_football_tree/refs/heads/main/College/Coaches/College%20Head%20Coaches/Kalani_Sitake/2024_brigham-young_roster.csv,Isaiah Bagnah,SR,DE,,2024,Brigham Young,Kalani Sitake
https://raw.githubusercontent.com/RKRoberts97/byu_football_tree/refs/heads/main/College/Coaches/College%20Head%20Coaches/Kalani_Sitake/2024_brigham-young_roster.csv,Mory Bamba,JR,CB,,2024,Brigham Young,Kalani Sitake
https://raw.githubusercontent.com/RKRoberts97/byu_football_tree/refs/heads/main/College/Coaches/College%20Head%20Coaches/Kalani_Sitake/2024_brigham-young_roster.csv,Marque Collins,SR,CB,,2024,Brigham Young,Kalani Sitake
https://raw.githubusercontent.com/RKRoberts97/byu_football_tree/refs/heads/main/College/Coaches/College%20Head%20Coaches/Kalani_Sitake/2024_brigham-young_roster.csv,Raider Damuni,SO,S,,2024,Brigham Young,Kalani Sitake
https://raw.githubusercontent.com/RKRoberts97/byu_football_tree/refs/heads/main/College/Coaches/College%20Head%20Coaches/Kalani_Sitake/2024_brigham-young_roster.csv,Jayden Dunlap,SR,CB,,2024,Brigham Young,Kalani Sitake
https://raw.githubusercontent.com/RKRoberts97/byu_football_tree/refs/heads/main/College/Coaches/College%20Head%20Coaches/Kalani_Sitake/2024_brigham-young_roster.csv,Orion Maile-Kaufusi,FR,DE,,2024,Brigham Young,Kalani Sitake
https://raw.githubusercontent.com/RKRoberts97/byu_football_tree/refs/heads/main/College/Coaches/College%20Head%20Coaches/Kalani_Sitake/2024_brigham-young_roster.csv,Marcus McKenzie,SO,CB,,2024,Brigham Young,Kalani Sitake
https://raw.githubusercontent.com/RKRoberts97/byu_football_tree/refs/heads/main/College/Coaches/College%20Head%20Coaches/Kalani_Sitake/2024_brigham-young_roster.csv,Viliami Po'uha,FR,DE,,2024,Brigham Young,Kalani Sitake
https://raw.githubusercontent.com/RKRoberts97/byu_football_tree/refs/heads/main/College/Coaches/College%20Head%20Coaches/Kalani_Sitake/2024_brigham-young_roster.csv,Tommy Prassas,FR,S,,2024,Brigham Young,Kalani Sitake
https://raw.githubusercontent.com/RKRoberts97/byu_football_tree/refs/heads/main/College/Coaches/College%20Head%20Coaches/Kalani_Sitake/2024_brigham-young_roster.csv,Dalton Riggs,JR,LS,,2024,Brigham Young,Kalani Sitake
https://raw.githubusercontent.com/RKRoberts97/byu_football_tree/refs/heads/main/College/Coaches/College%20Head%20Coaches/Kalani_Sitake/2024_brigham-young_roster.csv,Jakob Robinson,SR,CB,,2024,Brigham Young,Kalani Sitake
https://raw.githubusercontent.com/RKRoberts97/byu_football_tree/refs/heads/main/College/Coaches/College%20Head%20Coaches/Kalani_Sitake/2024_brigham-young_roster.csv,Faletau Satuala,FR,S,,2024,Brigham Young,Kalani Sitake
https://raw.githubusercontent.com/RKRoberts97/byu_football_tree/refs/heads/main/College/Coaches/College%20Head%20Coaches/Kalani_Sitake/2024_brigham-young_roster.csv,Cannon Skidmore,FR,LS,,2024,Brigham Young,Kalani Sitake
https://raw.githubusercontent.com/RKRoberts97/byu_football_tree/refs/heads/main/College/Coaches/College%20Head%20Coaches/Kalani_Sitake/2024_brigham-young_roster.csv,John Taumoepeau,JR,DT,,2024,Brigham Young,Kalani Sitake
https://raw.githubusercontent.com/RKRoberts97/byu_football_tree/refs/heads/main/College/Coaches/College%20Head%20Coaches/Kalani_Sitake/2024_brigham-young_roster.csv,Luke Toomalatai,JR,DT,,2024,Brigham Young,Kalani Sitake
https://raw.githubusercontent.com/RKRoberts97/byu_football_tree/refs/heads/main/College/Coaches/College%20Head%20Coaches/Kalani_Sitake/2024_brigham-young_roster.csv,Sani Tuala,SO,DE,,2024,Brigham Young,Kalani Sitake
https://raw.githubusercontent.com/RKRoberts97/byu_football_tree/refs/heads/main/College/Coaches/College%20Head%20Coaches/Kalani_Sitake/2024_brigham-young_roster.csv,Payton VanSteenkiste,FR,S,,2024,Brigham Young,Kalani Sitake
https://raw.githubusercontent.com/RKRoberts97/byu_football_tree/refs/heads/main/College/Coaches/College%20Head%20Coaches/Kalani_Sitake/2024_brigham-young_roster.csv,Crew Wakley,JR,S,,2024,Brigham Young,Kalani Sitake
https://raw.githubusercontent.com/RKRoberts97/byu_football_tree/refs/heads/main/College/Coaches/College%20Head%20Coaches/Kalani_Sitake/2024_brigham-young_roster.csv,Tanner Wall,SR,S,,2024,Brigham Young,Kalani Sitake
https://raw.githubusercontent.com/RKRoberts97/byu_football_tree/refs/heads/main/College/Coaches/College%20Head%20Coaches/Kalani_Sitake/2024_brigham-young_roster.csv,Kinilau Fonohema,FR,DE,,2024,Brigham Young,Kalani Sitake
https://raw.githubusercontent.com/RKRoberts97/byu_football_tree/refs/heads/main/College/Coaches/College%20Head%20Coaches/Kalani_Sitake/2024_brigham-young_roster.csv,Dallin Havea,FR,DT,,2024,Brigham Young,Kalani Sitake
https://raw.githubusercontent.com/RKRoberts97/byu_football_tree/refs/heads/main/College/Coaches/College%20Head%20Coaches/Kalani_Sitake/2024_brigham-young_roster.csv,Nathan Hoke,FR,DE,,2024,Brigham Young,Kalani Sitake
https://raw.githubusercontent.com/RKRoberts97/byu_football_tree/refs/heads/main/College/Coaches/College%20Head%20Coaches/Kalani_Sitake/2024_brigham-young_roster.csv,Dallin Johnson,FR,DT,,2024,Brigham Young,Kalani Sitake
https://raw.githubusercontent.com/RKRoberts97/byu_football_tree/refs/heads/main/College/Coaches/College%20Head%20Coaches/Kalani_Sitake/2024_brigham-young_roster.csv,Jarinn Kalama,FR,S,,2024,Brigham Young,Kalani Sitake
https://raw.githubusercontent.com/RKRoberts97/byu_football_tree/refs/heads/main/College/Coaches/College%20Head%20Coaches/Kalani_Sitake/2024_brigham-young_roster.csv,Malae Tanuvasa,SO,S,,2024,Brigham Young,Kalani Sitake
https://raw.githubusercontent.com/RKRoberts97/byu_football_tree/refs/heads/main/College/Coaches/College%20Head%20Coaches/Kalani_Sitake/2024_brigham-young_roster.csv,Carson Tujague,FR,DE,,2024,Brigham Young,Kalani Sitake
https://raw.githubusercontent.com/RKRoberts97/byu_football_tree/refs/heads/main/College/Coaches/College%20Head%20Coaches/Kalani_Sitake/2025_brigham-young_roster.csv,Bear Bachmeier,FR,QB,"42 Cmp, 63 Att, 518 Yds, 4 TD",2025,Brigham Young,Kalani Sitake
https://raw.githubusercontent.com/RKRoberts97/byu_football_tree/refs/heads/main/College/Coaches/College%20Head%20Coaches/Kalani_Sitake/2025_brigham-young_roster.csv,McCae Hillstead,SO,QB,"4 Cmp, 5 Att, 33 Yds, 0 TD",2025,Brigham Young,Kalani Sitake
https://raw.githubusercontent.com/RKRoberts97/byu_football_tree/refs/heads/main/College/Coaches/College%20Head%20Coaches/Kalani_Sitake/2025_brigham-young_roster.csv,Treyson Bourguet,SR,QB,"1 Cmp, 2 Att, 8 Yds, 0 TD",2025,Brigham Young,Kalani Sitake
https://raw.githubusercontent.com/RKRoberts97/byu_football_tree/refs/heads/main/College/Coaches/College%20Head%20Coaches/Kalani_Sitake/2025_brigham-young_roster.csv,Cole Hagen,JR,QB,,2025,Brigham Young,Kalani Sitake
https://raw.githubusercontent.com/RKRoberts97/byu_football_tree/refs/heads/main/College/Coaches/College%20Head%20Coaches/Kalani_Sitake/2025_brigham-young_roster.csv,Emerson Geilman,FR,QB,,2025,Brigham Young,Kalani Sitake
https://raw.githubusercontent.com/RKRoberts97/byu_football_tree/refs/heads/main/College/Coaches/College%20Head%20Coaches/Kalani_Sitake/2025_brigham-young_roster.csv,LJ Martin,JR,RB,"40 Att, 342 Yds, 8.6 Avg",2025,Brigham Young,Kalani Sitake
https://raw.githubusercontent.com/RKRoberts97/byu_football_tree/refs/heads/main/College/Coaches/College%20Head%20Coaches/Kalani_Sitake/2025_brigham-young_roster.csv,Sione I Moa,SO,RB,"17 Att, 90 Yds, 5.3 Avg",2025,Brigham Young,Kalani Sitake
https://raw.githubusercontent.com/RKRoberts97/byu_football_tree/refs/heads/main/College/Coaches/College%20Head%20Coaches/Kalani_Sitake/2025_brigham-young_roster.csv,Jovesa Damuni,FR,RB,"8 Att, 50 Yds, 6.3 Avg",2025,Brigham Young,Kalani Sitake
https://raw.githubusercontent.com/RKRoberts97/byu_football_tree/refs/heads/main/College/Coaches/College%20Head%20Coaches/Kalani_Sitake/2025_brigham-young_roster.csv,Lucky Finau,JR,RB,"8 Att, 32 Yds, 4.0 Avg",2025,Brigham Young,Kalani Sitake
https://raw.githubusercontent.com/RKRoberts97/byu_football_tree/refs/heads/main/College/Coaches/College%20Head%20Coaches/Kalani_Sitake/2025_brigham-young_roster.csv,Charles Miska,SO,RB,"6 Att, 14 Yds, 2.3 Avg",2025,Brigham Young,Kalani Sitake
https://raw.githubusercontent.com/RKRoberts97/byu_football_tree/refs/heads/main/College/Coaches/College%20Head%20Coaches/Kalani_Sitake/2025_brigham-young_roster.csv,Enoch Nawahine,SR,RB,"3 Att, 5 Yds, 1.7 Avg",2025,Brigham Young,Kalani Sitake
https://raw.githubusercontent.com/RKRoberts97/byu_football_tree/refs/heads/main/College/Coaches/College%20Head%20Coaches/Kalani_Sitake/2025_brigham-young_roster.csv,Preston Rex,SR,RB,,2025,Brigham Young,Kalani Sitake
https://raw.githubusercontent.com/RKRoberts97/byu_football_tree/refs/heads/main/College/Coaches/College%20Head%20Coaches/Kalani_Sitake/2025_brigham-young_roster.csv,Kason Krebs,SO,RB,,2025,Brigham Young,Kalani Sitake
https://raw.githubusercontent.com/RKRoberts97/byu_football_tree/refs/heads/main/College/Coaches/College%20Head%20Coaches/Kalani_Sitake/2025_brigham-young_roster.csv,Logan Payne,FR,RB,,2025,Brigham Young,Kalani Sitake
https://raw.githubusercontent.com/RKRoberts97/byu_football_tree/refs/heads/main/College/Coaches/College%20Head%20Coaches/Kalani_Sitake/2025_brigham-young_roster.csv,Parker Kingston,SR,WR,"9 Rec, 67 Yds, 7.4 Avg",2025,Brigham Young,Kalani Sitake
https://raw.githubusercontent.com/RKRoberts97/byu_football_tree/refs/heads/main/College/Coaches/College%20Head%20Coaches/Kalani_Sitake/2025_brigham-young_roster.csv,Cody Hagen,SO,WR,"3 Rec, 42 Yds, 14.0 Avg",2025,Brigham Young,Kalani Sitake
https://raw.githubusercontent.com/RKRoberts97/byu_football_tree/refs/heads/main/College/Coaches/College%20Head%20Coaches/Kalani_Sitake/2025_brigham-young_roster.csv,Tiger Bachmeier,JR,WR,"1 Rec, 8 Yds, 8.0 Avg",2025,Brigham Young,Kalani Sitake
https://raw.githubusercontent.com/RKRoberts97/byu_football_tree/refs/heads/main/College/Coaches/College%20Head%20Coaches/Kalani_Sitake/2025_brigham-young_roster.csv,Dominique McKenzie,SO,WR,,2025,Brigham Young,Kalani Sitake
https://raw.githubusercontent.com/RKRoberts97/byu_football_tree/refs/heads/main/College/Coaches/College%20Head%20Coaches/Kalani_Sitake/2025_brigham-young_roster.csv,Trey Roberts,FR,WR,,2025,Brigham Young,Kalani Sitake
https://raw.githubusercontent.com/RKRoberts97/byu_football_tree/refs/heads/main/College/Coaches/College%20Head%20Coaches/Kalani_Sitake/2025_brigham-young_roster.csv,Chase Roberts,SR,WR,"11 Rec, 185 Yds, 16.8 Avg",2025,Brigham Young,Kalani Sitake
https://raw.githubusercontent.com/RKRoberts97/byu_football_tree/refs/heads/main/College/Coaches/College%20Head%20Coaches/Kalani_Sitake/2025_brigham-young_roster.csv,Jojo Phillips,JR,WR,"3 Rec, 30 Yds, 10.0 Avg",2025,Brigham Young,Kalani Sitake
https://raw.githubusercontent.com/RKRoberts97/byu_football_tree/refs/heads/main/College/Coaches/College%20Head%20Coaches/Kalani_Sitake/2025_brigham-young_roster.csv,Rowan Reay,SO,WR,"1 Rec, 8 Yds, 8.0 Avg",2025,Brigham Young,Kalani Sitake
https://raw.githubusercontent.com/RKRoberts97/byu_football_tree/refs/heads/main/College/Coaches/College%20Head%20Coaches/Kalani_Sitake/2025_brigham-young_roster.csv,Tei Nacua,FR,WR,,2025,Brigham Young,Kalani Sitake
https://raw.githubusercontent.com/RKRoberts97/byu_football_tree/refs/heads/main/College/Coaches/College%20Head%20Coaches/Kalani_Sitake/2025_brigham-young_roster.csv,Reggie Frischknecht,SO,WR,,2025,Brigham Young,Kalani Sitake
https://raw.githubusercontent.com/RKRoberts97/byu_football_tree/refs/heads/main/College/Coaches/College%20Head%20Coaches/Kalani_Sitake/2025_brigham-young_roster.csv,Kila Keone,FR,WR,,2025,Brigham Young,Kalani Sitake
https://raw.githubusercontent.com/RKRoberts97/byu_football_tree/refs/heads/main/College/Coaches/College%20Head%20Coaches/Kalani_Sitake/2025_brigham-young_roster.csv,Lamason Waller III,FR,WR,,2025,Brigham Young,Kalani Sitake
https://raw.githubusercontent.com/RKRoberts97/byu_football_tree/refs/heads/main/College/Coaches/College%20Head%20Coaches/Kalani_Sitake/2025_brigham-young_roster.csv,Carsen Ryan,SR,TE,"9 Rec, 146 Yds, 16.2 Avg",2025,Brigham Young,Kalani Sitake
https://raw.githubusercontent.com/RKRoberts97/byu_football_tree/refs/heads/main/College/Coaches/College%20Head%20Coaches/Kalani_Sitake/2025_brigham-young_roster.csv,Noah Moeaki,SO,TE,"1 Rec, 5 Yds, 5.0 Avg",2025,Brigham Young,Kalani Sitake
https://raw.githubusercontent.com/RKRoberts97/byu_football_tree/refs/heads/main/College/Coaches/College%20Head%20Coaches/Kalani_Sitake/2025_brigham-young_roster.csv,Ethan Erickson,SR,TE,,2025,Brigham Young,Kalani Sitake
https://raw.githubusercontent.com/RKRoberts97/byu_football_tree/refs/heads/main/College/Coaches/College%20Head%20Coaches/Kalani_Sitake/2025_brigham-young_roster.csv,Keayen Nead,JR,TE,,2025,Brigham Young,Kalani Sitake
https://raw.githubusercontent.com/RKRoberts97/byu_football_tree/refs/heads/main/College/Coaches/College%20Head%20Coaches/Kalani_Sitake/2025_brigham-young_roster.csv,Anthony Olsen,SR,TE,,2025,Brigham Young,Kalani Sitake
https://raw.githubusercontent.com/RKRoberts97/byu_football_tree/refs/heads/main/College/Coaches/College%20Head%20Coaches/Kalani_Sitake/2025_brigham-young_roster.csv,Ethan Wood,SO,TE,,2025,Brigham Young,Kalani Sitake
https://raw.githubusercontent.com/RKRoberts97/byu_football_tree/refs/heads/main/College/Coaches/College%20Head%20Coaches/Kalani_Sitake/2025_brigham-young_roster.csv,Will Zundell,SO,TE,,2025,Brigham Young,Kalani Sitake
https://raw.githubusercontent.com/RKRoberts97/byu_football_tree/refs/heads/main/College/Coaches/College%20Head%20Coaches/Kalani_Sitake/2025_brigham-young_roster.csv,Cole Clement,FR,TE,,2025,Brigham Young,Kalani Sitake
https://raw.githubusercontent.com/RKRoberts97/byu_football_tree/refs/heads/main/College/Coaches/College%20Head%20Coaches/Kalani_Sitake/2025_brigham-young_roster.csv,Tucker Kelleher,FR,TE,,2025,Brigham Young,Kalani Sitake
https://raw.githubusercontent.com/RKRoberts97/byu_football_tree/refs/heads/main/College/Coaches/College%20Head%20Coaches/Kalani_Sitake/2025_brigham-young_roster.csv,Jacob Nye,FR,TE,,2025,Brigham Young,Kalani Sitake
https://raw.githubusercontent.com/RKRoberts97/byu_football_tree/refs/heads/main/College/Coaches/College%20Head%20Coaches/Kalani_Sitake/2025_brigham-young_roster.csv,Joe Brown,FR,OL,,2025,Brigham Young,Kalani Sitake
https://raw.githubusercontent.com/RKRoberts97/byu_football_tree/refs/heads/main/College/Coaches/College%20Head%20Coaches/Kalani_Sitake/2025_brigham-young_roster.csv,Kaden Chidester,JR,OL,,2025,Brigham Young,Kalani Sitake
https://raw.githubusercontent.com/RKRoberts97/byu_football_tree/refs/heads/main/College/Coaches/College%20Head%20Coaches/Kalani_Sitake/2025_brigham-young_roster.csv,Andrew Gentry,SR,OL,,2025,Brigham Young,Kalani Sitake
https://raw.githubusercontent.com/RKRoberts97/byu_football_tree/refs/heads/main/College/Coaches/College%20Head%20Coaches/Kalani_Sitake/2025_brigham-young_roster.csv,Jake Griffin,JR,OL,,2025,Brigham Young,Kalani Sitake
https://raw.githubusercontent.com/RKRoberts97/byu_football_tree/refs/heads/main/College/Coaches/College%20Head%20Coaches/Kalani_Sitake/2025_brigham-young_roster.csv,Isaiah Jatta,SR,OL,,2025,Brigham Young,Kalani Sitake
https://raw.githubusercontent.com/RKRoberts97/byu_football_tree/refs/heads/main/College/Coaches/College%20Head%20Coaches/Kalani_Sitake/2025_brigham-young_roster.csv,Weylin Lapuaho,JR,OL,,2025,Brigham Young,Kalani Sitake
https://raw.githubusercontent.com/RKRoberts97/byu_football_tree/refs/heads/main/College/Coaches/College%20Head%20Coaches/Kalani_Sitake/2025_brigham-young_roster.csv,Siosiua Latu-Finau,FR,OL,,2025,Brigham Young,Kalani Sitake
https://raw.githubusercontent.com/RKRoberts97/byu_football_tree/refs/heads/main/College/Coaches/College%20Head%20Coaches/Kalani_Sitake/2025_brigham-young_roster.csv,Austin Leausa,JR,OL,,2025,Brigham Young,Kalani Sitake
https://raw.githubusercontent.com/RKRoberts97/byu_football_tree/refs/heads/main/College/Coaches/College%20Head%20Coaches/Kalani_Sitake/2025_brigham-young_roster.csv,Sonny Makasini,SR,OL,,2025,Brigham Young,Kalani Sitake
https://raw.githubusercontent.com/RKRoberts97/byu_football_tree/refs/heads/main/College/Coaches/College%20Head%20Coaches/Kalani_Sitake/2025_brigham-young_roster.csv,Bruce Mitchell,SR,OL,,2025,Brigham Young,Kalani Sitake
https://raw.githubusercontent.com/RKRoberts97/byu_football_tree/refs/heads/main/College/Coaches/College%20Head%20Coaches/Kalani_Sitake/2025_brigham-young_roster.csv,Trevin Ostler,JR,OL,,2025,Brigham Young,Kalani Sitake
https://raw.githubusercontent.com/RKRoberts97/byu_football_tree/refs/heads/main/College/Coaches/College%20Head%20Coaches/Kalani_Sitake/2025_brigham-young_roster.csv,Trevor Pay,FR,OL,,2025,Brigham Young,Kalani Sitake
https://raw.githubusercontent.com/RKRoberts97/byu_football_tree/refs/heads/main/College/Coaches/College%20Head%20Coaches/Kalani_Sitake/2025_brigham-young_roster.csv,Kyle Sfarcioc,SR,OL,,2025,Brigham Young,Kalani Sitake
https://raw.githubusercontent.com/RKRoberts97/byu_football_tree/refs/heads/main/College/Coaches/College%20Head%20Coaches/Kalani_Sitake/2025_brigham-young_roster.csv,Ikinasio Tupou,SO,OL,,2025,Brigham Young,Kalani Sitake
https://raw.githubusercontent.com/RKRoberts97/byu_football_tree/refs/heads/main/College/Coaches/College%20Head%20Coaches/Kalani_Sitake/2025_brigham-young_roster.csv,Brigham Alexander,FR,OL,,2025,Brigham Young,Kalani Sitake
https://raw.githubusercontent.com/RKRoberts97/byu_football_tree/refs/heads/main/College/Coaches/College%20Head%20Coaches/Kalani_Sitake/2025_brigham-young_roster.csv,Sione Hingano,SO,OL,,2025,Brigham Young,Kalani Sitake
https://raw.githubusercontent.com/RKRoberts97/byu_football_tree/refs/heads/main/College/Coaches/College%20Head%20Coaches/Kalani_Sitake/2025_brigham-young_roster.csv,Jeff Lewis,FR,OL,,2025,Brigham Young,Kalani Sitake
https://raw.githubusercontent.com/RKRoberts97/byu_football_tree/refs/heads/main/College/Coaches/College%20Head%20Coaches/Kalani_Sitake/2025_brigham-young_roster.csv,Ethan Thomason,FR,OL,,2025,Brigham Young,Kalani Sitake
https://raw.githubusercontent.com/RKRoberts97/byu_football_tree/refs/heads/main/College/Coaches/College%20Head%20Coaches/Kalani_Sitake/2025_brigham-young_roster.csv,Matthias Dunn,JR,K,,2025,Brigham Young,Kalani Sitake
https://raw.githubusercontent.com/RKRoberts97/byu_football_tree/refs/heads/main/College/Coaches/College%20Head%20Coaches/Kalani_Sitake/2025_brigham-young_roster.csv,Will Ferrin,JR,K,,2025,Brigham Young,Kalani Sitake
https://raw.githubusercontent.com/RKRoberts97/byu_football_tree/refs/heads/main/College/Coaches/College%20Head%20Coaches/Kalani_Sitake/2025_brigham-young_roster.csv,Fuller Shurtz,FR,K,,2025,Brigham Young,Kalani Sitake
https://raw.githubusercontent.com/RKRoberts97/byu_football_tree/refs/heads/main/College/Coaches/College%20Head%20Coaches/Kalani_Sitake/2025_brigham-young_roster.csv,Tausili Akana,SO,DL,,2025,Brigham Young,Kalani Sitake
https://raw.githubusercontent.com/RKRoberts97/byu_football_tree/refs/heads/main/College/Coaches/College%20Head%20Coaches/Kalani_Sitake/2025_brigham-young_roster.csv,Choe Bryant-Strother,SR,DL,,2025,Brigham Young,Kalani Sitake
https://raw.githubusercontent.com/RKRoberts97/byu_football_tree/refs/heads/main/College/Coaches/College%20Head%20Coaches/Kalani_Sitake/2025_brigham-young_roster.csv,Logan Lutui,SR,DL,,2025,Brigham Young,Kalani Sitake
https://raw.githubusercontent.com/RKRoberts97/byu_football_tree/refs/heads/main/College/Coaches/College%20Head%20Coaches/Kalani_Sitake/2025_brigham-young_roster.csv,Kaufusi Pakofe,SR,DL,,2025,Brigham Young,Kalani Sitake
https://raw.githubusercontent.com/RKRoberts97/byu_football_tree/refs/heads/main/College/Coaches/College%20Head%20Coaches/Kalani_Sitake/2025_brigham-young_roster.csv,Kendal Wall,FR,DL,,2025,Brigham Young,Kalani Sitake
https://raw.githubusercontent.com/RKRoberts97/byu_football_tree/refs/heads/main/College/Coaches/College%20Head%20Coaches/Kalani_Sitake/2025_brigham-young_roster.csv,Siosefa Brown,FR,DL,,2025,Brigham Young,Kalani Sitake
https://raw.githubusercontent.com/RKRoberts97/byu_football_tree/refs/heads/main/College/Coaches/College%20Head%20Coaches/Kalani_Sitake/2025_brigham-young_roster.csv,Kelepi Latu-Finau,FR,DL,,2025,Brigham Young,Kalani Sitake
https://raw.githubusercontent.com/RKRoberts97/byu_football_tree/refs/heads/main/College/Coaches/College%20Head%20Coaches/Kalani_Sitake/2025_brigham-young_roster.csv,Maverick McManus,FR,DL,,2025,Brigham Young,Kalani Sitake
https://raw.githubusercontent.com/RKRoberts97/byu_football_tree/refs/heads/main/College/Coaches/College%20Head%20Coaches/Kalani_Sitake/2025_brigham-young_roster.csv,Alvin Puefua,FR,DL,,2025,Brigham Young,Kalani Sitake
https://raw.githubusercontent.com/RKRoberts97/byu_football_tree/refs/heads/main/College/Coaches/College%20Head%20Coaches/Kalani_Sitake/2025_brigham-young_roster.csv,Vincent Tautua,FR,DL,,2025,Brigham Young,Kalani Sitake
https://raw.githubusercontent.com/RKRoberts97/byu_football_tree/refs/heads/main/College/Coaches/College%20Head%20Coaches/Kalani_Sitake/2025_brigham-young_roster.csv,Max Alford,JR,LB,,2025,Brigham Young,Kalani Sitake
https://raw.githubusercontent.com/RKRoberts97/byu_football_tree/refs/heads/main/College/Coaches/College%20Head%20Coaches/Kalani_Sitake/2025_brigham-young_roster.csv,Siale Esera,JR,LB,,2025,Brigham Young,Kalani Sitake
https://raw.githubusercontent.com/RKRoberts97/byu_football_tree/refs/heads/main/College/Coaches/College%20Head%20Coaches/Kalani_Sitake/2025_brigham-young_roster.csv,Isaiah Glasker,JR,LB,,2025,Brigham Young,Kalani Sitake
https://raw.githubusercontent.com/RKRoberts97/byu_football_tree/refs/heads/main/College/Coaches/College%20Head%20Coaches/Kalani_Sitake/2025_brigham-young_roster.csv,Miles Hall,JR,LB,,2025,Brigham Young,Kalani Sitake
https://raw.githubusercontent.com/RKRoberts97/byu_football_tree/refs/heads/main/College/Coaches/College%20Head%20Coaches/Kalani_Sitake/2025_brigham-young_roster.csv,Ace Kaufusi,JR,LB,,2025,Brigham Young,Kalani Sitake
https://raw.githubusercontent.com/RKRoberts97/byu_football_tree/refs/heads/main/College/Coaches/College%20Head%20Coaches/Kalani_Sitake/2025_brigham-young_roster.csv,Maika Kaufusi,JR,LB,,2025,Brigham Young,Kalani Sitake
https://raw.githubusercontent.com/RKRoberts97/byu_football_tree/refs/heads/main/College/Coaches/College%20Head%20Coaches/Kalani_Sitake/2025_brigham-young_roster.csv,Jack Kelly,SR,LB,,2025,Brigham Young,Kalani Sitake
https://raw.githubusercontent.com/RKRoberts97/byu_football_tree/refs/heads/main/College/Coaches/College%20Head%20Coaches/Kalani_Sitake/2025_brigham-young_roster.csv,Bodie Schoonover,SR,LB,,2025,Brigham Young,Kalani Sitake
https://raw.githubusercontent.com/RKRoberts97/byu_football_tree/refs/heads/main/College/Coaches/College%20Head%20Coaches/Kalani_Sitake/2025_brigham-young_roster.csv,Berkley Alfrey,FR,LB,,2025,Brigham Young,Kalani Sitake
https://raw.githubusercontent.com/RKRoberts97/byu_football_tree/refs/heads/main/College/Coaches/College%20Head%20Coaches/Kalani_Sitake/2025_brigham-young_roster.csv,Tyler Payne,FR,LB,,2025,Brigham Young,Kalani Sitake
https://raw.githubusercontent.com/RKRoberts97/byu_football_tree/refs/heads/main/College/Coaches/College%20Head%20Coaches/Kalani_Sitake/2025_brigham-young_roster.csv,Naki Tuakoi,FR,LB,,2025,Brigham Young,Kalani Sitake
https://raw.githubusercontent.com/RKRoberts97/byu_football_tree/refs/heads/main/College/Coaches/College%20Head%20Coaches/Kalani_Sitake/2025_brigham-young_roster.csv,Pierson Watson,FR,LB,,2025,Brigham Young,Kalani Sitake
https://raw.githubusercontent.com/RKRoberts97/byu_football_tree/refs/heads/main/College/Coaches/College%20Head%20Coaches/Kalani_Sitake/2025_brigham-young_roster.csv,Talan Alfrey,SR,DB,,2025,Brigham Young,Kalani Sitake
https://raw.githubusercontent.com/RKRoberts97/byu_football_tree/refs/heads/main/College/Coaches/College%20Head%20Coaches/Kalani_Sitake/2025_brigham-young_roster.csv,Kevin Doe,SO,DB,,2025,Brigham Young,Kalani Sitake
https://raw.githubusercontent.com/RKRoberts97/byu_football_tree/refs/heads/main/College/Coaches/College%20Head%20Coaches/Kalani_Sitake/2025_brigham-young_roster.csv,Evan Johnson,SR,DB,,2025,Brigham Young,Kalani Sitake
https://raw.githubusercontent.com/RKRoberts97/byu_football_tree/refs/heads/main/College/Coaches/College%20Head%20Coaches/Kalani_Sitake/2025_brigham-young_roster.csv,Matthias Leach,SO,DB,,2025,Brigham Young,Kalani Sitake
https://raw.githubusercontent.com/RKRoberts97/byu_football_tree/refs/heads/main/College/Coaches/College%20Head%20Coaches/Kalani_Sitake/2025_brigham-young_roster.csv,Jonathan Kabeya,SO,DB,,2025,Brigham Young,Kalani Sitake
https://raw.githubusercontent.com/RKRoberts97/byu_football_tree/refs/heads/main/College/Coaches/College%20Head%20Coaches/Kalani_Sitake/2025_brigham-young_roster.csv,Sam Vander Haar,JR,P,,2025,Brigham Young,Kalani Sitake
https://raw.githubusercontent.com/RKRoberts97/byu_football_tree/refs/heads/main/College/Coaches/College%20Head%20Coaches/Kalani_Sitake/2025_brigham-young_roster.csv,Therrian Alexander,SO,CB,,2025,Brigham Young,Kalani Sitake
https://raw.githubusercontent.com/RKRoberts97/byu_football_tree/refs/heads/main/College/Coaches/College%20Head%20Coaches/Kalani_Sitake/2025_brigham-young_roster.csv,Ephraim Asiata,SO,DE,,2025,Brigham Young,Kalani Sitake
https://raw.githubusercontent.com/RKRoberts97/byu_football_tree/refs/heads/main/College/Coaches/College%20Head%20Coaches/Kalani_Sitake/2025_brigham-young_roster.csv,Mory Bamba,SR,CB,,2025,Brigham Young,Kalani Sitake
https://raw.githubusercontent.com/RKRoberts97/byu_football_tree/refs/heads/main/College/Coaches/College%20Head%20Coaches/Kalani_Sitake/2025_brigham-young_roster.csv,Tayvion Beasley,JR,,,2025,Brigham Young,Kalani Sitake
https://raw.githubusercontent.com/RKRoberts97/byu_football_tree/refs/heads/main/College/Coaches/College%20Head%20Coaches/Kalani_Sitake/2025_brigham-young_roster.csv,Crew Clark,FR,S,,2025,Brigham Young,Kalani Sitake
https://raw.githubusercontent.com/RKRoberts97/byu_football_tree/refs/heads/main/College/Coaches/College%20Head%20Coaches/Kalani_Sitake/2025_brigham-young_roster.csv,Hunter Clegg,FR,DE,,2025,Brigham Young,Kalani Sitake
https://raw.githubusercontent.com/RKRoberts97/byu_football_tree/refs/heads/main/College/Coaches/College%20Head%20Coaches/Kalani_Sitake/2025_brigham-young_roster.csv,Jordyn Criss,FR,CB,,2025,Brigham Young,Kalani Sitake
https://raw.githubusercontent.com/RKRoberts97/byu_football_tree/refs/heads/main/College/Coaches/College%20Head%20Coaches/Kalani_Sitake/2025_brigham-young_roster.csv,Raider Damuni,JR,S,,2025,Brigham Young,Kalani Sitake
https://raw.githubusercontent.com/RKRoberts97/byu_football_tree/refs/heads/main/College/Coaches/College%20Head%20Coaches/Kalani_Sitake/2025_brigham-young_roster.csv,Cannon DeVries,FR,CB,,2025,Brigham Young,Kalani Sitake
https://raw.githubusercontent.com/RKRoberts97/byu_football_tree/refs/heads/main/College/Coaches/College%20Head%20Coaches/Kalani_Sitake/2025_brigham-young_roster.csv,Jayden Dunlap,SR,CB,,2025,Brigham Young,Kalani Sitake
https://raw.githubusercontent.com/RKRoberts97/byu_football_tree/refs/heads/main/College/Coaches/College%20Head%20Coaches/Kalani_Sitake/2025_brigham-young_roster.csv,Kinilau Fonohema,SO,DE,,2025,Brigham Young,Kalani Sitake
https://raw.githubusercontent.com/RKRoberts97/byu_football_tree/refs/heads/main/College/Coaches/College%20Head%20Coaches/Kalani_Sitake/2025_brigham-young_roster.csv,Garrison Grimes,SR,LS,,2025,Brigham Young,Kalani Sitake
https://raw.githubusercontent.com/RKRoberts97/byu_football_tree/refs/heads/main/College/Coaches/College%20Head%20Coaches/Kalani_Sitake/2025_brigham-young_roster.csv,Jarinn Kalama,SO,S,,2025,Brigham Young,Kalani Sitake
https://raw.githubusercontent.com/RKRoberts97/byu_football_tree/refs/heads/main/College/Coaches/College%20Head%20Coaches/Kalani_Sitake/2025_brigham-young_roster.csv,Orion Maile-Kaufusi,SO,DE,,2025,Brigham Young,Kalani Sitake
https://raw.githubusercontent.com/RKRoberts97/byu_football_tree/refs/heads/main/College/Coaches/College%20Head%20Coaches/Kalani_Sitake/2025_brigham-young_roster.csv,Marcus McKenzie,JR,CB,,2025,Brigham Young,Kalani Sitake
https://raw.githubusercontent.com/RKRoberts97/byu_football_tree/refs/heads/main/College/Coaches/College%20Head%20Coaches/Kalani_Sitake/2025_brigham-young_roster.csv,Viliami Po'uha,SO,DE,,2025,Brigham Young,Kalani Sitake
https://raw.githubusercontent.com/RKRoberts97/byu_football_tree/refs/heads/main/College/Coaches/College%20Head%20Coaches/Kalani_Sitake/2025_brigham-young_roster.csv,Tommy Prassas,SO,S,,2025,Brigham Young,Kalani Sitake
https://raw.githubusercontent.com/RKRoberts97/byu_football_tree/refs/heads/main/College/Coaches/College%20Head%20Coaches/Kalani_Sitake/2025_brigham-young_roster.csv,Anisi Purcell,JR,DE,,2025,Brigham Young,Kalani Sitake
https://raw.githubusercontent.com/RKRoberts97/byu_football_tree/refs/heads/main/College/Coaches/College%20Head%20Coaches/Kalani_Sitake/2025_brigham-young_roster.csv,Faletau Satuala,SO,S,,2025,Brigham Young,Kalani Sitake
https://raw.githubusercontent.com/RKRoberts97/byu_football_tree/refs/heads/main/College/Coaches/College%20Head%20Coaches/Kalani_Sitake/2025_brigham-young_roster.csv,Keanu Tanuvasa,JR,DT,,2025,Brigham Young,Kalani Sitake
https://raw.githubusercontent.com/RKRoberts97/byu_football_tree/refs/heads/main/College/Coaches/College%20Head%20Coaches/Kalani_Sitake/2025_brigham-young_roster.csv,John Taumoepeau,SR,DT,,2025,Brigham Young,Kalani Sitake
https://raw.githubusercontent.com/RKRoberts97/byu_football_tree/refs/heads/main/College/Coaches/College%20Head%20Coaches/Kalani_Sitake/2025_brigham-young_roster.csv,Sani Tuala,JR,DE,,2025,Brigham Young,Kalani Sitake
https://raw.githubusercontent.com/RKRoberts97/byu_football_tree/refs/heads/main/College/Coaches/College%20Head%20Coaches/Kalani_Sitake/2025_brigham-young_roster.csv,Payton VanSteenkiste,SO,S,,2025,Brigham Young,Kalani Sitake
https://raw.githubusercontent.com/RKRoberts97/byu_football_tree/refs/heads/main/College/Coaches/College%20Head%20Coaches/Kalani_Sitake/2025_brigham-young_roster.csv,Tanner Wall,SR,S,,2025,Brigham Young,Kalani Sitake
https://raw.githubusercontent.com/RKRoberts97/byu_football_tree/refs/heads/main/College/Coaches/College%20Head%20Coaches/Kalani_Sitake/2025_brigham-young_roster.csv,Andrew Williams,FR,OG,,2025,Brigham Young,Kalani Sitake
https://raw.githubusercontent.com/RKRoberts97/byu_football_tree/refs/heads/main/College/Coaches/College%20Head%20Coaches/Kalani_Sitake/2025_brigham-young_roster.csv,Joseph Douglas,FR,S,,2025,Brigham Young,Kalani Sitake
https://raw.githubusercontent.com/RKRoberts97/byu_football_tree/refs/heads/main/College/Coaches/College%20Head%20Coaches/Kalani_Sitake/2025_brigham-young_roster.csv,Ulavai Fetuli,FR,DT,,2025,Brigham Young,Kalani Sitake
https://raw.githubusercontent.com/RKRoberts97/byu_football_tree/refs/heads/main/College/Coaches/College%20Head%20Coaches/Kalani_Sitake/2025_brigham-young_roster.csv,Justin Kirkland,SR,DT,,2025,Brigham Young,Kalani Sitake
https://raw.githubusercontent.com/RKRoberts97/byu_football_tree/refs/heads/main/College/Coaches/College%20Head%20Coaches/Kalani_Sitake/2025_brigham-young_roster.csv,Ty Smith,FR,LS,,2025,Brigham Young,Kalani Sitake
https://raw.githubusercontent.com/RKRoberts97/byu_football_tree/refs/heads/main/College/Coaches/College%20Head%20Coaches/Kalani_Sitake/2025_brigham-young_roster.csv,Nusi Taumoepeau,FR,DE,,2025,Brigham Young,Kalani Sitake
https://raw.githubusercontent.com/RKRoberts97/byu_football_tree/refs/heads/main/College/Coaches/College%20Head%20Coaches/Kalani_Sitake/2025_brigham-young_roster.csv,Luke Toomalatai,SR,DT,,2025,Brigham Young,Kalani Sitake
