source,player,class,pos,summary,year,school,coach
https://raw.githubusercontent.com/RKRoberts97/byu_football_tree/refs/heads/main/College/Coaches/College%20Head%20Coaches/Kyle_Whittingham/2004_utah_roster.csv,Alex Smith,JR,QB,"214 Cmp, 317 Att, 2952 Yds, 32 TD",2004,Utah,Kyle Whittingham
https://raw.githubusercontent.com/RKRoberts97/byu_football_tree/refs/heads/main/College/Coaches/College%20Head%20Coaches/Kyle_Whittingham/2004_utah_roster.csv,Brian Johnson,FR,QB,"14 Cmp, 21 Att, 142 Yds, 1 TD",2004,Utah,Kyle Whittingham
https://raw.githubusercontent.com/RKRoberts97/byu_football_tree/refs/heads/main/College/Coaches/College%20Head%20Coaches/Kyle_Whittingham/2004_utah_roster.csv,Fano Tagovailoa,JR,QB,"2 Cmp, 2 Att, 49 Yds, 0 TD",2004,Utah,Kyle Whittingham
https://raw.githubusercontent.com/RKRoberts97/byu_football_tree/refs/heads/main/College/Coaches/College%20Head%20Coaches/Kyle_Whittingham/2004_utah_roster.csv,Brigham Au,JR,QB,,2004,Utah,Kyle Whittingham
https://raw.githubusercontent.com/RKRoberts97/byu_football_tree/refs/heads/main/College/Coaches/College%20Head%20Coaches/Kyle_Whittingham/2004_utah_roster.csv,Adam Madsen,JR,QB,,2004,Utah,Kyle Whittingham
https://raw.githubusercontent.com/RKRoberts97/byu_football_tree/refs/heads/main/College/Coaches/College%20Head%20Coaches/Kyle_Whittingham/2004_utah_roster.csv,Quinton Ganther,JR,RB,"109 Att, 654 Yds, 6.0 Avg",2004,Utah,Kyle Whittingham
https://raw.githubusercontent.com/RKRoberts97/byu_football_tree/refs/heads/main/College/Coaches/College%20Head%20Coaches/Kyle_Whittingham/2004_utah_roster.csv,Marty Johnson,SR,RB,"165 Att, 802 Yds, 4.9 Avg",2004,Utah,Kyle Whittingham
https://raw.githubusercontent.com/RKRoberts97/byu_football_tree/refs/heads/main/College/Coaches/College%20Head%20Coaches/Kyle_Whittingham/2004_utah_roster.csv,Joe Johnson,FR,RB,"11 Att, 41 Yds, 3.7 Avg",2004,Utah,Kyle Whittingham
https://raw.githubusercontent.com/RKRoberts97/byu_football_tree/refs/heads/main/College/Coaches/College%20Head%20Coaches/Kyle_Whittingham/2004_utah_roster.csv,Darryl Poston,JR,RB,"1 Att, 3 Yds, 3.0 Avg",2004,Utah,Kyle Whittingham
https://raw.githubusercontent.com/RKRoberts97/byu_football_tree/refs/heads/main/College/Coaches/College%20Head%20Coaches/Kyle_Whittingham/2004_utah_roster.csv,Billy Kinsey,SO,RB,,2004,Utah,Kyle Whittingham
https://raw.githubusercontent.com/RKRoberts97/byu_football_tree/refs/heads/main/College/Coaches/College%20Head%20Coaches/Kyle_Whittingham/2004_utah_roster.csv,Paris Warren,SR,WR,"80 Rec, 1076 Yds, 13.5 Avg",2004,Utah,Kyle Whittingham
https://raw.githubusercontent.com/RKRoberts97/byu_football_tree/refs/heads/main/College/Coaches/College%20Head%20Coaches/Kyle_Whittingham/2004_utah_roster.csv,Steve Savoy,SO,WR,"67 Rec, 961 Yds, 14.3 Avg",2004,Utah,Kyle Whittingham
https://raw.githubusercontent.com/RKRoberts97/byu_football_tree/refs/heads/main/College/Coaches/College%20Head%20Coaches/Kyle_Whittingham/2004_utah_roster.csv,Jerome Wright,SR,WR,"5 Rec, 64 Yds, 12.8 Avg",2004,Utah,Kyle Whittingham
https://raw.githubusercontent.com/RKRoberts97/byu_football_tree/refs/heads/main/College/Coaches/College%20Head%20Coaches/Kyle_Whittingham/2004_utah_roster.csv,Travis Latendresse,SR,WR,"27 Rec, 411 Yds, 15.2 Avg",2004,Utah,Kyle Whittingham
https://raw.githubusercontent.com/RKRoberts97/byu_football_tree/refs/heads/main/College/Coaches/College%20Head%20Coaches/Kyle_Whittingham/2004_utah_roster.csv,Derrek Richards,FR,WR,"2 Rec, 53 Yds, 26.5 Avg",2004,Utah,Kyle Whittingham
https://raw.githubusercontent.com/RKRoberts97/byu_football_tree/refs/heads/main/College/Coaches/College%20Head%20Coaches/Kyle_Whittingham/2004_utah_roster.csv,Justin Walker,JR,WR,"1 Rec, -2 Yds, -2.0 Avg",2004,Utah,Kyle Whittingham
https://raw.githubusercontent.com/RKRoberts97/byu_football_tree/refs/heads/main/College/Coaches/College%20Head%20Coaches/Kyle_Whittingham/2004_utah_roster.csv,John Madsen,JR,WR,"27 Rec, 377 Yds, 14.0 Avg",2004,Utah,Kyle Whittingham
https://raw.githubusercontent.com/RKRoberts97/byu_football_tree/refs/heads/main/College/Coaches/College%20Head%20Coaches/Kyle_Whittingham/2004_utah_roster.csv,Thomas Huff,FR,WR,"1 Rec, 24 Yds, 24.0 Avg",2004,Utah,Kyle Whittingham
https://raw.githubusercontent.com/RKRoberts97/byu_football_tree/refs/heads/main/College/Coaches/College%20Head%20Coaches/Kyle_Whittingham/2004_utah_roster.csv,Blake Burdette,JR,TE,"3 Rec, 20 Yds, 6.7 Avg",2004,Utah,Kyle Whittingham
https://raw.githubusercontent.com/RKRoberts97/byu_football_tree/refs/heads/main/College/Coaches/College%20Head%20Coaches/Kyle_Whittingham/2004_utah_roster.csv,Jon Clark,JR,TE,"1 Rec, 20 Yds, 20.0 Avg",2004,Utah,Kyle Whittingham
https://raw.githubusercontent.com/RKRoberts97/byu_football_tree/refs/heads/main/College/Coaches/College%20Head%20Coaches/Kyle_Whittingham/2004_utah_roster.csv,Dan Beardall,JR,K,,2004,Utah,Kyle Whittingham
https://raw.githubusercontent.com/RKRoberts97/byu_football_tree/refs/heads/main/College/Coaches/College%20Head%20Coaches/Kyle_Whittingham/2004_utah_roster.csv,Bryan Borreson,JR,K,,2004,Utah,Kyle Whittingham
https://raw.githubusercontent.com/RKRoberts97/byu_football_tree/refs/heads/main/College/Coaches/College%20Head%20Coaches/Kyle_Whittingham/2004_utah_roster.csv,David Carroll,FR,K,,2004,Utah,Kyle Whittingham
https://raw.githubusercontent.com/RKRoberts97/byu_football_tree/refs/heads/main/College/Coaches/College%20Head%20Coaches/Kyle_Whittingham/2004_utah_roster.csv,Steve Fifita,JR,DL,,2004,Utah,Kyle Whittingham
https://raw.githubusercontent.com/RKRoberts97/byu_football_tree/refs/heads/main/College/Coaches/College%20Head%20Coaches/Kyle_Whittingham/2004_utah_roster.csv,Jonathan Fanene,SR,DL,,2004,Utah,Kyle Whittingham
https://raw.githubusercontent.com/RKRoberts97/byu_football_tree/refs/heads/main/College/Coaches/College%20Head%20Coaches/Kyle_Whittingham/2004_utah_roster.csv,Marquess Ledbetter,JR,DL,,2004,Utah,Kyle Whittingham
https://raw.githubusercontent.com/RKRoberts97/byu_football_tree/refs/heads/main/College/Coaches/College%20Head%20Coaches/Kyle_Whittingham/2004_utah_roster.csv,Sione Pouha,SR,DL,,2004,Utah,Kyle Whittingham
https://raw.githubusercontent.com/RKRoberts97/byu_football_tree/refs/heads/main/College/Coaches/College%20Head%20Coaches/Kyle_Whittingham/2004_utah_roster.csv,Corey Dodds,SR,LB,,2004,Utah,Kyle Whittingham
https://raw.githubusercontent.com/RKRoberts97/byu_football_tree/refs/heads/main/College/Coaches/College%20Head%20Coaches/Kyle_Whittingham/2004_utah_roster.csv,Grady Marshall,JR,LB,,2004,Utah,Kyle Whittingham
https://raw.githubusercontent.com/RKRoberts97/byu_football_tree/refs/heads/main/College/Coaches/College%20Head%20Coaches/Kyle_Whittingham/2004_utah_roster.csv,Spencer Toone,JR,LB,,2004,Utah,Kyle Whittingham
https://raw.githubusercontent.com/RKRoberts97/byu_football_tree/refs/heads/main/College/Coaches/College%20Head%20Coaches/Kyle_Whittingham/2004_utah_roster.csv,Bo Nagahi,SR,DB,,2004,Utah,Kyle Whittingham
https://raw.githubusercontent.com/RKRoberts97/byu_football_tree/refs/heads/main/College/Coaches/College%20Head%20Coaches/Kyle_Whittingham/2004_utah_roster.csv,Shaun Harper,SO,DB,,2004,Utah,Kyle Whittingham
https://raw.githubusercontent.com/RKRoberts97/byu_football_tree/refs/heads/main/College/Coaches/College%20Head%20Coaches/Kyle_Whittingham/2004_utah_roster.csv,Morgan Scalley,SR,DB,,2004,Utah,Kyle Whittingham
https://raw.githubusercontent.com/RKRoberts97/byu_football_tree/refs/heads/main/College/Coaches/College%20Head%20Coaches/Kyle_Whittingham/2004_utah_roster.csv,Ryan Smith,FR,DB,,2004,Utah,Kyle Whittingham
https://raw.githubusercontent.com/RKRoberts97/byu_football_tree/refs/heads/main/College/Coaches/College%20Head%20Coaches/Kyle_Whittingham/2004_utah_roster.csv,Eric Weddle,SO,DB,,2004,Utah,Kyle Whittingham
https://raw.githubusercontent.com/RKRoberts97/byu_football_tree/refs/heads/main/College/Coaches/College%20Head%20Coaches/Kyle_Whittingham/2004_utah_roster.csv,Matt Kovacevich,SR,P,,2004,Utah,Kyle Whittingham
https://raw.githubusercontent.com/RKRoberts97/byu_football_tree/refs/heads/main/College/Coaches/College%20Head%20Coaches/Kyle_Whittingham/2005_utah_roster.csv,Brian Johnson,SO,QB,"210 Cmp, 330 Att, 2892 Yds, 18 TD",2005,Utah,Kyle Whittingham
https://raw.githubusercontent.com/RKRoberts97/byu_football_tree/refs/heads/main/College/Coaches/College%20Head%20Coaches/Kyle_Whittingham/2005_utah_roster.csv,Brett Ratliff,JR,QB,"48 Cmp, 77 Att, 642 Yds, 8 TD",2005,Utah,Kyle Whittingham
https://raw.githubusercontent.com/RKRoberts97/byu_football_tree/refs/heads/main/College/Coaches/College%20Head%20Coaches/Kyle_Whittingham/2005_utah_roster.csv,Quinton Ganther,SR,RB,"205 Att, 1120 Yds, 5.5 Avg",2005,Utah,Kyle Whittingham
https://raw.githubusercontent.com/RKRoberts97/byu_football_tree/refs/heads/main/College/Coaches/College%20Head%20Coaches/Kyle_Whittingham/2005_utah_roster.csv,Darrell Mack,FR,RB,"39 Att, 147 Yds, 3.8 Avg",2005,Utah,Kyle Whittingham
https://raw.githubusercontent.com/RKRoberts97/byu_football_tree/refs/heads/main/College/Coaches/College%20Head%20Coaches/Kyle_Whittingham/2005_utah_roster.csv,Mike Liti,SO,RB,"12 Att, 28 Yds, 2.3 Avg",2005,Utah,Kyle Whittingham
https://raw.githubusercontent.com/RKRoberts97/byu_football_tree/refs/heads/main/College/Coaches/College%20Head%20Coaches/Kyle_Whittingham/2005_utah_roster.csv,Darryl Poston,SR,RB,"6 Att, 19 Yds, 3.2 Avg",2005,Utah,Kyle Whittingham
https://raw.githubusercontent.com/RKRoberts97/byu_football_tree/refs/heads/main/College/Coaches/College%20Head%20Coaches/Kyle_Whittingham/2005_utah_roster.csv,Fano Tagovailoa,JR,WR,"6 Rec, 66 Yds, 11.0 Avg",2005,Utah,Kyle Whittingham
https://raw.githubusercontent.com/RKRoberts97/byu_football_tree/refs/heads/main/College/Coaches/College%20Head%20Coaches/Kyle_Whittingham/2005_utah_roster.csv,Drew Hackett,JR,WR,,2005,Utah,Kyle Whittingham
https://raw.githubusercontent.com/RKRoberts97/byu_football_tree/refs/heads/main/College/Coaches/College%20Head%20Coaches/Kyle_Whittingham/2005_utah_roster.csv,Jordan Johnson,FR,WR,,2005,Utah,Kyle Whittingham
https://raw.githubusercontent.com/RKRoberts97/byu_football_tree/refs/heads/main/College/Coaches/College%20Head%20Coaches/Kyle_Whittingham/2005_utah_roster.csv,John Peel,FR,WR,,2005,Utah,Kyle Whittingham
https://raw.githubusercontent.com/RKRoberts97/byu_football_tree/refs/heads/main/College/Coaches/College%20Head%20Coaches/Kyle_Whittingham/2005_utah_roster.csv,Brent Casteel,FR,WR,"39 Rec, 426 Yds, 10.9 Avg",2005,Utah,Kyle Whittingham
https://raw.githubusercontent.com/RKRoberts97/byu_football_tree/refs/heads/main/College/Coaches/College%20Head%20Coaches/Kyle_Whittingham/2005_utah_roster.csv,Marquis Wilson,FR,WR,"9 Rec, 149 Yds, 16.6 Avg",2005,Utah,Kyle Whittingham
https://raw.githubusercontent.com/RKRoberts97/byu_football_tree/refs/heads/main/College/Coaches/College%20Head%20Coaches/Kyle_Whittingham/2005_utah_roster.csv,John Madsen,SR,WR,"55 Rec, 672 Yds, 12.2 Avg",2005,Utah,Kyle Whittingham
https://raw.githubusercontent.com/RKRoberts97/byu_football_tree/refs/heads/main/College/Coaches/College%20Head%20Coaches/Kyle_Whittingham/2005_utah_roster.csv,Justin Walker,SR,WR,,2005,Utah,Kyle Whittingham
https://raw.githubusercontent.com/RKRoberts97/byu_football_tree/refs/heads/main/College/Coaches/College%20Head%20Coaches/Kyle_Whittingham/2005_utah_roster.csv,Travis Latendresse,SR,WR,"55 Rec, 810 Yds, 14.7 Avg",2005,Utah,Kyle Whittingham
https://raw.githubusercontent.com/RKRoberts97/byu_football_tree/refs/heads/main/College/Coaches/College%20Head%20Coaches/Kyle_Whittingham/2005_utah_roster.csv,Brian Hernandez,JR,WR,"39 Rec, 709 Yds, 18.2 Avg",2005,Utah,Kyle Whittingham
https://raw.githubusercontent.com/RKRoberts97/byu_football_tree/refs/heads/main/College/Coaches/College%20Head%20Coaches/Kyle_Whittingham/2005_utah_roster.csv,Derrek Richards,SO,WR,"16 Rec, 239 Yds, 14.9 Avg",2005,Utah,Kyle Whittingham
https://raw.githubusercontent.com/RKRoberts97/byu_football_tree/refs/heads/main/College/Coaches/College%20Head%20Coaches/Kyle_Whittingham/2005_utah_roster.csv,Freddie Brown,FR,WR,"2 Rec, 43 Yds, 21.5 Avg",2005,Utah,Kyle Whittingham
https://raw.githubusercontent.com/RKRoberts97/byu_football_tree/refs/heads/main/College/Coaches/College%20Head%20Coaches/Kyle_Whittingham/2005_utah_roster.csv,Sean O'Connell,JR,TE,,2005,Utah,Kyle Whittingham
https://raw.githubusercontent.com/RKRoberts97/byu_football_tree/refs/heads/main/College/Coaches/College%20Head%20Coaches/Kyle_Whittingham/2005_utah_roster.csv,Chad Jacobsen,SR,TE,"4 Rec, 69 Yds, 17.3 Avg",2005,Utah,Kyle Whittingham
https://raw.githubusercontent.com/RKRoberts97/byu_football_tree/refs/heads/main/College/Coaches/College%20Head%20Coaches/Kyle_Whittingham/2005_utah_roster.csv,Ameen Shaheen,JR,TE,"3 Rec, 20 Yds, 6.7 Avg",2005,Utah,Kyle Whittingham
https://raw.githubusercontent.com/RKRoberts97/byu_football_tree/refs/heads/main/College/Coaches/College%20Head%20Coaches/Kyle_Whittingham/2005_utah_roster.csv,Willie Sao,SR,TE,,2005,Utah,Kyle Whittingham
https://raw.githubusercontent.com/RKRoberts97/byu_football_tree/refs/heads/main/College/Coaches/College%20Head%20Coaches/Kyle_Whittingham/2005_utah_roster.csv,Jason Boone,SO,OL,,2005,Utah,Kyle Whittingham
https://raw.githubusercontent.com/RKRoberts97/byu_football_tree/refs/heads/main/College/Coaches/College%20Head%20Coaches/Kyle_Whittingham/2005_utah_roster.csv,Brock Condie,SR,OL,,2005,Utah,Kyle Whittingham
https://raw.githubusercontent.com/RKRoberts97/byu_football_tree/refs/heads/main/College/Coaches/College%20Head%20Coaches/Kyle_Whittingham/2005_utah_roster.csv,David Dirkmaat,SR,OL,,2005,Utah,Kyle Whittingham
https://raw.githubusercontent.com/RKRoberts97/byu_football_tree/refs/heads/main/College/Coaches/College%20Head%20Coaches/Kyle_Whittingham/2005_utah_roster.csv,Jason Voss,JR,OL,,2005,Utah,Kyle Whittingham
https://raw.githubusercontent.com/RKRoberts97/byu_football_tree/refs/heads/main/College/Coaches/College%20Head%20Coaches/Kyle_Whittingham/2005_utah_roster.csv,Dan Beardall,SR,K,,2005,Utah,Kyle Whittingham
https://raw.githubusercontent.com/RKRoberts97/byu_football_tree/refs/heads/main/College/Coaches/College%20Head%20Coaches/Kyle_Whittingham/2005_utah_roster.csv,Louie Sakoda,FR,K,,2005,Utah,Kyle Whittingham
https://raw.githubusercontent.com/RKRoberts97/byu_football_tree/refs/heads/main/College/Coaches/College%20Head%20Coaches/Kyle_Whittingham/2005_utah_roster.csv,Kite Afeaki,SR,DL,,2005,Utah,Kyle Whittingham
https://raw.githubusercontent.com/RKRoberts97/byu_football_tree/refs/heads/main/College/Coaches/College%20Head%20Coaches/Kyle_Whittingham/2005_utah_roster.csv,Derek Beardall,JR,DL,,2005,Utah,Kyle Whittingham
https://raw.githubusercontent.com/RKRoberts97/byu_football_tree/refs/heads/main/College/Coaches/College%20Head%20Coaches/Kyle_Whittingham/2005_utah_roster.csv,Martail Burnett,SO,DL,,2005,Utah,Kyle Whittingham
https://raw.githubusercontent.com/RKRoberts97/byu_football_tree/refs/heads/main/College/Coaches/College%20Head%20Coaches/Kyle_Whittingham/2005_utah_roster.csv,Steve Fifita,SR,DL,,2005,Utah,Kyle Whittingham
https://raw.githubusercontent.com/RKRoberts97/byu_football_tree/refs/heads/main/College/Coaches/College%20Head%20Coaches/Kyle_Whittingham/2005_utah_roster.csv,Soli Lefiti,JR,DL,,2005,Utah,Kyle Whittingham
https://raw.githubusercontent.com/RKRoberts97/byu_football_tree/refs/heads/main/College/Coaches/College%20Head%20Coaches/Kyle_Whittingham/2005_utah_roster.csv,Alex Puccinelli,SO,DL,,2005,Utah,Kyle Whittingham
https://raw.githubusercontent.com/RKRoberts97/byu_football_tree/refs/heads/main/College/Coaches/College%20Head%20Coaches/Kyle_Whittingham/2005_utah_roster.csv,Paul Soliai,JR,DL,,2005,Utah,Kyle Whittingham
https://raw.githubusercontent.com/RKRoberts97/byu_football_tree/refs/heads/main/College/Coaches/College%20Head%20Coaches/Kyle_Whittingham/2005_utah_roster.csv,Kelly Talavou,JR,DL,,2005,Utah,Kyle Whittingham
https://raw.githubusercontent.com/RKRoberts97/byu_football_tree/refs/heads/main/College/Coaches/College%20Head%20Coaches/Kyle_Whittingham/2005_utah_roster.csv,Reggie Turner,JR,DL,,2005,Utah,Kyle Whittingham
https://raw.githubusercontent.com/RKRoberts97/byu_football_tree/refs/heads/main/College/Coaches/College%20Head%20Coaches/Kyle_Whittingham/2005_utah_roster.csv,Afa Garrigan,FR,LB,,2005,Utah,Kyle Whittingham
https://raw.githubusercontent.com/RKRoberts97/byu_football_tree/refs/heads/main/College/Coaches/College%20Head%20Coaches/Kyle_Whittingham/2005_utah_roster.csv,Joe Jiannoni,SO,LB,,2005,Utah,Kyle Whittingham
https://raw.githubusercontent.com/RKRoberts97/byu_football_tree/refs/heads/main/College/Coaches/College%20Head%20Coaches/Kyle_Whittingham/2005_utah_roster.csv,Taylor Miller,SO,LB,,2005,Utah,Kyle Whittingham
https://raw.githubusercontent.com/RKRoberts97/byu_football_tree/refs/heads/main/College/Coaches/College%20Head%20Coaches/Kyle_Whittingham/2005_utah_roster.csv,Malakai Mokofisi,SO,LB,,2005,Utah,Kyle Whittingham
https://raw.githubusercontent.com/RKRoberts97/byu_football_tree/refs/heads/main/College/Coaches/College%20Head%20Coaches/Kyle_Whittingham/2005_utah_roster.csv,Brady Nielson,JR,LB,,2005,Utah,Kyle Whittingham
https://raw.githubusercontent.com/RKRoberts97/byu_football_tree/refs/heads/main/College/Coaches/College%20Head%20Coaches/Kyle_Whittingham/2005_utah_roster.csv,Loma Olevao,SO,LB,,2005,Utah,Kyle Whittingham
https://raw.githubusercontent.com/RKRoberts97/byu_football_tree/refs/heads/main/College/Coaches/College%20Head%20Coaches/Kyle_Whittingham/2005_utah_roster.csv,Charlie Tegantvoort,SR,LB,,2005,Utah,Kyle Whittingham
https://raw.githubusercontent.com/RKRoberts97/byu_football_tree/refs/heads/main/College/Coaches/College%20Head%20Coaches/Kyle_Whittingham/2005_utah_roster.csv,Kyle Brady,SO,LB,,2005,Utah,Kyle Whittingham
https://raw.githubusercontent.com/RKRoberts97/byu_football_tree/refs/heads/main/College/Coaches/College%20Head%20Coaches/Kyle_Whittingham/2005_utah_roster.csv,Grady Marshall,SR,LB,,2005,Utah,Kyle Whittingham
https://raw.githubusercontent.com/RKRoberts97/byu_football_tree/refs/heads/main/College/Coaches/College%20Head%20Coaches/Kyle_Whittingham/2005_utah_roster.csv,Spencer Toone,SR,LB,,2005,Utah,Kyle Whittingham
https://raw.githubusercontent.com/RKRoberts97/byu_football_tree/refs/heads/main/College/Coaches/College%20Head%20Coaches/Kyle_Whittingham/2005_utah_roster.csv,Eric Weddle,JR,DB,,2005,Utah,Kyle Whittingham
https://raw.githubusercontent.com/RKRoberts97/byu_football_tree/refs/heads/main/College/Coaches/College%20Head%20Coaches/Kyle_Whittingham/2005_utah_roster.csv,Kawika Casco,SR,DB,,2005,Utah,Kyle Whittingham
https://raw.githubusercontent.com/RKRoberts97/byu_football_tree/refs/heads/main/College/Coaches/College%20Head%20Coaches/Kyle_Whittingham/2005_utah_roster.csv,Brice McCain,FR,DB,,2005,Utah,Kyle Whittingham
https://raw.githubusercontent.com/RKRoberts97/byu_football_tree/refs/heads/main/College/Coaches/College%20Head%20Coaches/Kyle_Whittingham/2005_utah_roster.csv,Eugene Oates,SR,DB,,2005,Utah,Kyle Whittingham
https://raw.githubusercontent.com/RKRoberts97/byu_football_tree/refs/heads/main/College/Coaches/College%20Head%20Coaches/Kyle_Whittingham/2005_utah_roster.csv,Eric Shyne,JR,DB,,2005,Utah,Kyle Whittingham
https://raw.githubusercontent.com/RKRoberts97/byu_football_tree/refs/heads/main/College/Coaches/College%20Head%20Coaches/Kyle_Whittingham/2005_utah_roster.csv,Antonio Young,SR,DB,,2005,Utah,Kyle Whittingham
https://raw.githubusercontent.com/RKRoberts97/byu_football_tree/refs/heads/main/College/Coaches/College%20Head%20Coaches/Kyle_Whittingham/2005_utah_roster.csv,Casey Evans,JR,DB,,2005,Utah,Kyle Whittingham
https://raw.githubusercontent.com/RKRoberts97/byu_football_tree/refs/heads/main/College/Coaches/College%20Head%20Coaches/Kyle_Whittingham/2005_utah_roster.csv,Shaun Harper,JR,DB,,2005,Utah,Kyle Whittingham
https://raw.githubusercontent.com/RKRoberts97/byu_football_tree/refs/heads/main/College/Coaches/College%20Head%20Coaches/Kyle_Whittingham/2005_utah_roster.csv,Tim Harris,SR,DB,,2005,Utah,Kyle Whittingham
https://raw.githubusercontent.com/RKRoberts97/byu_football_tree/refs/heads/main/College/Coaches/College%20Head%20Coaches/Kyle_Whittingham/2005_utah_roster.csv,Ryan Smith,SO,DB,,2005,Utah,Kyle Whittingham
https://raw.githubusercontent.com/RKRoberts97/byu_football_tree/refs/heads/main/College/Coaches/College%20Head%20Coaches/Kyle_Whittingham/2005_utah_roster.csv,Steve Tate,SO,DB,,2005,Utah,Kyle Whittingham
https://raw.githubusercontent.com/RKRoberts97/byu_football_tree/refs/heads/main/College/Coaches/College%20Head%20Coaches/Kyle_Whittingham/2005_utah_roster.csv,Brent Rawlings,SO,P,,2005,Utah,Kyle Whittingham
https://raw.githubusercontent.com/RKRoberts97/byu_football_tree/refs/heads/main/College/Coaches/College%20Head%20Coaches/Kyle_Whittingham/2006_utah_roster.csv,Brett Ratliff,SR,QB,"228 Cmp, 391 Att, 2796 Yds, 23 TD",2006,Utah,Kyle Whittingham
https://raw.githubusercontent.com/RKRoberts97/byu_football_tree/refs/heads/main/College/Coaches/College%20Head%20Coaches/Kyle_Whittingham/2006_utah_roster.csv,Tommy Grady,JR,QB,"7 Cmp, 14 Att, 102 Yds, 1 TD",2006,Utah,Kyle Whittingham
https://raw.githubusercontent.com/RKRoberts97/byu_football_tree/refs/heads/main/College/Coaches/College%20Head%20Coaches/Kyle_Whittingham/2006_utah_roster.csv,Kevin Dunn,FR,QB,,2006,Utah,Kyle Whittingham
https://raw.githubusercontent.com/RKRoberts97/byu_football_tree/refs/heads/main/College/Coaches/College%20Head%20Coaches/Kyle_Whittingham/2006_utah_roster.csv,Brady Phillips,FR,RB,,2006,Utah,Kyle Whittingham
https://raw.githubusercontent.com/RKRoberts97/byu_football_tree/refs/heads/main/College/Coaches/College%20Head%20Coaches/Kyle_Whittingham/2006_utah_roster.csv,Darryl Poston,SR,RB,"146 Att, 557 Yds, 3.8 Avg",2006,Utah,Kyle Whittingham
https://raw.githubusercontent.com/RKRoberts97/byu_football_tree/refs/heads/main/College/Coaches/College%20Head%20Coaches/Kyle_Whittingham/2006_utah_roster.csv,Darrell Mack,SO,RB,"43 Att, 173 Yds, 4.0 Avg",2006,Utah,Kyle Whittingham
https://raw.githubusercontent.com/RKRoberts97/byu_football_tree/refs/heads/main/College/Coaches/College%20Head%20Coaches/Kyle_Whittingham/2006_utah_roster.csv,Mike Liti,JR,RB,"37 Att, 183 Yds, 4.9 Avg",2006,Utah,Kyle Whittingham
https://raw.githubusercontent.com/RKRoberts97/byu_football_tree/refs/heads/main/College/Coaches/College%20Head%20Coaches/Kyle_Whittingham/2006_utah_roster.csv,R.J. Stanford,FR,RB,"11 Att, 48 Yds, 4.4 Avg",2006,Utah,Kyle Whittingham
https://raw.githubusercontent.com/RKRoberts97/byu_football_tree/refs/heads/main/College/Coaches/College%20Head%20Coaches/Kyle_Whittingham/2006_utah_roster.csv,Ray Stowers,SO,RB,"5 Att, 23 Yds, 4.6 Avg",2006,Utah,Kyle Whittingham
https://raw.githubusercontent.com/RKRoberts97/byu_football_tree/refs/heads/main/College/Coaches/College%20Head%20Coaches/Kyle_Whittingham/2006_utah_roster.csv,Fano Tagovailoa,SR,WR,"1 Rec, 35 Yds, 35.0 Avg",2006,Utah,Kyle Whittingham
https://raw.githubusercontent.com/RKRoberts97/byu_football_tree/refs/heads/main/College/Coaches/College%20Head%20Coaches/Kyle_Whittingham/2006_utah_roster.csv,Brent Casteel,SO,WR,"39 Rec, 600 Yds, 15.4 Avg",2006,Utah,Kyle Whittingham
https://raw.githubusercontent.com/RKRoberts97/byu_football_tree/refs/heads/main/College/Coaches/College%20Head%20Coaches/Kyle_Whittingham/2006_utah_roster.csv,Sean Smith,FR,WR,"1 Rec, 12 Yds, 12.0 Avg",2006,Utah,Kyle Whittingham
https://raw.githubusercontent.com/RKRoberts97/byu_football_tree/refs/heads/main/College/Coaches/College%20Head%20Coaches/Kyle_Whittingham/2006_utah_roster.csv,Marquis Wilson,SO,WR,"25 Rec, 398 Yds, 15.9 Avg",2006,Utah,Kyle Whittingham
https://raw.githubusercontent.com/RKRoberts97/byu_football_tree/refs/heads/main/College/Coaches/College%20Head%20Coaches/Kyle_Whittingham/2006_utah_roster.csv,Derrek Richards,JR,WR,"60 Rec, 717 Yds, 12.0 Avg",2006,Utah,Kyle Whittingham
https://raw.githubusercontent.com/RKRoberts97/byu_football_tree/refs/heads/main/College/Coaches/College%20Head%20Coaches/Kyle_Whittingham/2006_utah_roster.csv,Brian Hernandez,JR,WR,"47 Rec, 424 Yds, 9.0 Avg",2006,Utah,Kyle Whittingham
https://raw.githubusercontent.com/RKRoberts97/byu_football_tree/refs/heads/main/College/Coaches/College%20Head%20Coaches/Kyle_Whittingham/2006_utah_roster.csv,Bradon Godfrey,SO,WR,"22 Rec, 360 Yds, 16.4 Avg",2006,Utah,Kyle Whittingham
https://raw.githubusercontent.com/RKRoberts97/byu_football_tree/refs/heads/main/College/Coaches/College%20Head%20Coaches/Kyle_Whittingham/2006_utah_roster.csv,Freddie Brown,SO,WR,"17 Rec, 196 Yds, 11.5 Avg",2006,Utah,Kyle Whittingham
https://raw.githubusercontent.com/RKRoberts97/byu_football_tree/refs/heads/main/College/Coaches/College%20Head%20Coaches/Kyle_Whittingham/2006_utah_roster.csv,Jason Voss,SR,TE,,2006,Utah,Kyle Whittingham
https://raw.githubusercontent.com/RKRoberts97/byu_football_tree/refs/heads/main/College/Coaches/College%20Head%20Coaches/Kyle_Whittingham/2006_utah_roster.csv,Matt Sims,JR,TE,"4 Rec, 62 Yds, 15.5 Avg",2006,Utah,Kyle Whittingham
https://raw.githubusercontent.com/RKRoberts97/byu_football_tree/refs/heads/main/College/Coaches/College%20Head%20Coaches/Kyle_Whittingham/2006_utah_roster.csv,Colt Sampson,JR,TE,"3 Rec, 18 Yds, 6.0 Avg",2006,Utah,Kyle Whittingham
https://raw.githubusercontent.com/RKRoberts97/byu_football_tree/refs/heads/main/College/Coaches/College%20Head%20Coaches/Kyle_Whittingham/2006_utah_roster.csv,Zane Beadles,FR,OL,,2006,Utah,Kyle Whittingham
https://raw.githubusercontent.com/RKRoberts97/byu_football_tree/refs/heads/main/College/Coaches/College%20Head%20Coaches/Kyle_Whittingham/2006_utah_roster.csv,Corey Seiuli,SO,OL,,2006,Utah,Kyle Whittingham
https://raw.githubusercontent.com/RKRoberts97/byu_football_tree/refs/heads/main/College/Coaches/College%20Head%20Coaches/Kyle_Whittingham/2006_utah_roster.csv,Louie Sakoda,SO,K,,2006,Utah,Kyle Whittingham
https://raw.githubusercontent.com/RKRoberts97/byu_football_tree/refs/heads/main/College/Coaches/College%20Head%20Coaches/Kyle_Whittingham/2006_utah_roster.csv,Martail Burnett,JR,DL,,2006,Utah,Kyle Whittingham
https://raw.githubusercontent.com/RKRoberts97/byu_football_tree/refs/heads/main/College/Coaches/College%20Head%20Coaches/Kyle_Whittingham/2006_utah_roster.csv,Kenape Eliapo,FR,DL,,2006,Utah,Kyle Whittingham
https://raw.githubusercontent.com/RKRoberts97/byu_football_tree/refs/heads/main/College/Coaches/College%20Head%20Coaches/Kyle_Whittingham/2006_utah_roster.csv,Soli Lefiti,SR,DL,,2006,Utah,Kyle Whittingham
https://raw.githubusercontent.com/RKRoberts97/byu_football_tree/refs/heads/main/College/Coaches/College%20Head%20Coaches/Kyle_Whittingham/2006_utah_roster.csv,Gabe Long,JR,DL,,2006,Utah,Kyle Whittingham
https://raw.githubusercontent.com/RKRoberts97/byu_football_tree/refs/heads/main/College/Coaches/College%20Head%20Coaches/Kyle_Whittingham/2006_utah_roster.csv,Greg Newman,SO,DL,,2006,Utah,Kyle Whittingham
https://raw.githubusercontent.com/RKRoberts97/byu_football_tree/refs/heads/main/College/Coaches/College%20Head%20Coaches/Kyle_Whittingham/2006_utah_roster.csv,Alex Puccinelli,JR,DL,,2006,Utah,Kyle Whittingham
https://raw.githubusercontent.com/RKRoberts97/byu_football_tree/refs/heads/main/College/Coaches/College%20Head%20Coaches/Kyle_Whittingham/2006_utah_roster.csv,Paul Soliai,SR,DL,,2006,Utah,Kyle Whittingham
https://raw.githubusercontent.com/RKRoberts97/byu_football_tree/refs/heads/main/College/Coaches/College%20Head%20Coaches/Kyle_Whittingham/2006_utah_roster.csv,Casey Sutera,JR,DL,,2006,Utah,Kyle Whittingham
https://raw.githubusercontent.com/RKRoberts97/byu_football_tree/refs/heads/main/College/Coaches/College%20Head%20Coaches/Kyle_Whittingham/2006_utah_roster.csv,Kelly Talavou,SR,DL,,2006,Utah,Kyle Whittingham
https://raw.githubusercontent.com/RKRoberts97/byu_football_tree/refs/heads/main/College/Coaches/College%20Head%20Coaches/Kyle_Whittingham/2006_utah_roster.csv,Zeke Wily,FR,DL,,2006,Utah,Kyle Whittingham
https://raw.githubusercontent.com/RKRoberts97/byu_football_tree/refs/heads/main/College/Coaches/College%20Head%20Coaches/Kyle_Whittingham/2006_utah_roster.csv,Kyle Brady,JR,LB,,2006,Utah,Kyle Whittingham
https://raw.githubusercontent.com/RKRoberts97/byu_football_tree/refs/heads/main/College/Coaches/College%20Head%20Coaches/Kyle_Whittingham/2006_utah_roster.csv,Loma Olevao,JR,LB,,2006,Utah,Kyle Whittingham
https://raw.githubusercontent.com/RKRoberts97/byu_football_tree/refs/heads/main/College/Coaches/College%20Head%20Coaches/Kyle_Whittingham/2006_utah_roster.csv,Mike Wright,FR,LB,,2006,Utah,Kyle Whittingham
https://raw.githubusercontent.com/RKRoberts97/byu_football_tree/refs/heads/main/College/Coaches/College%20Head%20Coaches/Kyle_Whittingham/2006_utah_roster.csv,Joe Jiannoni,JR,LB,,2006,Utah,Kyle Whittingham
https://raw.githubusercontent.com/RKRoberts97/byu_football_tree/refs/heads/main/College/Coaches/College%20Head%20Coaches/Kyle_Whittingham/2006_utah_roster.csv,Malakai Mokofisi,JR,LB,,2006,Utah,Kyle Whittingham
https://raw.githubusercontent.com/RKRoberts97/byu_football_tree/refs/heads/main/College/Coaches/College%20Head%20Coaches/Kyle_Whittingham/2006_utah_roster.csv,Stevenson Sylvester,FR,LB,,2006,Utah,Kyle Whittingham
https://raw.githubusercontent.com/RKRoberts97/byu_football_tree/refs/heads/main/College/Coaches/College%20Head%20Coaches/Kyle_Whittingham/2006_utah_roster.csv,J.J. Williams,FR,LB,,2006,Utah,Kyle Whittingham
https://raw.githubusercontent.com/RKRoberts97/byu_football_tree/refs/heads/main/College/Coaches/College%20Head%20Coaches/Kyle_Whittingham/2006_utah_roster.csv,Eric Weddle,SR,DB,,2006,Utah,Kyle Whittingham
https://raw.githubusercontent.com/RKRoberts97/byu_football_tree/refs/heads/main/College/Coaches/College%20Head%20Coaches/Kyle_Whittingham/2006_utah_roster.csv,Joe Dale,FR,DB,,2006,Utah,Kyle Whittingham
https://raw.githubusercontent.com/RKRoberts97/byu_football_tree/refs/heads/main/College/Coaches/College%20Head%20Coaches/Kyle_Whittingham/2006_utah_roster.csv,Casey Evans,SR,DB,,2006,Utah,Kyle Whittingham
https://raw.githubusercontent.com/RKRoberts97/byu_football_tree/refs/heads/main/College/Coaches/College%20Head%20Coaches/Kyle_Whittingham/2006_utah_roster.csv,Justin Jones,FR,DB,,2006,Utah,Kyle Whittingham
https://raw.githubusercontent.com/RKRoberts97/byu_football_tree/refs/heads/main/College/Coaches/College%20Head%20Coaches/Kyle_Whittingham/2006_utah_roster.csv,Clint Mower,SO,DB,,2006,Utah,Kyle Whittingham
https://raw.githubusercontent.com/RKRoberts97/byu_football_tree/refs/heads/main/College/Coaches/College%20Head%20Coaches/Kyle_Whittingham/2006_utah_roster.csv,R.J. Rice,SO,DB,,2006,Utah,Kyle Whittingham
https://raw.githubusercontent.com/RKRoberts97/byu_football_tree/refs/heads/main/College/Coaches/College%20Head%20Coaches/Kyle_Whittingham/2006_utah_roster.csv,Mombroso Washington,JR,DB,,2006,Utah,Kyle Whittingham
https://raw.githubusercontent.com/RKRoberts97/byu_football_tree/refs/heads/main/College/Coaches/College%20Head%20Coaches/Kyle_Whittingham/2006_utah_roster.csv,Elijah Wesson,FR,DB,,2006,Utah,Kyle Whittingham
https://raw.githubusercontent.com/RKRoberts97/byu_football_tree/refs/heads/main/College/Coaches/College%20Head%20Coaches/Kyle_Whittingham/2006_utah_roster.csv,Shaun Harper,SR,DB,,2006,Utah,Kyle Whittingham
https://raw.githubusercontent.com/RKRoberts97/byu_football_tree/refs/heads/main/College/Coaches/College%20Head%20Coaches/Kyle_Whittingham/2006_utah_roster.csv,Brice McCain,SO,DB,,2006,Utah,Kyle Whittingham
https://raw.githubusercontent.com/RKRoberts97/byu_football_tree/refs/heads/main/College/Coaches/College%20Head%20Coaches/Kyle_Whittingham/2006_utah_roster.csv,Eric Shyne,SR,DB,,2006,Utah,Kyle Whittingham
https://raw.githubusercontent.com/RKRoberts97/byu_football_tree/refs/heads/main/College/Coaches/College%20Head%20Coaches/Kyle_Whittingham/2006_utah_roster.csv,Steve Tate,JR,DB,,2006,Utah,Kyle Whittingham
https://raw.githubusercontent.com/RKRoberts97/byu_football_tree/refs/heads/main/College/Coaches/College%20Head%20Coaches/Kyle_Whittingham/2007_utah_roster.csv,Brian Johnson,JR,QB,"181 Cmp, 272 Att, 1847 Yds, 11 TD",2007,Utah,Kyle Whittingham
https://raw.githubusercontent.com/RKRoberts97/byu_football_tree/refs/heads/main/College/Coaches/College%20Head%20Coaches/Kyle_Whittingham/2007_utah_roster.csv,Tommy Grady,SR,QB,"58 Cmp, 115 Att, 681 Yds, 4 TD",2007,Utah,Kyle Whittingham
https://raw.githubusercontent.com/RKRoberts97/byu_football_tree/refs/heads/main/College/Coaches/College%20Head%20Coaches/Kyle_Whittingham/2007_utah_roster.csv,Corbin Louks,FR,QB,"5 Cmp, 8 Att, 41 Yds, 2 TD",2007,Utah,Kyle Whittingham
https://raw.githubusercontent.com/RKRoberts97/byu_football_tree/refs/heads/main/College/Coaches/College%20Head%20Coaches/Kyle_Whittingham/2007_utah_roster.csv,Darrell Mack,JR,RB,"253 Att, 1204 Yds, 4.8 Avg",2007,Utah,Kyle Whittingham
https://raw.githubusercontent.com/RKRoberts97/byu_football_tree/refs/heads/main/College/Coaches/College%20Head%20Coaches/Kyle_Whittingham/2007_utah_roster.csv,Ray Stowers,JR,RB,"47 Att, 261 Yds, 5.6 Avg",2007,Utah,Kyle Whittingham
https://raw.githubusercontent.com/RKRoberts97/byu_football_tree/refs/heads/main/College/Coaches/College%20Head%20Coaches/Kyle_Whittingham/2007_utah_roster.csv,Eddie Wide,FR,RB,"19 Att, 44 Yds, 2.3 Avg",2007,Utah,Kyle Whittingham
https://raw.githubusercontent.com/RKRoberts97/byu_football_tree/refs/heads/main/College/Coaches/College%20Head%20Coaches/Kyle_Whittingham/2007_utah_roster.csv,Darryl Poston,SR,RB,"12 Att, 37 Yds, 3.1 Avg",2007,Utah,Kyle Whittingham
https://raw.githubusercontent.com/RKRoberts97/byu_football_tree/refs/heads/main/College/Coaches/College%20Head%20Coaches/Kyle_Whittingham/2007_utah_roster.csv,Matt Asiata,JR,RB,"4 Att, 16 Yds, 4.0 Avg",2007,Utah,Kyle Whittingham
https://raw.githubusercontent.com/RKRoberts97/byu_football_tree/refs/heads/main/College/Coaches/College%20Head%20Coaches/Kyle_Whittingham/2007_utah_roster.csv,Trevor Moss,SO,RB,"1 Att, 8 Yds, 8.0 Avg",2007,Utah,Kyle Whittingham
https://raw.githubusercontent.com/RKRoberts97/byu_football_tree/refs/heads/main/College/Coaches/College%20Head%20Coaches/Kyle_Whittingham/2007_utah_roster.csv,Zac Eldridge,FR,RB,,2007,Utah,Kyle Whittingham
https://raw.githubusercontent.com/RKRoberts97/byu_football_tree/refs/heads/main/College/Coaches/College%20Head%20Coaches/Kyle_Whittingham/2007_utah_roster.csv,Jereme Brooks,FR,WR,"15 Rec, 183 Yds, 12.2 Avg",2007,Utah,Kyle Whittingham
https://raw.githubusercontent.com/RKRoberts97/byu_football_tree/refs/heads/main/College/Coaches/College%20Head%20Coaches/Kyle_Whittingham/2007_utah_roster.csv,Bradon Godfrey,JR,WR,"50 Rec, 524 Yds, 10.5 Avg",2007,Utah,Kyle Whittingham
https://raw.githubusercontent.com/RKRoberts97/byu_football_tree/refs/heads/main/College/Coaches/College%20Head%20Coaches/Kyle_Whittingham/2007_utah_roster.csv,Marquis Wilson,JR,WR,"18 Rec, 285 Yds, 15.8 Avg",2007,Utah,Kyle Whittingham
https://raw.githubusercontent.com/RKRoberts97/byu_football_tree/refs/heads/main/College/Coaches/College%20Head%20Coaches/Kyle_Whittingham/2007_utah_roster.csv,Brent Casteel,JR,WR,"7 Rec, 64 Yds, 9.1 Avg",2007,Utah,Kyle Whittingham
https://raw.githubusercontent.com/RKRoberts97/byu_football_tree/refs/heads/main/College/Coaches/College%20Head%20Coaches/Kyle_Whittingham/2007_utah_roster.csv,Derrek Richards,SR,WR,"57 Rec, 635 Yds, 11.1 Avg",2007,Utah,Kyle Whittingham
https://raw.githubusercontent.com/RKRoberts97/byu_football_tree/refs/heads/main/College/Coaches/College%20Head%20Coaches/Kyle_Whittingham/2007_utah_roster.csv,Freddie Brown,JR,WR,"20 Rec, 219 Yds, 11.0 Avg",2007,Utah,Kyle Whittingham
https://raw.githubusercontent.com/RKRoberts97/byu_football_tree/refs/heads/main/College/Coaches/College%20Head%20Coaches/Kyle_Whittingham/2007_utah_roster.csv,Brian Hernandez,SR,WR,"39 Rec, 385 Yds, 9.9 Avg",2007,Utah,Kyle Whittingham
https://raw.githubusercontent.com/RKRoberts97/byu_football_tree/refs/heads/main/College/Coaches/College%20Head%20Coaches/Kyle_Whittingham/2007_utah_roster.csv,Mike Hicken,FR,WR,"1 Rec, 19 Yds, 19.0 Avg",2007,Utah,Kyle Whittingham
https://raw.githubusercontent.com/RKRoberts97/byu_football_tree/refs/heads/main/College/Coaches/College%20Head%20Coaches/Kyle_Whittingham/2007_utah_roster.csv,Dallin Rogers,FR,TE,"7 Rec, 45 Yds, 6.4 Avg",2007,Utah,Kyle Whittingham
https://raw.githubusercontent.com/RKRoberts97/byu_football_tree/refs/heads/main/College/Coaches/College%20Head%20Coaches/Kyle_Whittingham/2007_utah_roster.csv,Colt Sampson,JR,TE,"2 Rec, 15 Yds, 7.5 Avg",2007,Utah,Kyle Whittingham
https://raw.githubusercontent.com/RKRoberts97/byu_football_tree/refs/heads/main/College/Coaches/College%20Head%20Coaches/Kyle_Whittingham/2007_utah_roster.csv,Matt Sims,SR,TE,"2 Rec, 15 Yds, 7.5 Avg",2007,Utah,Kyle Whittingham
https://raw.githubusercontent.com/RKRoberts97/byu_football_tree/refs/heads/main/College/Coaches/College%20Head%20Coaches/Kyle_Whittingham/2007_utah_roster.csv,Dustin Hensel,JR,OL,,2007,Utah,Kyle Whittingham
https://raw.githubusercontent.com/RKRoberts97/byu_football_tree/refs/heads/main/College/Coaches/College%20Head%20Coaches/Kyle_Whittingham/2007_utah_roster.csv,Caleb Schlauderaff,FR,OL,,2007,Utah,Kyle Whittingham
https://raw.githubusercontent.com/RKRoberts97/byu_football_tree/refs/heads/main/College/Coaches/College%20Head%20Coaches/Kyle_Whittingham/2007_utah_roster.csv,Zane Taylor,FR,OL,,2007,Utah,Kyle Whittingham
https://raw.githubusercontent.com/RKRoberts97/byu_football_tree/refs/heads/main/College/Coaches/College%20Head%20Coaches/Kyle_Whittingham/2007_utah_roster.csv,Louie Sakoda,JR,K,,2007,Utah,Kyle Whittingham
https://raw.githubusercontent.com/RKRoberts97/byu_football_tree/refs/heads/main/College/Coaches/College%20Head%20Coaches/Kyle_Whittingham/2007_utah_roster.csv,Kenape Eliapo,SO,DL,,2007,Utah,Kyle Whittingham
https://raw.githubusercontent.com/RKRoberts97/byu_football_tree/refs/heads/main/College/Coaches/College%20Head%20Coaches/Kyle_Whittingham/2007_utah_roster.csv,Nai Fotu,FR,DL,,2007,Utah,Kyle Whittingham
https://raw.githubusercontent.com/RKRoberts97/byu_football_tree/refs/heads/main/College/Coaches/College%20Head%20Coaches/Kyle_Whittingham/2007_utah_roster.csv,Gabe Long,SR,DL,,2007,Utah,Kyle Whittingham
https://raw.githubusercontent.com/RKRoberts97/byu_football_tree/refs/heads/main/College/Coaches/College%20Head%20Coaches/Kyle_Whittingham/2007_utah_roster.csv,Koa Misi,SO,DL,,2007,Utah,Kyle Whittingham
https://raw.githubusercontent.com/RKRoberts97/byu_football_tree/refs/heads/main/College/Coaches/College%20Head%20Coaches/Kyle_Whittingham/2007_utah_roster.csv,Greg Newman,JR,DL,,2007,Utah,Kyle Whittingham
https://raw.githubusercontent.com/RKRoberts97/byu_football_tree/refs/heads/main/College/Coaches/College%20Head%20Coaches/Kyle_Whittingham/2007_utah_roster.csv,Alex Puccinelli,SR,DL,,2007,Utah,Kyle Whittingham
https://raw.githubusercontent.com/RKRoberts97/byu_football_tree/refs/heads/main/College/Coaches/College%20Head%20Coaches/Kyle_Whittingham/2007_utah_roster.csv,Casey Sutera,SR,DL,,2007,Utah,Kyle Whittingham
https://raw.githubusercontent.com/RKRoberts97/byu_football_tree/refs/heads/main/College/Coaches/College%20Head%20Coaches/Kyle_Whittingham/2007_utah_roster.csv,Lei Talamaivao,FR,DL,,2007,Utah,Kyle Whittingham
https://raw.githubusercontent.com/RKRoberts97/byu_football_tree/refs/heads/main/College/Coaches/College%20Head%20Coaches/Kyle_Whittingham/2007_utah_roster.csv,Ryan Taylor,SR,DL,,2007,Utah,Kyle Whittingham
https://raw.githubusercontent.com/RKRoberts97/byu_football_tree/refs/heads/main/College/Coaches/College%20Head%20Coaches/Kyle_Whittingham/2007_utah_roster.csv,Aaron Tonga,JR,DL,,2007,Utah,Kyle Whittingham
https://raw.githubusercontent.com/RKRoberts97/byu_football_tree/refs/heads/main/College/Coaches/College%20Head%20Coaches/Kyle_Whittingham/2007_utah_roster.csv,Zeke Tuinei-Wily,SO,DL,,2007,Utah,Kyle Whittingham
https://raw.githubusercontent.com/RKRoberts97/byu_football_tree/refs/heads/main/College/Coaches/College%20Head%20Coaches/Kyle_Whittingham/2007_utah_roster.csv,Neli A'Asa,FR,DL,,2007,Utah,Kyle Whittingham
https://raw.githubusercontent.com/RKRoberts97/byu_football_tree/refs/heads/main/College/Coaches/College%20Head%20Coaches/Kyle_Whittingham/2007_utah_roster.csv,Martail Burnett,SR,DL,,2007,Utah,Kyle Whittingham
https://raw.githubusercontent.com/RKRoberts97/byu_football_tree/refs/heads/main/College/Coaches/College%20Head%20Coaches/Kyle_Whittingham/2007_utah_roster.csv,Paul Kruger,FR,DL,,2007,Utah,Kyle Whittingham
https://raw.githubusercontent.com/RKRoberts97/byu_football_tree/refs/heads/main/College/Coaches/College%20Head%20Coaches/Kyle_Whittingham/2007_utah_roster.csv,Kyle Brady,SR,LB,,2007,Utah,Kyle Whittingham
https://raw.githubusercontent.com/RKRoberts97/byu_football_tree/refs/heads/main/College/Coaches/College%20Head%20Coaches/Kyle_Whittingham/2007_utah_roster.csv,Kepa Gaison,SO,LB,,2007,Utah,Kyle Whittingham
https://raw.githubusercontent.com/RKRoberts97/byu_football_tree/refs/heads/main/College/Coaches/College%20Head%20Coaches/Kyle_Whittingham/2007_utah_roster.csv,Jamel King,FR,LB,,2007,Utah,Kyle Whittingham
https://raw.githubusercontent.com/RKRoberts97/byu_football_tree/refs/heads/main/College/Coaches/College%20Head%20Coaches/Kyle_Whittingham/2007_utah_roster.csv,Malakai Mokofisi,SR,LB,,2007,Utah,Kyle Whittingham
https://raw.githubusercontent.com/RKRoberts97/byu_football_tree/refs/heads/main/College/Coaches/College%20Head%20Coaches/Kyle_Whittingham/2007_utah_roster.csv,Loma Olevao,SR,LB,,2007,Utah,Kyle Whittingham
https://raw.githubusercontent.com/RKRoberts97/byu_football_tree/refs/heads/main/College/Coaches/College%20Head%20Coaches/Kyle_Whittingham/2007_utah_roster.csv,Stevenson Sylvester,SO,LB,,2007,Utah,Kyle Whittingham
https://raw.githubusercontent.com/RKRoberts97/byu_football_tree/refs/heads/main/College/Coaches/College%20Head%20Coaches/Kyle_Whittingham/2007_utah_roster.csv,Justin Taplin-Ross,FR,LB,,2007,Utah,Kyle Whittingham
https://raw.githubusercontent.com/RKRoberts97/byu_football_tree/refs/heads/main/College/Coaches/College%20Head%20Coaches/Kyle_Whittingham/2007_utah_roster.csv,Mike Wright,SO,LB,,2007,Utah,Kyle Whittingham
https://raw.githubusercontent.com/RKRoberts97/byu_football_tree/refs/heads/main/College/Coaches/College%20Head%20Coaches/Kyle_Whittingham/2007_utah_roster.csv,Joe Jiannoni,SR,LB,,2007,Utah,Kyle Whittingham
https://raw.githubusercontent.com/RKRoberts97/byu_football_tree/refs/heads/main/College/Coaches/College%20Head%20Coaches/Kyle_Whittingham/2007_utah_roster.csv,Terrell Cole,JR,DB,,2007,Utah,Kyle Whittingham
https://raw.githubusercontent.com/RKRoberts97/byu_football_tree/refs/heads/main/College/Coaches/College%20Head%20Coaches/Kyle_Whittingham/2007_utah_roster.csv,Clint Mower,JR,DB,,2007,Utah,Kyle Whittingham
https://raw.githubusercontent.com/RKRoberts97/byu_football_tree/refs/heads/main/College/Coaches/College%20Head%20Coaches/Kyle_Whittingham/2007_utah_roster.csv,Deshawn Richard,JR,DB,,2007,Utah,Kyle Whittingham
https://raw.githubusercontent.com/RKRoberts97/byu_football_tree/refs/heads/main/College/Coaches/College%20Head%20Coaches/Kyle_Whittingham/2007_utah_roster.csv,R.J. Stanford,SO,DB,,2007,Utah,Kyle Whittingham
https://raw.githubusercontent.com/RKRoberts97/byu_football_tree/refs/heads/main/College/Coaches/College%20Head%20Coaches/Kyle_Whittingham/2007_utah_roster.csv,Elijah Wesson,SO,DB,,2007,Utah,Kyle Whittingham
https://raw.githubusercontent.com/RKRoberts97/byu_football_tree/refs/heads/main/College/Coaches/College%20Head%20Coaches/Kyle_Whittingham/2007_utah_roster.csv,Joe Dale,SO,DB,,2007,Utah,Kyle Whittingham
https://raw.githubusercontent.com/RKRoberts97/byu_football_tree/refs/heads/main/College/Coaches/College%20Head%20Coaches/Kyle_Whittingham/2007_utah_roster.csv,Robert Johnson,SO,DB,,2007,Utah,Kyle Whittingham
https://raw.githubusercontent.com/RKRoberts97/byu_football_tree/refs/heads/main/College/Coaches/College%20Head%20Coaches/Kyle_Whittingham/2007_utah_roster.csv,Justin Jones,SO,DB,,2007,Utah,Kyle Whittingham
https://raw.githubusercontent.com/RKRoberts97/byu_football_tree/refs/heads/main/College/Coaches/College%20Head%20Coaches/Kyle_Whittingham/2007_utah_roster.csv,Brice McCain,JR,DB,,2007,Utah,Kyle Whittingham
https://raw.githubusercontent.com/RKRoberts97/byu_football_tree/refs/heads/main/College/Coaches/College%20Head%20Coaches/Kyle_Whittingham/2007_utah_roster.csv,R.J. Rice,JR,DB,,2007,Utah,Kyle Whittingham
https://raw.githubusercontent.com/RKRoberts97/byu_football_tree/refs/heads/main/College/Coaches/College%20Head%20Coaches/Kyle_Whittingham/2007_utah_roster.csv,Sean Smith,SO,DB,,2007,Utah,Kyle Whittingham
https://raw.githubusercontent.com/RKRoberts97/byu_football_tree/refs/heads/main/College/Coaches/College%20Head%20Coaches/Kyle_Whittingham/2007_utah_roster.csv,Steve Tate,SR,DB,,2007,Utah,Kyle Whittingham
https://raw.githubusercontent.com/RKRoberts97/byu_football_tree/refs/heads/main/College/Coaches/College%20Head%20Coaches/Kyle_Whittingham/2008_utah_roster.csv,Brian Johnson,SR,QB,"268 Cmp, 394 Att, 2972 Yds, 27 TD",2008,Utah,Kyle Whittingham
https://raw.githubusercontent.com/RKRoberts97/byu_football_tree/refs/heads/main/College/Coaches/College%20Head%20Coaches/Kyle_Whittingham/2008_utah_roster.csv,Corbin Louks,SO,QB,"4 Cmp, 7 Att, 104 Yds, 0 TD",2008,Utah,Kyle Whittingham
https://raw.githubusercontent.com/RKRoberts97/byu_football_tree/refs/heads/main/College/Coaches/College%20Head%20Coaches/Kyle_Whittingham/2008_utah_roster.csv,Chad Manis,SO,QB,"3 Cmp, 4 Att, 24 Yds, 0 TD",2008,Utah,Kyle Whittingham
https://raw.githubusercontent.com/RKRoberts97/byu_football_tree/refs/heads/main/College/Coaches/College%20Head%20Coaches/Kyle_Whittingham/2008_utah_roster.csv,Matt Asiata,JR,RB,"146 Att, 707 Yds, 4.8 Avg",2008,Utah,Kyle Whittingham
https://raw.githubusercontent.com/RKRoberts97/byu_football_tree/refs/heads/main/College/Coaches/College%20Head%20Coaches/Kyle_Whittingham/2008_utah_roster.csv,Darrell Mack,SR,RB,"123 Att, 541 Yds, 4.4 Avg",2008,Utah,Kyle Whittingham
https://raw.githubusercontent.com/RKRoberts97/byu_football_tree/refs/heads/main/College/Coaches/College%20Head%20Coaches/Kyle_Whittingham/2008_utah_roster.csv,Trevor Moss,JR,RB,,2008,Utah,Kyle Whittingham
https://raw.githubusercontent.com/RKRoberts97/byu_football_tree/refs/heads/main/College/Coaches/College%20Head%20Coaches/Kyle_Whittingham/2008_utah_roster.csv,Eddie Wide,SO,RB,"30 Att, 183 Yds, 6.1 Avg",2008,Utah,Kyle Whittingham
https://raw.githubusercontent.com/RKRoberts97/byu_football_tree/refs/heads/main/College/Coaches/College%20Head%20Coaches/Kyle_Whittingham/2008_utah_roster.csv,Ray Stowers,JR,RB,"17 Att, 76 Yds, 4.5 Avg",2008,Utah,Kyle Whittingham
https://raw.githubusercontent.com/RKRoberts97/byu_football_tree/refs/heads/main/College/Coaches/College%20Head%20Coaches/Kyle_Whittingham/2008_utah_roster.csv,Junior Fonua,JR,RB,,2008,Utah,Kyle Whittingham
https://raw.githubusercontent.com/RKRoberts97/byu_football_tree/refs/heads/main/College/Coaches/College%20Head%20Coaches/Kyle_Whittingham/2008_utah_roster.csv,Jereme Brooks,SO,WR,"30 Rec, 331 Yds, 11.0 Avg",2008,Utah,Kyle Whittingham
https://raw.githubusercontent.com/RKRoberts97/byu_football_tree/refs/heads/main/College/Coaches/College%20Head%20Coaches/Kyle_Whittingham/2008_utah_roster.csv,Mychal Robinson,FR,WR,,2008,Utah,Kyle Whittingham
https://raw.githubusercontent.com/RKRoberts97/byu_football_tree/refs/heads/main/College/Coaches/College%20Head%20Coaches/Kyle_Whittingham/2008_utah_roster.csv,Brent Casteel,SR,WR,"43 Rec, 564 Yds, 13.1 Avg",2008,Utah,Kyle Whittingham
https://raw.githubusercontent.com/RKRoberts97/byu_football_tree/refs/heads/main/College/Coaches/College%20Head%20Coaches/Kyle_Whittingham/2008_utah_roster.csv,Elijah Wesson,JR,WR,,2008,Utah,Kyle Whittingham
https://raw.githubusercontent.com/RKRoberts97/byu_football_tree/refs/heads/main/College/Coaches/College%20Head%20Coaches/Kyle_Whittingham/2008_utah_roster.csv,David Reed,JR,WR,"25 Rec, 427 Yds, 17.1 Avg",2008,Utah,Kyle Whittingham
https://raw.githubusercontent.com/RKRoberts97/byu_football_tree/refs/heads/main/College/Coaches/College%20Head%20Coaches/Kyle_Whittingham/2008_utah_roster.csv,Freddie Brown,SR,WR,"77 Rec, 900 Yds, 11.7 Avg",2008,Utah,Kyle Whittingham
https://raw.githubusercontent.com/RKRoberts97/byu_football_tree/refs/heads/main/College/Coaches/College%20Head%20Coaches/Kyle_Whittingham/2008_utah_roster.csv,Bradon Godfrey,SR,WR,"56 Rec, 556 Yds, 9.9 Avg",2008,Utah,Kyle Whittingham
https://raw.githubusercontent.com/RKRoberts97/byu_football_tree/refs/heads/main/College/Coaches/College%20Head%20Coaches/Kyle_Whittingham/2008_utah_roster.csv,Aiona Key,JR,WR,"1 Rec, 19 Yds, 19.0 Avg",2008,Utah,Kyle Whittingham
https://raw.githubusercontent.com/RKRoberts97/byu_football_tree/refs/heads/main/College/Coaches/College%20Head%20Coaches/Kyle_Whittingham/2008_utah_roster.csv,John Peel,JR,WR,"1 Rec, 7 Yds, 7.0 Avg",2008,Utah,Kyle Whittingham
https://raw.githubusercontent.com/RKRoberts97/byu_football_tree/refs/heads/main/College/Coaches/College%20Head%20Coaches/Kyle_Whittingham/2008_utah_roster.csv,Ben Hendy,JR,TE,,2008,Utah,Kyle Whittingham
https://raw.githubusercontent.com/RKRoberts97/byu_football_tree/refs/heads/main/College/Coaches/College%20Head%20Coaches/Kyle_Whittingham/2008_utah_roster.csv,Colt Sampson,SR,TE,"11 Rec, 76 Yds, 6.9 Avg",2008,Utah,Kyle Whittingham
https://raw.githubusercontent.com/RKRoberts97/byu_football_tree/refs/heads/main/College/Coaches/College%20Head%20Coaches/Kyle_Whittingham/2008_utah_roster.csv,Chris Joppru,JR,TE,"6 Rec, 59 Yds, 9.8 Avg",2008,Utah,Kyle Whittingham
https://raw.githubusercontent.com/RKRoberts97/byu_football_tree/refs/heads/main/College/Coaches/College%20Head%20Coaches/Kyle_Whittingham/2008_utah_roster.csv,Tony Bergstrom,FR,OL,,2008,Utah,Kyle Whittingham
https://raw.githubusercontent.com/RKRoberts97/byu_football_tree/refs/heads/main/College/Coaches/College%20Head%20Coaches/Kyle_Whittingham/2008_utah_roster.csv,Robert Conley,SR,OL,,2008,Utah,Kyle Whittingham
https://raw.githubusercontent.com/RKRoberts97/byu_football_tree/refs/heads/main/College/Coaches/College%20Head%20Coaches/Kyle_Whittingham/2008_utah_roster.csv,Louie Sakoda,SR,K,,2008,Utah,Kyle Whittingham
https://raw.githubusercontent.com/RKRoberts97/byu_football_tree/refs/heads/main/College/Coaches/College%20Head%20Coaches/Kyle_Whittingham/2008_utah_roster.csv,Kenape Eliapo,JR,DL,,2008,Utah,Kyle Whittingham
https://raw.githubusercontent.com/RKRoberts97/byu_football_tree/refs/heads/main/College/Coaches/College%20Head%20Coaches/Kyle_Whittingham/2008_utah_roster.csv,Koa Misi,JR,DL,,2008,Utah,Kyle Whittingham
https://raw.githubusercontent.com/RKRoberts97/byu_football_tree/refs/heads/main/College/Coaches/College%20Head%20Coaches/Kyle_Whittingham/2008_utah_roster.csv,Derrick Shelby,FR,DL,,2008,Utah,Kyle Whittingham
https://raw.githubusercontent.com/RKRoberts97/byu_football_tree/refs/heads/main/College/Coaches/College%20Head%20Coaches/Kyle_Whittingham/2008_utah_roster.csv,Sealver Siliga,FR,DL,,2008,Utah,Kyle Whittingham
https://raw.githubusercontent.com/RKRoberts97/byu_football_tree/refs/heads/main/College/Coaches/College%20Head%20Coaches/Kyle_Whittingham/2008_utah_roster.csv,Lei Talamaivao,SO,DL,,2008,Utah,Kyle Whittingham
https://raw.githubusercontent.com/RKRoberts97/byu_football_tree/refs/heads/main/College/Coaches/College%20Head%20Coaches/Kyle_Whittingham/2008_utah_roster.csv,Aaron Tonga,SR,DL,,2008,Utah,Kyle Whittingham
https://raw.githubusercontent.com/RKRoberts97/byu_football_tree/refs/heads/main/College/Coaches/College%20Head%20Coaches/Kyle_Whittingham/2008_utah_roster.csv,Junior Tui'One,SO,DL,,2008,Utah,Kyle Whittingham
https://raw.githubusercontent.com/RKRoberts97/byu_football_tree/refs/heads/main/College/Coaches/College%20Head%20Coaches/Kyle_Whittingham/2008_utah_roster.csv,Paul Kruger,SO,DL,,2008,Utah,Kyle Whittingham
https://raw.githubusercontent.com/RKRoberts97/byu_football_tree/refs/heads/main/College/Coaches/College%20Head%20Coaches/Kyle_Whittingham/2008_utah_roster.csv,Greg Newman,SR,DL,,2008,Utah,Kyle Whittingham
https://raw.githubusercontent.com/RKRoberts97/byu_football_tree/refs/heads/main/College/Coaches/College%20Head%20Coaches/Kyle_Whittingham/2008_utah_roster.csv,Greg Bird,FR,LB,,2008,Utah,Kyle Whittingham
https://raw.githubusercontent.com/RKRoberts97/byu_football_tree/refs/heads/main/College/Coaches/College%20Head%20Coaches/Kyle_Whittingham/2008_utah_roster.csv,Nai Fotu,SO,LB,,2008,Utah,Kyle Whittingham
https://raw.githubusercontent.com/RKRoberts97/byu_football_tree/refs/heads/main/College/Coaches/College%20Head%20Coaches/Kyle_Whittingham/2008_utah_roster.csv,Kepa Gaison,JR,LB,,2008,Utah,Kyle Whittingham
https://raw.githubusercontent.com/RKRoberts97/byu_football_tree/refs/heads/main/College/Coaches/College%20Head%20Coaches/Kyle_Whittingham/2008_utah_roster.csv,Lisi Leota,JR,LB,,2008,Utah,Kyle Whittingham
https://raw.githubusercontent.com/RKRoberts97/byu_football_tree/refs/heads/main/College/Coaches/College%20Head%20Coaches/Kyle_Whittingham/2008_utah_roster.csv,Matt Martinez,SO,LB,,2008,Utah,Kyle Whittingham
https://raw.githubusercontent.com/RKRoberts97/byu_football_tree/refs/heads/main/College/Coaches/College%20Head%20Coaches/Kyle_Whittingham/2008_utah_roster.csv,Mo Neal,FR,LB,,2008,Utah,Kyle Whittingham
https://raw.githubusercontent.com/RKRoberts97/byu_football_tree/refs/heads/main/College/Coaches/College%20Head%20Coaches/Kyle_Whittingham/2008_utah_roster.csv,Stevenson Sylvester,JR,LB,,2008,Utah,Kyle Whittingham
https://raw.githubusercontent.com/RKRoberts97/byu_football_tree/refs/heads/main/College/Coaches/College%20Head%20Coaches/Kyle_Whittingham/2008_utah_roster.csv,Mike Wright,JR,LB,,2008,Utah,Kyle Whittingham
https://raw.githubusercontent.com/RKRoberts97/byu_football_tree/refs/heads/main/College/Coaches/College%20Head%20Coaches/Kyle_Whittingham/2008_utah_roster.csv,Chaz Walker,FR,LB,,2008,Utah,Kyle Whittingham
https://raw.githubusercontent.com/RKRoberts97/byu_football_tree/refs/heads/main/College/Coaches/College%20Head%20Coaches/Kyle_Whittingham/2008_utah_roster.csv,Brandon Burton,FR,DB,,2008,Utah,Kyle Whittingham
https://raw.githubusercontent.com/RKRoberts97/byu_football_tree/refs/heads/main/College/Coaches/College%20Head%20Coaches/Kyle_Whittingham/2008_utah_roster.csv,Tysen Clements,SO,DB,,2008,Utah,Kyle Whittingham
https://raw.githubusercontent.com/RKRoberts97/byu_football_tree/refs/heads/main/College/Coaches/College%20Head%20Coaches/Kyle_Whittingham/2008_utah_roster.csv,Clint Mower,SR,DB,,2008,Utah,Kyle Whittingham
https://raw.githubusercontent.com/RKRoberts97/byu_football_tree/refs/heads/main/College/Coaches/College%20Head%20Coaches/Kyle_Whittingham/2008_utah_roster.csv,Damilyn Tanner,JR,DB,,2008,Utah,Kyle Whittingham
https://raw.githubusercontent.com/RKRoberts97/byu_football_tree/refs/heads/main/College/Coaches/College%20Head%20Coaches/Kyle_Whittingham/2008_utah_roster.csv,Justin Taplin-Ross,SO,DB,,2008,Utah,Kyle Whittingham
https://raw.githubusercontent.com/RKRoberts97/byu_football_tree/refs/heads/main/College/Coaches/College%20Head%20Coaches/Kyle_Whittingham/2008_utah_roster.csv,R.J. Stanford,JR,DB,,2008,Utah,Kyle Whittingham
https://raw.githubusercontent.com/RKRoberts97/byu_football_tree/refs/heads/main/College/Coaches/College%20Head%20Coaches/Kyle_Whittingham/2008_utah_roster.csv,Terrell Cole,SR,DB,,2008,Utah,Kyle Whittingham
https://raw.githubusercontent.com/RKRoberts97/byu_football_tree/refs/heads/main/College/Coaches/College%20Head%20Coaches/Kyle_Whittingham/2008_utah_roster.csv,Joe Dale,JR,DB,,2008,Utah,Kyle Whittingham
https://raw.githubusercontent.com/RKRoberts97/byu_football_tree/refs/heads/main/College/Coaches/College%20Head%20Coaches/Kyle_Whittingham/2008_utah_roster.csv,Robert Johnson,JR,DB,,2008,Utah,Kyle Whittingham
https://raw.githubusercontent.com/RKRoberts97/byu_football_tree/refs/heads/main/College/Coaches/College%20Head%20Coaches/Kyle_Whittingham/2008_utah_roster.csv,Justin Jones,JR,DB,,2008,Utah,Kyle Whittingham
https://raw.githubusercontent.com/RKRoberts97/byu_football_tree/refs/heads/main/College/Coaches/College%20Head%20Coaches/Kyle_Whittingham/2008_utah_roster.csv,Brice McCain,SR,DB,,2008,Utah,Kyle Whittingham
https://raw.githubusercontent.com/RKRoberts97/byu_football_tree/refs/heads/main/College/Coaches/College%20Head%20Coaches/Kyle_Whittingham/2008_utah_roster.csv,R.J. Rice,SR,DB,,2008,Utah,Kyle Whittingham
https://raw.githubusercontent.com/RKRoberts97/byu_football_tree/refs/heads/main/College/Coaches/College%20Head%20Coaches/Kyle_Whittingham/2008_utah_roster.csv,Deshawn Richard,SR,DB,,2008,Utah,Kyle Whittingham
https://raw.githubusercontent.com/RKRoberts97/byu_football_tree/refs/heads/main/College/Coaches/College%20Head%20Coaches/Kyle_Whittingham/2008_utah_roster.csv,Sean Smith,JR,DB,,2008,Utah,Kyle Whittingham
https://raw.githubusercontent.com/RKRoberts97/byu_football_tree/refs/heads/main/College/Coaches/College%20Head%20Coaches/Kyle_Whittingham/2009_utah_roster.csv,Terrance Cain,JR,QB,"137 Cmp, 215 Att, 1624 Yds, 11 TD",2009,Utah,Kyle Whittingham
https://raw.githubusercontent.com/RKRoberts97/byu_football_tree/refs/heads/main/College/Coaches/College%20Head%20Coaches/Kyle_Whittingham/2009_utah_roster.csv,Jordan Wynn,FR,QB,"104 Cmp, 179 Att, 1329 Yds, 8 TD",2009,Utah,Kyle Whittingham
https://raw.githubusercontent.com/RKRoberts97/byu_football_tree/refs/heads/main/College/Coaches/College%20Head%20Coaches/Kyle_Whittingham/2009_utah_roster.csv,Matt Asiata,SR,RB,"74 Att, 330 Yds, 4.5 Avg",2009,Utah,Kyle Whittingham
https://raw.githubusercontent.com/RKRoberts97/byu_football_tree/refs/heads/main/College/Coaches/College%20Head%20Coaches/Kyle_Whittingham/2009_utah_roster.csv,Mychal Robinson,SO,RB,,2009,Utah,Kyle Whittingham
https://raw.githubusercontent.com/RKRoberts97/byu_football_tree/refs/heads/main/College/Coaches/College%20Head%20Coaches/Kyle_Whittingham/2009_utah_roster.csv,Eddie Wide,JR,RB,"203 Att, 1069 Yds, 5.3 Avg",2009,Utah,Kyle Whittingham
https://raw.githubusercontent.com/RKRoberts97/byu_football_tree/refs/heads/main/College/Coaches/College%20Head%20Coaches/Kyle_Whittingham/2009_utah_roster.csv,Sausan Shakerin,FR,RB,"36 Att, 198 Yds, 5.5 Avg",2009,Utah,Kyle Whittingham
https://raw.githubusercontent.com/RKRoberts97/byu_football_tree/refs/heads/main/College/Coaches/College%20Head%20Coaches/Kyle_Whittingham/2009_utah_roster.csv,Trevor Moss,SR,RB,"3 Att, 4 Yds, 1.3 Avg",2009,Utah,Kyle Whittingham
https://raw.githubusercontent.com/RKRoberts97/byu_football_tree/refs/heads/main/College/Coaches/College%20Head%20Coaches/Kyle_Whittingham/2009_utah_roster.csv,Ray Stowers,SR,RB,"3 Att, 12 Yds, 4.0 Avg",2009,Utah,Kyle Whittingham
https://raw.githubusercontent.com/RKRoberts97/byu_football_tree/refs/heads/main/College/Coaches/College%20Head%20Coaches/Kyle_Whittingham/2009_utah_roster.csv,Shaky Smithson,JR,WR,"13 Rec, 100 Yds, 7.7 Avg",2009,Utah,Kyle Whittingham
https://raw.githubusercontent.com/RKRoberts97/byu_football_tree/refs/heads/main/College/Coaches/College%20Head%20Coaches/Kyle_Whittingham/2009_utah_roster.csv,Devonte Christopher,FR,WR,"2 Rec, 38 Yds, 19.0 Avg",2009,Utah,Kyle Whittingham
https://raw.githubusercontent.com/RKRoberts97/byu_football_tree/refs/heads/main/College/Coaches/College%20Head%20Coaches/Kyle_Whittingham/2009_utah_roster.csv,Jereme Brooks,JR,WR,"56 Rec, 696 Yds, 12.4 Avg",2009,Utah,Kyle Whittingham
https://raw.githubusercontent.com/RKRoberts97/byu_football_tree/refs/heads/main/College/Coaches/College%20Head%20Coaches/Kyle_Whittingham/2009_utah_roster.csv,Luke Matthews,FR,WR,"9 Rec, 108 Yds, 12.0 Avg",2009,Utah,Kyle Whittingham
https://raw.githubusercontent.com/RKRoberts97/byu_football_tree/refs/heads/main/College/Coaches/College%20Head%20Coaches/Kyle_Whittingham/2009_utah_roster.csv,David Reed,SR,WR,"81 Rec, 1188 Yds, 14.7 Avg",2009,Utah,Kyle Whittingham
https://raw.githubusercontent.com/RKRoberts97/byu_football_tree/refs/heads/main/College/Coaches/College%20Head%20Coaches/Kyle_Whittingham/2009_utah_roster.csv,Aiona Key,SR,WR,"26 Rec, 227 Yds, 8.7 Avg",2009,Utah,Kyle Whittingham
https://raw.githubusercontent.com/RKRoberts97/byu_football_tree/refs/heads/main/College/Coaches/College%20Head%20Coaches/Kyle_Whittingham/2009_utah_roster.csv,John Peel,SR,WR,"16 Rec, 209 Yds, 13.1 Avg",2009,Utah,Kyle Whittingham
https://raw.githubusercontent.com/RKRoberts97/byu_football_tree/refs/heads/main/College/Coaches/College%20Head%20Coaches/Kyle_Whittingham/2009_utah_roster.csv,Elijah Wesson,SR,WR,"3 Rec, 27 Yds, 9.0 Avg",2009,Utah,Kyle Whittingham
https://raw.githubusercontent.com/RKRoberts97/byu_football_tree/refs/heads/main/College/Coaches/College%20Head%20Coaches/Kyle_Whittingham/2009_utah_roster.csv,Ben Hendy,SR,TE,"4 Rec, 28 Yds, 7.0 Avg",2009,Utah,Kyle Whittingham
https://raw.githubusercontent.com/RKRoberts97/byu_football_tree/refs/heads/main/College/Coaches/College%20Head%20Coaches/Kyle_Whittingham/2009_utah_roster.csv,Kendrick Moeai,FR,TE,"4 Rec, 77 Yds, 19.3 Avg",2009,Utah,Kyle Whittingham
https://raw.githubusercontent.com/RKRoberts97/byu_football_tree/refs/heads/main/College/Coaches/College%20Head%20Coaches/Kyle_Whittingham/2009_utah_roster.csv,Brad Clifford,JR,TE,"1 Rec, -2 Yds, -2.0 Avg",2009,Utah,Kyle Whittingham
https://raw.githubusercontent.com/RKRoberts97/byu_football_tree/refs/heads/main/College/Coaches/College%20Head%20Coaches/Kyle_Whittingham/2009_utah_roster.csv,Zane Beadles,SR,OL,,2009,Utah,Kyle Whittingham
https://raw.githubusercontent.com/RKRoberts97/byu_football_tree/refs/heads/main/College/Coaches/College%20Head%20Coaches/Kyle_Whittingham/2009_utah_roster.csv,Patrick Greene,FR,OL,,2009,Utah,Kyle Whittingham
https://raw.githubusercontent.com/RKRoberts97/byu_football_tree/refs/heads/main/College/Coaches/College%20Head%20Coaches/Kyle_Whittingham/2009_utah_roster.csv,Viliamu Nau,SR,OL,,2009,Utah,Kyle Whittingham
https://raw.githubusercontent.com/RKRoberts97/byu_football_tree/refs/heads/main/College/Coaches/College%20Head%20Coaches/Kyle_Whittingham/2009_utah_roster.csv,Joe Phillips,JR,K,,2009,Utah,Kyle Whittingham
https://raw.githubusercontent.com/RKRoberts97/byu_football_tree/refs/heads/main/College/Coaches/College%20Head%20Coaches/Kyle_Whittingham/2009_utah_roster.csv,Ben Vroman,SR,K,,2009,Utah,Kyle Whittingham
https://raw.githubusercontent.com/RKRoberts97/byu_football_tree/refs/heads/main/College/Coaches/College%20Head%20Coaches/Kyle_Whittingham/2009_utah_roster.csv,Kenape Eliapo,SR,DL,,2009,Utah,Kyle Whittingham
https://raw.githubusercontent.com/RKRoberts97/byu_football_tree/refs/heads/main/College/Coaches/College%20Head%20Coaches/Kyle_Whittingham/2009_utah_roster.csv,Nai Fotu,JR,DL,,2009,Utah,Kyle Whittingham
https://raw.githubusercontent.com/RKRoberts97/byu_football_tree/refs/heads/main/College/Coaches/College%20Head%20Coaches/Kyle_Whittingham/2009_utah_roster.csv,Dave Kruger,FR,DL,,2009,Utah,Kyle Whittingham
https://raw.githubusercontent.com/RKRoberts97/byu_football_tree/refs/heads/main/College/Coaches/College%20Head%20Coaches/Kyle_Whittingham/2009_utah_roster.csv,Koa Misi,SR,DL,,2009,Utah,Kyle Whittingham
https://raw.githubusercontent.com/RKRoberts97/byu_football_tree/refs/heads/main/College/Coaches/College%20Head%20Coaches/Kyle_Whittingham/2009_utah_roster.csv,Derrick Shelby,SO,DL,,2009,Utah,Kyle Whittingham
https://raw.githubusercontent.com/RKRoberts97/byu_football_tree/refs/heads/main/College/Coaches/College%20Head%20Coaches/Kyle_Whittingham/2009_utah_roster.csv,Sealver Siliga,SO,DL,,2009,Utah,Kyle Whittingham
https://raw.githubusercontent.com/RKRoberts97/byu_football_tree/refs/heads/main/College/Coaches/College%20Head%20Coaches/Kyle_Whittingham/2009_utah_roster.csv,Lei Talamaivao,SO,DL,,2009,Utah,Kyle Whittingham
https://raw.githubusercontent.com/RKRoberts97/byu_football_tree/refs/heads/main/College/Coaches/College%20Head%20Coaches/Kyle_Whittingham/2009_utah_roster.csv,Junior Tui'One,JR,DL,,2009,Utah,Kyle Whittingham
https://raw.githubusercontent.com/RKRoberts97/byu_football_tree/refs/heads/main/College/Coaches/College%20Head%20Coaches/Kyle_Whittingham/2009_utah_roster.csv,Christian Cox,JR,DL,,2009,Utah,Kyle Whittingham
https://raw.githubusercontent.com/RKRoberts97/byu_football_tree/refs/heads/main/College/Coaches/College%20Head%20Coaches/Kyle_Whittingham/2009_utah_roster.csv,Kepa Gaison,SR,LB,,2009,Utah,Kyle Whittingham
https://raw.githubusercontent.com/RKRoberts97/byu_football_tree/refs/heads/main/College/Coaches/College%20Head%20Coaches/Kyle_Whittingham/2009_utah_roster.csv,Jamel King,SO,LB,,2009,Utah,Kyle Whittingham
https://raw.githubusercontent.com/RKRoberts97/byu_football_tree/refs/heads/main/College/Coaches/College%20Head%20Coaches/Kyle_Whittingham/2009_utah_roster.csv,Chad Manis,JR,LB,,2009,Utah,Kyle Whittingham
https://raw.githubusercontent.com/RKRoberts97/byu_football_tree/refs/heads/main/College/Coaches/College%20Head%20Coaches/Kyle_Whittingham/2009_utah_roster.csv,Chaz Walker,SO,LB,,2009,Utah,Kyle Whittingham
https://raw.githubusercontent.com/RKRoberts97/byu_football_tree/refs/heads/main/College/Coaches/College%20Head%20Coaches/Kyle_Whittingham/2009_utah_roster.csv,J.J. Williams,SO,LB,,2009,Utah,Kyle Whittingham
https://raw.githubusercontent.com/RKRoberts97/byu_football_tree/refs/heads/main/College/Coaches/College%20Head%20Coaches/Kyle_Whittingham/2009_utah_roster.csv,Boo Andersen,FR,LB,,2009,Utah,Kyle Whittingham
https://raw.githubusercontent.com/RKRoberts97/byu_football_tree/refs/heads/main/College/Coaches/College%20Head%20Coaches/Kyle_Whittingham/2009_utah_roster.csv,Matt Martinez,SO,LB,,2009,Utah,Kyle Whittingham
https://raw.githubusercontent.com/RKRoberts97/byu_football_tree/refs/heads/main/College/Coaches/College%20Head%20Coaches/Kyle_Whittingham/2009_utah_roster.csv,Stevenson Sylvester,SR,LB,,2009,Utah,Kyle Whittingham
https://raw.githubusercontent.com/RKRoberts97/byu_football_tree/refs/heads/main/College/Coaches/College%20Head%20Coaches/Kyle_Whittingham/2009_utah_roster.csv,Mike Wright,SR,LB,,2009,Utah,Kyle Whittingham
https://raw.githubusercontent.com/RKRoberts97/byu_football_tree/refs/heads/main/College/Coaches/College%20Head%20Coaches/Kyle_Whittingham/2009_utah_roster.csv,Bryce Bennion,FR,DB,,2009,Utah,Kyle Whittingham
https://raw.githubusercontent.com/RKRoberts97/byu_football_tree/refs/heads/main/College/Coaches/College%20Head%20Coaches/Kyle_Whittingham/2009_utah_roster.csv,Greg Bird,SO,DB,,2009,Utah,Kyle Whittingham
https://raw.githubusercontent.com/RKRoberts97/byu_football_tree/refs/heads/main/College/Coaches/College%20Head%20Coaches/Kyle_Whittingham/2009_utah_roster.csv,Tysen Clements,JR,DB,,2009,Utah,Kyle Whittingham
https://raw.githubusercontent.com/RKRoberts97/byu_football_tree/refs/heads/main/College/Coaches/College%20Head%20Coaches/Kyle_Whittingham/2009_utah_roster.csv,Victor Spikes,FR,DB,,2009,Utah,Kyle Whittingham
https://raw.githubusercontent.com/RKRoberts97/byu_football_tree/refs/heads/main/College/Coaches/College%20Head%20Coaches/Kyle_Whittingham/2009_utah_roster.csv,Justin Taplin-Ross,JR,DB,,2009,Utah,Kyle Whittingham
https://raw.githubusercontent.com/RKRoberts97/byu_football_tree/refs/heads/main/College/Coaches/College%20Head%20Coaches/Kyle_Whittingham/2009_utah_roster.csv,Reggie Topps,FR,DB,,2009,Utah,Kyle Whittingham
https://raw.githubusercontent.com/RKRoberts97/byu_football_tree/refs/heads/main/College/Coaches/College%20Head%20Coaches/Kyle_Whittingham/2009_utah_roster.csv,Kamaron Yancy,JR,DB,,2009,Utah,Kyle Whittingham
https://raw.githubusercontent.com/RKRoberts97/byu_football_tree/refs/heads/main/College/Coaches/College%20Head%20Coaches/Kyle_Whittingham/2009_utah_roster.csv,Brandon Burton,SO,DB,,2009,Utah,Kyle Whittingham
https://raw.githubusercontent.com/RKRoberts97/byu_football_tree/refs/heads/main/College/Coaches/College%20Head%20Coaches/Kyle_Whittingham/2009_utah_roster.csv,Lamar Chapman,JR,DB,,2009,Utah,Kyle Whittingham
https://raw.githubusercontent.com/RKRoberts97/byu_football_tree/refs/heads/main/College/Coaches/College%20Head%20Coaches/Kyle_Whittingham/2009_utah_roster.csv,Joe Dale,SR,DB,,2009,Utah,Kyle Whittingham
https://raw.githubusercontent.com/RKRoberts97/byu_football_tree/refs/heads/main/College/Coaches/College%20Head%20Coaches/Kyle_Whittingham/2009_utah_roster.csv,Robert Johnson,SR,DB,,2009,Utah,Kyle Whittingham
https://raw.githubusercontent.com/RKRoberts97/byu_football_tree/refs/heads/main/College/Coaches/College%20Head%20Coaches/Kyle_Whittingham/2009_utah_roster.csv,Justin Jones,SR,DB,,2009,Utah,Kyle Whittingham
https://raw.githubusercontent.com/RKRoberts97/byu_football_tree/refs/heads/main/College/Coaches/College%20Head%20Coaches/Kyle_Whittingham/2009_utah_roster.csv,Ryan Lacy,FR,DB,,2009,Utah,Kyle Whittingham
https://raw.githubusercontent.com/RKRoberts97/byu_football_tree/refs/heads/main/College/Coaches/College%20Head%20Coaches/Kyle_Whittingham/2009_utah_roster.csv,R.J. Stanford,SR,DB,,2009,Utah,Kyle Whittingham
https://raw.githubusercontent.com/RKRoberts97/byu_football_tree/refs/heads/main/College/Coaches/College%20Head%20Coaches/Kyle_Whittingham/2009_utah_roster.csv,Sean Sellwood,FR,P,,2009,Utah,Kyle Whittingham
https://raw.githubusercontent.com/RKRoberts97/byu_football_tree/refs/heads/main/College/Coaches/College%20Head%20Coaches/Kyle_Whittingham/2010_utah_roster.csv,Jordan Wynn,SO,QB,"186 Cmp, 299 Att, 2334 Yds, 17 TD",2010,Utah,Kyle Whittingham
https://raw.githubusercontent.com/RKRoberts97/byu_football_tree/refs/heads/main/College/Coaches/College%20Head%20Coaches/Kyle_Whittingham/2010_utah_roster.csv,Terrance Cain,SR,QB,"61 Cmp, 96 Att, 703 Yds, 6 TD",2010,Utah,Kyle Whittingham
https://raw.githubusercontent.com/RKRoberts97/byu_football_tree/refs/heads/main/College/Coaches/College%20Head%20Coaches/Kyle_Whittingham/2010_utah_roster.csv,Griff Robles,FR,QB,"0 Cmp, 1 Att, 0 Yds, 0 TD",2010,Utah,Kyle Whittingham
https://raw.githubusercontent.com/RKRoberts97/byu_football_tree/refs/heads/main/College/Coaches/College%20Head%20Coaches/Kyle_Whittingham/2010_utah_roster.csv,Mychal Robinson,JR,RB,,2010,Utah,Kyle Whittingham
https://raw.githubusercontent.com/RKRoberts97/byu_football_tree/refs/heads/main/College/Coaches/College%20Head%20Coaches/Kyle_Whittingham/2010_utah_roster.csv,Matt Asiata,SR,RB,"155 Att, 695 Yds, 4.5 Avg",2010,Utah,Kyle Whittingham
https://raw.githubusercontent.com/RKRoberts97/byu_football_tree/refs/heads/main/College/Coaches/College%20Head%20Coaches/Kyle_Whittingham/2010_utah_roster.csv,Eddie Wide,SR,RB,"149 Att, 717 Yds, 4.8 Avg",2010,Utah,Kyle Whittingham
https://raw.githubusercontent.com/RKRoberts97/byu_football_tree/refs/heads/main/College/Coaches/College%20Head%20Coaches/Kyle_Whittingham/2010_utah_roster.csv,Tauni Vakapuna,JR,RB,"19 Att, 79 Yds, 4.2 Avg",2010,Utah,Kyle Whittingham
https://raw.githubusercontent.com/RKRoberts97/byu_football_tree/refs/heads/main/College/Coaches/College%20Head%20Coaches/Kyle_Whittingham/2010_utah_roster.csv,Sausan Shakerin,SO,RB,"12 Att, 105 Yds, 8.8 Avg",2010,Utah,Kyle Whittingham
https://raw.githubusercontent.com/RKRoberts97/byu_football_tree/refs/heads/main/College/Coaches/College%20Head%20Coaches/Kyle_Whittingham/2010_utah_roster.csv,Beau Burton,FR,RB,"9 Att, 59 Yds, 6.6 Avg",2010,Utah,Kyle Whittingham
https://raw.githubusercontent.com/RKRoberts97/byu_football_tree/refs/heads/main/College/Coaches/College%20Head%20Coaches/Kyle_Whittingham/2010_utah_roster.csv,Shawn Asiata,JR,RB,"6 Rec, 32 Yds, 5.3 Avg",2010,Utah,Kyle Whittingham
https://raw.githubusercontent.com/RKRoberts97/byu_football_tree/refs/heads/main/College/Coaches/College%20Head%20Coaches/Kyle_Whittingham/2010_utah_roster.csv,Shaky Smithson,SR,WR,"25 Rec, 383 Yds, 15.3 Avg",2010,Utah,Kyle Whittingham
https://raw.githubusercontent.com/RKRoberts97/byu_football_tree/refs/heads/main/College/Coaches/College%20Head%20Coaches/Kyle_Whittingham/2010_utah_roster.csv,Sean Fitzgerald,FR,WR,,2010,Utah,Kyle Whittingham
https://raw.githubusercontent.com/RKRoberts97/byu_football_tree/refs/heads/main/College/Coaches/College%20Head%20Coaches/Kyle_Whittingham/2010_utah_roster.csv,Reggie Dunn,SO,WR,"4 Rec, 70 Yds, 17.5 Avg",2010,Utah,Kyle Whittingham
https://raw.githubusercontent.com/RKRoberts97/byu_football_tree/refs/heads/main/College/Coaches/College%20Head%20Coaches/Kyle_Whittingham/2010_utah_roster.csv,Jereme Brooks,SR,WR,"51 Rec, 633 Yds, 12.4 Avg",2010,Utah,Kyle Whittingham
https://raw.githubusercontent.com/RKRoberts97/byu_football_tree/refs/heads/main/College/Coaches/College%20Head%20Coaches/Kyle_Whittingham/2010_utah_roster.csv,Devonte Christopher,SO,WR,"39 Rec, 660 Yds, 16.9 Avg",2010,Utah,Kyle Whittingham
https://raw.githubusercontent.com/RKRoberts97/byu_football_tree/refs/heads/main/College/Coaches/College%20Head%20Coaches/Kyle_Whittingham/2010_utah_roster.csv,Luke Matthews,SO,WR,"18 Rec, 289 Yds, 16.1 Avg",2010,Utah,Kyle Whittingham
https://raw.githubusercontent.com/RKRoberts97/byu_football_tree/refs/heads/main/College/Coaches/College%20Head%20Coaches/Kyle_Whittingham/2010_utah_roster.csv,Fatu Moala,FR,WR,"5 Rec, 44 Yds, 8.8 Avg",2010,Utah,Kyle Whittingham
https://raw.githubusercontent.com/RKRoberts97/byu_football_tree/refs/heads/main/College/Coaches/College%20Head%20Coaches/Kyle_Whittingham/2010_utah_roster.csv,Griffin McNabb,FR,WR,"2 Rec, 8 Yds, 4.0 Avg",2010,Utah,Kyle Whittingham
https://raw.githubusercontent.com/RKRoberts97/byu_football_tree/refs/heads/main/College/Coaches/College%20Head%20Coaches/Kyle_Whittingham/2010_utah_roster.csv,Dexter Ransom,JR,WR,"2 Rec, 12 Yds, 6.0 Avg",2010,Utah,Kyle Whittingham
https://raw.githubusercontent.com/RKRoberts97/byu_football_tree/refs/heads/main/College/Coaches/College%20Head%20Coaches/Kyle_Whittingham/2010_utah_roster.csv,Westlee Tonga,FR,TE,,2010,Utah,Kyle Whittingham
https://raw.githubusercontent.com/RKRoberts97/byu_football_tree/refs/heads/main/College/Coaches/College%20Head%20Coaches/Kyle_Whittingham/2010_utah_roster.csv,Kendrick Moeai,SO,TE,"11 Rec, 225 Yds, 20.5 Avg",2010,Utah,Kyle Whittingham
https://raw.githubusercontent.com/RKRoberts97/byu_football_tree/refs/heads/main/College/Coaches/College%20Head%20Coaches/Kyle_Whittingham/2010_utah_roster.csv,Dallin Rogers,SO,TE,"11 Rec, 167 Yds, 15.2 Avg",2010,Utah,Kyle Whittingham
https://raw.githubusercontent.com/RKRoberts97/byu_football_tree/refs/heads/main/College/Coaches/College%20Head%20Coaches/Kyle_Whittingham/2010_utah_roster.csv,Brad Clifford,SR,TE,"6 Rec, 79 Yds, 13.2 Avg",2010,Utah,Kyle Whittingham
https://raw.githubusercontent.com/RKRoberts97/byu_football_tree/refs/heads/main/College/Coaches/College%20Head%20Coaches/Kyle_Whittingham/2010_utah_roster.csv,John Cullen,JR,OL,,2010,Utah,Kyle Whittingham
https://raw.githubusercontent.com/RKRoberts97/byu_football_tree/refs/heads/main/College/Coaches/College%20Head%20Coaches/Kyle_Whittingham/2010_utah_roster.csv,Percy Taumoelau,FR,OL,,2010,Utah,Kyle Whittingham
https://raw.githubusercontent.com/RKRoberts97/byu_football_tree/refs/heads/main/College/Coaches/College%20Head%20Coaches/Kyle_Whittingham/2010_utah_roster.csv,Ron Tongaonevai,SO,OL,,2010,Utah,Kyle Whittingham
https://raw.githubusercontent.com/RKRoberts97/byu_football_tree/refs/heads/main/College/Coaches/College%20Head%20Coaches/Kyle_Whittingham/2010_utah_roster.csv,Joe Phillips,SR,K,,2010,Utah,Kyle Whittingham
https://raw.githubusercontent.com/RKRoberts97/byu_football_tree/refs/heads/main/College/Coaches/College%20Head%20Coaches/Kyle_Whittingham/2010_utah_roster.csv,Nick Marsh,FR,K,,2010,Utah,Kyle Whittingham
https://raw.githubusercontent.com/RKRoberts97/byu_football_tree/refs/heads/main/College/Coaches/College%20Head%20Coaches/Kyle_Whittingham/2010_utah_roster.csv,James Aiono,JR,DL,,2010,Utah,Kyle Whittingham
https://raw.githubusercontent.com/RKRoberts97/byu_football_tree/refs/heads/main/College/Coaches/College%20Head%20Coaches/Kyle_Whittingham/2010_utah_roster.csv,Christian Cox,SR,DL,,2010,Utah,Kyle Whittingham
https://raw.githubusercontent.com/RKRoberts97/byu_football_tree/refs/heads/main/College/Coaches/College%20Head%20Coaches/Kyle_Whittingham/2010_utah_roster.csv,Tevita Finau,JR,DL,,2010,Utah,Kyle Whittingham
https://raw.githubusercontent.com/RKRoberts97/byu_football_tree/refs/heads/main/College/Coaches/College%20Head%20Coaches/Kyle_Whittingham/2010_utah_roster.csv,Latu Heimuli,FR,DL,,2010,Utah,Kyle Whittingham
https://raw.githubusercontent.com/RKRoberts97/byu_football_tree/refs/heads/main/College/Coaches/College%20Head%20Coaches/Kyle_Whittingham/2010_utah_roster.csv,Dave Kruger,SO,DL,,2010,Utah,Kyle Whittingham
https://raw.githubusercontent.com/RKRoberts97/byu_football_tree/refs/heads/main/College/Coaches/College%20Head%20Coaches/Kyle_Whittingham/2010_utah_roster.csv,Joe Kruger,FR,DL,,2010,Utah,Kyle Whittingham
https://raw.githubusercontent.com/RKRoberts97/byu_football_tree/refs/heads/main/College/Coaches/College%20Head%20Coaches/Kyle_Whittingham/2010_utah_roster.csv,Star Lotulelei,SO,DL,,2010,Utah,Kyle Whittingham
https://raw.githubusercontent.com/RKRoberts97/byu_football_tree/refs/heads/main/College/Coaches/College%20Head%20Coaches/Kyle_Whittingham/2010_utah_roster.csv,Trevor Reilly,FR,DL,,2010,Utah,Kyle Whittingham
https://raw.githubusercontent.com/RKRoberts97/byu_football_tree/refs/heads/main/College/Coaches/College%20Head%20Coaches/Kyle_Whittingham/2010_utah_roster.csv,Derrick Shelby,JR,DL,,2010,Utah,Kyle Whittingham
https://raw.githubusercontent.com/RKRoberts97/byu_football_tree/refs/heads/main/College/Coaches/College%20Head%20Coaches/Kyle_Whittingham/2010_utah_roster.csv,Sealver Siliga,JR,DL,,2010,Utah,Kyle Whittingham
https://raw.githubusercontent.com/RKRoberts97/byu_football_tree/refs/heads/main/College/Coaches/College%20Head%20Coaches/Kyle_Whittingham/2010_utah_roster.csv,Junior Tui'One,SR,DL,,2010,Utah,Kyle Whittingham
https://raw.githubusercontent.com/RKRoberts97/byu_football_tree/refs/heads/main/College/Coaches/College%20Head%20Coaches/Kyle_Whittingham/2010_utah_roster.csv,Neli A'Asa,SR,DL,,2010,Utah,Kyle Whittingham
https://raw.githubusercontent.com/RKRoberts97/byu_football_tree/refs/heads/main/College/Coaches/College%20Head%20Coaches/Kyle_Whittingham/2010_utah_roster.csv,Dave Fagergren,SO,LB,,2010,Utah,Kyle Whittingham
https://raw.githubusercontent.com/RKRoberts97/byu_football_tree/refs/heads/main/College/Coaches/College%20Head%20Coaches/Kyle_Whittingham/2010_utah_roster.csv,Jamel King,JR,LB,,2010,Utah,Kyle Whittingham
https://raw.githubusercontent.com/RKRoberts97/byu_football_tree/refs/heads/main/College/Coaches/College%20Head%20Coaches/Kyle_Whittingham/2010_utah_roster.csv,Chad Manis,SR,LB,,2010,Utah,Kyle Whittingham
https://raw.githubusercontent.com/RKRoberts97/byu_football_tree/refs/heads/main/College/Coaches/College%20Head%20Coaches/Kyle_Whittingham/2010_utah_roster.csv,J.J. Williams,JR,LB,,2010,Utah,Kyle Whittingham
https://raw.githubusercontent.com/RKRoberts97/byu_football_tree/refs/heads/main/College/Coaches/College%20Head%20Coaches/Kyle_Whittingham/2010_utah_roster.csv,Boo Andersen,SO,LB,,2010,Utah,Kyle Whittingham
https://raw.githubusercontent.com/RKRoberts97/byu_football_tree/refs/heads/main/College/Coaches/College%20Head%20Coaches/Kyle_Whittingham/2010_utah_roster.csv,Matt Martinez,JR,LB,,2010,Utah,Kyle Whittingham
https://raw.githubusercontent.com/RKRoberts97/byu_football_tree/refs/heads/main/College/Coaches/College%20Head%20Coaches/Kyle_Whittingham/2010_utah_roster.csv,Chaz Walker,JR,LB,,2010,Utah,Kyle Whittingham
https://raw.githubusercontent.com/RKRoberts97/byu_football_tree/refs/heads/main/College/Coaches/College%20Head%20Coaches/Kyle_Whittingham/2010_utah_roster.csv,Lamar Chapman,SR,DB,,2010,Utah,Kyle Whittingham
https://raw.githubusercontent.com/RKRoberts97/byu_football_tree/refs/heads/main/College/Coaches/College%20Head%20Coaches/Kyle_Whittingham/2010_utah_roster.csv,Quade Chappuis,FR,DB,,2010,Utah,Kyle Whittingham
https://raw.githubusercontent.com/RKRoberts97/byu_football_tree/refs/heads/main/College/Coaches/College%20Head%20Coaches/Kyle_Whittingham/2010_utah_roster.csv,Wykie Freeman,FR,DB,,2010,Utah,Kyle Whittingham
https://raw.githubusercontent.com/RKRoberts97/byu_football_tree/refs/heads/main/College/Coaches/College%20Head%20Coaches/Kyle_Whittingham/2010_utah_roster.csv,Mike Honeycutt,FR,DB,,2010,Utah,Kyle Whittingham
https://raw.githubusercontent.com/RKRoberts97/byu_football_tree/refs/heads/main/College/Coaches/College%20Head%20Coaches/Kyle_Whittingham/2010_utah_roster.csv,Victor Spikes,SO,DB,,2010,Utah,Kyle Whittingham
https://raw.githubusercontent.com/RKRoberts97/byu_football_tree/refs/heads/main/College/Coaches/College%20Head%20Coaches/Kyle_Whittingham/2010_utah_roster.csv,Michael Walker,FR,DB,,2010,Utah,Kyle Whittingham
https://raw.githubusercontent.com/RKRoberts97/byu_football_tree/refs/heads/main/College/Coaches/College%20Head%20Coaches/Kyle_Whittingham/2010_utah_roster.csv,Chris Washington,FR,DB,,2010,Utah,Kyle Whittingham
https://raw.githubusercontent.com/RKRoberts97/byu_football_tree/refs/heads/main/College/Coaches/College%20Head%20Coaches/Kyle_Whittingham/2010_utah_roster.csv,Tyler Whittingham,JR,DB,,2010,Utah,Kyle Whittingham
https://raw.githubusercontent.com/RKRoberts97/byu_football_tree/refs/heads/main/College/Coaches/College%20Head%20Coaches/Kyle_Whittingham/2010_utah_roster.csv,Kamaron Yancy,SR,DB,,2010,Utah,Kyle Whittingham
https://raw.githubusercontent.com/RKRoberts97/byu_football_tree/refs/heads/main/College/Coaches/College%20Head%20Coaches/Kyle_Whittingham/2010_utah_roster.csv,Greg Bird,JR,DB,,2010,Utah,Kyle Whittingham
https://raw.githubusercontent.com/RKRoberts97/byu_football_tree/refs/heads/main/College/Coaches/College%20Head%20Coaches/Kyle_Whittingham/2010_utah_roster.csv,Conroy Black,JR,DB,,2010,Utah,Kyle Whittingham
https://raw.githubusercontent.com/RKRoberts97/byu_football_tree/refs/heads/main/College/Coaches/College%20Head%20Coaches/Kyle_Whittingham/2010_utah_roster.csv,Brian Blechen,FR,DB,,2010,Utah,Kyle Whittingham
https://raw.githubusercontent.com/RKRoberts97/byu_football_tree/refs/heads/main/College/Coaches/College%20Head%20Coaches/Kyle_Whittingham/2010_utah_roster.csv,Brandon Burton,JR,DB,,2010,Utah,Kyle Whittingham
https://raw.githubusercontent.com/RKRoberts97/byu_football_tree/refs/heads/main/College/Coaches/College%20Head%20Coaches/Kyle_Whittingham/2010_utah_roster.csv,Justin Taplin-Ross,SR,DB,,2010,Utah,Kyle Whittingham
https://raw.githubusercontent.com/RKRoberts97/byu_football_tree/refs/heads/main/College/Coaches/College%20Head%20Coaches/Kyle_Whittingham/2010_utah_roster.csv,Reggie Topps,SO,DB,,2010,Utah,Kyle Whittingham
https://raw.githubusercontent.com/RKRoberts97/byu_football_tree/refs/heads/main/College/Coaches/College%20Head%20Coaches/Kyle_Whittingham/2010_utah_roster.csv,Sean Sellwood,SO,P,,2010,Utah,Kyle Whittingham
https://raw.githubusercontent.com/RKRoberts97/byu_football_tree/refs/heads/main/College/Coaches/College%20Head%20Coaches/Kyle_Whittingham/2011_utah_roster.csv,Jon Hays,JR,QB,"120 Cmp, 214 Att, 1459 Yds, 12 TD",2011,Utah,Kyle Whittingham
https://raw.githubusercontent.com/RKRoberts97/byu_football_tree/refs/heads/main/College/Coaches/College%20Head%20Coaches/Kyle_Whittingham/2011_utah_roster.csv,Jordan Wynn,JR,QB,"66 Cmp, 116 Att, 727 Yds, 6 TD",2011,Utah,Kyle Whittingham
https://raw.githubusercontent.com/RKRoberts97/byu_football_tree/refs/heads/main/College/Coaches/College%20Head%20Coaches/Kyle_Whittingham/2011_utah_roster.csv,Thretton Palamo,SO,RB,,2011,Utah,Kyle Whittingham
https://raw.githubusercontent.com/RKRoberts97/byu_football_tree/refs/heads/main/College/Coaches/College%20Head%20Coaches/Kyle_Whittingham/2011_utah_roster.csv,John White,JR,RB,"316 Att, 1519 Yds, 4.8 Avg",2011,Utah,Kyle Whittingham
https://raw.githubusercontent.com/RKRoberts97/byu_football_tree/refs/heads/main/College/Coaches/College%20Head%20Coaches/Kyle_Whittingham/2011_utah_roster.csv,Tauni Vakapuna,SR,RB,"31 Att, 104 Yds, 3.4 Avg",2011,Utah,Kyle Whittingham
https://raw.githubusercontent.com/RKRoberts97/byu_football_tree/refs/heads/main/College/Coaches/College%20Head%20Coaches/Kyle_Whittingham/2011_utah_roster.csv,Harvey Langi,FR,RB,"13 Att, 70 Yds, 5.4 Avg",2011,Utah,Kyle Whittingham
https://raw.githubusercontent.com/RKRoberts97/byu_football_tree/refs/heads/main/College/Coaches/College%20Head%20Coaches/Kyle_Whittingham/2011_utah_roster.csv,Shawn Asiata,SR,RB,"11 Rec, 98 Yds, 8.9 Avg",2011,Utah,Kyle Whittingham
https://raw.githubusercontent.com/RKRoberts97/byu_football_tree/refs/heads/main/College/Coaches/College%20Head%20Coaches/Kyle_Whittingham/2011_utah_roster.csv,Karl Williams,SO,RB,"1 Rec, 4 Yds, 4.0 Avg",2011,Utah,Kyle Whittingham
https://raw.githubusercontent.com/RKRoberts97/byu_football_tree/refs/heads/main/College/Coaches/College%20Head%20Coaches/Kyle_Whittingham/2011_utah_roster.csv,Max Moala,JR,RB,,2011,Utah,Kyle Whittingham
https://raw.githubusercontent.com/RKRoberts97/byu_football_tree/refs/heads/main/College/Coaches/College%20Head%20Coaches/Kyle_Whittingham/2011_utah_roster.csv,Devonte Christopher,JR,WR,"42 Rec, 663 Yds, 15.8 Avg",2011,Utah,Kyle Whittingham
https://raw.githubusercontent.com/RKRoberts97/byu_football_tree/refs/heads/main/College/Coaches/College%20Head%20Coaches/Kyle_Whittingham/2011_utah_roster.csv,Nick Brown,SO,WR,,2011,Utah,Kyle Whittingham
https://raw.githubusercontent.com/RKRoberts97/byu_football_tree/refs/heads/main/College/Coaches/College%20Head%20Coaches/Kyle_Whittingham/2011_utah_roster.csv,Reggie Dunn,JR,WR,"15 Rec, 211 Yds, 14.1 Avg",2011,Utah,Kyle Whittingham
https://raw.githubusercontent.com/RKRoberts97/byu_football_tree/refs/heads/main/College/Coaches/College%20Head%20Coaches/Kyle_Whittingham/2011_utah_roster.csv,Dres Anderson,FR,WR,"23 Rec, 355 Yds, 15.4 Avg",2011,Utah,Kyle Whittingham
https://raw.githubusercontent.com/RKRoberts97/byu_football_tree/refs/heads/main/College/Coaches/College%20Head%20Coaches/Kyle_Whittingham/2011_utah_roster.csv,Griffin McNabb,SO,WR,"2 Rec, 13 Yds, 6.5 Avg",2011,Utah,Kyle Whittingham
https://raw.githubusercontent.com/RKRoberts97/byu_football_tree/refs/heads/main/College/Coaches/College%20Head%20Coaches/Kyle_Whittingham/2011_utah_roster.csv,Luke Matthews,JR,WR,"17 Rec, 263 Yds, 15.5 Avg",2011,Utah,Kyle Whittingham
https://raw.githubusercontent.com/RKRoberts97/byu_football_tree/refs/heads/main/College/Coaches/College%20Head%20Coaches/Kyle_Whittingham/2011_utah_roster.csv,Kenneth Scott,FR,WR,"8 Rec, 141 Yds, 17.6 Avg",2011,Utah,Kyle Whittingham
https://raw.githubusercontent.com/RKRoberts97/byu_football_tree/refs/heads/main/College/Coaches/College%20Head%20Coaches/Kyle_Whittingham/2011_utah_roster.csv,Dexter Ransom,SR,WR,"3 Rec, 47 Yds, 15.7 Avg",2011,Utah,Kyle Whittingham
https://raw.githubusercontent.com/RKRoberts97/byu_football_tree/refs/heads/main/College/Coaches/College%20Head%20Coaches/Kyle_Whittingham/2011_utah_roster.csv,Charles Henderson,FR,WR,"1 Rec, 13 Yds, 13.0 Avg",2011,Utah,Kyle Whittingham
https://raw.githubusercontent.com/RKRoberts97/byu_football_tree/refs/heads/main/College/Coaches/College%20Head%20Coaches/Kyle_Whittingham/2011_utah_roster.csv,Quinton Pedroza,FR,WR,,2011,Utah,Kyle Whittingham
https://raw.githubusercontent.com/RKRoberts97/byu_football_tree/refs/heads/main/College/Coaches/College%20Head%20Coaches/Kyle_Whittingham/2011_utah_roster.csv,Dallin Rogers,JR,TE,"21 Rec, 163 Yds, 7.8 Avg",2011,Utah,Kyle Whittingham
https://raw.githubusercontent.com/RKRoberts97/byu_football_tree/refs/heads/main/College/Coaches/College%20Head%20Coaches/Kyle_Whittingham/2011_utah_roster.csv,Kendrick Moeai,JR,TE,"15 Rec, 84 Yds, 5.6 Avg",2011,Utah,Kyle Whittingham
https://raw.githubusercontent.com/RKRoberts97/byu_football_tree/refs/heads/main/College/Coaches/College%20Head%20Coaches/Kyle_Whittingham/2011_utah_roster.csv,Jake Murphy,FR,TE,"5 Rec, 64 Yds, 12.8 Avg",2011,Utah,Kyle Whittingham
https://raw.githubusercontent.com/RKRoberts97/byu_football_tree/refs/heads/main/College/Coaches/College%20Head%20Coaches/Kyle_Whittingham/2011_utah_roster.csv,Westlee Tonga,SO,TE,"1 Rec, 12 Yds, 12.0 Avg",2011,Utah,Kyle Whittingham
https://raw.githubusercontent.com/RKRoberts97/byu_football_tree/refs/heads/main/College/Coaches/College%20Head%20Coaches/Kyle_Whittingham/2011_utah_roster.csv,John Cullen,SR,OL,,2011,Utah,Kyle Whittingham
https://raw.githubusercontent.com/RKRoberts97/byu_football_tree/refs/heads/main/College/Coaches/College%20Head%20Coaches/Kyle_Whittingham/2011_utah_roster.csv,Latu Heimuli,SO,OL,,2011,Utah,Kyle Whittingham
https://raw.githubusercontent.com/RKRoberts97/byu_football_tree/refs/heads/main/College/Coaches/College%20Head%20Coaches/Kyle_Whittingham/2011_utah_roster.csv,Nick Marsh,SO,K,,2011,Utah,Kyle Whittingham
https://raw.githubusercontent.com/RKRoberts97/byu_football_tree/refs/heads/main/College/Coaches/College%20Head%20Coaches/Kyle_Whittingham/2011_utah_roster.csv,Coleman Petersen,JR,K,,2011,Utah,Kyle Whittingham
https://raw.githubusercontent.com/RKRoberts97/byu_football_tree/refs/heads/main/College/Coaches/College%20Head%20Coaches/Kyle_Whittingham/2011_utah_roster.csv,James Aiono,SR,DL,,2011,Utah,Kyle Whittingham
https://raw.githubusercontent.com/RKRoberts97/byu_football_tree/refs/heads/main/College/Coaches/College%20Head%20Coaches/Kyle_Whittingham/2011_utah_roster.csv,Nate Fakahafua,FR,DL,,2011,Utah,Kyle Whittingham
https://raw.githubusercontent.com/RKRoberts97/byu_football_tree/refs/heads/main/College/Coaches/College%20Head%20Coaches/Kyle_Whittingham/2011_utah_roster.csv,Tevita Finau,SR,DL,,2011,Utah,Kyle Whittingham
https://raw.githubusercontent.com/RKRoberts97/byu_football_tree/refs/heads/main/College/Coaches/College%20Head%20Coaches/Kyle_Whittingham/2011_utah_roster.csv,Dave Kruger,JR,DL,,2011,Utah,Kyle Whittingham
https://raw.githubusercontent.com/RKRoberts97/byu_football_tree/refs/heads/main/College/Coaches/College%20Head%20Coaches/Kyle_Whittingham/2011_utah_roster.csv,Joe Kruger,SO,DL,,2011,Utah,Kyle Whittingham
https://raw.githubusercontent.com/RKRoberts97/byu_football_tree/refs/heads/main/College/Coaches/College%20Head%20Coaches/Kyle_Whittingham/2011_utah_roster.csv,Lei Talamaivao,SR,DL,,2011,Utah,Kyle Whittingham
https://raw.githubusercontent.com/RKRoberts97/byu_football_tree/refs/heads/main/College/Coaches/College%20Head%20Coaches/Kyle_Whittingham/2011_utah_roster.csv,Lt Tuipulotu,SO,DL,,2011,Utah,Kyle Whittingham
https://raw.githubusercontent.com/RKRoberts97/byu_football_tree/refs/heads/main/College/Coaches/College%20Head%20Coaches/Kyle_Whittingham/2011_utah_roster.csv,David Rolf,JR,DL,,2011,Utah,Kyle Whittingham
https://raw.githubusercontent.com/RKRoberts97/byu_football_tree/refs/heads/main/College/Coaches/College%20Head%20Coaches/Kyle_Whittingham/2011_utah_roster.csv,Star Lotulelei,JR,DL,,2011,Utah,Kyle Whittingham
https://raw.githubusercontent.com/RKRoberts97/byu_football_tree/refs/heads/main/College/Coaches/College%20Head%20Coaches/Kyle_Whittingham/2011_utah_roster.csv,Derrick Shelby,SR,DL,,2011,Utah,Kyle Whittingham
https://raw.githubusercontent.com/RKRoberts97/byu_football_tree/refs/heads/main/College/Coaches/College%20Head%20Coaches/Kyle_Whittingham/2011_utah_roster.csv,Griff Robles,SO,LB,,2011,Utah,Kyle Whittingham
https://raw.githubusercontent.com/RKRoberts97/byu_football_tree/refs/heads/main/College/Coaches/College%20Head%20Coaches/Kyle_Whittingham/2011_utah_roster.csv,Boo Andersen,JR,LB,,2011,Utah,Kyle Whittingham
https://raw.githubusercontent.com/RKRoberts97/byu_football_tree/refs/heads/main/College/Coaches/College%20Head%20Coaches/Kyle_Whittingham/2011_utah_roster.csv,Dave Fagergren,JR,LB,,2011,Utah,Kyle Whittingham
https://raw.githubusercontent.com/RKRoberts97/byu_football_tree/refs/heads/main/College/Coaches/College%20Head%20Coaches/Kyle_Whittingham/2011_utah_roster.csv,V.J. Fehoko,FR,LB,,2011,Utah,Kyle Whittingham
https://raw.githubusercontent.com/RKRoberts97/byu_football_tree/refs/heads/main/College/Coaches/College%20Head%20Coaches/Kyle_Whittingham/2011_utah_roster.csv,Nai Fotu,SR,LB,,2011,Utah,Kyle Whittingham
https://raw.githubusercontent.com/RKRoberts97/byu_football_tree/refs/heads/main/College/Coaches/College%20Head%20Coaches/Kyle_Whittingham/2011_utah_roster.csv,Jacoby Hale,FR,LB,,2011,Utah,Kyle Whittingham
https://raw.githubusercontent.com/RKRoberts97/byu_football_tree/refs/heads/main/College/Coaches/College%20Head%20Coaches/Kyle_Whittingham/2011_utah_roster.csv,Chaz Walker,SR,LB,,2011,Utah,Kyle Whittingham
https://raw.githubusercontent.com/RKRoberts97/byu_football_tree/refs/heads/main/College/Coaches/College%20Head%20Coaches/Kyle_Whittingham/2011_utah_roster.csv,Brian Blechen,SO,LB,,2011,Utah,Kyle Whittingham
https://raw.githubusercontent.com/RKRoberts97/byu_football_tree/refs/heads/main/College/Coaches/College%20Head%20Coaches/Kyle_Whittingham/2011_utah_roster.csv,Matt Martinez,SR,LB,,2011,Utah,Kyle Whittingham
https://raw.githubusercontent.com/RKRoberts97/byu_football_tree/refs/heads/main/College/Coaches/College%20Head%20Coaches/Kyle_Whittingham/2011_utah_roster.csv,Trevor Reilly,SO,LB,,2011,Utah,Kyle Whittingham
https://raw.githubusercontent.com/RKRoberts97/byu_football_tree/refs/heads/main/College/Coaches/College%20Head%20Coaches/Kyle_Whittingham/2011_utah_roster.csv,J.J. Williams,SR,LB,,2011,Utah,Kyle Whittingham
https://raw.githubusercontent.com/RKRoberts97/byu_football_tree/refs/heads/main/College/Coaches/College%20Head%20Coaches/Kyle_Whittingham/2011_utah_roster.csv,Mike Honeycutt,SO,DB,,2011,Utah,Kyle Whittingham
https://raw.githubusercontent.com/RKRoberts97/byu_football_tree/refs/heads/main/College/Coaches/College%20Head%20Coaches/Kyle_Whittingham/2011_utah_roster.csv,Mo Lee,JR,DB,,2011,Utah,Kyle Whittingham
https://raw.githubusercontent.com/RKRoberts97/byu_football_tree/refs/heads/main/College/Coaches/College%20Head%20Coaches/Kyle_Whittingham/2011_utah_roster.csv,Keith McGill,JR,DB,,2011,Utah,Kyle Whittingham
https://raw.githubusercontent.com/RKRoberts97/byu_football_tree/refs/heads/main/College/Coaches/College%20Head%20Coaches/Kyle_Whittingham/2011_utah_roster.csv,Terrell Reese,FR,DB,,2011,Utah,Kyle Whittingham
https://raw.githubusercontent.com/RKRoberts97/byu_football_tree/refs/heads/main/College/Coaches/College%20Head%20Coaches/Kyle_Whittingham/2011_utah_roster.csv,Tyler Whittingham,SR,DB,,2011,Utah,Kyle Whittingham
https://raw.githubusercontent.com/RKRoberts97/byu_football_tree/refs/heads/main/College/Coaches/College%20Head%20Coaches/Kyle_Whittingham/2011_utah_roster.csv,Ryan Lacy,JR,DB,,2011,Utah,Kyle Whittingham
https://raw.githubusercontent.com/RKRoberts97/byu_football_tree/refs/heads/main/College/Coaches/College%20Head%20Coaches/Kyle_Whittingham/2011_utah_roster.csv,Michael Walker,SO,DB,,2011,Utah,Kyle Whittingham
https://raw.githubusercontent.com/RKRoberts97/byu_football_tree/refs/heads/main/College/Coaches/College%20Head%20Coaches/Kyle_Whittingham/2011_utah_roster.csv,Greg Bird,SR,DB,,2011,Utah,Kyle Whittingham
https://raw.githubusercontent.com/RKRoberts97/byu_football_tree/refs/heads/main/College/Coaches/College%20Head%20Coaches/Kyle_Whittingham/2011_utah_roster.csv,Conroy Black,SR,DB,,2011,Utah,Kyle Whittingham
https://raw.githubusercontent.com/RKRoberts97/byu_football_tree/refs/heads/main/College/Coaches/College%20Head%20Coaches/Kyle_Whittingham/2011_utah_roster.csv,Quade Chappuis,SO,DB,,2011,Utah,Kyle Whittingham
https://raw.githubusercontent.com/RKRoberts97/byu_football_tree/refs/heads/main/College/Coaches/College%20Head%20Coaches/Kyle_Whittingham/2011_utah_roster.csv,Chandler Johnson,FR,DB,,2011,Utah,Kyle Whittingham
https://raw.githubusercontent.com/RKRoberts97/byu_football_tree/refs/heads/main/College/Coaches/College%20Head%20Coaches/Kyle_Whittingham/2011_utah_roster.csv,Eric Rowe,FR,DB,,2011,Utah,Kyle Whittingham
https://raw.githubusercontent.com/RKRoberts97/byu_football_tree/refs/heads/main/College/Coaches/College%20Head%20Coaches/Kyle_Whittingham/2011_utah_roster.csv,Reggie Topps,JR,DB,,2011,Utah,Kyle Whittingham
https://raw.githubusercontent.com/RKRoberts97/byu_football_tree/refs/heads/main/College/Coaches/College%20Head%20Coaches/Kyle_Whittingham/2011_utah_roster.csv,Sean Sellwood,JR,P,,2011,Utah,Kyle Whittingham
https://raw.githubusercontent.com/RKRoberts97/byu_football_tree/refs/heads/main/College/Coaches/College%20Head%20Coaches/Kyle_Whittingham/2012_utah_roster.csv,Travis Wilson,FR,QB,"127 Cmp, 203 Att, 1311 Yds, 7 TD",2012,Utah,Kyle Whittingham
https://raw.githubusercontent.com/RKRoberts97/byu_football_tree/refs/heads/main/College/Coaches/College%20Head%20Coaches/Kyle_Whittingham/2012_utah_roster.csv,Jon Hays,SR,QB,"63 Cmp, 104 Att, 653 Yds, 7 TD",2012,Utah,Kyle Whittingham
https://raw.githubusercontent.com/RKRoberts97/byu_football_tree/refs/heads/main/College/Coaches/College%20Head%20Coaches/Kyle_Whittingham/2012_utah_roster.csv,Jordan Wynn,JR,QB,"25 Cmp, 38 Att, 247 Yds, 2 TD",2012,Utah,Kyle Whittingham
https://raw.githubusercontent.com/RKRoberts97/byu_football_tree/refs/heads/main/College/Coaches/College%20Head%20Coaches/Kyle_Whittingham/2012_utah_roster.csv,Adam Schulz,FR,QB,"2 Cmp, 2 Att, 52 Yds, 0 TD",2012,Utah,Kyle Whittingham
https://raw.githubusercontent.com/RKRoberts97/byu_football_tree/refs/heads/main/College/Coaches/College%20Head%20Coaches/Kyle_Whittingham/2012_utah_roster.csv,John White,SR,RB,"218 Att, 1041 Yds, 4.8 Avg",2012,Utah,Kyle Whittingham
https://raw.githubusercontent.com/RKRoberts97/byu_football_tree/refs/heads/main/College/Coaches/College%20Head%20Coaches/Kyle_Whittingham/2012_utah_roster.csv,Kelvin York,JR,RB,"60 Att, 273 Yds, 4.6 Avg",2012,Utah,Kyle Whittingham
https://raw.githubusercontent.com/RKRoberts97/byu_football_tree/refs/heads/main/College/Coaches/College%20Head%20Coaches/Kyle_Whittingham/2012_utah_roster.csv,Jarrell Oliver,FR,RB,"23 Att, 52 Yds, 2.3 Avg",2012,Utah,Kyle Whittingham
https://raw.githubusercontent.com/RKRoberts97/byu_football_tree/refs/heads/main/College/Coaches/College%20Head%20Coaches/Kyle_Whittingham/2012_utah_roster.csv,Lucky Radley,SO,RB,"15 Att, 50 Yds, 3.3 Avg",2012,Utah,Kyle Whittingham
https://raw.githubusercontent.com/RKRoberts97/byu_football_tree/refs/heads/main/College/Coaches/College%20Head%20Coaches/Kyle_Whittingham/2012_utah_roster.csv,Karl Williams,JR,RB,"9 Rec, 83 Yds, 9.2 Avg",2012,Utah,Kyle Whittingham
https://raw.githubusercontent.com/RKRoberts97/byu_football_tree/refs/heads/main/College/Coaches/College%20Head%20Coaches/Kyle_Whittingham/2012_utah_roster.csv,Max Moala,SR,RB,"3 Rec, 35 Yds, 11.7 Avg",2012,Utah,Kyle Whittingham
https://raw.githubusercontent.com/RKRoberts97/byu_football_tree/refs/heads/main/College/Coaches/College%20Head%20Coaches/Kyle_Whittingham/2012_utah_roster.csv,Devonte Christopher,SR,WR,"22 Rec, 301 Yds, 13.7 Avg",2012,Utah,Kyle Whittingham
https://raw.githubusercontent.com/RKRoberts97/byu_football_tree/refs/heads/main/College/Coaches/College%20Head%20Coaches/Kyle_Whittingham/2012_utah_roster.csv,Quinton Pedroza,SO,WR,,2012,Utah,Kyle Whittingham
https://raw.githubusercontent.com/RKRoberts97/byu_football_tree/refs/heads/main/College/Coaches/College%20Head%20Coaches/Kyle_Whittingham/2012_utah_roster.csv,Dres Anderson,SO,WR,"36 Rec, 365 Yds, 10.1 Avg",2012,Utah,Kyle Whittingham
https://raw.githubusercontent.com/RKRoberts97/byu_football_tree/refs/heads/main/College/Coaches/College%20Head%20Coaches/Kyle_Whittingham/2012_utah_roster.csv,Reggie Dunn,SR,WR,"12 Rec, 74 Yds, 6.2 Avg",2012,Utah,Kyle Whittingham
https://raw.githubusercontent.com/RKRoberts97/byu_football_tree/refs/heads/main/College/Coaches/College%20Head%20Coaches/Kyle_Whittingham/2012_utah_roster.csv,Luke Matthews,SR,WR,"19 Rec, 204 Yds, 10.7 Avg",2012,Utah,Kyle Whittingham
https://raw.githubusercontent.com/RKRoberts97/byu_football_tree/refs/heads/main/College/Coaches/College%20Head%20Coaches/Kyle_Whittingham/2012_utah_roster.csv,Kenneth Scott,SO,WR,"32 Rec, 360 Yds, 11.3 Avg",2012,Utah,Kyle Whittingham
https://raw.githubusercontent.com/RKRoberts97/byu_football_tree/refs/heads/main/College/Coaches/College%20Head%20Coaches/Kyle_Whittingham/2012_utah_roster.csv,Anthony Denham,JR,WR,"11 Rec, 135 Yds, 12.3 Avg",2012,Utah,Kyle Whittingham
https://raw.githubusercontent.com/RKRoberts97/byu_football_tree/refs/heads/main/College/Coaches/College%20Head%20Coaches/Kyle_Whittingham/2012_utah_roster.csv,Sean Fitzgerald,JR,WR,"4 Rec, 61 Yds, 15.3 Avg",2012,Utah,Kyle Whittingham
https://raw.githubusercontent.com/RKRoberts97/byu_football_tree/refs/heads/main/College/Coaches/College%20Head%20Coaches/Kyle_Whittingham/2012_utah_roster.csv,Geoff Norwood,SO,WR,,2012,Utah,Kyle Whittingham
https://raw.githubusercontent.com/RKRoberts97/byu_football_tree/refs/heads/main/College/Coaches/College%20Head%20Coaches/Kyle_Whittingham/2012_utah_roster.csv,Jake Murphy,SO,TE,"33 Rec, 349 Yds, 10.6 Avg",2012,Utah,Kyle Whittingham
https://raw.githubusercontent.com/RKRoberts97/byu_football_tree/refs/heads/main/College/Coaches/College%20Head%20Coaches/Kyle_Whittingham/2012_utah_roster.csv,David Rolf,SR,TE,"10 Rec, 95 Yds, 9.5 Avg",2012,Utah,Kyle Whittingham
https://raw.githubusercontent.com/RKRoberts97/byu_football_tree/refs/heads/main/College/Coaches/College%20Head%20Coaches/Kyle_Whittingham/2012_utah_roster.csv,Dallin Rogers,SR,TE,"4 Rec, 26 Yds, 6.5 Avg",2012,Utah,Kyle Whittingham
https://raw.githubusercontent.com/RKRoberts97/byu_football_tree/refs/heads/main/College/Coaches/College%20Head%20Coaches/Kyle_Whittingham/2012_utah_roster.csv,Westlee Tonga,JR,TE,"4 Rec, 39 Yds, 9.8 Avg",2012,Utah,Kyle Whittingham
https://raw.githubusercontent.com/RKRoberts97/byu_football_tree/refs/heads/main/College/Coaches/College%20Head%20Coaches/Kyle_Whittingham/2012_utah_roster.csv,Kendrick Moeai,SR,TE,"1 Rec, 9 Yds, 9.0 Avg",2012,Utah,Kyle Whittingham
https://raw.githubusercontent.com/RKRoberts97/byu_football_tree/refs/heads/main/College/Coaches/College%20Head%20Coaches/Kyle_Whittingham/2012_utah_roster.csv,Patrick Greene,SR,OL,,2012,Utah,Kyle Whittingham
https://raw.githubusercontent.com/RKRoberts97/byu_football_tree/refs/heads/main/College/Coaches/College%20Head%20Coaches/Kyle_Whittingham/2012_utah_roster.csv,Latu Heimuli,JR,OL,,2012,Utah,Kyle Whittingham
https://raw.githubusercontent.com/RKRoberts97/byu_football_tree/refs/heads/main/College/Coaches/College%20Head%20Coaches/Kyle_Whittingham/2012_utah_roster.csv,Percy Taumoelau,JR,OL,,2012,Utah,Kyle Whittingham
https://raw.githubusercontent.com/RKRoberts97/byu_football_tree/refs/heads/main/College/Coaches/College%20Head%20Coaches/Kyle_Whittingham/2012_utah_roster.csv,Nick Marsh,JR,K,,2012,Utah,Kyle Whittingham
https://raw.githubusercontent.com/RKRoberts97/byu_football_tree/refs/heads/main/College/Coaches/College%20Head%20Coaches/Kyle_Whittingham/2012_utah_roster.csv,Coleman Petersen,SR,K,,2012,Utah,Kyle Whittingham
https://raw.githubusercontent.com/RKRoberts97/byu_football_tree/refs/heads/main/College/Coaches/College%20Head%20Coaches/Kyle_Whittingham/2012_utah_roster.csv,Nate Fakahafua,SO,DL,,2012,Utah,Kyle Whittingham
https://raw.githubusercontent.com/RKRoberts97/byu_football_tree/refs/heads/main/College/Coaches/College%20Head%20Coaches/Kyle_Whittingham/2012_utah_roster.csv,Viliseni Fauonuku,FR,DL,,2012,Utah,Kyle Whittingham
https://raw.githubusercontent.com/RKRoberts97/byu_football_tree/refs/heads/main/College/Coaches/College%20Head%20Coaches/Kyle_Whittingham/2012_utah_roster.csv,Jacoby Hale,SO,DL,,2012,Utah,Kyle Whittingham
https://raw.githubusercontent.com/RKRoberts97/byu_football_tree/refs/heads/main/College/Coaches/College%20Head%20Coaches/Kyle_Whittingham/2012_utah_roster.csv,Dave Kruger,SR,DL,,2012,Utah,Kyle Whittingham
https://raw.githubusercontent.com/RKRoberts97/byu_football_tree/refs/heads/main/College/Coaches/College%20Head%20Coaches/Kyle_Whittingham/2012_utah_roster.csv,Niasi Leota,JR,DL,,2012,Utah,Kyle Whittingham
https://raw.githubusercontent.com/RKRoberts97/byu_football_tree/refs/heads/main/College/Coaches/College%20Head%20Coaches/Kyle_Whittingham/2012_utah_roster.csv,Star Lotulelei,SR,DL,,2012,Utah,Kyle Whittingham
https://raw.githubusercontent.com/RKRoberts97/byu_football_tree/refs/heads/main/College/Coaches/College%20Head%20Coaches/Kyle_Whittingham/2012_utah_roster.csv,Thretton Palamo,JR,DL,,2012,Utah,Kyle Whittingham
https://raw.githubusercontent.com/RKRoberts97/byu_football_tree/refs/heads/main/College/Coaches/College%20Head%20Coaches/Kyle_Whittingham/2012_utah_roster.csv,Tenny Palepoi,JR,DL,,2012,Utah,Kyle Whittingham
https://raw.githubusercontent.com/RKRoberts97/byu_football_tree/refs/heads/main/College/Coaches/College%20Head%20Coaches/Kyle_Whittingham/2012_utah_roster.csv,Lt Tuipulotu,JR,DL,,2012,Utah,Kyle Whittingham
https://raw.githubusercontent.com/RKRoberts97/byu_football_tree/refs/heads/main/College/Coaches/College%20Head%20Coaches/Kyle_Whittingham/2012_utah_roster.csv,Joe Kruger,JR,DL,,2012,Utah,Kyle Whittingham
https://raw.githubusercontent.com/RKRoberts97/byu_football_tree/refs/heads/main/College/Coaches/College%20Head%20Coaches/Kyle_Whittingham/2012_utah_roster.csv,Boo Andersen,SR,LB,,2012,Utah,Kyle Whittingham
https://raw.githubusercontent.com/RKRoberts97/byu_football_tree/refs/heads/main/College/Coaches/College%20Head%20Coaches/Kyle_Whittingham/2012_utah_roster.csv,Nick Brown,JR,LB,,2012,Utah,Kyle Whittingham
https://raw.githubusercontent.com/RKRoberts97/byu_football_tree/refs/heads/main/College/Coaches/College%20Head%20Coaches/Kyle_Whittingham/2012_utah_roster.csv,Dave Fagergren,SR,LB,,2012,Utah,Kyle Whittingham
https://raw.githubusercontent.com/RKRoberts97/byu_football_tree/refs/heads/main/College/Coaches/College%20Head%20Coaches/Kyle_Whittingham/2012_utah_roster.csv,V.J. Fehoko,SO,LB,,2012,Utah,Kyle Whittingham
https://raw.githubusercontent.com/RKRoberts97/byu_football_tree/refs/heads/main/College/Coaches/College%20Head%20Coaches/Kyle_Whittingham/2012_utah_roster.csv,Lt Filiaga,FR,LB,,2012,Utah,Kyle Whittingham
https://raw.githubusercontent.com/RKRoberts97/byu_football_tree/refs/heads/main/College/Coaches/College%20Head%20Coaches/Kyle_Whittingham/2012_utah_roster.csv,Reshawn Hooker,FR,LB,,2012,Utah,Kyle Whittingham
https://raw.githubusercontent.com/RKRoberts97/byu_football_tree/refs/heads/main/College/Coaches/College%20Head%20Coaches/Kyle_Whittingham/2012_utah_roster.csv,Jared Norris,FR,LB,,2012,Utah,Kyle Whittingham
https://raw.githubusercontent.com/RKRoberts97/byu_football_tree/refs/heads/main/College/Coaches/College%20Head%20Coaches/Kyle_Whittingham/2012_utah_roster.csv,Victor Spikes,JR,LB,,2012,Utah,Kyle Whittingham
https://raw.githubusercontent.com/RKRoberts97/byu_football_tree/refs/heads/main/College/Coaches/College%20Head%20Coaches/Kyle_Whittingham/2012_utah_roster.csv,Travis Still,FR,LB,,2012,Utah,Kyle Whittingham
https://raw.githubusercontent.com/RKRoberts97/byu_football_tree/refs/heads/main/College/Coaches/College%20Head%20Coaches/Kyle_Whittingham/2012_utah_roster.csv,Jason Whittingham,FR,LB,,2012,Utah,Kyle Whittingham
https://raw.githubusercontent.com/RKRoberts97/byu_football_tree/refs/heads/main/College/Coaches/College%20Head%20Coaches/Kyle_Whittingham/2012_utah_roster.csv,Trevor Reilly,JR,LB,,2012,Utah,Kyle Whittingham
https://raw.githubusercontent.com/RKRoberts97/byu_football_tree/refs/heads/main/College/Coaches/College%20Head%20Coaches/Kyle_Whittingham/2012_utah_roster.csv,Joseph Bryant,FR,DB,,2012,Utah,Kyle Whittingham
https://raw.githubusercontent.com/RKRoberts97/byu_football_tree/refs/heads/main/College/Coaches/College%20Head%20Coaches/Kyle_Whittingham/2012_utah_roster.csv,Quade Chappuis,JR,DB,,2012,Utah,Kyle Whittingham
https://raw.githubusercontent.com/RKRoberts97/byu_football_tree/refs/heads/main/College/Coaches/College%20Head%20Coaches/Kyle_Whittingham/2012_utah_roster.csv,Wykie Freeman,SO,DB,,2012,Utah,Kyle Whittingham
https://raw.githubusercontent.com/RKRoberts97/byu_football_tree/refs/heads/main/College/Coaches/College%20Head%20Coaches/Kyle_Whittingham/2012_utah_roster.csv,Chandler Johnson,SO,DB,,2012,Utah,Kyle Whittingham
https://raw.githubusercontent.com/RKRoberts97/byu_football_tree/refs/heads/main/College/Coaches/College%20Head%20Coaches/Kyle_Whittingham/2012_utah_roster.csv,Tyron Morris-Edwards,SO,DB,,2012,Utah,Kyle Whittingham
https://raw.githubusercontent.com/RKRoberts97/byu_football_tree/refs/heads/main/College/Coaches/College%20Head%20Coaches/Kyle_Whittingham/2012_utah_roster.csv,Terrell Reese,SO,DB,,2012,Utah,Kyle Whittingham
https://raw.githubusercontent.com/RKRoberts97/byu_football_tree/refs/heads/main/College/Coaches/College%20Head%20Coaches/Kyle_Whittingham/2012_utah_roster.csv,Lewis Walker,SR,DB,,2012,Utah,Kyle Whittingham
https://raw.githubusercontent.com/RKRoberts97/byu_football_tree/refs/heads/main/College/Coaches/College%20Head%20Coaches/Kyle_Whittingham/2012_utah_roster.csv,Michael Walker,JR,DB,,2012,Utah,Kyle Whittingham
https://raw.githubusercontent.com/RKRoberts97/byu_football_tree/refs/heads/main/College/Coaches/College%20Head%20Coaches/Kyle_Whittingham/2012_utah_roster.csv,Tyler White,FR,DB,,2012,Utah,Kyle Whittingham
https://raw.githubusercontent.com/RKRoberts97/byu_football_tree/refs/heads/main/College/Coaches/College%20Head%20Coaches/Kyle_Whittingham/2012_utah_roster.csv,Mike Honeycutt,JR,DB,,2012,Utah,Kyle Whittingham
https://raw.githubusercontent.com/RKRoberts97/byu_football_tree/refs/heads/main/College/Coaches/College%20Head%20Coaches/Kyle_Whittingham/2012_utah_roster.csv,Brian Blechen,JR,DB,,2012,Utah,Kyle Whittingham
https://raw.githubusercontent.com/RKRoberts97/byu_football_tree/refs/heads/main/College/Coaches/College%20Head%20Coaches/Kyle_Whittingham/2012_utah_roster.csv,Charles Henderson,FR,DB,,2012,Utah,Kyle Whittingham
https://raw.githubusercontent.com/RKRoberts97/byu_football_tree/refs/heads/main/College/Coaches/College%20Head%20Coaches/Kyle_Whittingham/2012_utah_roster.csv,Ryan Lacy,SR,DB,,2012,Utah,Kyle Whittingham
https://raw.githubusercontent.com/RKRoberts97/byu_football_tree/refs/heads/main/College/Coaches/College%20Head%20Coaches/Kyle_Whittingham/2012_utah_roster.csv,Moe Lee,SR,DB,,2012,Utah,Kyle Whittingham
https://raw.githubusercontent.com/RKRoberts97/byu_football_tree/refs/heads/main/College/Coaches/College%20Head%20Coaches/Kyle_Whittingham/2012_utah_roster.csv,Eric Rowe,SO,DB,,2012,Utah,Kyle Whittingham
https://raw.githubusercontent.com/RKRoberts97/byu_football_tree/refs/heads/main/College/Coaches/College%20Head%20Coaches/Kyle_Whittingham/2012_utah_roster.csv,Reggie Topps,SR,DB,,2012,Utah,Kyle Whittingham
https://raw.githubusercontent.com/RKRoberts97/byu_football_tree/refs/heads/main/College/Coaches/College%20Head%20Coaches/Kyle_Whittingham/2012_utah_roster.csv,Sean Sellwood,SR,P,,2012,Utah,Kyle Whittingham
https://raw.githubusercontent.com/RKRoberts97/byu_football_tree/refs/heads/main/College/Coaches/College%20Head%20Coaches/Kyle_Whittingham/2012_utah_roster.csv,Tom Hackett,FR,P,,2012,Utah,Kyle Whittingham
https://raw.githubusercontent.com/RKRoberts97/byu_football_tree/refs/heads/main/College/Coaches/College%20Head%20Coaches/Kyle_Whittingham/2013_utah_roster.csv,Travis Wilson,SO,QB,"133 Cmp, 237 Att, 1827 Yds, 16 TD",2013,Utah,Kyle Whittingham
https://raw.githubusercontent.com/RKRoberts97/byu_football_tree/refs/heads/main/College/Coaches/College%20Head%20Coaches/Kyle_Whittingham/2013_utah_roster.csv,Adam Schulz,SO,QB,"75 Cmp, 154 Att, 1008 Yds, 6 TD",2013,Utah,Kyle Whittingham
https://raw.githubusercontent.com/RKRoberts97/byu_football_tree/refs/heads/main/College/Coaches/College%20Head%20Coaches/Kyle_Whittingham/2013_utah_roster.csv,James Poole,SO,RB,"149 Att, 607 Yds, 4.1 Avg",2013,Utah,Kyle Whittingham
https://raw.githubusercontent.com/RKRoberts97/byu_football_tree/refs/heads/main/College/Coaches/College%20Head%20Coaches/Kyle_Whittingham/2013_utah_roster.csv,Kelvin York,JR,RB,"118 Att, 463 Yds, 3.9 Avg",2013,Utah,Kyle Whittingham
https://raw.githubusercontent.com/RKRoberts97/byu_football_tree/refs/heads/main/College/Coaches/College%20Head%20Coaches/Kyle_Whittingham/2013_utah_roster.csv,Lucky Radley,JR,RB,"59 Att, 284 Yds, 4.8 Avg",2013,Utah,Kyle Whittingham
https://raw.githubusercontent.com/RKRoberts97/byu_football_tree/refs/heads/main/College/Coaches/College%20Head%20Coaches/Kyle_Whittingham/2013_utah_roster.csv,Karl Williams,SR,RB,"15 Att, 51 Yds, 3.4 Avg",2013,Utah,Kyle Whittingham
https://raw.githubusercontent.com/RKRoberts97/byu_football_tree/refs/heads/main/College/Coaches/College%20Head%20Coaches/Kyle_Whittingham/2013_utah_roster.csv,Marcus Sanders-Williams,FR,RB,"10 Att, 40 Yds, 4.0 Avg",2013,Utah,Kyle Whittingham
https://raw.githubusercontent.com/RKRoberts97/byu_football_tree/refs/heads/main/College/Coaches/College%20Head%20Coaches/Kyle_Whittingham/2013_utah_roster.csv,Dres Anderson,JR,WR,"53 Rec, 1002 Yds, 18.9 Avg",2013,Utah,Kyle Whittingham
https://raw.githubusercontent.com/RKRoberts97/byu_football_tree/refs/heads/main/College/Coaches/College%20Head%20Coaches/Kyle_Whittingham/2013_utah_roster.csv,Sean Fitzgerald,SR,WR,"32 Rec, 471 Yds, 14.7 Avg",2013,Utah,Kyle Whittingham
https://raw.githubusercontent.com/RKRoberts97/byu_football_tree/refs/heads/main/College/Coaches/College%20Head%20Coaches/Kyle_Whittingham/2013_utah_roster.csv,Anthony Denham,SR,WR,"24 Rec, 291 Yds, 12.1 Avg",2013,Utah,Kyle Whittingham
https://raw.githubusercontent.com/RKRoberts97/byu_football_tree/refs/heads/main/College/Coaches/College%20Head%20Coaches/Kyle_Whittingham/2013_utah_roster.csv,Geoffrey Norwood,SO,WR,"13 Rec, 173 Yds, 13.3 Avg",2013,Utah,Kyle Whittingham
https://raw.githubusercontent.com/RKRoberts97/byu_football_tree/refs/heads/main/College/Coaches/College%20Head%20Coaches/Kyle_Whittingham/2013_utah_roster.csv,Dominique Hatfield,FR,WR,"4 Rec, 84 Yds, 21.0 Avg",2013,Utah,Kyle Whittingham
https://raw.githubusercontent.com/RKRoberts97/byu_football_tree/refs/heads/main/College/Coaches/College%20Head%20Coaches/Kyle_Whittingham/2013_utah_roster.csv,Delshawn McClellon,FR,WR,,2013,Utah,Kyle Whittingham
https://raw.githubusercontent.com/RKRoberts97/byu_football_tree/refs/heads/main/College/Coaches/College%20Head%20Coaches/Kyle_Whittingham/2013_utah_roster.csv,Tanqueray Towns,SR,WR,,2013,Utah,Kyle Whittingham
https://raw.githubusercontent.com/RKRoberts97/byu_football_tree/refs/heads/main/College/Coaches/College%20Head%20Coaches/Kyle_Whittingham/2013_utah_roster.csv,Jake Murphy,JR,TE,"25 Rec, 417 Yds, 16.7 Avg",2013,Utah,Kyle Whittingham
https://raw.githubusercontent.com/RKRoberts97/byu_football_tree/refs/heads/main/College/Coaches/College%20Head%20Coaches/Kyle_Whittingham/2013_utah_roster.csv,Siale Fakailoatonga,FR,TE,"2 Rec, 18 Yds, 9.0 Avg",2013,Utah,Kyle Whittingham
https://raw.githubusercontent.com/RKRoberts97/byu_football_tree/refs/heads/main/College/Coaches/College%20Head%20Coaches/Kyle_Whittingham/2013_utah_roster.csv,Westlee Tonga,SR,TE,"2 Rec, 28 Yds, 14.0 Avg",2013,Utah,Kyle Whittingham
https://raw.githubusercontent.com/RKRoberts97/byu_football_tree/refs/heads/main/College/Coaches/College%20Head%20Coaches/Kyle_Whittingham/2013_utah_roster.csv,Vyncent Jones,SR,OL,,2013,Utah,Kyle Whittingham
https://raw.githubusercontent.com/RKRoberts97/byu_football_tree/refs/heads/main/College/Coaches/College%20Head%20Coaches/Kyle_Whittingham/2013_utah_roster.csv,Jeremiah Tofaeono,SR,OL,,2013,Utah,Kyle Whittingham
https://raw.githubusercontent.com/RKRoberts97/byu_football_tree/refs/heads/main/College/Coaches/College%20Head%20Coaches/Kyle_Whittingham/2013_utah_roster.csv,Andy Phillips,FR,K,,2013,Utah,Kyle Whittingham
https://raw.githubusercontent.com/RKRoberts97/byu_football_tree/refs/heads/main/College/Coaches/College%20Head%20Coaches/Kyle_Whittingham/2013_utah_roster.csv,Jamie Sutcliffe,FR,K,,2013,Utah,Kyle Whittingham
https://raw.githubusercontent.com/RKRoberts97/byu_football_tree/refs/heads/main/College/Coaches/College%20Head%20Coaches/Kyle_Whittingham/2013_utah_roster.csv,V.J. Fehoko,JR,LB,,2013,Utah,Kyle Whittingham
https://raw.githubusercontent.com/RKRoberts97/byu_football_tree/refs/heads/main/College/Coaches/College%20Head%20Coaches/Kyle_Whittingham/2013_utah_roster.csv,Lt Filiaga,SO,LB,,2013,Utah,Kyle Whittingham
https://raw.githubusercontent.com/RKRoberts97/byu_football_tree/refs/heads/main/College/Coaches/College%20Head%20Coaches/Kyle_Whittingham/2013_utah_roster.csv,Jacoby Hale,JR,LB,,2013,Utah,Kyle Whittingham
https://raw.githubusercontent.com/RKRoberts97/byu_football_tree/refs/heads/main/College/Coaches/College%20Head%20Coaches/Kyle_Whittingham/2013_utah_roster.csv,Uaea Masina,FR,LB,,2013,Utah,Kyle Whittingham
https://raw.githubusercontent.com/RKRoberts97/byu_football_tree/refs/heads/main/College/Coaches/College%20Head%20Coaches/Kyle_Whittingham/2013_utah_roster.csv,Jared Norris,SO,LB,,2013,Utah,Kyle Whittingham
https://raw.githubusercontent.com/RKRoberts97/byu_football_tree/refs/heads/main/College/Coaches/College%20Head%20Coaches/Kyle_Whittingham/2013_utah_roster.csv,Travis Still,SO,LB,,2013,Utah,Kyle Whittingham
https://raw.githubusercontent.com/RKRoberts97/byu_football_tree/refs/heads/main/College/Coaches/College%20Head%20Coaches/Kyle_Whittingham/2013_utah_roster.csv,Pita Taumoepenu,FR,LB,,2013,Utah,Kyle Whittingham
https://raw.githubusercontent.com/RKRoberts97/byu_football_tree/refs/heads/main/College/Coaches/College%20Head%20Coaches/Kyle_Whittingham/2013_utah_roster.csv,Jason Whittingham,SO,LB,,2013,Utah,Kyle Whittingham
https://raw.githubusercontent.com/RKRoberts97/byu_football_tree/refs/heads/main/College/Coaches/College%20Head%20Coaches/Kyle_Whittingham/2013_utah_roster.csv,Quade Chappuis,SR,DB,,2013,Utah,Kyle Whittingham
https://raw.githubusercontent.com/RKRoberts97/byu_football_tree/refs/heads/main/College/Coaches/College%20Head%20Coaches/Kyle_Whittingham/2013_utah_roster.csv,Hipolito Corporan,FR,DB,,2013,Utah,Kyle Whittingham
https://raw.githubusercontent.com/RKRoberts97/byu_football_tree/refs/heads/main/College/Coaches/College%20Head%20Coaches/Kyle_Whittingham/2013_utah_roster.csv,Wykie Freeman,JR,DB,,2013,Utah,Kyle Whittingham
https://raw.githubusercontent.com/RKRoberts97/byu_football_tree/refs/heads/main/College/Coaches/College%20Head%20Coaches/Kyle_Whittingham/2013_utah_roster.csv,Charles Henderson,SO,DB,,2013,Utah,Kyle Whittingham
https://raw.githubusercontent.com/RKRoberts97/byu_football_tree/refs/heads/main/College/Coaches/College%20Head%20Coaches/Kyle_Whittingham/2013_utah_roster.csv,Mike Honeycutt,SR,DB,,2013,Utah,Kyle Whittingham
https://raw.githubusercontent.com/RKRoberts97/byu_football_tree/refs/heads/main/College/Coaches/College%20Head%20Coaches/Kyle_Whittingham/2013_utah_roster.csv,Chandler Johnson,JR,DB,,2013,Utah,Kyle Whittingham
https://raw.githubusercontent.com/RKRoberts97/byu_football_tree/refs/heads/main/College/Coaches/College%20Head%20Coaches/Kyle_Whittingham/2013_utah_roster.csv,Keith McGill,SR,DB,,2013,Utah,Kyle Whittingham
https://raw.githubusercontent.com/RKRoberts97/byu_football_tree/refs/heads/main/College/Coaches/College%20Head%20Coaches/Kyle_Whittingham/2013_utah_roster.csv,Tyron Morris-Edwards,JR,DB,,2013,Utah,Kyle Whittingham
https://raw.githubusercontent.com/RKRoberts97/byu_football_tree/refs/heads/main/College/Coaches/College%20Head%20Coaches/Kyle_Whittingham/2013_utah_roster.csv,Davion Orphey,JR,DB,,2013,Utah,Kyle Whittingham
https://raw.githubusercontent.com/RKRoberts97/byu_football_tree/refs/heads/main/College/Coaches/College%20Head%20Coaches/Kyle_Whittingham/2013_utah_roster.csv,Reginald Porter,FR,DB,,2013,Utah,Kyle Whittingham
https://raw.githubusercontent.com/RKRoberts97/byu_football_tree/refs/heads/main/College/Coaches/College%20Head%20Coaches/Kyle_Whittingham/2013_utah_roster.csv,Eric Rowe,JR,DB,,2013,Utah,Kyle Whittingham
https://raw.githubusercontent.com/RKRoberts97/byu_football_tree/refs/heads/main/College/Coaches/College%20Head%20Coaches/Kyle_Whittingham/2013_utah_roster.csv,Joseph Smith,JR,DB,,2013,Utah,Kyle Whittingham
https://raw.githubusercontent.com/RKRoberts97/byu_football_tree/refs/heads/main/College/Coaches/College%20Head%20Coaches/Kyle_Whittingham/2013_utah_roster.csv,Darchon Taggart,SO,DB,,2013,Utah,Kyle Whittingham
https://raw.githubusercontent.com/RKRoberts97/byu_football_tree/refs/heads/main/College/Coaches/College%20Head%20Coaches/Kyle_Whittingham/2013_utah_roster.csv,Justin Thomas,FR,DB,,2013,Utah,Kyle Whittingham
https://raw.githubusercontent.com/RKRoberts97/byu_football_tree/refs/heads/main/College/Coaches/College%20Head%20Coaches/Kyle_Whittingham/2013_utah_roster.csv,Michael Walker,SR,DB,,2013,Utah,Kyle Whittingham
https://raw.githubusercontent.com/RKRoberts97/byu_football_tree/refs/heads/main/College/Coaches/College%20Head%20Coaches/Kyle_Whittingham/2013_utah_roster.csv,Tom Hackett,SO,P,,2013,Utah,Kyle Whittingham
https://raw.githubusercontent.com/RKRoberts97/byu_football_tree/refs/heads/main/College/Coaches/College%20Head%20Coaches/Kyle_Whittingham/2013_utah_roster.csv,Hunter Dimick,FR,DE,,2013,Utah,Kyle Whittingham
https://raw.githubusercontent.com/RKRoberts97/byu_football_tree/refs/heads/main/College/Coaches/College%20Head%20Coaches/Kyle_Whittingham/2013_utah_roster.csv,Chase Dominguez,FR,LS,,2013,Utah,Kyle Whittingham
https://raw.githubusercontent.com/RKRoberts97/byu_football_tree/refs/heads/main/College/Coaches/College%20Head%20Coaches/Kyle_Whittingham/2013_utah_roster.csv,Viliseni Fauonuku,SO,DT,,2013,Utah,Kyle Whittingham
https://raw.githubusercontent.com/RKRoberts97/byu_football_tree/refs/heads/main/College/Coaches/College%20Head%20Coaches/Kyle_Whittingham/2013_utah_roster.csv,Latu Heimuli,SR,DT,,2013,Utah,Kyle Whittingham
https://raw.githubusercontent.com/RKRoberts97/byu_football_tree/refs/heads/main/College/Coaches/College%20Head%20Coaches/Kyle_Whittingham/2013_utah_roster.csv,Sese Ianu,JR,DT,,2013,Utah,Kyle Whittingham
https://raw.githubusercontent.com/RKRoberts97/byu_football_tree/refs/heads/main/College/Coaches/College%20Head%20Coaches/Kyle_Whittingham/2013_utah_roster.csv,Daniel Nielson,SO,DT,,2013,Utah,Kyle Whittingham
https://raw.githubusercontent.com/RKRoberts97/byu_football_tree/refs/heads/main/College/Coaches/College%20Head%20Coaches/Kyle_Whittingham/2013_utah_roster.csv,Nate Orchard,JR,DE,,2013,Utah,Kyle Whittingham
https://raw.githubusercontent.com/RKRoberts97/byu_football_tree/refs/heads/main/College/Coaches/College%20Head%20Coaches/Kyle_Whittingham/2013_utah_roster.csv,Thretton Palamo,SR,DE,,2013,Utah,Kyle Whittingham
https://raw.githubusercontent.com/RKRoberts97/byu_football_tree/refs/heads/main/College/Coaches/College%20Head%20Coaches/Kyle_Whittingham/2013_utah_roster.csv,Tenny Palepoi,SR,DT,,2013,Utah,Kyle Whittingham
https://raw.githubusercontent.com/RKRoberts97/byu_football_tree/refs/heads/main/College/Coaches/College%20Head%20Coaches/Kyle_Whittingham/2013_utah_roster.csv,Trevor Reilly,SR,DE,,2013,Utah,Kyle Whittingham
https://raw.githubusercontent.com/RKRoberts97/byu_football_tree/refs/heads/main/College/Coaches/College%20Head%20Coaches/Kyle_Whittingham/2013_utah_roster.csv,Sam Tevi,FR,DT,,2013,Utah,Kyle Whittingham
https://raw.githubusercontent.com/RKRoberts97/byu_football_tree/refs/heads/main/College/Coaches/College%20Head%20Coaches/Kyle_Whittingham/2013_utah_roster.csv,Lt Tuipulotu,,DT,,2013,Utah,Kyle Whittingham
https://raw.githubusercontent.com/RKRoberts97/byu_football_tree/refs/heads/main/College/Coaches/College%20Head%20Coaches/Kyle_Whittingham/2014_utah_roster.csv,Travis Wilson,JR,QB,"190 Cmp, 313 Att, 2170 Yds, 18 TD",2014,Utah,Kyle Whittingham
https://raw.githubusercontent.com/RKRoberts97/byu_football_tree/refs/heads/main/College/Coaches/College%20Head%20Coaches/Kyle_Whittingham/2014_utah_roster.csv,Kendal Thompson,JR,QB,"32 Cmp, 52 Att, 324 Yds, 2 TD",2014,Utah,Kyle Whittingham
https://raw.githubusercontent.com/RKRoberts97/byu_football_tree/refs/heads/main/College/Coaches/College%20Head%20Coaches/Kyle_Whittingham/2014_utah_roster.csv,Conner Manning,FR,QB,"2 Cmp, 6 Att, 28 Yds, 0 TD",2014,Utah,Kyle Whittingham
https://raw.githubusercontent.com/RKRoberts97/byu_football_tree/refs/heads/main/College/Coaches/College%20Head%20Coaches/Kyle_Whittingham/2014_utah_roster.csv,Brandon Cox,FR,QB,"3 Cmp, 3 Att, 17 Yds, 0 TD",2014,Utah,Kyle Whittingham
https://raw.githubusercontent.com/RKRoberts97/byu_football_tree/refs/heads/main/College/Coaches/College%20Head%20Coaches/Kyle_Whittingham/2014_utah_roster.csv,Adam Schulz,JR,QB,"2 Cmp, 2 Att, 31 Yds, 0 TD",2014,Utah,Kyle Whittingham
https://raw.githubusercontent.com/RKRoberts97/byu_football_tree/refs/heads/main/College/Coaches/College%20Head%20Coaches/Kyle_Whittingham/2014_utah_roster.csv,Jason Thompson,JR,QB,"0 Cmp, 1 Att, 0 Yds, 0 TD",2014,Utah,Kyle Whittingham
https://raw.githubusercontent.com/RKRoberts97/byu_football_tree/refs/heads/main/College/Coaches/College%20Head%20Coaches/Kyle_Whittingham/2014_utah_roster.csv,Devontae Booker,JR,RB,"292 Att, 1512 Yds, 5.2 Avg",2014,Utah,Kyle Whittingham
https://raw.githubusercontent.com/RKRoberts97/byu_football_tree/refs/heads/main/College/Coaches/College%20Head%20Coaches/Kyle_Whittingham/2014_utah_roster.csv,Bubba Poole,JR,RB,"49 Att, 211 Yds, 4.3 Avg",2014,Utah,Kyle Whittingham
https://raw.githubusercontent.com/RKRoberts97/byu_football_tree/refs/heads/main/College/Coaches/College%20Head%20Coaches/Kyle_Whittingham/2014_utah_roster.csv,Troy McCormick,FR,RB,"30 Att, 178 Yds, 5.9 Avg",2014,Utah,Kyle Whittingham
https://raw.githubusercontent.com/RKRoberts97/byu_football_tree/refs/heads/main/College/Coaches/College%20Head%20Coaches/Kyle_Whittingham/2014_utah_roster.csv,Dre'Vian Young,FR,RB,"4 Att, 14 Yds, 3.5 Avg",2014,Utah,Kyle Whittingham
https://raw.githubusercontent.com/RKRoberts97/byu_football_tree/refs/heads/main/College/Coaches/College%20Head%20Coaches/Kyle_Whittingham/2014_utah_roster.csv,Andrew Fletcher,JR,RB,,2014,Utah,Kyle Whittingham
https://raw.githubusercontent.com/RKRoberts97/byu_football_tree/refs/heads/main/College/Coaches/College%20Head%20Coaches/Kyle_Whittingham/2014_utah_roster.csv,Tavaris Williams,FR,RB,,2014,Utah,Kyle Whittingham
https://raw.githubusercontent.com/RKRoberts97/byu_football_tree/refs/heads/main/College/Coaches/College%20Head%20Coaches/Kyle_Whittingham/2014_utah_roster.csv,Kaelin Clay,SR,WR,"43 Rec, 523 Yds, 12.2 Avg",2014,Utah,Kyle Whittingham
https://raw.githubusercontent.com/RKRoberts97/byu_football_tree/refs/heads/main/College/Coaches/College%20Head%20Coaches/Kyle_Whittingham/2014_utah_roster.csv,Dres Anderson,SR,WR,"22 Rec, 355 Yds, 16.1 Avg",2014,Utah,Kyle Whittingham
https://raw.githubusercontent.com/RKRoberts97/byu_football_tree/refs/heads/main/College/Coaches/College%20Head%20Coaches/Kyle_Whittingham/2014_utah_roster.csv,Delshawn McClellon,SO,WR,"7 Rec, 98 Yds, 14.0 Avg",2014,Utah,Kyle Whittingham
https://raw.githubusercontent.com/RKRoberts97/byu_football_tree/refs/heads/main/College/Coaches/College%20Head%20Coaches/Kyle_Whittingham/2014_utah_roster.csv,Dominique Hatfield,SO,WR,"1 Rec, 9 Yds, 9.0 Avg",2014,Utah,Kyle Whittingham
https://raw.githubusercontent.com/RKRoberts97/byu_football_tree/refs/heads/main/College/Coaches/College%20Head%20Coaches/Kyle_Whittingham/2014_utah_roster.csv,Kenneth Scott,JR,WR,"48 Rec, 506 Yds, 10.5 Avg",2014,Utah,Kyle Whittingham
https://raw.githubusercontent.com/RKRoberts97/byu_football_tree/refs/heads/main/College/Coaches/College%20Head%20Coaches/Kyle_Whittingham/2014_utah_roster.csv,Tim Patrick,JR,WR,"16 Rec, 177 Yds, 11.1 Avg",2014,Utah,Kyle Whittingham
https://raw.githubusercontent.com/RKRoberts97/byu_football_tree/refs/heads/main/College/Coaches/College%20Head%20Coaches/Kyle_Whittingham/2014_utah_roster.csv,Jameson Field,FR,WR,"1 Rec, 17 Yds, 17.0 Avg",2014,Utah,Kyle Whittingham
https://raw.githubusercontent.com/RKRoberts97/byu_football_tree/refs/heads/main/College/Coaches/College%20Head%20Coaches/Kyle_Whittingham/2014_utah_roster.csv,Andre Lewis,SR,WR,"1 Rec, 45 Yds, 45.0 Avg",2014,Utah,Kyle Whittingham
https://raw.githubusercontent.com/RKRoberts97/byu_football_tree/refs/heads/main/College/Coaches/College%20Head%20Coaches/Kyle_Whittingham/2014_utah_roster.csv,Kenric Young,FR,WR,"1 Rec, -1 Yds, -1.0 Avg",2014,Utah,Kyle Whittingham
https://raw.githubusercontent.com/RKRoberts97/byu_football_tree/refs/heads/main/College/Coaches/College%20Head%20Coaches/Kyle_Whittingham/2014_utah_roster.csv,Brian Allen,SO,WR,,2014,Utah,Kyle Whittingham
https://raw.githubusercontent.com/RKRoberts97/byu_football_tree/refs/heads/main/College/Coaches/College%20Head%20Coaches/Kyle_Whittingham/2014_utah_roster.csv,Tyler Cooperwood,JR,WR,,2014,Utah,Kyle Whittingham
https://raw.githubusercontent.com/RKRoberts97/byu_football_tree/refs/heads/main/College/Coaches/College%20Head%20Coaches/Kyle_Whittingham/2014_utah_roster.csv,Geoffrey Norwood,SR,WR,,2014,Utah,Kyle Whittingham
https://raw.githubusercontent.com/RKRoberts97/byu_football_tree/refs/heads/main/College/Coaches/College%20Head%20Coaches/Kyle_Whittingham/2014_utah_roster.csv,Ryan Petersen,SR,WR,,2014,Utah,Kyle Whittingham
https://raw.githubusercontent.com/RKRoberts97/byu_football_tree/refs/heads/main/College/Coaches/College%20Head%20Coaches/Kyle_Whittingham/2014_utah_roster.csv,Westlee Tonga,SR,TE,"30 Rec, 391 Yds, 13.0 Avg",2014,Utah,Kyle Whittingham
https://raw.githubusercontent.com/RKRoberts97/byu_football_tree/refs/heads/main/College/Coaches/College%20Head%20Coaches/Kyle_Whittingham/2014_utah_roster.csv,Siale Fakailoatonga,SO,TE,"2 Rec, 33 Yds, 16.5 Avg",2014,Utah,Kyle Whittingham
https://raw.githubusercontent.com/RKRoberts97/byu_football_tree/refs/heads/main/College/Coaches/College%20Head%20Coaches/Kyle_Whittingham/2014_utah_roster.csv,Wallace Gonzalez,FR,TE,,2014,Utah,Kyle Whittingham
https://raw.githubusercontent.com/RKRoberts97/byu_football_tree/refs/heads/main/College/Coaches/College%20Head%20Coaches/Kyle_Whittingham/2014_utah_roster.csv,J.J. Dielman,SO,OL,,2014,Utah,Kyle Whittingham
https://raw.githubusercontent.com/RKRoberts97/byu_football_tree/refs/heads/main/College/Coaches/College%20Head%20Coaches/Kyle_Whittingham/2014_utah_roster.csv,Christian Drews,FR,LB,,2014,Utah,Kyle Whittingham
https://raw.githubusercontent.com/RKRoberts97/byu_football_tree/refs/heads/main/College/Coaches/College%20Head%20Coaches/Kyle_Whittingham/2014_utah_roster.csv,Jacoby Hale,SR,LB,,2014,Utah,Kyle Whittingham
https://raw.githubusercontent.com/RKRoberts97/byu_football_tree/refs/heads/main/College/Coaches/College%20Head%20Coaches/Kyle_Whittingham/2014_utah_roster.csv,Tanner Larsen,FR,LB,,2014,Utah,Kyle Whittingham
https://raw.githubusercontent.com/RKRoberts97/byu_football_tree/refs/heads/main/College/Coaches/College%20Head%20Coaches/Kyle_Whittingham/2014_utah_roster.csv,Uaea Masina,SO,LB,,2014,Utah,Kyle Whittingham
https://raw.githubusercontent.com/RKRoberts97/byu_football_tree/refs/heads/main/College/Coaches/College%20Head%20Coaches/Kyle_Whittingham/2014_utah_roster.csv,Jared Norris,JR,LB,,2014,Utah,Kyle Whittingham
https://raw.githubusercontent.com/RKRoberts97/byu_football_tree/refs/heads/main/College/Coaches/College%20Head%20Coaches/Kyle_Whittingham/2014_utah_roster.csv,Gionni Paul,JR,LB,,2014,Utah,Kyle Whittingham
https://raw.githubusercontent.com/RKRoberts97/byu_football_tree/refs/heads/main/College/Coaches/College%20Head%20Coaches/Kyle_Whittingham/2014_utah_roster.csv,Marcus Sanders-Williams,SO,LB,,2014,Utah,Kyle Whittingham
https://raw.githubusercontent.com/RKRoberts97/byu_football_tree/refs/heads/main/College/Coaches/College%20Head%20Coaches/Kyle_Whittingham/2014_utah_roster.csv,Sharrieff Shah,SO,LB,,2014,Utah,Kyle Whittingham
https://raw.githubusercontent.com/RKRoberts97/byu_football_tree/refs/heads/main/College/Coaches/College%20Head%20Coaches/Kyle_Whittingham/2014_utah_roster.csv,Jason Whittingham,JR,LB,,2014,Utah,Kyle Whittingham
https://raw.githubusercontent.com/RKRoberts97/byu_football_tree/refs/heads/main/College/Coaches/College%20Head%20Coaches/Kyle_Whittingham/2014_utah_roster.csv,Brian Blechen,SR,DB,,2014,Utah,Kyle Whittingham
https://raw.githubusercontent.com/RKRoberts97/byu_football_tree/refs/heads/main/College/Coaches/College%20Head%20Coaches/Kyle_Whittingham/2014_utah_roster.csv,Tevin Carter,SR,DB,,2014,Utah,Kyle Whittingham
https://raw.githubusercontent.com/RKRoberts97/byu_football_tree/refs/heads/main/College/Coaches/College%20Head%20Coaches/Kyle_Whittingham/2014_utah_roster.csv,Wykie Freeman,SR,DB,,2014,Utah,Kyle Whittingham
https://raw.githubusercontent.com/RKRoberts97/byu_football_tree/refs/heads/main/College/Coaches/College%20Head%20Coaches/Kyle_Whittingham/2014_utah_roster.csv,Andre Godfrey,FR,DB,,2014,Utah,Kyle Whittingham
https://raw.githubusercontent.com/RKRoberts97/byu_football_tree/refs/heads/main/College/Coaches/College%20Head%20Coaches/Kyle_Whittingham/2014_utah_roster.csv,Charles Henderson,JR,DB,,2014,Utah,Kyle Whittingham
https://raw.githubusercontent.com/RKRoberts97/byu_football_tree/refs/heads/main/College/Coaches/College%20Head%20Coaches/Kyle_Whittingham/2014_utah_roster.csv,Travonne Hobbs,FR,DB,,2014,Utah,Kyle Whittingham
https://raw.githubusercontent.com/RKRoberts97/byu_football_tree/refs/heads/main/College/Coaches/College%20Head%20Coaches/Kyle_Whittingham/2014_utah_roster.csv,Chandler Johnson,SR,DB,,2014,Utah,Kyle Whittingham
https://raw.githubusercontent.com/RKRoberts97/byu_football_tree/refs/heads/main/College/Coaches/College%20Head%20Coaches/Kyle_Whittingham/2014_utah_roster.csv,Danny McCormick,FR,DB,,2014,Utah,Kyle Whittingham
https://raw.githubusercontent.com/RKRoberts97/byu_football_tree/refs/heads/main/College/Coaches/College%20Head%20Coaches/Kyle_Whittingham/2014_utah_roster.csv,Nick Mika,FR,DB,,2014,Utah,Kyle Whittingham
https://raw.githubusercontent.com/RKRoberts97/byu_football_tree/refs/heads/main/College/Coaches/College%20Head%20Coaches/Kyle_Whittingham/2014_utah_roster.csv,Davion Orphey,SR,DB,,2014,Utah,Kyle Whittingham
https://raw.githubusercontent.com/RKRoberts97/byu_football_tree/refs/heads/main/College/Coaches/College%20Head%20Coaches/Kyle_Whittingham/2014_utah_roster.csv,Eric Rowe,SR,DB,,2014,Utah,Kyle Whittingham
https://raw.githubusercontent.com/RKRoberts97/byu_football_tree/refs/heads/main/College/Coaches/College%20Head%20Coaches/Kyle_Whittingham/2014_utah_roster.csv,Monte Seabrook,FR,DB,,2014,Utah,Kyle Whittingham
https://raw.githubusercontent.com/RKRoberts97/byu_football_tree/refs/heads/main/College/Coaches/College%20Head%20Coaches/Kyle_Whittingham/2014_utah_roster.csv,Mo Talley,SO,DB,,2014,Utah,Kyle Whittingham
https://raw.githubusercontent.com/RKRoberts97/byu_football_tree/refs/heads/main/College/Coaches/College%20Head%20Coaches/Kyle_Whittingham/2014_utah_roster.csv,Justin Thomas,SO,DB,,2014,Utah,Kyle Whittingham
https://raw.githubusercontent.com/RKRoberts97/byu_football_tree/refs/heads/main/College/Coaches/College%20Head%20Coaches/Kyle_Whittingham/2014_utah_roster.csv,Marcus Williams,FR,DB,,2014,Utah,Kyle Whittingham
https://raw.githubusercontent.com/RKRoberts97/byu_football_tree/refs/heads/main/College/Coaches/College%20Head%20Coaches/Kyle_Whittingham/2014_utah_roster.csv,Tom Hackett,JR,P,,2014,Utah,Kyle Whittingham
https://raw.githubusercontent.com/RKRoberts97/byu_football_tree/refs/heads/main/College/Coaches/College%20Head%20Coaches/Kyle_Whittingham/2014_utah_roster.csv,Chris Van Orden,SR,P,,2014,Utah,Kyle Whittingham
https://raw.githubusercontent.com/RKRoberts97/byu_football_tree/refs/heads/main/College/Coaches/College%20Head%20Coaches/Kyle_Whittingham/2014_utah_roster.csv,Andy Phillips,SO,KR,,2014,Utah,Kyle Whittingham
https://raw.githubusercontent.com/RKRoberts97/byu_football_tree/refs/heads/main/College/Coaches/College%20Head%20Coaches/Kyle_Whittingham/2014_utah_roster.csv,Hunter Dimick,SO,DE,,2014,Utah,Kyle Whittingham
https://raw.githubusercontent.com/RKRoberts97/byu_football_tree/refs/heads/main/College/Coaches/College%20Head%20Coaches/Kyle_Whittingham/2014_utah_roster.csv,Chase Dominguez,SO,LS,,2014,Utah,Kyle Whittingham
https://raw.githubusercontent.com/RKRoberts97/byu_football_tree/refs/heads/main/College/Coaches/College%20Head%20Coaches/Kyle_Whittingham/2014_utah_roster.csv,Jason Fanaika,JR,DE,,2014,Utah,Kyle Whittingham
https://raw.githubusercontent.com/RKRoberts97/byu_football_tree/refs/heads/main/College/Coaches/College%20Head%20Coaches/Kyle_Whittingham/2014_utah_roster.csv,Viliseni Fauonuku,JR,DT,,2014,Utah,Kyle Whittingham
https://raw.githubusercontent.com/RKRoberts97/byu_football_tree/refs/heads/main/College/Coaches/College%20Head%20Coaches/Kyle_Whittingham/2014_utah_roster.csv,Sese Ianu,SR,DT,,2014,Utah,Kyle Whittingham
https://raw.githubusercontent.com/RKRoberts97/byu_football_tree/refs/heads/main/College/Coaches/College%20Head%20Coaches/Kyle_Whittingham/2014_utah_roster.csv,Lowell Lotulelei,FR,DT,,2014,Utah,Kyle Whittingham
https://raw.githubusercontent.com/RKRoberts97/byu_football_tree/refs/heads/main/College/Coaches/College%20Head%20Coaches/Kyle_Whittingham/2014_utah_roster.csv,Filipo Mokofisi,FR,DT,,2014,Utah,Kyle Whittingham
https://raw.githubusercontent.com/RKRoberts97/byu_football_tree/refs/heads/main/College/Coaches/College%20Head%20Coaches/Kyle_Whittingham/2014_utah_roster.csv,Nate Orchard,SR,DE,,2014,Utah,Kyle Whittingham
https://raw.githubusercontent.com/RKRoberts97/byu_football_tree/refs/heads/main/College/Coaches/College%20Head%20Coaches/Kyle_Whittingham/2014_utah_roster.csv,Greg Reese,SR,DE,,2014,Utah,Kyle Whittingham
https://raw.githubusercontent.com/RKRoberts97/byu_football_tree/refs/heads/main/College/Coaches/College%20Head%20Coaches/Kyle_Whittingham/2014_utah_roster.csv,Clint Shepard,JR,DT,,2014,Utah,Kyle Whittingham
https://raw.githubusercontent.com/RKRoberts97/byu_football_tree/refs/heads/main/College/Coaches/College%20Head%20Coaches/Kyle_Whittingham/2014_utah_roster.csv,Clarence Smith,FR,DE,,2014,Utah,Kyle Whittingham
https://raw.githubusercontent.com/RKRoberts97/byu_football_tree/refs/heads/main/College/Coaches/College%20Head%20Coaches/Kyle_Whittingham/2014_utah_roster.csv,Pita Taumoepenu,SO,DE,,2014,Utah,Kyle Whittingham
https://raw.githubusercontent.com/RKRoberts97/byu_football_tree/refs/heads/main/College/Coaches/College%20Head%20Coaches/Kyle_Whittingham/2014_utah_roster.csv,Stevie Tu'Ikolovatu,SO,DT,,2014,Utah,Kyle Whittingham
https://raw.githubusercontent.com/RKRoberts97/byu_football_tree/refs/heads/main/College/Coaches/College%20Head%20Coaches/Kyle_Whittingham/2015_utah_roster.csv,Travis Wilson,SR,QB,"195 Cmp, 314 Att, 2093 Yds, 13 TD",2015,Utah,Kyle Whittingham
https://raw.githubusercontent.com/RKRoberts97/byu_football_tree/refs/heads/main/College/Coaches/College%20Head%20Coaches/Kyle_Whittingham/2015_utah_roster.csv,Kendal Thompson,SR,QB,"28 Cmp, 36 Att, 220 Yds, 1 TD",2015,Utah,Kyle Whittingham
https://raw.githubusercontent.com/RKRoberts97/byu_football_tree/refs/heads/main/College/Coaches/College%20Head%20Coaches/Kyle_Whittingham/2015_utah_roster.csv,Chase Hansen,FR,QB,"0 Cmp, 1 Att, 0 Yds, 0 TD",2015,Utah,Kyle Whittingham
https://raw.githubusercontent.com/RKRoberts97/byu_football_tree/refs/heads/main/College/Coaches/College%20Head%20Coaches/Kyle_Whittingham/2015_utah_roster.csv,Chase Hansen,FR,QB,"0 Cmp, 1 Att, 0 Yds, 0 TD",2015,Utah,Kyle Whittingham
https://raw.githubusercontent.com/RKRoberts97/byu_football_tree/refs/heads/main/College/Coaches/College%20Head%20Coaches/Kyle_Whittingham/2015_utah_roster.csv,Brandon Cox,SO,QB,,2015,Utah,Kyle Whittingham
https://raw.githubusercontent.com/RKRoberts97/byu_football_tree/refs/heads/main/College/Coaches/College%20Head%20Coaches/Kyle_Whittingham/2015_utah_roster.csv,Conner Manning,SO,QB,,2015,Utah,Kyle Whittingham
https://raw.githubusercontent.com/RKRoberts97/byu_football_tree/refs/heads/main/College/Coaches/College%20Head%20Coaches/Kyle_Whittingham/2015_utah_roster.csv,Devontae Booker,SR,RB,"268 Att, 1261 Yds, 4.7 Avg",2015,Utah,Kyle Whittingham
https://raw.githubusercontent.com/RKRoberts97/byu_football_tree/refs/heads/main/College/Coaches/College%20Head%20Coaches/Kyle_Whittingham/2015_utah_roster.csv,Joe Williams,JR,RB,"104 Att, 477 Yds, 4.6 Avg",2015,Utah,Kyle Whittingham
https://raw.githubusercontent.com/RKRoberts97/byu_football_tree/refs/heads/main/College/Coaches/College%20Head%20Coaches/Kyle_Whittingham/2015_utah_roster.csv,Marcus Sanders-Williams,JR,RB,"3 Rec, 19 Yds, 6.3 Avg",2015,Utah,Kyle Whittingham
https://raw.githubusercontent.com/RKRoberts97/byu_football_tree/refs/heads/main/College/Coaches/College%20Head%20Coaches/Kyle_Whittingham/2015_utah_roster.csv,Marcel Brooks-Brown,FR,RB,,2015,Utah,Kyle Whittingham
https://raw.githubusercontent.com/RKRoberts97/byu_football_tree/refs/heads/main/College/Coaches/College%20Head%20Coaches/Kyle_Whittingham/2015_utah_roster.csv,Andrew Fletcher,SR,RB,,2015,Utah,Kyle Whittingham
https://raw.githubusercontent.com/RKRoberts97/byu_football_tree/refs/heads/main/College/Coaches/College%20Head%20Coaches/Kyle_Whittingham/2015_utah_roster.csv,Marcus Horne,JR,RB,,2015,Utah,Kyle Whittingham
https://raw.githubusercontent.com/RKRoberts97/byu_football_tree/refs/heads/main/College/Coaches/College%20Head%20Coaches/Kyle_Whittingham/2015_utah_roster.csv,Troy McCormick,SO,RB,,2015,Utah,Kyle Whittingham
https://raw.githubusercontent.com/RKRoberts97/byu_football_tree/refs/heads/main/College/Coaches/College%20Head%20Coaches/Kyle_Whittingham/2015_utah_roster.csv,Monte Seabrook,SO,RB,,2015,Utah,Kyle Whittingham
https://raw.githubusercontent.com/RKRoberts97/byu_football_tree/refs/heads/main/College/Coaches/College%20Head%20Coaches/Kyle_Whittingham/2015_utah_roster.csv,A.J. Semeatu,FR,RB,,2015,Utah,Kyle Whittingham
https://raw.githubusercontent.com/RKRoberts97/byu_football_tree/refs/heads/main/College/Coaches/College%20Head%20Coaches/Kyle_Whittingham/2015_utah_roster.csv,Dre'Vian Young,SO,RB,,2015,Utah,Kyle Whittingham
https://raw.githubusercontent.com/RKRoberts97/byu_football_tree/refs/heads/main/College/Coaches/College%20Head%20Coaches/Kyle_Whittingham/2015_utah_roster.csv,Bubba Poole,SR,WR,"24 Rec, 145 Yds, 6.0 Avg",2015,Utah,Kyle Whittingham
https://raw.githubusercontent.com/RKRoberts97/byu_football_tree/refs/heads/main/College/Coaches/College%20Head%20Coaches/Kyle_Whittingham/2015_utah_roster.csv,Britain Covey,FR,WR,"43 Rec, 519 Yds, 12.1 Avg",2015,Utah,Kyle Whittingham
https://raw.githubusercontent.com/RKRoberts97/byu_football_tree/refs/heads/main/College/Coaches/College%20Head%20Coaches/Kyle_Whittingham/2015_utah_roster.csv,Delshawn McClellon,JR,WR,"1 Rec, 12 Yds, 12.0 Avg",2015,Utah,Kyle Whittingham
https://raw.githubusercontent.com/RKRoberts97/byu_football_tree/refs/heads/main/College/Coaches/College%20Head%20Coaches/Kyle_Whittingham/2015_utah_roster.csv,Kyle Fulks,SO,WR,,2015,Utah,Kyle Whittingham
https://raw.githubusercontent.com/RKRoberts97/byu_football_tree/refs/heads/main/College/Coaches/College%20Head%20Coaches/Kyle_Whittingham/2015_utah_roster.csv,Kenneth Scott,SR,WR,"39 Rec, 457 Yds, 11.7 Avg",2015,Utah,Kyle Whittingham
https://raw.githubusercontent.com/RKRoberts97/byu_football_tree/refs/heads/main/College/Coaches/College%20Head%20Coaches/Kyle_Whittingham/2015_utah_roster.csv,Tyrone Smith,FR,WR,"18 Rec, 193 Yds, 10.7 Avg",2015,Utah,Kyle Whittingham
https://raw.githubusercontent.com/RKRoberts97/byu_football_tree/refs/heads/main/College/Coaches/College%20Head%20Coaches/Kyle_Whittingham/2015_utah_roster.csv,Raelon Singleton,FR,WR,"6 Rec, 49 Yds, 8.2 Avg",2015,Utah,Kyle Whittingham
https://raw.githubusercontent.com/RKRoberts97/byu_football_tree/refs/heads/main/College/Coaches/College%20Head%20Coaches/Kyle_Whittingham/2015_utah_roster.csv,Kenric Young,SO,WR,"3 Rec, 17 Yds, 5.7 Avg",2015,Utah,Kyle Whittingham
https://raw.githubusercontent.com/RKRoberts97/byu_football_tree/refs/heads/main/College/Coaches/College%20Head%20Coaches/Kyle_Whittingham/2015_utah_roster.csv,Cory Butler,JR,WR,"1 Rec, 54 Yds, 54.0 Avg",2015,Utah,Kyle Whittingham
https://raw.githubusercontent.com/RKRoberts97/byu_football_tree/refs/heads/main/College/Coaches/College%20Head%20Coaches/Kyle_Whittingham/2015_utah_roster.csv,Tyler Cooperwood,JR,WR,,2015,Utah,Kyle Whittingham
https://raw.githubusercontent.com/RKRoberts97/byu_football_tree/refs/heads/main/College/Coaches/College%20Head%20Coaches/Kyle_Whittingham/2015_utah_roster.csv,Jameson Field,SO,WR,,2015,Utah,Kyle Whittingham
https://raw.githubusercontent.com/RKRoberts97/byu_football_tree/refs/heads/main/College/Coaches/College%20Head%20Coaches/Kyle_Whittingham/2015_utah_roster.csv,Chase Loftin,SO,WR,,2015,Utah,Kyle Whittingham
https://raw.githubusercontent.com/RKRoberts97/byu_football_tree/refs/heads/main/College/Coaches/College%20Head%20Coaches/Kyle_Whittingham/2015_utah_roster.csv,Tim Patrick,SR,WR,,2015,Utah,Kyle Whittingham
https://raw.githubusercontent.com/RKRoberts97/byu_football_tree/refs/heads/main/College/Coaches/College%20Head%20Coaches/Kyle_Whittingham/2015_utah_roster.csv,Andrew Santiago,JR,WR,,2015,Utah,Kyle Whittingham
https://raw.githubusercontent.com/RKRoberts97/byu_football_tree/refs/heads/main/College/Coaches/College%20Head%20Coaches/Kyle_Whittingham/2015_utah_roster.csv,AJ Townsend,FR,WR,,2015,Utah,Kyle Whittingham
https://raw.githubusercontent.com/RKRoberts97/byu_football_tree/refs/heads/main/College/Coaches/College%20Head%20Coaches/Kyle_Whittingham/2015_utah_roster.csv,George Wilson,FR,WR,,2015,Utah,Kyle Whittingham
https://raw.githubusercontent.com/RKRoberts97/byu_football_tree/refs/heads/main/College/Coaches/College%20Head%20Coaches/Kyle_Whittingham/2015_utah_roster.csv,Wallace Gonzalez,FR,TE,,2015,Utah,Kyle Whittingham
https://raw.githubusercontent.com/RKRoberts97/byu_football_tree/refs/heads/main/College/Coaches/College%20Head%20Coaches/Kyle_Whittingham/2015_utah_roster.csv,Harrison Handley,SO,TE,"21 Rec, 286 Yds, 13.6 Avg",2015,Utah,Kyle Whittingham
https://raw.githubusercontent.com/RKRoberts97/byu_football_tree/refs/heads/main/College/Coaches/College%20Head%20Coaches/Kyle_Whittingham/2015_utah_roster.csv,Siale Fakailoatonga,JR,TE,"12 Rec, 120 Yds, 10.0 Avg",2015,Utah,Kyle Whittingham
https://raw.githubusercontent.com/RKRoberts97/byu_football_tree/refs/heads/main/College/Coaches/College%20Head%20Coaches/Kyle_Whittingham/2015_utah_roster.csv,Caleb Repp,FR,TE,"2 Rec, 25 Yds, 12.5 Avg",2015,Utah,Kyle Whittingham
https://raw.githubusercontent.com/RKRoberts97/byu_football_tree/refs/heads/main/College/Coaches/College%20Head%20Coaches/Kyle_Whittingham/2015_utah_roster.csv,Ken Hampel,JR,TE,"1 Rec, 29 Yds, 29.0 Avg",2015,Utah,Kyle Whittingham
https://raw.githubusercontent.com/RKRoberts97/byu_football_tree/refs/heads/main/College/Coaches/College%20Head%20Coaches/Kyle_Whittingham/2015_utah_roster.csv,Evan Moeai,SR,TE,"1 Rec, 5 Yds, 5.0 Avg",2015,Utah,Kyle Whittingham
https://raw.githubusercontent.com/RKRoberts97/byu_football_tree/refs/heads/main/College/Coaches/College%20Head%20Coaches/Kyle_Whittingham/2015_utah_roster.csv,Tyler Bell,SO,TE,,2015,Utah,Kyle Whittingham
https://raw.githubusercontent.com/RKRoberts97/byu_football_tree/refs/heads/main/College/Coaches/College%20Head%20Coaches/Kyle_Whittingham/2015_utah_roster.csv,Lo Falemaka,SO,TE,,2015,Utah,Kyle Whittingham
https://raw.githubusercontent.com/RKRoberts97/byu_football_tree/refs/heads/main/College/Coaches/College%20Head%20Coaches/Kyle_Whittingham/2015_utah_roster.csv,J.J. Dielman,JR,OL,,2015,Utah,Kyle Whittingham
https://raw.githubusercontent.com/RKRoberts97/byu_football_tree/refs/heads/main/College/Coaches/College%20Head%20Coaches/Kyle_Whittingham/2015_utah_roster.csv,Leki Taumoepeau,FR,OL,,2015,Utah,Kyle Whittingham
https://raw.githubusercontent.com/RKRoberts97/byu_football_tree/refs/heads/main/College/Coaches/College%20Head%20Coaches/Kyle_Whittingham/2015_utah_roster.csv,Siaosi Aiono,SR,OL,,2015,Utah,Kyle Whittingham
https://raw.githubusercontent.com/RKRoberts97/byu_football_tree/refs/heads/main/College/Coaches/College%20Head%20Coaches/Kyle_Whittingham/2015_utah_roster.csv,Isaac Asiata,JR,OL,,2015,Utah,Kyle Whittingham
https://raw.githubusercontent.com/RKRoberts97/byu_football_tree/refs/heads/main/College/Coaches/College%20Head%20Coaches/Kyle_Whittingham/2015_utah_roster.csv,Jackson Barton,FR,OL,,2015,Utah,Kyle Whittingham
https://raw.githubusercontent.com/RKRoberts97/byu_football_tree/refs/heads/main/College/Coaches/College%20Head%20Coaches/Kyle_Whittingham/2015_utah_roster.csv,Johnny Capra,FR,OL,,2015,Utah,Kyle Whittingham
https://raw.githubusercontent.com/RKRoberts97/byu_football_tree/refs/heads/main/College/Coaches/College%20Head%20Coaches/Kyle_Whittingham/2015_utah_roster.csv,Nick Carman,FR,OL,,2015,Utah,Kyle Whittingham
https://raw.githubusercontent.com/RKRoberts97/byu_football_tree/refs/heads/main/College/Coaches/College%20Head%20Coaches/Kyle_Whittingham/2015_utah_roster.csv,Keven Dixon,FR,OL,,2015,Utah,Kyle Whittingham
https://raw.githubusercontent.com/RKRoberts97/byu_football_tree/refs/heads/main/College/Coaches/College%20Head%20Coaches/Kyle_Whittingham/2015_utah_roster.csv,Daniel Heller,FR,OL,,2015,Utah,Kyle Whittingham
https://raw.githubusercontent.com/RKRoberts97/byu_football_tree/refs/heads/main/College/Coaches/College%20Head%20Coaches/Kyle_Whittingham/2015_utah_roster.csv,Griffin Kemp,FR,OL,,2015,Utah,Kyle Whittingham
https://raw.githubusercontent.com/RKRoberts97/byu_football_tree/refs/heads/main/College/Coaches/College%20Head%20Coaches/Kyle_Whittingham/2015_utah_roster.csv,Hiva Lutui,JR,OL,,2015,Utah,Kyle Whittingham
https://raw.githubusercontent.com/RKRoberts97/byu_football_tree/refs/heads/main/College/Coaches/College%20Head%20Coaches/Kyle_Whittingham/2015_utah_roster.csv,Nick Nowakowski,JR,OL,,2015,Utah,Kyle Whittingham
https://raw.githubusercontent.com/RKRoberts97/byu_football_tree/refs/heads/main/College/Coaches/College%20Head%20Coaches/Kyle_Whittingham/2015_utah_roster.csv,Darrin Paulo,FR,OL,,2015,Utah,Kyle Whittingham
https://raw.githubusercontent.com/RKRoberts97/byu_football_tree/refs/heads/main/College/Coaches/College%20Head%20Coaches/Kyle_Whittingham/2015_utah_roster.csv,Salesi Uhatafe,SO,OL,,2015,Utah,Kyle Whittingham
https://raw.githubusercontent.com/RKRoberts97/byu_football_tree/refs/heads/main/College/Coaches/College%20Head%20Coaches/Kyle_Whittingham/2015_utah_roster.csv,Andy Phillips,JR,K,,2015,Utah,Kyle Whittingham
https://raw.githubusercontent.com/RKRoberts97/byu_football_tree/refs/heads/main/College/Coaches/College%20Head%20Coaches/Kyle_Whittingham/2015_utah_roster.csv,Jon Halliday,SR,K,,2015,Utah,Kyle Whittingham
https://raw.githubusercontent.com/RKRoberts97/byu_football_tree/refs/heads/main/College/Coaches/College%20Head%20Coaches/Kyle_Whittingham/2015_utah_roster.csv,Hayes Hicken,FR,K,,2015,Utah,Kyle Whittingham
https://raw.githubusercontent.com/RKRoberts97/byu_football_tree/refs/heads/main/College/Coaches/College%20Head%20Coaches/Kyle_Whittingham/2015_utah_roster.csv,Jake Kane,JR,K,,2015,Utah,Kyle Whittingham
https://raw.githubusercontent.com/RKRoberts97/byu_football_tree/refs/heads/main/College/Coaches/College%20Head%20Coaches/Kyle_Whittingham/2015_utah_roster.csv,Cody Barton,FR,LB,,2015,Utah,Kyle Whittingham
https://raw.githubusercontent.com/RKRoberts97/byu_football_tree/refs/heads/main/College/Coaches/College%20Head%20Coaches/Kyle_Whittingham/2015_utah_roster.csv,Christian Drews,SO,LB,,2015,Utah,Kyle Whittingham
https://raw.githubusercontent.com/RKRoberts97/byu_football_tree/refs/heads/main/College/Coaches/College%20Head%20Coaches/Kyle_Whittingham/2015_utah_roster.csv,Uaea Masina,SO,LB,,2015,Utah,Kyle Whittingham
https://raw.githubusercontent.com/RKRoberts97/byu_football_tree/refs/heads/main/College/Coaches/College%20Head%20Coaches/Kyle_Whittingham/2015_utah_roster.csv,Jared Norris,SR,LB,,2015,Utah,Kyle Whittingham
https://raw.githubusercontent.com/RKRoberts97/byu_football_tree/refs/heads/main/College/Coaches/College%20Head%20Coaches/Kyle_Whittingham/2015_utah_roster.csv,Gionni Paul,SR,LB,,2015,Utah,Kyle Whittingham
https://raw.githubusercontent.com/RKRoberts97/byu_football_tree/refs/heads/main/College/Coaches/College%20Head%20Coaches/Kyle_Whittingham/2015_utah_roster.csv,Sharrieff Shah,JR,LB,,2015,Utah,Kyle Whittingham
https://raw.githubusercontent.com/RKRoberts97/byu_football_tree/refs/heads/main/College/Coaches/College%20Head%20Coaches/Kyle_Whittingham/2015_utah_roster.csv,Alex Whittingham,SO,LB,,2015,Utah,Kyle Whittingham
https://raw.githubusercontent.com/RKRoberts97/byu_football_tree/refs/heads/main/College/Coaches/College%20Head%20Coaches/Kyle_Whittingham/2015_utah_roster.csv,Jason Whittingham,SR,LB,,2015,Utah,Kyle Whittingham
https://raw.githubusercontent.com/RKRoberts97/byu_football_tree/refs/heads/main/College/Coaches/College%20Head%20Coaches/Kyle_Whittingham/2015_utah_roster.csv,Jake Jackson,FR,LB,,2015,Utah,Kyle Whittingham
https://raw.githubusercontent.com/RKRoberts97/byu_football_tree/refs/heads/main/College/Coaches/College%20Head%20Coaches/Kyle_Whittingham/2015_utah_roster.csv,Braden Pelly,FR,LB,,2015,Utah,Kyle Whittingham
https://raw.githubusercontent.com/RKRoberts97/byu_football_tree/refs/heads/main/College/Coaches/College%20Head%20Coaches/Kyle_Whittingham/2015_utah_roster.csv,Justin Tatola,FR,LB,,2015,Utah,Kyle Whittingham
https://raw.githubusercontent.com/RKRoberts97/byu_football_tree/refs/heads/main/College/Coaches/College%20Head%20Coaches/Kyle_Whittingham/2015_utah_roster.csv,Sunia Tauteoli,SO,LB,,2015,Utah,Kyle Whittingham
https://raw.githubusercontent.com/RKRoberts97/byu_football_tree/refs/heads/main/College/Coaches/College%20Head%20Coaches/Kyle_Whittingham/2015_utah_roster.csv,Sam Whittingham,FR,LB,,2015,Utah,Kyle Whittingham
https://raw.githubusercontent.com/RKRoberts97/byu_football_tree/refs/heads/main/College/Coaches/College%20Head%20Coaches/Kyle_Whittingham/2015_utah_roster.csv,Philip Afia,FR,DB,,2015,Utah,Kyle Whittingham
https://raw.githubusercontent.com/RKRoberts97/byu_football_tree/refs/heads/main/College/Coaches/College%20Head%20Coaches/Kyle_Whittingham/2015_utah_roster.csv,Brian Allen,JR,DB,,2015,Utah,Kyle Whittingham
https://raw.githubusercontent.com/RKRoberts97/byu_football_tree/refs/heads/main/College/Coaches/College%20Head%20Coaches/Kyle_Whittingham/2015_utah_roster.csv,Tevin Carter,SR,DB,,2015,Utah,Kyle Whittingham
https://raw.githubusercontent.com/RKRoberts97/byu_football_tree/refs/heads/main/College/Coaches/College%20Head%20Coaches/Kyle_Whittingham/2015_utah_roster.csv,Tyson Cisrow,FR,DB,,2015,Utah,Kyle Whittingham
https://raw.githubusercontent.com/RKRoberts97/byu_football_tree/refs/heads/main/College/Coaches/College%20Head%20Coaches/Kyle_Whittingham/2015_utah_roster.csv,Evan Eggiman,SO,DB,,2015,Utah,Kyle Whittingham
https://raw.githubusercontent.com/RKRoberts97/byu_football_tree/refs/heads/main/College/Coaches/College%20Head%20Coaches/Kyle_Whittingham/2015_utah_roster.csv,Jordan Fogal,SO,DB,,2015,Utah,Kyle Whittingham
https://raw.githubusercontent.com/RKRoberts97/byu_football_tree/refs/heads/main/College/Coaches/College%20Head%20Coaches/Kyle_Whittingham/2015_utah_roster.csv,Andre Godfrey,SO,DB,,2015,Utah,Kyle Whittingham
https://raw.githubusercontent.com/RKRoberts97/byu_football_tree/refs/heads/main/College/Coaches/College%20Head%20Coaches/Kyle_Whittingham/2015_utah_roster.csv,Dominique Hatfield,,DB,,2015,Utah,Kyle Whittingham
https://raw.githubusercontent.com/RKRoberts97/byu_football_tree/refs/heads/main/College/Coaches/College%20Head%20Coaches/Kyle_Whittingham/2015_utah_roster.csv,Boobie Hobbs,SO,DB,,2015,Utah,Kyle Whittingham
https://raw.githubusercontent.com/RKRoberts97/byu_football_tree/refs/heads/main/College/Coaches/College%20Head%20Coaches/Kyle_Whittingham/2015_utah_roster.csv,Casey Hughes,FR,DB,,2015,Utah,Kyle Whittingham
https://raw.githubusercontent.com/RKRoberts97/byu_football_tree/refs/heads/main/College/Coaches/College%20Head%20Coaches/Kyle_Whittingham/2015_utah_roster.csv,Austin Lee,FR,DB,,2015,Utah,Kyle Whittingham
https://raw.githubusercontent.com/RKRoberts97/byu_football_tree/refs/heads/main/College/Coaches/College%20Head%20Coaches/Kyle_Whittingham/2015_utah_roster.csv,Reginald Porter,JR,DB,,2015,Utah,Kyle Whittingham
https://raw.githubusercontent.com/RKRoberts97/byu_football_tree/refs/heads/main/College/Coaches/College%20Head%20Coaches/Kyle_Whittingham/2015_utah_roster.csv,Justin Thomas,JR,DB,,2015,Utah,Kyle Whittingham
https://raw.githubusercontent.com/RKRoberts97/byu_football_tree/refs/heads/main/College/Coaches/College%20Head%20Coaches/Kyle_Whittingham/2015_utah_roster.csv,Jason Thompson,JR,DB,,2015,Utah,Kyle Whittingham
https://raw.githubusercontent.com/RKRoberts97/byu_football_tree/refs/heads/main/College/Coaches/College%20Head%20Coaches/Kyle_Whittingham/2015_utah_roster.csv,Marcus Williams,SO,DB,,2015,Utah,Kyle Whittingham
https://raw.githubusercontent.com/RKRoberts97/byu_football_tree/refs/heads/main/College/Coaches/College%20Head%20Coaches/Kyle_Whittingham/2015_utah_roster.csv,Dylan Calhoun,FR,DB,,2015,Utah,Kyle Whittingham
https://raw.githubusercontent.com/RKRoberts97/byu_football_tree/refs/heads/main/College/Coaches/College%20Head%20Coaches/Kyle_Whittingham/2015_utah_roster.csv,Conner Charles,FR,DB,,2015,Utah,Kyle Whittingham
https://raw.githubusercontent.com/RKRoberts97/byu_football_tree/refs/heads/main/College/Coaches/College%20Head%20Coaches/Kyle_Whittingham/2015_utah_roster.csv,Ahmad Christian,SR,DB,,2015,Utah,Kyle Whittingham
https://raw.githubusercontent.com/RKRoberts97/byu_football_tree/refs/heads/main/College/Coaches/College%20Head%20Coaches/Kyle_Whittingham/2015_utah_roster.csv,Taylor Loomis,FR,DB,,2015,Utah,Kyle Whittingham
https://raw.githubusercontent.com/RKRoberts97/byu_football_tree/refs/heads/main/College/Coaches/College%20Head%20Coaches/Kyle_Whittingham/2015_utah_roster.csv,Tavaris Williams,SO,DB,,2015,Utah,Kyle Whittingham
https://raw.githubusercontent.com/RKRoberts97/byu_football_tree/refs/heads/main/College/Coaches/College%20Head%20Coaches/Kyle_Whittingham/2015_utah_roster.csv,Tom Hackett,SR,P,,2015,Utah,Kyle Whittingham
https://raw.githubusercontent.com/RKRoberts97/byu_football_tree/refs/heads/main/College/Coaches/College%20Head%20Coaches/Kyle_Whittingham/2015_utah_roster.csv,Chris Van Orden,SR,P,,2015,Utah,Kyle Whittingham
https://raw.githubusercontent.com/RKRoberts97/byu_football_tree/refs/heads/main/College/Coaches/College%20Head%20Coaches/Kyle_Whittingham/2015_utah_roster.csv,Hayden Clegg,JR,DE,,2015,Utah,Kyle Whittingham
https://raw.githubusercontent.com/RKRoberts97/byu_football_tree/refs/heads/main/College/Coaches/College%20Head%20Coaches/Kyle_Whittingham/2015_utah_roster.csv,Hunter Dimick,JR,DE,,2015,Utah,Kyle Whittingham
https://raw.githubusercontent.com/RKRoberts97/byu_football_tree/refs/heads/main/College/Coaches/College%20Head%20Coaches/Kyle_Whittingham/2015_utah_roster.csv,Chase Dominguez,JR,LS,,2015,Utah,Kyle Whittingham
https://raw.githubusercontent.com/RKRoberts97/byu_football_tree/refs/heads/main/College/Coaches/College%20Head%20Coaches/Kyle_Whittingham/2015_utah_roster.csv,Jason Fanaika,SR,DE,,2015,Utah,Kyle Whittingham
https://raw.githubusercontent.com/RKRoberts97/byu_football_tree/refs/heads/main/College/Coaches/College%20Head%20Coaches/Kyle_Whittingham/2015_utah_roster.csv,Viliseni Fauonuku,SR,DT,,2015,Utah,Kyle Whittingham
https://raw.githubusercontent.com/RKRoberts97/byu_football_tree/refs/heads/main/College/Coaches/College%20Head%20Coaches/Kyle_Whittingham/2015_utah_roster.csv,Kylie Fitts,JR,DE,,2015,Utah,Kyle Whittingham
https://raw.githubusercontent.com/RKRoberts97/byu_football_tree/refs/heads/main/College/Coaches/College%20Head%20Coaches/Kyle_Whittingham/2015_utah_roster.csv,Lowell Lotulelei,SO,DT,,2015,Utah,Kyle Whittingham
https://raw.githubusercontent.com/RKRoberts97/byu_football_tree/refs/heads/main/College/Coaches/College%20Head%20Coaches/Kyle_Whittingham/2015_utah_roster.csv,Filipo Mokofisi,SO,DT,,2015,Utah,Kyle Whittingham
https://raw.githubusercontent.com/RKRoberts97/byu_football_tree/refs/heads/main/College/Coaches/College%20Head%20Coaches/Kyle_Whittingham/2015_utah_roster.csv,Pasoni Tasini,JR,DT,,2015,Utah,Kyle Whittingham
https://raw.githubusercontent.com/RKRoberts97/byu_football_tree/refs/heads/main/College/Coaches/College%20Head%20Coaches/Kyle_Whittingham/2015_utah_roster.csv,Pita Taumoepenu,JR,DE,,2015,Utah,Kyle Whittingham
https://raw.githubusercontent.com/RKRoberts97/byu_football_tree/refs/heads/main/College/Coaches/College%20Head%20Coaches/Kyle_Whittingham/2015_utah_roster.csv,Stevie Tu'Ikolovatu,JR,DT,,2015,Utah,Kyle Whittingham
https://raw.githubusercontent.com/RKRoberts97/byu_football_tree/refs/heads/main/College/Coaches/College%20Head%20Coaches/Kyle_Whittingham/2015_utah_roster.csv,Andrew Albers,SR,T,,2015,Utah,Kyle Whittingham
https://raw.githubusercontent.com/RKRoberts97/byu_football_tree/refs/heads/main/College/Coaches/College%20Head%20Coaches/Kyle_Whittingham/2015_utah_roster.csv,Kyle Christiansen,FR,DT,,2015,Utah,Kyle Whittingham
https://raw.githubusercontent.com/RKRoberts97/byu_football_tree/refs/heads/main/College/Coaches/College%20Head%20Coaches/Kyle_Whittingham/2015_utah_roster.csv,Pena Fitisemanu,FR,DT,,2015,Utah,Kyle Whittingham
https://raw.githubusercontent.com/RKRoberts97/byu_football_tree/refs/heads/main/College/Coaches/College%20Head%20Coaches/Kyle_Whittingham/2015_utah_roster.csv,Chris Hart,FR,DE,,2015,Utah,Kyle Whittingham
https://raw.githubusercontent.com/RKRoberts97/byu_football_tree/refs/heads/main/College/Coaches/College%20Head%20Coaches/Kyle_Whittingham/2015_utah_roster.csv,Alani Havili-Katoa,FR,DT,,2015,Utah,Kyle Whittingham
https://raw.githubusercontent.com/RKRoberts97/byu_football_tree/refs/heads/main/College/Coaches/College%20Head%20Coaches/Kyle_Whittingham/2015_utah_roster.csv,Alani Havli-Katoa,FR,DT,,2015,Utah,Kyle Whittingham
https://raw.githubusercontent.com/RKRoberts97/byu_football_tree/refs/heads/main/College/Coaches/College%20Head%20Coaches/Kyle_Whittingham/2015_utah_roster.csv,Kendall Huey,SO,DE,,2015,Utah,Kyle Whittingham
https://raw.githubusercontent.com/RKRoberts97/byu_football_tree/refs/heads/main/College/Coaches/College%20Head%20Coaches/Kyle_Whittingham/2015_utah_roster.csv,Clarence Smith,SO,DE,,2015,Utah,Kyle Whittingham
https://raw.githubusercontent.com/RKRoberts97/byu_football_tree/refs/heads/main/College/Coaches/College%20Head%20Coaches/Kyle_Whittingham/2015_utah_roster.csv,Sam Tevi,JR,T,,2015,Utah,Kyle Whittingham
https://raw.githubusercontent.com/RKRoberts97/byu_football_tree/refs/heads/main/College/Coaches/College%20Head%20Coaches/Kyle_Whittingham/2015_utah_roster.csv,Vaha Vainuku,SO,DT,,2015,Utah,Kyle Whittingham
https://raw.githubusercontent.com/RKRoberts97/byu_football_tree/refs/heads/main/College/Coaches/College%20Head%20Coaches/Kyle_Whittingham/2016_utah_roster.csv,Troy Williams,JR,QB,"207 Cmp, 390 Att, 2757 Yds, 15 TD",2016,Utah,Kyle Whittingham
https://raw.githubusercontent.com/RKRoberts97/byu_football_tree/refs/heads/main/College/Coaches/College%20Head%20Coaches/Kyle_Whittingham/2016_utah_roster.csv,Tyler Huntley,FR,QB,"5 Cmp, 7 Att, 60 Yds, 0 TD",2016,Utah,Kyle Whittingham
https://raw.githubusercontent.com/RKRoberts97/byu_football_tree/refs/heads/main/College/Coaches/College%20Head%20Coaches/Kyle_Whittingham/2016_utah_roster.csv,Joe Williams,SR,RB,"210 Att, 1407 Yds, 6.7 Avg",2016,Utah,Kyle Whittingham
https://raw.githubusercontent.com/RKRoberts97/byu_football_tree/refs/heads/main/College/Coaches/College%20Head%20Coaches/Kyle_Whittingham/2016_utah_roster.csv,Zack Moss,FR,RB,"84 Att, 382 Yds, 4.5 Avg",2016,Utah,Kyle Whittingham
https://raw.githubusercontent.com/RKRoberts97/byu_football_tree/refs/heads/main/College/Coaches/College%20Head%20Coaches/Kyle_Whittingham/2016_utah_roster.csv,Armand Shyne,SO,RB,"78 Att, 373 Yds, 4.8 Avg",2016,Utah,Kyle Whittingham
https://raw.githubusercontent.com/RKRoberts97/byu_football_tree/refs/heads/main/College/Coaches/College%20Head%20Coaches/Kyle_Whittingham/2016_utah_roster.csv,Troy McCormick,JR,RB,"39 Att, 194 Yds, 5.0 Avg",2016,Utah,Kyle Whittingham
https://raw.githubusercontent.com/RKRoberts97/byu_football_tree/refs/heads/main/College/Coaches/College%20Head%20Coaches/Kyle_Whittingham/2016_utah_roster.csv,Jordan Howard,JR,RB,"5 Att, 32 Yds, 6.4 Avg",2016,Utah,Kyle Whittingham
https://raw.githubusercontent.com/RKRoberts97/byu_football_tree/refs/heads/main/College/Coaches/College%20Head%20Coaches/Kyle_Whittingham/2016_utah_roster.csv,Devonta'e Henry-Cole,FR,RB,"1 Att, 2 Yds, 2.0 Avg",2016,Utah,Kyle Whittingham
https://raw.githubusercontent.com/RKRoberts97/byu_football_tree/refs/heads/main/College/Coaches/College%20Head%20Coaches/Kyle_Whittingham/2016_utah_roster.csv,Demari Simpkins,FR,WR,"19 Rec, 158 Yds, 8.3 Avg",2016,Utah,Kyle Whittingham
https://raw.githubusercontent.com/RKRoberts97/byu_football_tree/refs/heads/main/College/Coaches/College%20Head%20Coaches/Kyle_Whittingham/2016_utah_roster.csv,Cory Butler,SR,WR,"29 Rec, 372 Yds, 12.8 Avg",2016,Utah,Kyle Whittingham
https://raw.githubusercontent.com/RKRoberts97/byu_football_tree/refs/heads/main/College/Coaches/College%20Head%20Coaches/Kyle_Whittingham/2016_utah_roster.csv,Kyle Fulks,JR,WR,"6 Rec, 57 Yds, 9.5 Avg",2016,Utah,Kyle Whittingham
https://raw.githubusercontent.com/RKRoberts97/byu_football_tree/refs/heads/main/College/Coaches/College%20Head%20Coaches/Kyle_Whittingham/2016_utah_roster.csv,Tim Patrick,SR,WR,"45 Rec, 711 Yds, 15.8 Avg",2016,Utah,Kyle Whittingham
https://raw.githubusercontent.com/RKRoberts97/byu_football_tree/refs/heads/main/College/Coaches/College%20Head%20Coaches/Kyle_Whittingham/2016_utah_roster.csv,Raelon Singleton,SO,WR,"27 Rec, 464 Yds, 17.2 Avg",2016,Utah,Kyle Whittingham
https://raw.githubusercontent.com/RKRoberts97/byu_football_tree/refs/heads/main/College/Coaches/College%20Head%20Coaches/Kyle_Whittingham/2016_utah_roster.csv,Siaosi Wilson,FR,WR,"15 Rec, 183 Yds, 12.2 Avg",2016,Utah,Kyle Whittingham
https://raw.githubusercontent.com/RKRoberts97/byu_football_tree/refs/heads/main/College/Coaches/College%20Head%20Coaches/Kyle_Whittingham/2016_utah_roster.csv,Tyrone Smith,SO,WR,"10 Rec, 148 Yds, 14.8 Avg",2016,Utah,Kyle Whittingham
https://raw.githubusercontent.com/RKRoberts97/byu_football_tree/refs/heads/main/College/Coaches/College%20Head%20Coaches/Kyle_Whittingham/2016_utah_roster.csv,Tyler Cooperwood,SR,WR,"3 Rec, 17 Yds, 5.7 Avg",2016,Utah,Kyle Whittingham
https://raw.githubusercontent.com/RKRoberts97/byu_football_tree/refs/heads/main/College/Coaches/College%20Head%20Coaches/Kyle_Whittingham/2016_utah_roster.csv,Kenric Young,JR,WR,"1 Rec, 5 Yds, 5.0 Avg",2016,Utah,Kyle Whittingham
https://raw.githubusercontent.com/RKRoberts97/byu_football_tree/refs/heads/main/College/Coaches/College%20Head%20Coaches/Kyle_Whittingham/2016_utah_roster.csv,Dimitri Salido,JR,WR,,2016,Utah,Kyle Whittingham
https://raw.githubusercontent.com/RKRoberts97/byu_football_tree/refs/heads/main/College/Coaches/College%20Head%20Coaches/Kyle_Whittingham/2016_utah_roster.csv,Evan Moeai,SR,TE,"22 Rec, 308 Yds, 14.0 Avg",2016,Utah,Kyle Whittingham
https://raw.githubusercontent.com/RKRoberts97/byu_football_tree/refs/heads/main/College/Coaches/College%20Head%20Coaches/Kyle_Whittingham/2016_utah_roster.csv,Harrison Handley,JR,TE,"12 Rec, 168 Yds, 14.0 Avg",2016,Utah,Kyle Whittingham
https://raw.githubusercontent.com/RKRoberts97/byu_football_tree/refs/heads/main/College/Coaches/College%20Head%20Coaches/Kyle_Whittingham/2016_utah_roster.csv,Wallace Gonzalez,SO,TE,"1 Rec, 11 Yds, 11.0 Avg",2016,Utah,Kyle Whittingham
https://raw.githubusercontent.com/RKRoberts97/byu_football_tree/refs/heads/main/College/Coaches/College%20Head%20Coaches/Kyle_Whittingham/2016_utah_roster.csv,Isaac Asiata,SR,OL,,2016,Utah,Kyle Whittingham
https://raw.githubusercontent.com/RKRoberts97/byu_football_tree/refs/heads/main/College/Coaches/College%20Head%20Coaches/Kyle_Whittingham/2016_utah_roster.csv,Salesi Uhatafe,JR,OL,,2016,Utah,Kyle Whittingham
https://raw.githubusercontent.com/RKRoberts97/byu_football_tree/refs/heads/main/College/Coaches/College%20Head%20Coaches/Kyle_Whittingham/2016_utah_roster.csv,Hayes Hicken,FR,K,,2016,Utah,Kyle Whittingham
https://raw.githubusercontent.com/RKRoberts97/byu_football_tree/refs/heads/main/College/Coaches/College%20Head%20Coaches/Kyle_Whittingham/2016_utah_roster.csv,Andy Phillips,SR,K,,2016,Utah,Kyle Whittingham
https://raw.githubusercontent.com/RKRoberts97/byu_football_tree/refs/heads/main/College/Coaches/College%20Head%20Coaches/Kyle_Whittingham/2016_utah_roster.csv,Cody Barton,SO,LB,,2016,Utah,Kyle Whittingham
https://raw.githubusercontent.com/RKRoberts97/byu_football_tree/refs/heads/main/College/Coaches/College%20Head%20Coaches/Kyle_Whittingham/2016_utah_roster.csv,Christian Drews,JR,LB,,2016,Utah,Kyle Whittingham
https://raw.githubusercontent.com/RKRoberts97/byu_football_tree/refs/heads/main/College/Coaches/College%20Head%20Coaches/Kyle_Whittingham/2016_utah_roster.csv,Evan Eggiman,JR,LB,,2016,Utah,Kyle Whittingham
https://raw.githubusercontent.com/RKRoberts97/byu_football_tree/refs/heads/main/College/Coaches/College%20Head%20Coaches/Kyle_Whittingham/2016_utah_roster.csv,Kavika Luafatasaga,JR,LB,,2016,Utah,Kyle Whittingham
https://raw.githubusercontent.com/RKRoberts97/byu_football_tree/refs/heads/main/College/Coaches/College%20Head%20Coaches/Kyle_Whittingham/2016_utah_roster.csv,Sharrieff Shah,SR,LB,,2016,Utah,Kyle Whittingham
https://raw.githubusercontent.com/RKRoberts97/byu_football_tree/refs/heads/main/College/Coaches/College%20Head%20Coaches/Kyle_Whittingham/2016_utah_roster.csv,Sunia Tauteoli,JR,LB,,2016,Utah,Kyle Whittingham
https://raw.githubusercontent.com/RKRoberts97/byu_football_tree/refs/heads/main/College/Coaches/College%20Head%20Coaches/Kyle_Whittingham/2016_utah_roster.csv,Donavan Thompson,FR,LB,,2016,Utah,Kyle Whittingham
https://raw.githubusercontent.com/RKRoberts97/byu_football_tree/refs/heads/main/College/Coaches/College%20Head%20Coaches/Kyle_Whittingham/2016_utah_roster.csv,Terrell Burgess,FR,DB,,2016,Utah,Kyle Whittingham
https://raw.githubusercontent.com/RKRoberts97/byu_football_tree/refs/heads/main/College/Coaches/College%20Head%20Coaches/Kyle_Whittingham/2016_utah_roster.csv,Brian Allen,SR,DB,,2016,Utah,Kyle Whittingham
https://raw.githubusercontent.com/RKRoberts97/byu_football_tree/refs/heads/main/College/Coaches/College%20Head%20Coaches/Kyle_Whittingham/2016_utah_roster.csv,Julian Blackmon,FR,DB,,2016,Utah,Kyle Whittingham
https://raw.githubusercontent.com/RKRoberts97/byu_football_tree/refs/heads/main/College/Coaches/College%20Head%20Coaches/Kyle_Whittingham/2016_utah_roster.csv,Tyson Cisrow,FR,DB,,2016,Utah,Kyle Whittingham
https://raw.githubusercontent.com/RKRoberts97/byu_football_tree/refs/heads/main/College/Coaches/College%20Head%20Coaches/Kyle_Whittingham/2016_utah_roster.csv,MacKay Dunn,SO,DB,,2016,Utah,Kyle Whittingham
https://raw.githubusercontent.com/RKRoberts97/byu_football_tree/refs/heads/main/College/Coaches/College%20Head%20Coaches/Kyle_Whittingham/2016_utah_roster.csv,Jordan Fogal,JR,DB,,2016,Utah,Kyle Whittingham
https://raw.githubusercontent.com/RKRoberts97/byu_football_tree/refs/heads/main/College/Coaches/College%20Head%20Coaches/Kyle_Whittingham/2016_utah_roster.csv,Andre Godfrey,JR,DB,,2016,Utah,Kyle Whittingham
https://raw.githubusercontent.com/RKRoberts97/byu_football_tree/refs/heads/main/College/Coaches/College%20Head%20Coaches/Kyle_Whittingham/2016_utah_roster.csv,Chase Hansen,SO,DB,,2016,Utah,Kyle Whittingham
https://raw.githubusercontent.com/RKRoberts97/byu_football_tree/refs/heads/main/College/Coaches/College%20Head%20Coaches/Kyle_Whittingham/2016_utah_roster.csv,Chase Hansen,SO,DB,,2016,Utah,Kyle Whittingham
https://raw.githubusercontent.com/RKRoberts97/byu_football_tree/refs/heads/main/College/Coaches/College%20Head%20Coaches/Kyle_Whittingham/2016_utah_roster.csv,Dominique Hatfield,SR,DB,,2016,Utah,Kyle Whittingham
https://raw.githubusercontent.com/RKRoberts97/byu_football_tree/refs/heads/main/College/Coaches/College%20Head%20Coaches/Kyle_Whittingham/2016_utah_roster.csv,Boobie Hobbs,JR,DB,,2016,Utah,Kyle Whittingham
https://raw.githubusercontent.com/RKRoberts97/byu_football_tree/refs/heads/main/College/Coaches/College%20Head%20Coaches/Kyle_Whittingham/2016_utah_roster.csv,Casey Hughes,SO,DB,,2016,Utah,Kyle Whittingham
https://raw.githubusercontent.com/RKRoberts97/byu_football_tree/refs/heads/main/College/Coaches/College%20Head%20Coaches/Kyle_Whittingham/2016_utah_roster.csv,Reginald Porter,SR,DB,,2016,Utah,Kyle Whittingham
https://raw.githubusercontent.com/RKRoberts97/byu_football_tree/refs/heads/main/College/Coaches/College%20Head%20Coaches/Kyle_Whittingham/2016_utah_roster.csv,Justin Thomas,SR,DB,,2016,Utah,Kyle Whittingham
https://raw.githubusercontent.com/RKRoberts97/byu_football_tree/refs/heads/main/College/Coaches/College%20Head%20Coaches/Kyle_Whittingham/2016_utah_roster.csv,Jason Thompson,SR,DB,,2016,Utah,Kyle Whittingham
https://raw.githubusercontent.com/RKRoberts97/byu_football_tree/refs/heads/main/College/Coaches/College%20Head%20Coaches/Kyle_Whittingham/2016_utah_roster.csv,Marcus Williams,JR,DB,,2016,Utah,Kyle Whittingham
https://raw.githubusercontent.com/RKRoberts97/byu_football_tree/refs/heads/main/College/Coaches/College%20Head%20Coaches/Kyle_Whittingham/2016_utah_roster.csv,Mitch Wishnowsky,SO,P,,2016,Utah,Kyle Whittingham
https://raw.githubusercontent.com/RKRoberts97/byu_football_tree/refs/heads/main/College/Coaches/College%20Head%20Coaches/Kyle_Whittingham/2016_utah_roster.csv,Bradlee Anae,FR,DE,,2016,Utah,Kyle Whittingham
https://raw.githubusercontent.com/RKRoberts97/byu_football_tree/refs/heads/main/College/Coaches/College%20Head%20Coaches/Kyle_Whittingham/2016_utah_roster.csv,Hayden Clegg,SR,DE,,2016,Utah,Kyle Whittingham
https://raw.githubusercontent.com/RKRoberts97/byu_football_tree/refs/heads/main/College/Coaches/College%20Head%20Coaches/Kyle_Whittingham/2016_utah_roster.csv,Hunter Dimick,SR,DE,,2016,Utah,Kyle Whittingham
https://raw.githubusercontent.com/RKRoberts97/byu_football_tree/refs/heads/main/College/Coaches/College%20Head%20Coaches/Kyle_Whittingham/2016_utah_roster.csv,Chase Dominguez,SR,LS,,2016,Utah,Kyle Whittingham
https://raw.githubusercontent.com/RKRoberts97/byu_football_tree/refs/heads/main/College/Coaches/College%20Head%20Coaches/Kyle_Whittingham/2016_utah_roster.csv,Kylie Fitts,SR,DE,,2016,Utah,Kyle Whittingham
https://raw.githubusercontent.com/RKRoberts97/byu_football_tree/refs/heads/main/College/Coaches/College%20Head%20Coaches/Kyle_Whittingham/2016_utah_roster.csv,Leki Fotu,FR,DT,,2016,Utah,Kyle Whittingham
https://raw.githubusercontent.com/RKRoberts97/byu_football_tree/refs/heads/main/College/Coaches/College%20Head%20Coaches/Kyle_Whittingham/2016_utah_roster.csv,Chris Hart,FR,DE,,2016,Utah,Kyle Whittingham
https://raw.githubusercontent.com/RKRoberts97/byu_football_tree/refs/heads/main/College/Coaches/College%20Head%20Coaches/Kyle_Whittingham/2016_utah_roster.csv,Alani Havili-Katoa,SO,DT,,2016,Utah,Kyle Whittingham
https://raw.githubusercontent.com/RKRoberts97/byu_football_tree/refs/heads/main/College/Coaches/College%20Head%20Coaches/Kyle_Whittingham/2016_utah_roster.csv,Lowell Lotulelei,JR,DT,,2016,Utah,Kyle Whittingham
https://raw.githubusercontent.com/RKRoberts97/byu_football_tree/refs/heads/main/College/Coaches/College%20Head%20Coaches/Kyle_Whittingham/2016_utah_roster.csv,Filipo Mokofisi,JR,DT,,2016,Utah,Kyle Whittingham
https://raw.githubusercontent.com/RKRoberts97/byu_football_tree/refs/heads/main/College/Coaches/College%20Head%20Coaches/Kyle_Whittingham/2016_utah_roster.csv,Pasoni Tasini,SR,DT,,2016,Utah,Kyle Whittingham
https://raw.githubusercontent.com/RKRoberts97/byu_football_tree/refs/heads/main/College/Coaches/College%20Head%20Coaches/Kyle_Whittingham/2016_utah_roster.csv,Pita Taumoepenu,SR,DE,,2016,Utah,Kyle Whittingham
https://raw.githubusercontent.com/RKRoberts97/byu_football_tree/refs/heads/main/College/Coaches/College%20Head%20Coaches/Kyle_Whittingham/2017_utah_roster.csv,Tyler Huntley,SO,QB,"199 Cmp, 312 Att, 2411 Yds, 15 TD",2017,Utah,Kyle Whittingham
https://raw.githubusercontent.com/RKRoberts97/byu_football_tree/refs/heads/main/College/Coaches/College%20Head%20Coaches/Kyle_Whittingham/2017_utah_roster.csv,Troy Williams,SR,QB,"60 Cmp, 110 Att, 812 Yds, 2 TD",2017,Utah,Kyle Whittingham
https://raw.githubusercontent.com/RKRoberts97/byu_football_tree/refs/heads/main/College/Coaches/College%20Head%20Coaches/Kyle_Whittingham/2017_utah_roster.csv,Cooper Bateman,SR,QB,,2017,Utah,Kyle Whittingham
https://raw.githubusercontent.com/RKRoberts97/byu_football_tree/refs/heads/main/College/Coaches/College%20Head%20Coaches/Kyle_Whittingham/2017_utah_roster.csv,Drew Lisk,FR,QB,,2017,Utah,Kyle Whittingham
https://raw.githubusercontent.com/RKRoberts97/byu_football_tree/refs/heads/main/College/Coaches/College%20Head%20Coaches/Kyle_Whittingham/2017_utah_roster.csv,Jason Money,FR,QB,,2017,Utah,Kyle Whittingham
https://raw.githubusercontent.com/RKRoberts97/byu_football_tree/refs/heads/main/College/Coaches/College%20Head%20Coaches/Kyle_Whittingham/2017_utah_roster.csv,Jason Shelley,FR,QB,,2017,Utah,Kyle Whittingham
https://raw.githubusercontent.com/RKRoberts97/byu_football_tree/refs/heads/main/College/Coaches/College%20Head%20Coaches/Kyle_Whittingham/2017_utah_roster.csv,Zack Moss,SO,RB,"214 Att, 1173 Yds, 5.5 Avg",2017,Utah,Kyle Whittingham
https://raw.githubusercontent.com/RKRoberts97/byu_football_tree/refs/heads/main/College/Coaches/College%20Head%20Coaches/Kyle_Whittingham/2017_utah_roster.csv,Devonta'e Henry-Cole,SO,RB,"55 Att, 279 Yds, 5.1 Avg",2017,Utah,Kyle Whittingham
https://raw.githubusercontent.com/RKRoberts97/byu_football_tree/refs/heads/main/College/Coaches/College%20Head%20Coaches/Kyle_Whittingham/2017_utah_roster.csv,Jordan Howard,SR,RB,"11 Att, 41 Yds, 3.7 Avg",2017,Utah,Kyle Whittingham
https://raw.githubusercontent.com/RKRoberts97/byu_football_tree/refs/heads/main/College/Coaches/College%20Head%20Coaches/Kyle_Whittingham/2017_utah_roster.csv,Troy McCormick,SR,RB,"25 Rec, 183 Yds, 7.3 Avg",2017,Utah,Kyle Whittingham
https://raw.githubusercontent.com/RKRoberts97/byu_football_tree/refs/heads/main/College/Coaches/College%20Head%20Coaches/Kyle_Whittingham/2017_utah_roster.csv,Mason Woodward,SO,RB,,2017,Utah,Kyle Whittingham
https://raw.githubusercontent.com/RKRoberts97/byu_football_tree/refs/heads/main/College/Coaches/College%20Head%20Coaches/Kyle_Whittingham/2017_utah_roster.csv,TJ Green,FR,RB,,2017,Utah,Kyle Whittingham
https://raw.githubusercontent.com/RKRoberts97/byu_football_tree/refs/heads/main/College/Coaches/College%20Head%20Coaches/Kyle_Whittingham/2017_utah_roster.csv,Matty Matautia,FR,RB,,2017,Utah,Kyle Whittingham
https://raw.githubusercontent.com/RKRoberts97/byu_football_tree/refs/heads/main/College/Coaches/College%20Head%20Coaches/Kyle_Whittingham/2017_utah_roster.csv,Armand Shyne,JR,RB,,2017,Utah,Kyle Whittingham
https://raw.githubusercontent.com/RKRoberts97/byu_football_tree/refs/heads/main/College/Coaches/College%20Head%20Coaches/Kyle_Whittingham/2017_utah_roster.csv,Demari Simpkins,SO,WR,"29 Rec, 354 Yds, 12.2 Avg",2017,Utah,Kyle Whittingham
https://raw.githubusercontent.com/RKRoberts97/byu_football_tree/refs/heads/main/College/Coaches/College%20Head%20Coaches/Kyle_Whittingham/2017_utah_roster.csv,Darren Carrington,SR,WR,"70 Rec, 980 Yds, 14.0 Avg",2017,Utah,Kyle Whittingham
https://raw.githubusercontent.com/RKRoberts97/byu_football_tree/refs/heads/main/College/Coaches/College%20Head%20Coaches/Kyle_Whittingham/2017_utah_roster.csv,Kyle Fulks,SR,WR,"3 Rec, 31 Yds, 10.3 Avg",2017,Utah,Kyle Whittingham
https://raw.githubusercontent.com/RKRoberts97/byu_football_tree/refs/heads/main/College/Coaches/College%20Head%20Coaches/Kyle_Whittingham/2017_utah_roster.csv,Samson Nacua,FR,WR,"29 Rec, 294 Yds, 10.1 Avg",2017,Utah,Kyle Whittingham
https://raw.githubusercontent.com/RKRoberts97/byu_football_tree/refs/heads/main/College/Coaches/College%20Head%20Coaches/Kyle_Whittingham/2017_utah_roster.csv,Raelon Singleton,JR,WR,"36 Rec, 531 Yds, 14.8 Avg",2017,Utah,Kyle Whittingham
https://raw.githubusercontent.com/RKRoberts97/byu_football_tree/refs/heads/main/College/Coaches/College%20Head%20Coaches/Kyle_Whittingham/2017_utah_roster.csv,Siaosi Wilson,SO,WR,"20 Rec, 393 Yds, 19.7 Avg",2017,Utah,Kyle Whittingham
https://raw.githubusercontent.com/RKRoberts97/byu_football_tree/refs/heads/main/College/Coaches/College%20Head%20Coaches/Kyle_Whittingham/2017_utah_roster.csv,Bryan Thompson,FR,WR,"5 Rec, 77 Yds, 15.4 Avg",2017,Utah,Kyle Whittingham
https://raw.githubusercontent.com/RKRoberts97/byu_football_tree/refs/heads/main/College/Coaches/College%20Head%20Coaches/Kyle_Whittingham/2017_utah_roster.csv,Jameson Field,SR,WR,"2 Rec, 12 Yds, 6.0 Avg",2017,Utah,Kyle Whittingham
https://raw.githubusercontent.com/RKRoberts97/byu_football_tree/refs/heads/main/College/Coaches/College%20Head%20Coaches/Kyle_Whittingham/2017_utah_roster.csv,Tyquez Hampton,FR,WR,,2017,Utah,Kyle Whittingham
https://raw.githubusercontent.com/RKRoberts97/byu_football_tree/refs/heads/main/College/Coaches/College%20Head%20Coaches/Kyle_Whittingham/2017_utah_roster.csv,Dakota Baker,FR,WR,,2017,Utah,Kyle Whittingham
https://raw.githubusercontent.com/RKRoberts97/byu_football_tree/refs/heads/main/College/Coaches/College%20Head%20Coaches/Kyle_Whittingham/2017_utah_roster.csv,Bronson Boyd,FR,WR,,2017,Utah,Kyle Whittingham
https://raw.githubusercontent.com/RKRoberts97/byu_football_tree/refs/heads/main/College/Coaches/College%20Head%20Coaches/Kyle_Whittingham/2017_utah_roster.csv,Alec Dana,JR,WR,,2017,Utah,Kyle Whittingham
https://raw.githubusercontent.com/RKRoberts97/byu_football_tree/refs/heads/main/College/Coaches/College%20Head%20Coaches/Kyle_Whittingham/2017_utah_roster.csv,Jaylen Dixon,FR,WR,,2017,Utah,Kyle Whittingham
https://raw.githubusercontent.com/RKRoberts97/byu_football_tree/refs/heads/main/College/Coaches/College%20Head%20Coaches/Kyle_Whittingham/2017_utah_roster.csv,Riley Richmond,SO,WR,,2017,Utah,Kyle Whittingham
https://raw.githubusercontent.com/RKRoberts97/byu_football_tree/refs/heads/main/College/Coaches/College%20Head%20Coaches/Kyle_Whittingham/2017_utah_roster.csv,Austin Turley,FR,WR,,2017,Utah,Kyle Whittingham
https://raw.githubusercontent.com/RKRoberts97/byu_football_tree/refs/heads/main/College/Coaches/College%20Head%20Coaches/Kyle_Whittingham/2017_utah_roster.csv,Derrick Vickers,JR,WR,,2017,Utah,Kyle Whittingham
https://raw.githubusercontent.com/RKRoberts97/byu_football_tree/refs/heads/main/College/Coaches/College%20Head%20Coaches/Kyle_Whittingham/2017_utah_roster.csv,Siale Fakailoatonga,SR,TE,"3 Rec, 67 Yds, 22.3 Avg",2017,Utah,Kyle Whittingham
https://raw.githubusercontent.com/RKRoberts97/byu_football_tree/refs/heads/main/College/Coaches/College%20Head%20Coaches/Kyle_Whittingham/2017_utah_roster.csv,Harrison Handley,SR,TE,"3 Rec, 16 Yds, 5.3 Avg",2017,Utah,Kyle Whittingham
https://raw.githubusercontent.com/RKRoberts97/byu_football_tree/refs/heads/main/College/Coaches/College%20Head%20Coaches/Kyle_Whittingham/2017_utah_roster.csv,Jake Jackson,SO,TE,"3 Rec, 46 Yds, 15.3 Avg",2017,Utah,Kyle Whittingham
https://raw.githubusercontent.com/RKRoberts97/byu_football_tree/refs/heads/main/College/Coaches/College%20Head%20Coaches/Kyle_Whittingham/2017_utah_roster.csv,Tyler Bell,SR,TE,,2017,Utah,Kyle Whittingham
https://raw.githubusercontent.com/RKRoberts97/byu_football_tree/refs/heads/main/College/Coaches/College%20Head%20Coaches/Kyle_Whittingham/2017_utah_roster.csv,Bapa Falemaka,FR,TE,,2017,Utah,Kyle Whittingham
https://raw.githubusercontent.com/RKRoberts97/byu_football_tree/refs/heads/main/College/Coaches/College%20Head%20Coaches/Kyle_Whittingham/2017_utah_roster.csv,Zach Hansen,FR,TE,,2017,Utah,Kyle Whittingham
https://raw.githubusercontent.com/RKRoberts97/byu_football_tree/refs/heads/main/College/Coaches/College%20Head%20Coaches/Kyle_Whittingham/2017_utah_roster.csv,Chad Hekking,FR,TE,,2017,Utah,Kyle Whittingham
https://raw.githubusercontent.com/RKRoberts97/byu_football_tree/refs/heads/main/College/Coaches/College%20Head%20Coaches/Kyle_Whittingham/2017_utah_roster.csv,Savon Moniz,SO,TE,,2017,Utah,Kyle Whittingham
https://raw.githubusercontent.com/RKRoberts97/byu_football_tree/refs/heads/main/College/Coaches/College%20Head%20Coaches/Kyle_Whittingham/2017_utah_roster.csv,Darrin Paulo,SO,OL,,2017,Utah,Kyle Whittingham
https://raw.githubusercontent.com/RKRoberts97/byu_football_tree/refs/heads/main/College/Coaches/College%20Head%20Coaches/Kyle_Whittingham/2017_utah_roster.csv,Lo Falemaka,SR,OL,,2017,Utah,Kyle Whittingham
https://raw.githubusercontent.com/RKRoberts97/byu_football_tree/refs/heads/main/College/Coaches/College%20Head%20Coaches/Kyle_Whittingham/2017_utah_roster.csv,Alani Havili-Katoa,JR,OL,,2017,Utah,Kyle Whittingham
https://raw.githubusercontent.com/RKRoberts97/byu_football_tree/refs/heads/main/College/Coaches/College%20Head%20Coaches/Kyle_Whittingham/2017_utah_roster.csv,Jordan Agasiva,JR,OL,,2017,Utah,Kyle Whittingham
https://raw.githubusercontent.com/RKRoberts97/byu_football_tree/refs/heads/main/College/Coaches/College%20Head%20Coaches/Kyle_Whittingham/2017_utah_roster.csv,Aaron Amaama,JR,OL,,2017,Utah,Kyle Whittingham
https://raw.githubusercontent.com/RKRoberts97/byu_football_tree/refs/heads/main/College/Coaches/College%20Head%20Coaches/Kyle_Whittingham/2017_utah_roster.csv,London Bartholomew,SO,OL,,2017,Utah,Kyle Whittingham
https://raw.githubusercontent.com/RKRoberts97/byu_football_tree/refs/heads/main/College/Coaches/College%20Head%20Coaches/Kyle_Whittingham/2017_utah_roster.csv,Jackson Barton,JR,OL,,2017,Utah,Kyle Whittingham
https://raw.githubusercontent.com/RKRoberts97/byu_football_tree/refs/heads/main/College/Coaches/College%20Head%20Coaches/Kyle_Whittingham/2017_utah_roster.csv,Johnny Capra,SO,OL,,2017,Utah,Kyle Whittingham
https://raw.githubusercontent.com/RKRoberts97/byu_football_tree/refs/heads/main/College/Coaches/College%20Head%20Coaches/Kyle_Whittingham/2017_utah_roster.csv,Nick Carman,SO,OL,,2017,Utah,Kyle Whittingham
https://raw.githubusercontent.com/RKRoberts97/byu_football_tree/refs/heads/main/College/Coaches/College%20Head%20Coaches/Kyle_Whittingham/2017_utah_roster.csv,Keven Dixon,SO,OL,,2017,Utah,Kyle Whittingham
https://raw.githubusercontent.com/RKRoberts97/byu_football_tree/refs/heads/main/College/Coaches/College%20Head%20Coaches/Kyle_Whittingham/2017_utah_roster.csv,Nick Ford,FR,OL,,2017,Utah,Kyle Whittingham
https://raw.githubusercontent.com/RKRoberts97/byu_football_tree/refs/heads/main/College/Coaches/College%20Head%20Coaches/Kyle_Whittingham/2017_utah_roster.csv,Jake Grant,FR,OL,,2017,Utah,Kyle Whittingham
https://raw.githubusercontent.com/RKRoberts97/byu_football_tree/refs/heads/main/College/Coaches/College%20Head%20Coaches/Kyle_Whittingham/2017_utah_roster.csv,Daniel Heller,SO,OL,,2017,Utah,Kyle Whittingham
https://raw.githubusercontent.com/RKRoberts97/byu_football_tree/refs/heads/main/College/Coaches/College%20Head%20Coaches/Kyle_Whittingham/2017_utah_roster.csv,Kyle Lanterman,SO,OL,,2017,Utah,Kyle Whittingham
https://raw.githubusercontent.com/RKRoberts97/byu_football_tree/refs/heads/main/College/Coaches/College%20Head%20Coaches/Kyle_Whittingham/2017_utah_roster.csv,Shintaro Mann,FR,OL,,2017,Utah,Kyle Whittingham
https://raw.githubusercontent.com/RKRoberts97/byu_football_tree/refs/heads/main/College/Coaches/College%20Head%20Coaches/Kyle_Whittingham/2017_utah_roster.csv,Scott Peck,FR,OL,,2017,Utah,Kyle Whittingham
https://raw.githubusercontent.com/RKRoberts97/byu_football_tree/refs/heads/main/College/Coaches/College%20Head%20Coaches/Kyle_Whittingham/2017_utah_roster.csv,Michael Richardson,FR,OL,,2017,Utah,Kyle Whittingham
https://raw.githubusercontent.com/RKRoberts97/byu_football_tree/refs/heads/main/College/Coaches/College%20Head%20Coaches/Kyle_Whittingham/2017_utah_roster.csv,Tucker Scott,FR,OL,,2017,Utah,Kyle Whittingham
https://raw.githubusercontent.com/RKRoberts97/byu_football_tree/refs/heads/main/College/Coaches/College%20Head%20Coaches/Kyle_Whittingham/2017_utah_roster.csv,Paul Toala,SO,OL,,2017,Utah,Kyle Whittingham
https://raw.githubusercontent.com/RKRoberts97/byu_football_tree/refs/heads/main/College/Coaches/College%20Head%20Coaches/Kyle_Whittingham/2017_utah_roster.csv,Salesi Uhatafe,SR,OL,,2017,Utah,Kyle Whittingham
https://raw.githubusercontent.com/RKRoberts97/byu_football_tree/refs/heads/main/College/Coaches/College%20Head%20Coaches/Kyle_Whittingham/2017_utah_roster.csv,Orlando Umana,FR,OL,,2017,Utah,Kyle Whittingham
https://raw.githubusercontent.com/RKRoberts97/byu_football_tree/refs/heads/main/College/Coaches/College%20Head%20Coaches/Kyle_Whittingham/2017_utah_roster.csv,Mo Unutoa,FR,OL,,2017,Utah,Kyle Whittingham
https://raw.githubusercontent.com/RKRoberts97/byu_football_tree/refs/heads/main/College/Coaches/College%20Head%20Coaches/Kyle_Whittingham/2017_utah_roster.csv,Stratten Wagner,FR,OL,,2017,Utah,Kyle Whittingham
https://raw.githubusercontent.com/RKRoberts97/byu_football_tree/refs/heads/main/College/Coaches/College%20Head%20Coaches/Kyle_Whittingham/2017_utah_roster.csv,Matt Gay,SR,K,,2017,Utah,Kyle Whittingham
https://raw.githubusercontent.com/RKRoberts97/byu_football_tree/refs/heads/main/College/Coaches/College%20Head%20Coaches/Kyle_Whittingham/2017_utah_roster.csv,Hayes Hicken,SO,K,,2017,Utah,Kyle Whittingham
https://raw.githubusercontent.com/RKRoberts97/byu_football_tree/refs/heads/main/College/Coaches/College%20Head%20Coaches/Kyle_Whittingham/2017_utah_roster.csv,Sunia Tauteoli,SR,LB,,2017,Utah,Kyle Whittingham
https://raw.githubusercontent.com/RKRoberts97/byu_football_tree/refs/heads/main/College/Coaches/College%20Head%20Coaches/Kyle_Whittingham/2017_utah_roster.csv,Cody Barton,JR,LB,,2017,Utah,Kyle Whittingham
https://raw.githubusercontent.com/RKRoberts97/byu_football_tree/refs/heads/main/College/Coaches/College%20Head%20Coaches/Kyle_Whittingham/2017_utah_roster.csv,Trevor Horlacher,FR,LB,,2017,Utah,Kyle Whittingham
https://raw.githubusercontent.com/RKRoberts97/byu_football_tree/refs/heads/main/College/Coaches/College%20Head%20Coaches/Kyle_Whittingham/2017_utah_roster.csv,Karsen Liljenquist,JR,LB,,2017,Utah,Kyle Whittingham
https://raw.githubusercontent.com/RKRoberts97/byu_football_tree/refs/heads/main/College/Coaches/College%20Head%20Coaches/Kyle_Whittingham/2017_utah_roster.csv,Kavika Luafatasaga,SR,LB,,2017,Utah,Kyle Whittingham
https://raw.githubusercontent.com/RKRoberts97/byu_football_tree/refs/heads/main/College/Coaches/College%20Head%20Coaches/Kyle_Whittingham/2017_utah_roster.csv,Ali'i Niumatalolo,FR,LB,,2017,Utah,Kyle Whittingham
https://raw.githubusercontent.com/RKRoberts97/byu_football_tree/refs/heads/main/College/Coaches/College%20Head%20Coaches/Kyle_Whittingham/2017_utah_roster.csv,Donavan Thompson,SO,LB,,2017,Utah,Kyle Whittingham
https://raw.githubusercontent.com/RKRoberts97/byu_football_tree/refs/heads/main/College/Coaches/College%20Head%20Coaches/Kyle_Whittingham/2017_utah_roster.csv,Zach Boesen,FR,LB,,2017,Utah,Kyle Whittingham
https://raw.githubusercontent.com/RKRoberts97/byu_football_tree/refs/heads/main/College/Coaches/College%20Head%20Coaches/Kyle_Whittingham/2017_utah_roster.csv,Peter Brown,SO,LB,,2017,Utah,Kyle Whittingham
https://raw.githubusercontent.com/RKRoberts97/byu_football_tree/refs/heads/main/College/Coaches/College%20Head%20Coaches/Kyle_Whittingham/2017_utah_roster.csv,Christian Drews,SR,LB,,2017,Utah,Kyle Whittingham
https://raw.githubusercontent.com/RKRoberts97/byu_football_tree/refs/heads/main/College/Coaches/College%20Head%20Coaches/Kyle_Whittingham/2017_utah_roster.csv,Connor Haller,FR,LB,,2017,Utah,Kyle Whittingham
https://raw.githubusercontent.com/RKRoberts97/byu_football_tree/refs/heads/main/College/Coaches/College%20Head%20Coaches/Kyle_Whittingham/2017_utah_roster.csv,Devin Lloyd,FR,LB,,2017,Utah,Kyle Whittingham
https://raw.githubusercontent.com/RKRoberts97/byu_football_tree/refs/heads/main/College/Coaches/College%20Head%20Coaches/Kyle_Whittingham/2017_utah_roster.csv,Adan Mao,FR,LB,,2017,Utah,Kyle Whittingham
https://raw.githubusercontent.com/RKRoberts97/byu_football_tree/refs/heads/main/College/Coaches/College%20Head%20Coaches/Kyle_Whittingham/2017_utah_roster.csv,Marcus Sanders-Williams,SR,LB,,2017,Utah,Kyle Whittingham
https://raw.githubusercontent.com/RKRoberts97/byu_football_tree/refs/heads/main/College/Coaches/College%20Head%20Coaches/Kyle_Whittingham/2017_utah_roster.csv,Albert Tai,FR,LB,,2017,Utah,Kyle Whittingham
https://raw.githubusercontent.com/RKRoberts97/byu_football_tree/refs/heads/main/College/Coaches/College%20Head%20Coaches/Kyle_Whittingham/2017_utah_roster.csv,Tielu Tiatia,FR,LB,,2017,Utah,Kyle Whittingham
https://raw.githubusercontent.com/RKRoberts97/byu_football_tree/refs/heads/main/College/Coaches/College%20Head%20Coaches/Kyle_Whittingham/2017_utah_roster.csv,Alex Whittingham,SR,LB,,2017,Utah,Kyle Whittingham
https://raw.githubusercontent.com/RKRoberts97/byu_football_tree/refs/heads/main/College/Coaches/College%20Head%20Coaches/Kyle_Whittingham/2017_utah_roster.csv,Philip Afia,SO,DB,,2017,Utah,Kyle Whittingham
https://raw.githubusercontent.com/RKRoberts97/byu_football_tree/refs/heads/main/College/Coaches/College%20Head%20Coaches/Kyle_Whittingham/2017_utah_roster.csv,Corrion Ballard,JR,DB,,2017,Utah,Kyle Whittingham
https://raw.githubusercontent.com/RKRoberts97/byu_football_tree/refs/heads/main/College/Coaches/College%20Head%20Coaches/Kyle_Whittingham/2017_utah_roster.csv,Julian Blackmon,SO,DB,,2017,Utah,Kyle Whittingham
https://raw.githubusercontent.com/RKRoberts97/byu_football_tree/refs/heads/main/College/Coaches/College%20Head%20Coaches/Kyle_Whittingham/2017_utah_roster.csv,Marquise Blair,JR,DB,,2017,Utah,Kyle Whittingham
https://raw.githubusercontent.com/RKRoberts97/byu_football_tree/refs/heads/main/College/Coaches/College%20Head%20Coaches/Kyle_Whittingham/2017_utah_roster.csv,Terrell Burgess,SO,DB,,2017,Utah,Kyle Whittingham
https://raw.githubusercontent.com/RKRoberts97/byu_football_tree/refs/heads/main/College/Coaches/College%20Head%20Coaches/Kyle_Whittingham/2017_utah_roster.csv,Javelin Guidry,FR,DB,,2017,Utah,Kyle Whittingham
https://raw.githubusercontent.com/RKRoberts97/byu_football_tree/refs/heads/main/College/Coaches/College%20Head%20Coaches/Kyle_Whittingham/2017_utah_roster.csv,Javelin Guidry,FR,DB,,2017,Utah,Kyle Whittingham
https://raw.githubusercontent.com/RKRoberts97/byu_football_tree/refs/heads/main/College/Coaches/College%20Head%20Coaches/Kyle_Whittingham/2017_utah_roster.csv,Chase Hansen,JR,DB,,2017,Utah,Kyle Whittingham
https://raw.githubusercontent.com/RKRoberts97/byu_football_tree/refs/heads/main/College/Coaches/College%20Head%20Coaches/Kyle_Whittingham/2017_utah_roster.csv,Chase Hansen,JR,DB,,2017,Utah,Kyle Whittingham
https://raw.githubusercontent.com/RKRoberts97/byu_football_tree/refs/heads/main/College/Coaches/College%20Head%20Coaches/Kyle_Whittingham/2017_utah_roster.csv,Boobie Hobbs,SR,DB,,2017,Utah,Kyle Whittingham
https://raw.githubusercontent.com/RKRoberts97/byu_football_tree/refs/heads/main/College/Coaches/College%20Head%20Coaches/Kyle_Whittingham/2017_utah_roster.csv,Casey Hughes,JR,DB,,2017,Utah,Kyle Whittingham
https://raw.githubusercontent.com/RKRoberts97/byu_football_tree/refs/heads/main/College/Coaches/College%20Head%20Coaches/Kyle_Whittingham/2017_utah_roster.csv,Jaylon Johnson,FR,DB,,2017,Utah,Kyle Whittingham
https://raw.githubusercontent.com/RKRoberts97/byu_football_tree/refs/heads/main/College/Coaches/College%20Head%20Coaches/Kyle_Whittingham/2017_utah_roster.csv,Kenric Young,SR,DB,,2017,Utah,Kyle Whittingham
https://raw.githubusercontent.com/RKRoberts97/byu_football_tree/refs/heads/main/College/Coaches/College%20Head%20Coaches/Kyle_Whittingham/2017_utah_roster.csv,Stone Azarcon,FR,DB,,2017,Utah,Kyle Whittingham
https://raw.githubusercontent.com/RKRoberts97/byu_football_tree/refs/heads/main/College/Coaches/College%20Head%20Coaches/Kyle_Whittingham/2017_utah_roster.csv,Dakota Hansen,FR,DB,,2017,Utah,Kyle Whittingham
https://raw.githubusercontent.com/RKRoberts97/byu_football_tree/refs/heads/main/College/Coaches/College%20Head%20Coaches/Kyle_Whittingham/2017_utah_roster.csv,Shawn Hansen,JR,DB,,2017,Utah,Kyle Whittingham
https://raw.githubusercontent.com/RKRoberts97/byu_football_tree/refs/heads/main/College/Coaches/College%20Head%20Coaches/Kyle_Whittingham/2017_utah_roster.csv,Batchlor Johnson,SO,DB,,2017,Utah,Kyle Whittingham
https://raw.githubusercontent.com/RKRoberts97/byu_football_tree/refs/heads/main/College/Coaches/College%20Head%20Coaches/Kyle_Whittingham/2017_utah_roster.csv,Nygel King,FR,DB,,2017,Utah,Kyle Whittingham
https://raw.githubusercontent.com/RKRoberts97/byu_football_tree/refs/heads/main/College/Coaches/College%20Head%20Coaches/Kyle_Whittingham/2017_utah_roster.csv,Tareke Lewis,JR,DB,,2017,Utah,Kyle Whittingham
https://raw.githubusercontent.com/RKRoberts97/byu_football_tree/refs/heads/main/College/Coaches/College%20Head%20Coaches/Kyle_Whittingham/2017_utah_roster.csv,Josh Nurse,SO,DB,,2017,Utah,Kyle Whittingham
https://raw.githubusercontent.com/RKRoberts97/byu_football_tree/refs/heads/main/College/Coaches/College%20Head%20Coaches/Kyle_Whittingham/2017_utah_roster.csv,Jordon Orozco,FR,DB,,2017,Utah,Kyle Whittingham
https://raw.githubusercontent.com/RKRoberts97/byu_football_tree/refs/heads/main/College/Coaches/College%20Head%20Coaches/Kyle_Whittingham/2017_utah_roster.csv,Riley Phillips,FR,DB,,2017,Utah,Kyle Whittingham
https://raw.githubusercontent.com/RKRoberts97/byu_football_tree/refs/heads/main/College/Coaches/College%20Head%20Coaches/Kyle_Whittingham/2017_utah_roster.csv,Dylan Slavens,FR,DB,,2017,Utah,Kyle Whittingham
https://raw.githubusercontent.com/RKRoberts97/byu_football_tree/refs/heads/main/College/Coaches/College%20Head%20Coaches/Kyle_Whittingham/2017_utah_roster.csv,Tyrone Smith,JR,DB,,2017,Utah,Kyle Whittingham
https://raw.githubusercontent.com/RKRoberts97/byu_football_tree/refs/heads/main/College/Coaches/College%20Head%20Coaches/Kyle_Whittingham/2017_utah_roster.csv,Tre Strong,JR,DB,,2017,Utah,Kyle Whittingham
https://raw.githubusercontent.com/RKRoberts97/byu_football_tree/refs/heads/main/College/Coaches/College%20Head%20Coaches/Kyle_Whittingham/2017_utah_roster.csv,Adam Webber,FR,DB,,2017,Utah,Kyle Whittingham
https://raw.githubusercontent.com/RKRoberts97/byu_football_tree/refs/heads/main/College/Coaches/College%20Head%20Coaches/Kyle_Whittingham/2017_utah_roster.csv,Mitch Wishnowsky,JR,P,,2017,Utah,Kyle Whittingham
https://raw.githubusercontent.com/RKRoberts97/byu_football_tree/refs/heads/main/College/Coaches/College%20Head%20Coaches/Kyle_Whittingham/2017_utah_roster.csv,Cody Ippolito,SR,FB,,2017,Utah,Kyle Whittingham
https://raw.githubusercontent.com/RKRoberts97/byu_football_tree/refs/heads/main/College/Coaches/College%20Head%20Coaches/Kyle_Whittingham/2017_utah_roster.csv,Bradlee Anae,SO,DE,,2017,Utah,Kyle Whittingham
https://raw.githubusercontent.com/RKRoberts97/byu_football_tree/refs/heads/main/College/Coaches/College%20Head%20Coaches/Kyle_Whittingham/2017_utah_roster.csv,Kylie Fitts,SR,DE,,2017,Utah,Kyle Whittingham
https://raw.githubusercontent.com/RKRoberts97/byu_football_tree/refs/heads/main/College/Coaches/College%20Head%20Coaches/Kyle_Whittingham/2017_utah_roster.csv,Leki Fotu,SO,DT,,2017,Utah,Kyle Whittingham
https://raw.githubusercontent.com/RKRoberts97/byu_football_tree/refs/heads/main/College/Coaches/College%20Head%20Coaches/Kyle_Whittingham/2017_utah_roster.csv,Davir Hamilton,FR,DE,,2017,Utah,Kyle Whittingham
https://raw.githubusercontent.com/RKRoberts97/byu_football_tree/refs/heads/main/College/Coaches/College%20Head%20Coaches/Kyle_Whittingham/2017_utah_roster.csv,Chris Hart,SO,DE,,2017,Utah,Kyle Whittingham
https://raw.githubusercontent.com/RKRoberts97/byu_football_tree/refs/heads/main/College/Coaches/College%20Head%20Coaches/Kyle_Whittingham/2017_utah_roster.csv,Nick Heninger,FR,DE,,2017,Utah,Kyle Whittingham
https://raw.githubusercontent.com/RKRoberts97/byu_football_tree/refs/heads/main/College/Coaches/College%20Head%20Coaches/Kyle_Whittingham/2017_utah_roster.csv,Chayden Johnston,FR,PK,,2017,Utah,Kyle Whittingham
https://raw.githubusercontent.com/RKRoberts97/byu_football_tree/refs/heads/main/College/Coaches/College%20Head%20Coaches/Kyle_Whittingham/2017_utah_roster.csv,Lowell Lotulelei,SR,DT,,2017,Utah,Kyle Whittingham
https://raw.githubusercontent.com/RKRoberts97/byu_football_tree/refs/heads/main/College/Coaches/College%20Head%20Coaches/Kyle_Whittingham/2017_utah_roster.csv,Filipo Mokofisi,SR,DT,,2017,Utah,Kyle Whittingham
https://raw.githubusercontent.com/RKRoberts97/byu_football_tree/refs/heads/main/College/Coaches/College%20Head%20Coaches/Kyle_Whittingham/2017_utah_roster.csv,John Penisini,SO,DT,,2017,Utah,Kyle Whittingham
https://raw.githubusercontent.com/RKRoberts97/byu_football_tree/refs/heads/main/College/Coaches/College%20Head%20Coaches/Kyle_Whittingham/2017_utah_roster.csv,Hauati Pututau,FR,DT,,2017,Utah,Kyle Whittingham
https://raw.githubusercontent.com/RKRoberts97/byu_football_tree/refs/heads/main/College/Coaches/College%20Head%20Coaches/Kyle_Whittingham/2017_utah_roster.csv,Caleb Repp,SO,DE,,2017,Utah,Kyle Whittingham
https://raw.githubusercontent.com/RKRoberts97/byu_football_tree/refs/heads/main/College/Coaches/College%20Head%20Coaches/Kyle_Whittingham/2017_utah_roster.csv,Pita Tonga,FR,DT,,2017,Utah,Kyle Whittingham
https://raw.githubusercontent.com/RKRoberts97/byu_football_tree/refs/heads/main/College/Coaches/College%20Head%20Coaches/Kyle_Whittingham/2017_utah_roster.csv,Maxs Tupai,FR,DE,,2017,Utah,Kyle Whittingham
https://raw.githubusercontent.com/RKRoberts97/byu_football_tree/refs/heads/main/College/Coaches/College%20Head%20Coaches/Kyle_Whittingham/2017_utah_roster.csv,John Aloma,SO,LS,,2017,Utah,Kyle Whittingham
https://raw.githubusercontent.com/RKRoberts97/byu_football_tree/refs/heads/main/College/Coaches/College%20Head%20Coaches/Kyle_Whittingham/2017_utah_roster.csv,Cristian Antezana,JR,PK,,2017,Utah,Kyle Whittingham
https://raw.githubusercontent.com/RKRoberts97/byu_football_tree/refs/heads/main/College/Coaches/College%20Head%20Coaches/Kyle_Whittingham/2017_utah_roster.csv,Scott Foley,FR,DT,,2017,Utah,Kyle Whittingham
https://raw.githubusercontent.com/RKRoberts97/byu_football_tree/refs/heads/main/College/Coaches/College%20Head%20Coaches/Kyle_Whittingham/2017_utah_roster.csv,Malik Haynes,SO,DT,,2017,Utah,Kyle Whittingham
https://raw.githubusercontent.com/RKRoberts97/byu_football_tree/refs/heads/main/College/Coaches/College%20Head%20Coaches/Kyle_Whittingham/2017_utah_roster.csv,Mark Kruger,FR,DT,,2017,Utah,Kyle Whittingham
https://raw.githubusercontent.com/RKRoberts97/byu_football_tree/refs/heads/main/College/Coaches/College%20Head%20Coaches/Kyle_Whittingham/2017_utah_roster.csv,Shawn Leakehe,FR,DE,,2017,Utah,Kyle Whittingham
https://raw.githubusercontent.com/RKRoberts97/byu_football_tree/refs/heads/main/College/Coaches/College%20Head%20Coaches/Kyle_Whittingham/2017_utah_roster.csv,Noah Rodriguez-Trammell,FR,LS,,2017,Utah,Kyle Whittingham
https://raw.githubusercontent.com/RKRoberts97/byu_football_tree/refs/heads/main/College/Coaches/College%20Head%20Coaches/Kyle_Whittingham/2017_utah_roster.csv,Mika Tafua,FR,DE,,2017,Utah,Kyle Whittingham
https://raw.githubusercontent.com/RKRoberts97/byu_football_tree/refs/heads/main/College/Coaches/College%20Head%20Coaches/Kyle_Whittingham/2018_utah_roster.csv,Tyler Huntley,JR,QB,"150 Cmp, 234 Att, 1788 Yds, 12 TD",2018,Utah,Kyle Whittingham
https://raw.githubusercontent.com/RKRoberts97/byu_football_tree/refs/heads/main/College/Coaches/College%20Head%20Coaches/Kyle_Whittingham/2018_utah_roster.csv,Jason Shelley,FR,QB,"98 Cmp, 168 Att, 1162 Yds, 5 TD",2018,Utah,Kyle Whittingham
https://raw.githubusercontent.com/RKRoberts97/byu_football_tree/refs/heads/main/College/Coaches/College%20Head%20Coaches/Kyle_Whittingham/2018_utah_roster.csv,Drew Lisk,SO,QB,,2018,Utah,Kyle Whittingham
https://raw.githubusercontent.com/RKRoberts97/byu_football_tree/refs/heads/main/College/Coaches/College%20Head%20Coaches/Kyle_Whittingham/2018_utah_roster.csv,Jackson Siddoway,FR,QB,,2018,Utah,Kyle Whittingham
https://raw.githubusercontent.com/RKRoberts97/byu_football_tree/refs/heads/main/College/Coaches/College%20Head%20Coaches/Kyle_Whittingham/2018_utah_roster.csv,Jack Tuttle,FR,QB,,2018,Utah,Kyle Whittingham
https://raw.githubusercontent.com/RKRoberts97/byu_football_tree/refs/heads/main/College/Coaches/College%20Head%20Coaches/Kyle_Whittingham/2018_utah_roster.csv,Zack Moss,JR,RB,"179 Att, 1096 Yds, 6.1 Avg",2018,Utah,Kyle Whittingham
https://raw.githubusercontent.com/RKRoberts97/byu_football_tree/refs/heads/main/College/Coaches/College%20Head%20Coaches/Kyle_Whittingham/2018_utah_roster.csv,Armand Shyne,JR,RB,"120 Att, 512 Yds, 4.3 Avg",2018,Utah,Kyle Whittingham
https://raw.githubusercontent.com/RKRoberts97/byu_football_tree/refs/heads/main/College/Coaches/College%20Head%20Coaches/Kyle_Whittingham/2018_utah_roster.csv,TJ Green,FR,RB,"36 Att, 190 Yds, 5.3 Avg",2018,Utah,Kyle Whittingham
https://raw.githubusercontent.com/RKRoberts97/byu_football_tree/refs/heads/main/College/Coaches/College%20Head%20Coaches/Kyle_Whittingham/2018_utah_roster.csv,Devin Brumfield,FR,RB,"14 Att, 42 Yds, 3.0 Avg",2018,Utah,Kyle Whittingham
https://raw.githubusercontent.com/RKRoberts97/byu_football_tree/refs/heads/main/College/Coaches/College%20Head%20Coaches/Kyle_Whittingham/2018_utah_roster.csv,Joey Wood,JR,RB,"3 Att, 3 Yds, 1.0 Avg",2018,Utah,Kyle Whittingham
https://raw.githubusercontent.com/RKRoberts97/byu_football_tree/refs/heads/main/College/Coaches/College%20Head%20Coaches/Kyle_Whittingham/2018_utah_roster.csv,Mason Woodward,JR,RB,"2 Att, 6 Yds, 3.0 Avg",2018,Utah,Kyle Whittingham
https://raw.githubusercontent.com/RKRoberts97/byu_football_tree/refs/heads/main/College/Coaches/College%20Head%20Coaches/Kyle_Whittingham/2018_utah_roster.csv,Devonta'e Henry-Cole,JR,RB,,2018,Utah,Kyle Whittingham
https://raw.githubusercontent.com/RKRoberts97/byu_football_tree/refs/heads/main/College/Coaches/College%20Head%20Coaches/Kyle_Whittingham/2018_utah_roster.csv,Branden Rankins,FR,RB,,2018,Utah,Kyle Whittingham
https://raw.githubusercontent.com/RKRoberts97/byu_football_tree/refs/heads/main/College/Coaches/College%20Head%20Coaches/Kyle_Whittingham/2018_utah_roster.csv,Edward Vander,JR,RB,,2018,Utah,Kyle Whittingham
https://raw.githubusercontent.com/RKRoberts97/byu_football_tree/refs/heads/main/College/Coaches/College%20Head%20Coaches/Kyle_Whittingham/2018_utah_roster.csv,Britain Covey,SO,WR,"60 Rec, 637 Yds, 10.6 Avg",2018,Utah,Kyle Whittingham
https://raw.githubusercontent.com/RKRoberts97/byu_football_tree/refs/heads/main/College/Coaches/College%20Head%20Coaches/Kyle_Whittingham/2018_utah_roster.csv,Demari Simpkins,JR,WR,"26 Rec, 297 Yds, 11.4 Avg",2018,Utah,Kyle Whittingham
https://raw.githubusercontent.com/RKRoberts97/byu_football_tree/refs/heads/main/College/Coaches/College%20Head%20Coaches/Kyle_Whittingham/2018_utah_roster.csv,Jaylen Dixon,FR,WR,"32 Rec, 589 Yds, 18.4 Avg",2018,Utah,Kyle Whittingham
https://raw.githubusercontent.com/RKRoberts97/byu_football_tree/refs/heads/main/College/Coaches/College%20Head%20Coaches/Kyle_Whittingham/2018_utah_roster.csv,Siaosi Mariner,JR,WR,"17 Rec, 209 Yds, 12.3 Avg",2018,Utah,Kyle Whittingham
https://raw.githubusercontent.com/RKRoberts97/byu_football_tree/refs/heads/main/College/Coaches/College%20Head%20Coaches/Kyle_Whittingham/2018_utah_roster.csv,Samson Nacua,SO,WR,"31 Rec, 362 Yds, 11.7 Avg",2018,Utah,Kyle Whittingham
https://raw.githubusercontent.com/RKRoberts97/byu_football_tree/refs/heads/main/College/Coaches/College%20Head%20Coaches/Kyle_Whittingham/2018_utah_roster.csv,Solomon Enis,FR,WR,"13 Rec, 179 Yds, 13.8 Avg",2018,Utah,Kyle Whittingham
https://raw.githubusercontent.com/RKRoberts97/byu_football_tree/refs/heads/main/College/Coaches/College%20Head%20Coaches/Kyle_Whittingham/2018_utah_roster.csv,Jameson Field,SR,WR,"3 Rec, 23 Yds, 7.7 Avg",2018,Utah,Kyle Whittingham
https://raw.githubusercontent.com/RKRoberts97/byu_football_tree/refs/heads/main/College/Coaches/College%20Head%20Coaches/Kyle_Whittingham/2018_utah_roster.csv,Bronson Boyd,FR,WR,"2 Rec, 40 Yds, 20.0 Avg",2018,Utah,Kyle Whittingham
https://raw.githubusercontent.com/RKRoberts97/byu_football_tree/refs/heads/main/College/Coaches/College%20Head%20Coaches/Kyle_Whittingham/2018_utah_roster.csv,Bryan Thompson,SO,WR,"1 Rec, 31 Yds, 31.0 Avg",2018,Utah,Kyle Whittingham
https://raw.githubusercontent.com/RKRoberts97/byu_football_tree/refs/heads/main/College/Coaches/College%20Head%20Coaches/Kyle_Whittingham/2018_utah_roster.csv,Derrick Vickers,SR,WR,,2018,Utah,Kyle Whittingham
https://raw.githubusercontent.com/RKRoberts97/byu_football_tree/refs/heads/main/College/Coaches/College%20Head%20Coaches/Kyle_Whittingham/2018_utah_roster.csv,Batchlor Johnson,SO,WR,,2018,Utah,Kyle Whittingham
https://raw.githubusercontent.com/RKRoberts97/byu_football_tree/refs/heads/main/College/Coaches/College%20Head%20Coaches/Kyle_Whittingham/2018_utah_roster.csv,Yioti Karahalios,FR,WR,,2018,Utah,Kyle Whittingham
https://raw.githubusercontent.com/RKRoberts97/byu_football_tree/refs/heads/main/College/Coaches/College%20Head%20Coaches/Kyle_Whittingham/2018_utah_roster.csv,Terrell Perriman,FR,WR,,2018,Utah,Kyle Whittingham
https://raw.githubusercontent.com/RKRoberts97/byu_football_tree/refs/heads/main/College/Coaches/College%20Head%20Coaches/Kyle_Whittingham/2018_utah_roster.csv,Dylan Slavens,FR,WR,,2018,Utah,Kyle Whittingham
https://raw.githubusercontent.com/RKRoberts97/byu_football_tree/refs/heads/main/College/Coaches/College%20Head%20Coaches/Kyle_Whittingham/2018_utah_roster.csv,Dominique Thompson,FR,WR,,2018,Utah,Kyle Whittingham
https://raw.githubusercontent.com/RKRoberts97/byu_football_tree/refs/heads/main/College/Coaches/College%20Head%20Coaches/Kyle_Whittingham/2018_utah_roster.csv,Brant Kuithe,FR,TE,"20 Rec, 227 Yds, 11.4 Avg",2018,Utah,Kyle Whittingham
https://raw.githubusercontent.com/RKRoberts97/byu_football_tree/refs/heads/main/College/Coaches/College%20Head%20Coaches/Kyle_Whittingham/2018_utah_roster.csv,Cole Fotheringham,FR,TE,"17 Rec, 190 Yds, 11.2 Avg",2018,Utah,Kyle Whittingham
https://raw.githubusercontent.com/RKRoberts97/byu_football_tree/refs/heads/main/College/Coaches/College%20Head%20Coaches/Kyle_Whittingham/2018_utah_roster.csv,Jake Jackson,JR,TE,"9 Rec, 74 Yds, 8.2 Avg",2018,Utah,Kyle Whittingham
https://raw.githubusercontent.com/RKRoberts97/byu_football_tree/refs/heads/main/College/Coaches/College%20Head%20Coaches/Kyle_Whittingham/2018_utah_roster.csv,Connor Haller,SO,TE,"2 Rec, 12 Yds, 6.0 Avg",2018,Utah,Kyle Whittingham
https://raw.githubusercontent.com/RKRoberts97/byu_football_tree/refs/heads/main/College/Coaches/College%20Head%20Coaches/Kyle_Whittingham/2018_utah_roster.csv,Bapa Falemaka,SO,TE,,2018,Utah,Kyle Whittingham
https://raw.githubusercontent.com/RKRoberts97/byu_football_tree/refs/heads/main/College/Coaches/College%20Head%20Coaches/Kyle_Whittingham/2018_utah_roster.csv,Zach Hansen,FR,TE,,2018,Utah,Kyle Whittingham
https://raw.githubusercontent.com/RKRoberts97/byu_football_tree/refs/heads/main/College/Coaches/College%20Head%20Coaches/Kyle_Whittingham/2018_utah_roster.csv,Thomas Yassmin,FR,TE,,2018,Utah,Kyle Whittingham
https://raw.githubusercontent.com/RKRoberts97/byu_football_tree/refs/heads/main/College/Coaches/College%20Head%20Coaches/Kyle_Whittingham/2018_utah_roster.csv,Jackson Barton,SR,OL,,2018,Utah,Kyle Whittingham
https://raw.githubusercontent.com/RKRoberts97/byu_football_tree/refs/heads/main/College/Coaches/College%20Head%20Coaches/Kyle_Whittingham/2018_utah_roster.csv,Nick Ford,FR,OL,,2018,Utah,Kyle Whittingham
https://raw.githubusercontent.com/RKRoberts97/byu_football_tree/refs/heads/main/College/Coaches/College%20Head%20Coaches/Kyle_Whittingham/2018_utah_roster.csv,Orlando Umana,SO,OL,,2018,Utah,Kyle Whittingham
https://raw.githubusercontent.com/RKRoberts97/byu_football_tree/refs/heads/main/College/Coaches/College%20Head%20Coaches/Kyle_Whittingham/2018_utah_roster.csv,Jordan Agasiva,SR,OL,,2018,Utah,Kyle Whittingham
https://raw.githubusercontent.com/RKRoberts97/byu_football_tree/refs/heads/main/College/Coaches/College%20Head%20Coaches/Kyle_Whittingham/2018_utah_roster.csv,London Bartholomew,SO,OL,,2018,Utah,Kyle Whittingham
https://raw.githubusercontent.com/RKRoberts97/byu_football_tree/refs/heads/main/College/Coaches/College%20Head%20Coaches/Kyle_Whittingham/2018_utah_roster.csv,Johnny Capra,JR,OL,,2018,Utah,Kyle Whittingham
https://raw.githubusercontent.com/RKRoberts97/byu_football_tree/refs/heads/main/College/Coaches/College%20Head%20Coaches/Kyle_Whittingham/2018_utah_roster.csv,Braedon E. Daniels,FR,OL,,2018,Utah,Kyle Whittingham
https://raw.githubusercontent.com/RKRoberts97/byu_football_tree/refs/heads/main/College/Coaches/College%20Head%20Coaches/Kyle_Whittingham/2018_utah_roster.csv,Keven Dixon,JR,OL,,2018,Utah,Kyle Whittingham
https://raw.githubusercontent.com/RKRoberts97/byu_football_tree/refs/heads/main/College/Coaches/College%20Head%20Coaches/Kyle_Whittingham/2018_utah_roster.csv,Lo Falemaka,SR,OL,,2018,Utah,Kyle Whittingham
https://raw.githubusercontent.com/RKRoberts97/byu_football_tree/refs/heads/main/College/Coaches/College%20Head%20Coaches/Kyle_Whittingham/2018_utah_roster.csv,Jake Grant,SO,OL,,2018,Utah,Kyle Whittingham
https://raw.githubusercontent.com/RKRoberts97/byu_football_tree/refs/heads/main/College/Coaches/College%20Head%20Coaches/Kyle_Whittingham/2018_utah_roster.csv,Alani Havili-Katoa,SR,OL,,2018,Utah,Kyle Whittingham
https://raw.githubusercontent.com/RKRoberts97/byu_football_tree/refs/heads/main/College/Coaches/College%20Head%20Coaches/Kyle_Whittingham/2018_utah_roster.csv,Kyle Lanterman,JR,OL,,2018,Utah,Kyle Whittingham
https://raw.githubusercontent.com/RKRoberts97/byu_football_tree/refs/heads/main/College/Coaches/College%20Head%20Coaches/Kyle_Whittingham/2018_utah_roster.csv,Simi Moala,FR,OL,,2018,Utah,Kyle Whittingham
https://raw.githubusercontent.com/RKRoberts97/byu_football_tree/refs/heads/main/College/Coaches/College%20Head%20Coaches/Kyle_Whittingham/2018_utah_roster.csv,Darrin Paulo,JR,OL,,2018,Utah,Kyle Whittingham
https://raw.githubusercontent.com/RKRoberts97/byu_football_tree/refs/heads/main/College/Coaches/College%20Head%20Coaches/Kyle_Whittingham/2018_utah_roster.csv,Ryan To'a,FR,OL,,2018,Utah,Kyle Whittingham
https://raw.githubusercontent.com/RKRoberts97/byu_football_tree/refs/heads/main/College/Coaches/College%20Head%20Coaches/Kyle_Whittingham/2018_utah_roster.csv,Paul Toala,JR,OL,,2018,Utah,Kyle Whittingham
https://raw.githubusercontent.com/RKRoberts97/byu_football_tree/refs/heads/main/College/Coaches/College%20Head%20Coaches/Kyle_Whittingham/2018_utah_roster.csv,Mo Unutoa,FR,OL,,2018,Utah,Kyle Whittingham
https://raw.githubusercontent.com/RKRoberts97/byu_football_tree/refs/heads/main/College/Coaches/College%20Head%20Coaches/Kyle_Whittingham/2018_utah_roster.csv,Stratten Wagner,SO,OL,,2018,Utah,Kyle Whittingham
https://raw.githubusercontent.com/RKRoberts97/byu_football_tree/refs/heads/main/College/Coaches/College%20Head%20Coaches/Kyle_Whittingham/2018_utah_roster.csv,Fua Pututau,FR,DL,,2018,Utah,Kyle Whittingham
https://raw.githubusercontent.com/RKRoberts97/byu_football_tree/refs/heads/main/College/Coaches/College%20Head%20Coaches/Kyle_Whittingham/2018_utah_roster.csv,Cody Barton,SR,LB,,2018,Utah,Kyle Whittingham
https://raw.githubusercontent.com/RKRoberts97/byu_football_tree/refs/heads/main/College/Coaches/College%20Head%20Coaches/Kyle_Whittingham/2018_utah_roster.csv,Francis Bernard,JR,LB,,2018,Utah,Kyle Whittingham
https://raw.githubusercontent.com/RKRoberts97/byu_football_tree/refs/heads/main/College/Coaches/College%20Head%20Coaches/Kyle_Whittingham/2018_utah_roster.csv,Chase Hansen,SR,LB,,2018,Utah,Kyle Whittingham
https://raw.githubusercontent.com/RKRoberts97/byu_football_tree/refs/heads/main/College/Coaches/College%20Head%20Coaches/Kyle_Whittingham/2018_utah_roster.csv,Chase Hansen,SR,LB,,2018,Utah,Kyle Whittingham
https://raw.githubusercontent.com/RKRoberts97/byu_football_tree/refs/heads/main/College/Coaches/College%20Head%20Coaches/Kyle_Whittingham/2018_utah_roster.csv,Devin Lloyd,FR,LB,,2018,Utah,Kyle Whittingham
https://raw.githubusercontent.com/RKRoberts97/byu_football_tree/refs/heads/main/College/Coaches/College%20Head%20Coaches/Kyle_Whittingham/2018_utah_roster.csv,Donavan Thompson,JR,LB,,2018,Utah,Kyle Whittingham
https://raw.githubusercontent.com/RKRoberts97/byu_football_tree/refs/heads/main/College/Coaches/College%20Head%20Coaches/Kyle_Whittingham/2018_utah_roster.csv,Moroni Anae,SO,LB,,2018,Utah,Kyle Whittingham
https://raw.githubusercontent.com/RKRoberts97/byu_football_tree/refs/heads/main/College/Coaches/College%20Head%20Coaches/Kyle_Whittingham/2018_utah_roster.csv,Chris Hart,JR,LB,,2018,Utah,Kyle Whittingham
https://raw.githubusercontent.com/RKRoberts97/byu_football_tree/refs/heads/main/College/Coaches/College%20Head%20Coaches/Kyle_Whittingham/2018_utah_roster.csv,Sione Lund,FR,LB,,2018,Utah,Kyle Whittingham
https://raw.githubusercontent.com/RKRoberts97/byu_football_tree/refs/heads/main/College/Coaches/College%20Head%20Coaches/Kyle_Whittingham/2018_utah_roster.csv,Andrew Mata'afa,FR,LB,,2018,Utah,Kyle Whittingham
https://raw.githubusercontent.com/RKRoberts97/byu_football_tree/refs/heads/main/College/Coaches/College%20Head%20Coaches/Kyle_Whittingham/2018_utah_roster.csv,Bryant Pirtle,JR,LB,,2018,Utah,Kyle Whittingham
https://raw.githubusercontent.com/RKRoberts97/byu_football_tree/refs/heads/main/College/Coaches/College%20Head%20Coaches/Kyle_Whittingham/2018_utah_roster.csv,Philip Afia,JR,DB,,2018,Utah,Kyle Whittingham
https://raw.githubusercontent.com/RKRoberts97/byu_football_tree/refs/heads/main/College/Coaches/College%20Head%20Coaches/Kyle_Whittingham/2018_utah_roster.csv,Corrion Ballard,SR,DB,,2018,Utah,Kyle Whittingham
https://raw.githubusercontent.com/RKRoberts97/byu_football_tree/refs/heads/main/College/Coaches/College%20Head%20Coaches/Kyle_Whittingham/2018_utah_roster.csv,Julian Blackmon,JR,DB,,2018,Utah,Kyle Whittingham
https://raw.githubusercontent.com/RKRoberts97/byu_football_tree/refs/heads/main/College/Coaches/College%20Head%20Coaches/Kyle_Whittingham/2018_utah_roster.csv,Marquise Blair,SR,DB,,2018,Utah,Kyle Whittingham
https://raw.githubusercontent.com/RKRoberts97/byu_football_tree/refs/heads/main/College/Coaches/College%20Head%20Coaches/Kyle_Whittingham/2018_utah_roster.csv,Terrell Burgess,JR,DB,,2018,Utah,Kyle Whittingham
https://raw.githubusercontent.com/RKRoberts97/byu_football_tree/refs/heads/main/College/Coaches/College%20Head%20Coaches/Kyle_Whittingham/2018_utah_roster.csv,Vonte Davis,SO,DB,,2018,Utah,Kyle Whittingham
https://raw.githubusercontent.com/RKRoberts97/byu_football_tree/refs/heads/main/College/Coaches/College%20Head%20Coaches/Kyle_Whittingham/2018_utah_roster.csv,Javelin Guidry,SO,DB,,2018,Utah,Kyle Whittingham
https://raw.githubusercontent.com/RKRoberts97/byu_football_tree/refs/heads/main/College/Coaches/College%20Head%20Coaches/Kyle_Whittingham/2018_utah_roster.csv,Javelin Guidry,SO,DB,,2018,Utah,Kyle Whittingham
https://raw.githubusercontent.com/RKRoberts97/byu_football_tree/refs/heads/main/College/Coaches/College%20Head%20Coaches/Kyle_Whittingham/2018_utah_roster.csv,R.J. Hubert,FR,DB,,2018,Utah,Kyle Whittingham
https://raw.githubusercontent.com/RKRoberts97/byu_football_tree/refs/heads/main/College/Coaches/College%20Head%20Coaches/Kyle_Whittingham/2018_utah_roster.csv,Jaylon Johnson,SO,DB,,2018,Utah,Kyle Whittingham
https://raw.githubusercontent.com/RKRoberts97/byu_football_tree/refs/heads/main/College/Coaches/College%20Head%20Coaches/Kyle_Whittingham/2018_utah_roster.csv,Nygel King,SO,DB,,2018,Utah,Kyle Whittingham
https://raw.githubusercontent.com/RKRoberts97/byu_football_tree/refs/heads/main/College/Coaches/College%20Head%20Coaches/Kyle_Whittingham/2018_utah_roster.csv,Tareke Lewis,JR,DB,,2018,Utah,Kyle Whittingham
https://raw.githubusercontent.com/RKRoberts97/byu_football_tree/refs/heads/main/College/Coaches/College%20Head%20Coaches/Kyle_Whittingham/2018_utah_roster.csv,Josh Nurse,JR,DB,,2018,Utah,Kyle Whittingham
https://raw.githubusercontent.com/RKRoberts97/byu_football_tree/refs/heads/main/College/Coaches/College%20Head%20Coaches/Kyle_Whittingham/2018_utah_roster.csv,Tyrone Smith,JR,DB,,2018,Utah,Kyle Whittingham
https://raw.githubusercontent.com/RKRoberts97/byu_football_tree/refs/heads/main/College/Coaches/College%20Head%20Coaches/Kyle_Whittingham/2018_utah_roster.csv,Tre Strong,JR,DB,,2018,Utah,Kyle Whittingham
https://raw.githubusercontent.com/RKRoberts97/byu_football_tree/refs/heads/main/College/Coaches/College%20Head%20Coaches/Kyle_Whittingham/2018_utah_roster.csv,Anthony Armstrong,SR,DB,,2018,Utah,Kyle Whittingham
https://raw.githubusercontent.com/RKRoberts97/byu_football_tree/refs/heads/main/College/Coaches/College%20Head%20Coaches/Kyle_Whittingham/2018_utah_roster.csv,Stone Azarcon,FR,DB,,2018,Utah,Kyle Whittingham
https://raw.githubusercontent.com/RKRoberts97/byu_football_tree/refs/heads/main/College/Coaches/College%20Head%20Coaches/Kyle_Whittingham/2018_utah_roster.csv,Quinn Fabrizio,FR,DB,,2018,Utah,Kyle Whittingham
https://raw.githubusercontent.com/RKRoberts97/byu_football_tree/refs/heads/main/College/Coaches/College%20Head%20Coaches/Kyle_Whittingham/2018_utah_roster.csv,Malone Mataele,FR,DB,,2018,Utah,Kyle Whittingham
https://raw.githubusercontent.com/RKRoberts97/byu_football_tree/refs/heads/main/College/Coaches/College%20Head%20Coaches/Kyle_Whittingham/2018_utah_roster.csv,Alassane Niang,JR,DB,,2018,Utah,Kyle Whittingham
https://raw.githubusercontent.com/RKRoberts97/byu_football_tree/refs/heads/main/College/Coaches/College%20Head%20Coaches/Kyle_Whittingham/2018_utah_roster.csv,Trey O'Guinn,FR,DB,,2018,Utah,Kyle Whittingham
https://raw.githubusercontent.com/RKRoberts97/byu_football_tree/refs/heads/main/College/Coaches/College%20Head%20Coaches/Kyle_Whittingham/2018_utah_roster.csv,Keala Santiago,JR,DB,,2018,Utah,Kyle Whittingham
https://raw.githubusercontent.com/RKRoberts97/byu_football_tree/refs/heads/main/College/Coaches/College%20Head%20Coaches/Kyle_Whittingham/2018_utah_roster.csv,Jonoven Smith,FR,DB,,2018,Utah,Kyle Whittingham
https://raw.githubusercontent.com/RKRoberts97/byu_football_tree/refs/heads/main/College/Coaches/College%20Head%20Coaches/Kyle_Whittingham/2018_utah_roster.csv,Mitch Wishnowsky,SR,P,,2018,Utah,Kyle Whittingham
https://raw.githubusercontent.com/RKRoberts97/byu_football_tree/refs/heads/main/College/Coaches/College%20Head%20Coaches/Kyle_Whittingham/2018_utah_roster.csv,Bradlee Anae,JR,DE,,2018,Utah,Kyle Whittingham
https://raw.githubusercontent.com/RKRoberts97/byu_football_tree/refs/heads/main/College/Coaches/College%20Head%20Coaches/Kyle_Whittingham/2018_utah_roster.csv,Jackson Cravens,FR,DT,,2018,Utah,Kyle Whittingham
https://raw.githubusercontent.com/RKRoberts97/byu_football_tree/refs/heads/main/College/Coaches/College%20Head%20Coaches/Kyle_Whittingham/2018_utah_roster.csv,Leki Fotu,JR,DT,,2018,Utah,Kyle Whittingham
https://raw.githubusercontent.com/RKRoberts97/byu_football_tree/refs/heads/main/College/Coaches/College%20Head%20Coaches/Kyle_Whittingham/2018_utah_roster.csv,Matt Gay,SR,PK,,2018,Utah,Kyle Whittingham
https://raw.githubusercontent.com/RKRoberts97/byu_football_tree/refs/heads/main/College/Coaches/College%20Head%20Coaches/Kyle_Whittingham/2018_utah_roster.csv,Maddie Golden,FR,LS,,2018,Utah,Kyle Whittingham
https://raw.githubusercontent.com/RKRoberts97/byu_football_tree/refs/heads/main/College/Coaches/College%20Head%20Coaches/Kyle_Whittingham/2018_utah_roster.csv,Nick Heninger,SO,DE,,2018,Utah,Kyle Whittingham
https://raw.githubusercontent.com/RKRoberts97/byu_football_tree/refs/heads/main/College/Coaches/College%20Head%20Coaches/Kyle_Whittingham/2018_utah_roster.csv,Blake Kuithe,FR,DE,,2018,Utah,Kyle Whittingham
https://raw.githubusercontent.com/RKRoberts97/byu_football_tree/refs/heads/main/College/Coaches/College%20Head%20Coaches/Kyle_Whittingham/2018_utah_roster.csv,John Penisini,JR,DT,,2018,Utah,Kyle Whittingham
https://raw.githubusercontent.com/RKRoberts97/byu_football_tree/refs/heads/main/College/Coaches/College%20Head%20Coaches/Kyle_Whittingham/2018_utah_roster.csv,Hauati Pututau,SO,DT,,2018,Utah,Kyle Whittingham
https://raw.githubusercontent.com/RKRoberts97/byu_football_tree/refs/heads/main/College/Coaches/College%20Head%20Coaches/Kyle_Whittingham/2018_utah_roster.csv,Caleb Repp,JR,DE,,2018,Utah,Kyle Whittingham
https://raw.githubusercontent.com/RKRoberts97/byu_football_tree/refs/heads/main/College/Coaches/College%20Head%20Coaches/Kyle_Whittingham/2018_utah_roster.csv,Mika Tafua,FR,DE,,2018,Utah,Kyle Whittingham
https://raw.githubusercontent.com/RKRoberts97/byu_football_tree/refs/heads/main/College/Coaches/College%20Head%20Coaches/Kyle_Whittingham/2018_utah_roster.csv,Pita Tonga,SO,DT,,2018,Utah,Kyle Whittingham
https://raw.githubusercontent.com/RKRoberts97/byu_football_tree/refs/heads/main/College/Coaches/College%20Head%20Coaches/Kyle_Whittingham/2018_utah_roster.csv,Maxs Tupai,SO,DE,,2018,Utah,Kyle Whittingham
https://raw.githubusercontent.com/RKRoberts97/byu_football_tree/refs/heads/main/College/Coaches/College%20Head%20Coaches/Kyle_Whittingham/2018_utah_roster.csv,Aaron Amaama,SR,DT,,2018,Utah,Kyle Whittingham
https://raw.githubusercontent.com/RKRoberts97/byu_football_tree/refs/heads/main/College/Coaches/College%20Head%20Coaches/Kyle_Whittingham/2018_utah_roster.csv,Samu Elisaia,SO,DE,,2018,Utah,Kyle Whittingham
https://raw.githubusercontent.com/RKRoberts97/byu_football_tree/refs/heads/main/College/Coaches/College%20Head%20Coaches/Kyle_Whittingham/2018_utah_roster.csv,Tyler Gonzalez,FR,DE,,2018,Utah,Kyle Whittingham
https://raw.githubusercontent.com/RKRoberts97/byu_football_tree/refs/heads/main/College/Coaches/College%20Head%20Coaches/Kyle_Whittingham/2018_utah_roster.csv,Davir Hamilton,SO,DE,,2018,Utah,Kyle Whittingham
https://raw.githubusercontent.com/RKRoberts97/byu_football_tree/refs/heads/main/College/Coaches/College%20Head%20Coaches/Kyle_Whittingham/2018_utah_roster.csv,Malik Haynes,JR,DE,,2018,Utah,Kyle Whittingham
https://raw.githubusercontent.com/RKRoberts97/byu_football_tree/refs/heads/main/College/Coaches/College%20Head%20Coaches/Kyle_Whittingham/2018_utah_roster.csv,Chayden Johnston,SO,PK,,2018,Utah,Kyle Whittingham
https://raw.githubusercontent.com/RKRoberts97/byu_football_tree/refs/heads/main/College/Coaches/College%20Head%20Coaches/Kyle_Whittingham/2018_utah_roster.csv,Rex Jordan,JR,DE,,2018,Utah,Kyle Whittingham
https://raw.githubusercontent.com/RKRoberts97/byu_football_tree/refs/heads/main/College/Coaches/College%20Head%20Coaches/Kyle_Whittingham/2018_utah_roster.csv,Paul Maile,FR,DT,,2018,Utah,Kyle Whittingham
https://raw.githubusercontent.com/RKRoberts97/byu_football_tree/refs/heads/main/College/Coaches/College%20Head%20Coaches/Kyle_Whittingham/2018_utah_roster.csv,Keegan Markgraf,JR,LS,,2018,Utah,Kyle Whittingham
https://raw.githubusercontent.com/RKRoberts97/byu_football_tree/refs/heads/main/College/Coaches/College%20Head%20Coaches/Kyle_Whittingham/2018_utah_roster.csv,Jaxson McBride,FR,DE,,2018,Utah,Kyle Whittingham
https://raw.githubusercontent.com/RKRoberts97/byu_football_tree/refs/heads/main/College/Coaches/College%20Head%20Coaches/Kyle_Whittingham/2018_utah_roster.csv,Viane Moala,JR,DT,,2018,Utah,Kyle Whittingham
https://raw.githubusercontent.com/RKRoberts97/byu_football_tree/refs/heads/main/College/Coaches/College%20Head%20Coaches/Kyle_Whittingham/2018_utah_roster.csv,Ali'i Niumatalolo,SO,FB,,2018,Utah,Kyle Whittingham
https://raw.githubusercontent.com/RKRoberts97/byu_football_tree/refs/heads/main/College/Coaches/College%20Head%20Coaches/Kyle_Whittingham/2018_utah_roster.csv,Preston Pitt,FR,PK,,2018,Utah,Kyle Whittingham
https://raw.githubusercontent.com/RKRoberts97/byu_football_tree/refs/heads/main/College/Coaches/College%20Head%20Coaches/Kyle_Whittingham/2018_utah_roster.csv,Noah Rodriguez-Trammell,SO,LS,,2018,Utah,Kyle Whittingham
https://raw.githubusercontent.com/RKRoberts97/byu_football_tree/refs/heads/main/College/Coaches/College%20Head%20Coaches/Kyle_Whittingham/2019_utah_roster.csv,Tyler Huntley,SR,QB,"220 Cmp, 301 Att, 3092 Yds, 19 TD",2019,Utah,Kyle Whittingham
https://raw.githubusercontent.com/RKRoberts97/byu_football_tree/refs/heads/main/College/Coaches/College%20Head%20Coaches/Kyle_Whittingham/2019_utah_roster.csv,Jason Shelley,SO,QB,"6 Cmp, 11 Att, 43 Yds, 1 TD",2019,Utah,Kyle Whittingham
https://raw.githubusercontent.com/RKRoberts97/byu_football_tree/refs/heads/main/College/Coaches/College%20Head%20Coaches/Kyle_Whittingham/2019_utah_roster.csv,Drew Lisk,JR,QB,"7 Cmp, 9 Att, 52 Yds, 0 TD",2019,Utah,Kyle Whittingham
https://raw.githubusercontent.com/RKRoberts97/byu_football_tree/refs/heads/main/College/Coaches/College%20Head%20Coaches/Kyle_Whittingham/2019_utah_roster.csv,Blake Archuleta,FR,QB,,2019,Utah,Kyle Whittingham
https://raw.githubusercontent.com/RKRoberts97/byu_football_tree/refs/heads/main/College/Coaches/College%20Head%20Coaches/Kyle_Whittingham/2019_utah_roster.csv,Zach Hymas,SO,QB,,2019,Utah,Kyle Whittingham
https://raw.githubusercontent.com/RKRoberts97/byu_football_tree/refs/heads/main/College/Coaches/College%20Head%20Coaches/Kyle_Whittingham/2019_utah_roster.csv,Cameron Rising,SO,QB,,2019,Utah,Kyle Whittingham
https://raw.githubusercontent.com/RKRoberts97/byu_football_tree/refs/heads/main/College/Coaches/College%20Head%20Coaches/Kyle_Whittingham/2019_utah_roster.csv,Carter Robinson,FR,QB,,2019,Utah,Kyle Whittingham
https://raw.githubusercontent.com/RKRoberts97/byu_football_tree/refs/heads/main/College/Coaches/College%20Head%20Coaches/Kyle_Whittingham/2019_utah_roster.csv,Zack Moss,SR,RB,"235 Att, 1416 Yds, 6.0 Avg",2019,Utah,Kyle Whittingham
https://raw.githubusercontent.com/RKRoberts97/byu_football_tree/refs/heads/main/College/Coaches/College%20Head%20Coaches/Kyle_Whittingham/2019_utah_roster.csv,Devin Brumfield,SO,RB,"59 Att, 263 Yds, 4.5 Avg",2019,Utah,Kyle Whittingham
https://raw.githubusercontent.com/RKRoberts97/byu_football_tree/refs/heads/main/College/Coaches/College%20Head%20Coaches/Kyle_Whittingham/2019_utah_roster.csv,Jordan Wilmore,FR,RB,"49 Att, 194 Yds, 4.0 Avg",2019,Utah,Kyle Whittingham
https://raw.githubusercontent.com/RKRoberts97/byu_football_tree/refs/heads/main/College/Coaches/College%20Head%20Coaches/Kyle_Whittingham/2019_utah_roster.csv,Devonta'e Henry-Cole,JR,RB,"34 Att, 188 Yds, 5.5 Avg",2019,Utah,Kyle Whittingham
https://raw.githubusercontent.com/RKRoberts97/byu_football_tree/refs/heads/main/College/Coaches/College%20Head%20Coaches/Kyle_Whittingham/2019_utah_roster.csv,TJ Green,SO,RB,"23 Att, 68 Yds, 3.0 Avg",2019,Utah,Kyle Whittingham
https://raw.githubusercontent.com/RKRoberts97/byu_football_tree/refs/heads/main/College/Coaches/College%20Head%20Coaches/Kyle_Whittingham/2019_utah_roster.csv,Micah Bernard,FR,RB,,2019,Utah,Kyle Whittingham
https://raw.githubusercontent.com/RKRoberts97/byu_football_tree/refs/heads/main/College/Coaches/College%20Head%20Coaches/Kyle_Whittingham/2019_utah_roster.csv,Faysal Aden,FR,RB,,2019,Utah,Kyle Whittingham
https://raw.githubusercontent.com/RKRoberts97/byu_football_tree/refs/heads/main/College/Coaches/College%20Head%20Coaches/Kyle_Whittingham/2019_utah_roster.csv,Charlie Vincent,FR,RB,,2019,Utah,Kyle Whittingham
https://raw.githubusercontent.com/RKRoberts97/byu_football_tree/refs/heads/main/College/Coaches/College%20Head%20Coaches/Kyle_Whittingham/2019_utah_roster.csv,Mason Woodward,JR,RB,,2019,Utah,Kyle Whittingham
https://raw.githubusercontent.com/RKRoberts97/byu_football_tree/refs/heads/main/College/Coaches/College%20Head%20Coaches/Kyle_Whittingham/2019_utah_roster.csv,Derrick Vickers,SR,WR,"19 Rec, 202 Yds, 10.6 Avg",2019,Utah,Kyle Whittingham
https://raw.githubusercontent.com/RKRoberts97/byu_football_tree/refs/heads/main/College/Coaches/College%20Head%20Coaches/Kyle_Whittingham/2019_utah_roster.csv,Jaylen Dixon,SO,WR,"24 Rec, 343 Yds, 14.3 Avg",2019,Utah,Kyle Whittingham
https://raw.githubusercontent.com/RKRoberts97/byu_football_tree/refs/heads/main/College/Coaches/College%20Head%20Coaches/Kyle_Whittingham/2019_utah_roster.csv,Demari Simpkins,SR,WR,"32 Rec, 352 Yds, 11.0 Avg",2019,Utah,Kyle Whittingham
https://raw.githubusercontent.com/RKRoberts97/byu_football_tree/refs/heads/main/College/Coaches/College%20Head%20Coaches/Kyle_Whittingham/2019_utah_roster.csv,Britain Covey,JR,WR,"10 Rec, 77 Yds, 7.7 Avg",2019,Utah,Kyle Whittingham
https://raw.githubusercontent.com/RKRoberts97/byu_football_tree/refs/heads/main/College/Coaches/College%20Head%20Coaches/Kyle_Whittingham/2019_utah_roster.csv,Solomon Enis,SO,WR,"14 Rec, 158 Yds, 11.3 Avg",2019,Utah,Kyle Whittingham
https://raw.githubusercontent.com/RKRoberts97/byu_football_tree/refs/heads/main/College/Coaches/College%20Head%20Coaches/Kyle_Whittingham/2019_utah_roster.csv,Terrell Perriman,FR,WR,"2 Rec, 9 Yds, 4.5 Avg",2019,Utah,Kyle Whittingham
https://raw.githubusercontent.com/RKRoberts97/byu_football_tree/refs/heads/main/College/Coaches/College%20Head%20Coaches/Kyle_Whittingham/2019_utah_roster.csv,Samson Nacua,JR,WR,"18 Rec, 330 Yds, 18.3 Avg",2019,Utah,Kyle Whittingham
https://raw.githubusercontent.com/RKRoberts97/byu_football_tree/refs/heads/main/College/Coaches/College%20Head%20Coaches/Kyle_Whittingham/2019_utah_roster.csv,Bryan Thompson,SO,WR,"18 Rec, 461 Yds, 25.6 Avg",2019,Utah,Kyle Whittingham
https://raw.githubusercontent.com/RKRoberts97/byu_football_tree/refs/heads/main/College/Coaches/College%20Head%20Coaches/Kyle_Whittingham/2019_utah_roster.csv,Donte Banton,FR,WR,"1 Rec, 10 Yds, 10.0 Avg",2019,Utah,Kyle Whittingham
https://raw.githubusercontent.com/RKRoberts97/byu_football_tree/refs/heads/main/College/Coaches/College%20Head%20Coaches/Kyle_Whittingham/2019_utah_roster.csv,Devaughn Vele,FR,WR,,2019,Utah,Kyle Whittingham
https://raw.githubusercontent.com/RKRoberts97/byu_football_tree/refs/heads/main/College/Coaches/College%20Head%20Coaches/Kyle_Whittingham/2019_utah_roster.csv,Robbie Colenzo,FR,WR,,2019,Utah,Kyle Whittingham
https://raw.githubusercontent.com/RKRoberts97/byu_football_tree/refs/heads/main/College/Coaches/College%20Head%20Coaches/Kyle_Whittingham/2019_utah_roster.csv,Cameron Gardner,FR,WR,,2019,Utah,Kyle Whittingham
https://raw.githubusercontent.com/RKRoberts97/byu_football_tree/refs/heads/main/College/Coaches/College%20Head%20Coaches/Kyle_Whittingham/2019_utah_roster.csv,Patton Germann,FR,WR,,2019,Utah,Kyle Whittingham
https://raw.githubusercontent.com/RKRoberts97/byu_football_tree/refs/heads/main/College/Coaches/College%20Head%20Coaches/Kyle_Whittingham/2019_utah_roster.csv,Jason Heller,FR,WR,,2019,Utah,Kyle Whittingham
https://raw.githubusercontent.com/RKRoberts97/byu_football_tree/refs/heads/main/College/Coaches/College%20Head%20Coaches/Kyle_Whittingham/2019_utah_roster.csv,Sebastian Macaluso,FR,WR,,2019,Utah,Kyle Whittingham
https://raw.githubusercontent.com/RKRoberts97/byu_football_tree/refs/heads/main/College/Coaches/College%20Head%20Coaches/Kyle_Whittingham/2019_utah_roster.csv,Kyrese Rowan,FR,WR,,2019,Utah,Kyle Whittingham
https://raw.githubusercontent.com/RKRoberts97/byu_football_tree/refs/heads/main/College/Coaches/College%20Head%20Coaches/Kyle_Whittingham/2019_utah_roster.csv,Dylan Slavens,SO,WR,,2019,Utah,Kyle Whittingham
https://raw.githubusercontent.com/RKRoberts97/byu_football_tree/refs/heads/main/College/Coaches/College%20Head%20Coaches/Kyle_Whittingham/2019_utah_roster.csv,Tyrone Smith,SR,WR,,2019,Utah,Kyle Whittingham
https://raw.githubusercontent.com/RKRoberts97/byu_football_tree/refs/heads/main/College/Coaches/College%20Head%20Coaches/Kyle_Whittingham/2019_utah_roster.csv,Dominique Thompson,FR,WR,,2019,Utah,Kyle Whittingham
https://raw.githubusercontent.com/RKRoberts97/byu_football_tree/refs/heads/main/College/Coaches/College%20Head%20Coaches/Kyle_Whittingham/2019_utah_roster.csv,Brant Kuithe,SO,TE,"34 Rec, 602 Yds, 17.7 Avg",2019,Utah,Kyle Whittingham
https://raw.githubusercontent.com/RKRoberts97/byu_football_tree/refs/heads/main/College/Coaches/College%20Head%20Coaches/Kyle_Whittingham/2019_utah_roster.csv,Cole Fotheringham,SO,TE,"16 Rec, 156 Yds, 9.8 Avg",2019,Utah,Kyle Whittingham
https://raw.githubusercontent.com/RKRoberts97/byu_football_tree/refs/heads/main/College/Coaches/College%20Head%20Coaches/Kyle_Whittingham/2019_utah_roster.csv,Hunter Thedford,SR,TE,"2 Rec, 12 Yds, 6.0 Avg",2019,Utah,Kyle Whittingham
https://raw.githubusercontent.com/RKRoberts97/byu_football_tree/refs/heads/main/College/Coaches/College%20Head%20Coaches/Kyle_Whittingham/2019_utah_roster.csv,Ali'i Niumatalolo,JR,TE,"1 Rec, 10 Yds, 10.0 Avg",2019,Utah,Kyle Whittingham
https://raw.githubusercontent.com/RKRoberts97/byu_football_tree/refs/heads/main/College/Coaches/College%20Head%20Coaches/Kyle_Whittingham/2019_utah_roster.csv,Thomas Yassmin,FR,TE,,2019,Utah,Kyle Whittingham
https://raw.githubusercontent.com/RKRoberts97/byu_football_tree/refs/heads/main/College/Coaches/College%20Head%20Coaches/Kyle_Whittingham/2019_utah_roster.csv,Bapa Falemaka,JR,TE,,2019,Utah,Kyle Whittingham
https://raw.githubusercontent.com/RKRoberts97/byu_football_tree/refs/heads/main/College/Coaches/College%20Head%20Coaches/Kyle_Whittingham/2019_utah_roster.csv,Soa Rosales,FR,TE,,2019,Utah,Kyle Whittingham
https://raw.githubusercontent.com/RKRoberts97/byu_football_tree/refs/heads/main/College/Coaches/College%20Head%20Coaches/Kyle_Whittingham/2019_utah_roster.csv,Paul Maile,FR,OL,,2019,Utah,Kyle Whittingham
https://raw.githubusercontent.com/RKRoberts97/byu_football_tree/refs/heads/main/College/Coaches/College%20Head%20Coaches/Kyle_Whittingham/2019_utah_roster.csv,Simi Moala,FR,OL,,2019,Utah,Kyle Whittingham
https://raw.githubusercontent.com/RKRoberts97/byu_football_tree/refs/heads/main/College/Coaches/College%20Head%20Coaches/Kyle_Whittingham/2019_utah_roster.csv,Orlando Umana,JR,OL,,2019,Utah,Kyle Whittingham
https://raw.githubusercontent.com/RKRoberts97/byu_football_tree/refs/heads/main/College/Coaches/College%20Head%20Coaches/Kyle_Whittingham/2019_utah_roster.csv,London Bartholomew,JR,OL,,2019,Utah,Kyle Whittingham
https://raw.githubusercontent.com/RKRoberts97/byu_football_tree/refs/heads/main/College/Coaches/College%20Head%20Coaches/Kyle_Whittingham/2019_utah_roster.csv,Keaton Bills,FR,OL,,2019,Utah,Kyle Whittingham
https://raw.githubusercontent.com/RKRoberts97/byu_football_tree/refs/heads/main/College/Coaches/College%20Head%20Coaches/Kyle_Whittingham/2019_utah_roster.csv,Braedon E. Daniels,FR,OL,,2019,Utah,Kyle Whittingham
https://raw.githubusercontent.com/RKRoberts97/byu_football_tree/refs/heads/main/College/Coaches/College%20Head%20Coaches/Kyle_Whittingham/2019_utah_roster.csv,Luke Felix-Fualalo,FR,OL,,2019,Utah,Kyle Whittingham
https://raw.githubusercontent.com/RKRoberts97/byu_football_tree/refs/heads/main/College/Coaches/College%20Head%20Coaches/Kyle_Whittingham/2019_utah_roster.csv,Nick Ford,SO,OL,,2019,Utah,Kyle Whittingham
https://raw.githubusercontent.com/RKRoberts97/byu_football_tree/refs/heads/main/College/Coaches/College%20Head%20Coaches/Kyle_Whittingham/2019_utah_roster.csv,Kyle Lanterman,SR,OL,,2019,Utah,Kyle Whittingham
https://raw.githubusercontent.com/RKRoberts97/byu_football_tree/refs/heads/main/College/Coaches/College%20Head%20Coaches/Kyle_Whittingham/2019_utah_roster.csv,Sataoa Laumea,FR,OL,,2019,Utah,Kyle Whittingham
https://raw.githubusercontent.com/RKRoberts97/byu_football_tree/refs/heads/main/College/Coaches/College%20Head%20Coaches/Kyle_Whittingham/2019_utah_roster.csv,Alex Locklear,SR,OL,,2019,Utah,Kyle Whittingham
https://raw.githubusercontent.com/RKRoberts97/byu_football_tree/refs/heads/main/College/Coaches/College%20Head%20Coaches/Kyle_Whittingham/2019_utah_roster.csv,Johnny Maea,FR,OL,,2019,Utah,Kyle Whittingham
https://raw.githubusercontent.com/RKRoberts97/byu_football_tree/refs/heads/main/College/Coaches/College%20Head%20Coaches/Kyle_Whittingham/2019_utah_roster.csv,Bamidele Olaseni,JR,OL,,2019,Utah,Kyle Whittingham
https://raw.githubusercontent.com/RKRoberts97/byu_football_tree/refs/heads/main/College/Coaches/College%20Head%20Coaches/Kyle_Whittingham/2019_utah_roster.csv,Noah Osur-Myers,SR,OL,,2019,Utah,Kyle Whittingham
https://raw.githubusercontent.com/RKRoberts97/byu_football_tree/refs/heads/main/College/Coaches/College%20Head%20Coaches/Kyle_Whittingham/2019_utah_roster.csv,Darrin Paulo,SR,OL,,2019,Utah,Kyle Whittingham
https://raw.githubusercontent.com/RKRoberts97/byu_football_tree/refs/heads/main/College/Coaches/College%20Head%20Coaches/Kyle_Whittingham/2019_utah_roster.csv,Noah Reneau-Myers,SR,OL,,2019,Utah,Kyle Whittingham
https://raw.githubusercontent.com/RKRoberts97/byu_football_tree/refs/heads/main/College/Coaches/College%20Head%20Coaches/Kyle_Whittingham/2019_utah_roster.csv,Marist Talavou,FR,OL,,2019,Utah,Kyle Whittingham
https://raw.githubusercontent.com/RKRoberts97/byu_football_tree/refs/heads/main/College/Coaches/College%20Head%20Coaches/Kyle_Whittingham/2019_utah_roster.csv,Paul Toala,SR,OL,,2019,Utah,Kyle Whittingham
https://raw.githubusercontent.com/RKRoberts97/byu_football_tree/refs/heads/main/College/Coaches/College%20Head%20Coaches/Kyle_Whittingham/2019_utah_roster.csv,Stratten Wagner,JR,OL,,2019,Utah,Kyle Whittingham
https://raw.githubusercontent.com/RKRoberts97/byu_football_tree/refs/heads/main/College/Coaches/College%20Head%20Coaches/Kyle_Whittingham/2019_utah_roster.csv,Andrew Strauch,SR,K,,2019,Utah,Kyle Whittingham
https://raw.githubusercontent.com/RKRoberts97/byu_football_tree/refs/heads/main/College/Coaches/College%20Head%20Coaches/Kyle_Whittingham/2019_utah_roster.csv,Alex Saunders,FR,K,,2019,Utah,Kyle Whittingham
https://raw.githubusercontent.com/RKRoberts97/byu_football_tree/refs/heads/main/College/Coaches/College%20Head%20Coaches/Kyle_Whittingham/2019_utah_roster.csv,Falcon Kaumatule,FR,DL,,2019,Utah,Kyle Whittingham
https://raw.githubusercontent.com/RKRoberts97/byu_football_tree/refs/heads/main/College/Coaches/College%20Head%20Coaches/Kyle_Whittingham/2019_utah_roster.csv,Semisi Lauaki,FR,DL,,2019,Utah,Kyle Whittingham
https://raw.githubusercontent.com/RKRoberts97/byu_football_tree/refs/heads/main/College/Coaches/College%20Head%20Coaches/Kyle_Whittingham/2019_utah_roster.csv,Steven Moea'i,FR,DL,,2019,Utah,Kyle Whittingham
https://raw.githubusercontent.com/RKRoberts97/byu_football_tree/refs/heads/main/College/Coaches/College%20Head%20Coaches/Kyle_Whittingham/2019_utah_roster.csv,Francis Bernard,SR,LB,,2019,Utah,Kyle Whittingham
https://raw.githubusercontent.com/RKRoberts97/byu_football_tree/refs/heads/main/College/Coaches/College%20Head%20Coaches/Kyle_Whittingham/2019_utah_roster.csv,Francis Bernard,SR,LB,,2019,Utah,Kyle Whittingham
https://raw.githubusercontent.com/RKRoberts97/byu_football_tree/refs/heads/main/College/Coaches/College%20Head%20Coaches/Kyle_Whittingham/2019_utah_roster.csv,Trennan Carlson,JR,LB,,2019,Utah,Kyle Whittingham
https://raw.githubusercontent.com/RKRoberts97/byu_football_tree/refs/heads/main/College/Coaches/College%20Head%20Coaches/Kyle_Whittingham/2019_utah_roster.csv,Hayden Furey,FR,LB,,2019,Utah,Kyle Whittingham
https://raw.githubusercontent.com/RKRoberts97/byu_football_tree/refs/heads/main/College/Coaches/College%20Head%20Coaches/Kyle_Whittingham/2019_utah_roster.csv,Devin Lloyd,SO,LB,,2019,Utah,Kyle Whittingham
https://raw.githubusercontent.com/RKRoberts97/byu_football_tree/refs/heads/main/College/Coaches/College%20Head%20Coaches/Kyle_Whittingham/2019_utah_roster.csv,Sione Lund,SO,LB,,2019,Utah,Kyle Whittingham
https://raw.githubusercontent.com/RKRoberts97/byu_football_tree/refs/heads/main/College/Coaches/College%20Head%20Coaches/Kyle_Whittingham/2019_utah_roster.csv,Andrew Mata'afa,FR,LB,,2019,Utah,Kyle Whittingham
https://raw.githubusercontent.com/RKRoberts97/byu_football_tree/refs/heads/main/College/Coaches/College%20Head%20Coaches/Kyle_Whittingham/2019_utah_roster.csv,Moroni Anae,JR,LB,,2019,Utah,Kyle Whittingham
https://raw.githubusercontent.com/RKRoberts97/byu_football_tree/refs/heads/main/College/Coaches/College%20Head%20Coaches/Kyle_Whittingham/2019_utah_roster.csv,Manny Bowen,SR,LB,,2019,Utah,Kyle Whittingham
https://raw.githubusercontent.com/RKRoberts97/byu_football_tree/refs/heads/main/College/Coaches/College%20Head%20Coaches/Kyle_Whittingham/2019_utah_roster.csv,Samu Elisaia,JR,LB,,2019,Utah,Kyle Whittingham
https://raw.githubusercontent.com/RKRoberts97/byu_football_tree/refs/heads/main/College/Coaches/College%20Head%20Coaches/Kyle_Whittingham/2019_utah_roster.csv,Quinn Fabrizio,FR,LB,,2019,Utah,Kyle Whittingham
https://raw.githubusercontent.com/RKRoberts97/byu_football_tree/refs/heads/main/College/Coaches/College%20Head%20Coaches/Kyle_Whittingham/2019_utah_roster.csv,Carson Stokes,FR,LB,,2019,Utah,Kyle Whittingham
https://raw.githubusercontent.com/RKRoberts97/byu_football_tree/refs/heads/main/College/Coaches/College%20Head%20Coaches/Kyle_Whittingham/2019_utah_roster.csv,Iverson Taase,FR,LB,,2019,Utah,Kyle Whittingham
https://raw.githubusercontent.com/RKRoberts97/byu_football_tree/refs/heads/main/College/Coaches/College%20Head%20Coaches/Kyle_Whittingham/2019_utah_roster.csv,Taimi Taimi,FR,LB,,2019,Utah,Kyle Whittingham
https://raw.githubusercontent.com/RKRoberts97/byu_football_tree/refs/heads/main/College/Coaches/College%20Head%20Coaches/Kyle_Whittingham/2019_utah_roster.csv,Carson Wheaton,FR,LB,,2019,Utah,Kyle Whittingham
https://raw.githubusercontent.com/RKRoberts97/byu_football_tree/refs/heads/main/College/Coaches/College%20Head%20Coaches/Kyle_Whittingham/2019_utah_roster.csv,Julian Blackmon,SR,DB,,2019,Utah,Kyle Whittingham
https://raw.githubusercontent.com/RKRoberts97/byu_football_tree/refs/heads/main/College/Coaches/College%20Head%20Coaches/Kyle_Whittingham/2019_utah_roster.csv,Bronson Boyd,SO,DB,,2019,Utah,Kyle Whittingham
https://raw.githubusercontent.com/RKRoberts97/byu_football_tree/refs/heads/main/College/Coaches/College%20Head%20Coaches/Kyle_Whittingham/2019_utah_roster.csv,Jatravis Broughton,FR,DB,,2019,Utah,Kyle Whittingham
https://raw.githubusercontent.com/RKRoberts97/byu_football_tree/refs/heads/main/College/Coaches/College%20Head%20Coaches/Kyle_Whittingham/2019_utah_roster.csv,Terrell Burgess,SR,DB,,2019,Utah,Kyle Whittingham
https://raw.githubusercontent.com/RKRoberts97/byu_football_tree/refs/heads/main/College/Coaches/College%20Head%20Coaches/Kyle_Whittingham/2019_utah_roster.csv,Jayden Clemons,FR,DB,,2019,Utah,Kyle Whittingham
https://raw.githubusercontent.com/RKRoberts97/byu_football_tree/refs/heads/main/College/Coaches/College%20Head%20Coaches/Kyle_Whittingham/2019_utah_roster.csv,Vonte Davis,JR,DB,,2019,Utah,Kyle Whittingham
https://raw.githubusercontent.com/RKRoberts97/byu_football_tree/refs/heads/main/College/Coaches/College%20Head%20Coaches/Kyle_Whittingham/2019_utah_roster.csv,Javelin Guidry,JR,DB,,2019,Utah,Kyle Whittingham
https://raw.githubusercontent.com/RKRoberts97/byu_football_tree/refs/heads/main/College/Coaches/College%20Head%20Coaches/Kyle_Whittingham/2019_utah_roster.csv,Javelin Guidry,JR,DB,,2019,Utah,Kyle Whittingham
https://raw.githubusercontent.com/RKRoberts97/byu_football_tree/refs/heads/main/College/Coaches/College%20Head%20Coaches/Kyle_Whittingham/2019_utah_roster.csv,R.J. Hubert,SO,DB,,2019,Utah,Kyle Whittingham
https://raw.githubusercontent.com/RKRoberts97/byu_football_tree/refs/heads/main/College/Coaches/College%20Head%20Coaches/Kyle_Whittingham/2019_utah_roster.csv,Jaylon Johnson,JR,DB,,2019,Utah,Kyle Whittingham
https://raw.githubusercontent.com/RKRoberts97/byu_football_tree/refs/heads/main/College/Coaches/College%20Head%20Coaches/Kyle_Whittingham/2019_utah_roster.csv,Tareke Lewis,SR,DB,,2019,Utah,Kyle Whittingham
https://raw.githubusercontent.com/RKRoberts97/byu_football_tree/refs/heads/main/College/Coaches/College%20Head%20Coaches/Kyle_Whittingham/2019_utah_roster.csv,Malone Mataele,FR,DB,,2019,Utah,Kyle Whittingham
https://raw.githubusercontent.com/RKRoberts97/byu_football_tree/refs/heads/main/College/Coaches/College%20Head%20Coaches/Kyle_Whittingham/2019_utah_roster.csv,Josh Nurse,SR,DB,,2019,Utah,Kyle Whittingham
https://raw.githubusercontent.com/RKRoberts97/byu_football_tree/refs/heads/main/College/Coaches/College%20Head%20Coaches/Kyle_Whittingham/2019_utah_roster.csv,Keala Santiago,JR,DB,,2019,Utah,Kyle Whittingham
https://raw.githubusercontent.com/RKRoberts97/byu_football_tree/refs/heads/main/College/Coaches/College%20Head%20Coaches/Kyle_Whittingham/2019_utah_roster.csv,Nephi Sewell,JR,DB,,2019,Utah,Kyle Whittingham
https://raw.githubusercontent.com/RKRoberts97/byu_football_tree/refs/heads/main/College/Coaches/College%20Head%20Coaches/Kyle_Whittingham/2019_utah_roster.csv,Jordan Anderson,FR,DB,,2019,Utah,Kyle Whittingham
https://raw.githubusercontent.com/RKRoberts97/byu_football_tree/refs/heads/main/College/Coaches/College%20Head%20Coaches/Kyle_Whittingham/2019_utah_roster.csv,Stone Azarcon,SO,DB,,2019,Utah,Kyle Whittingham
https://raw.githubusercontent.com/RKRoberts97/byu_football_tree/refs/heads/main/College/Coaches/College%20Head%20Coaches/Kyle_Whittingham/2019_utah_roster.csv,Maxwell Cotton,FR,DB,,2019,Utah,Kyle Whittingham
https://raw.githubusercontent.com/RKRoberts97/byu_football_tree/refs/heads/main/College/Coaches/College%20Head%20Coaches/Kyle_Whittingham/2019_utah_roster.csv,Nygel King,JR,DB,,2019,Utah,Kyle Whittingham
https://raw.githubusercontent.com/RKRoberts97/byu_football_tree/refs/heads/main/College/Coaches/College%20Head%20Coaches/Kyle_Whittingham/2019_utah_roster.csv,Aaron Lowe,FR,DB,,2019,Utah,Kyle Whittingham
https://raw.githubusercontent.com/RKRoberts97/byu_football_tree/refs/heads/main/College/Coaches/College%20Head%20Coaches/Kyle_Whittingham/2019_utah_roster.csv,Kaleb Lundquist,FR,DB,,2019,Utah,Kyle Whittingham
https://raw.githubusercontent.com/RKRoberts97/byu_football_tree/refs/heads/main/College/Coaches/College%20Head%20Coaches/Kyle_Whittingham/2019_utah_roster.csv,JaTravis McCloud,FR,DB,,2019,Utah,Kyle Whittingham
https://raw.githubusercontent.com/RKRoberts97/byu_football_tree/refs/heads/main/College/Coaches/College%20Head%20Coaches/Kyle_Whittingham/2019_utah_roster.csv,Trey O'Guinn,SO,DB,,2019,Utah,Kyle Whittingham
https://raw.githubusercontent.com/RKRoberts97/byu_football_tree/refs/heads/main/College/Coaches/College%20Head%20Coaches/Kyle_Whittingham/2019_utah_roster.csv,LaCarea Pleasant-Johnson,FR,DB,,2019,Utah,Kyle Whittingham
https://raw.githubusercontent.com/RKRoberts97/byu_football_tree/refs/heads/main/College/Coaches/College%20Head%20Coaches/Kyle_Whittingham/2019_utah_roster.csv,Drew Rawls,FR,DB,,2019,Utah,Kyle Whittingham
https://raw.githubusercontent.com/RKRoberts97/byu_football_tree/refs/heads/main/College/Coaches/College%20Head%20Coaches/Kyle_Whittingham/2019_utah_roster.csv,Alphonso Taylor,FR,DB,,2019,Utah,Kyle Whittingham
https://raw.githubusercontent.com/RKRoberts97/byu_football_tree/refs/heads/main/College/Coaches/College%20Head%20Coaches/Kyle_Whittingham/2019_utah_roster.csv,Ben Lennon,FR,P,,2019,Utah,Kyle Whittingham
https://raw.githubusercontent.com/RKRoberts97/byu_football_tree/refs/heads/main/College/Coaches/College%20Head%20Coaches/Kyle_Whittingham/2019_utah_roster.csv,Jared March,FR,P,,2019,Utah,Kyle Whittingham
https://raw.githubusercontent.com/RKRoberts97/byu_football_tree/refs/heads/main/College/Coaches/College%20Head%20Coaches/Kyle_Whittingham/2019_utah_roster.csv,Bradlee Anae,SR,DE,,2019,Utah,Kyle Whittingham
https://raw.githubusercontent.com/RKRoberts97/byu_football_tree/refs/heads/main/College/Coaches/College%20Head%20Coaches/Kyle_Whittingham/2019_utah_roster.csv,Leki Fotu,SR,DT,,2019,Utah,Kyle Whittingham
https://raw.githubusercontent.com/RKRoberts97/byu_football_tree/refs/heads/main/College/Coaches/College%20Head%20Coaches/Kyle_Whittingham/2019_utah_roster.csv,Malik Haynes,SR,DE,,2019,Utah,Kyle Whittingham
https://raw.githubusercontent.com/RKRoberts97/byu_football_tree/refs/heads/main/College/Coaches/College%20Head%20Coaches/Kyle_Whittingham/2019_utah_roster.csv,Keegan Markgraf,JR,LS,,2019,Utah,Kyle Whittingham
https://raw.githubusercontent.com/RKRoberts97/byu_football_tree/refs/heads/main/College/Coaches/College%20Head%20Coaches/Kyle_Whittingham/2019_utah_roster.csv,Viane Moala,JR,DT,,2019,Utah,Kyle Whittingham
https://raw.githubusercontent.com/RKRoberts97/byu_football_tree/refs/heads/main/College/Coaches/College%20Head%20Coaches/Kyle_Whittingham/2019_utah_roster.csv,John Penisini,SR,DT,,2019,Utah,Kyle Whittingham
https://raw.githubusercontent.com/RKRoberts97/byu_football_tree/refs/heads/main/College/Coaches/College%20Head%20Coaches/Kyle_Whittingham/2019_utah_roster.csv,Fua Pututau,FR,DE,,2019,Utah,Kyle Whittingham
https://raw.githubusercontent.com/RKRoberts97/byu_football_tree/refs/heads/main/College/Coaches/College%20Head%20Coaches/Kyle_Whittingham/2019_utah_roster.csv,Hauati Pututau,JR,DE,,2019,Utah,Kyle Whittingham
https://raw.githubusercontent.com/RKRoberts97/byu_football_tree/refs/heads/main/College/Coaches/College%20Head%20Coaches/Kyle_Whittingham/2019_utah_roster.csv,Jadon Redding,FR,PK,,2019,Utah,Kyle Whittingham
https://raw.githubusercontent.com/RKRoberts97/byu_football_tree/refs/heads/main/College/Coaches/College%20Head%20Coaches/Kyle_Whittingham/2019_utah_roster.csv,Miki Suguturaga,FR,DE,,2019,Utah,Kyle Whittingham
https://raw.githubusercontent.com/RKRoberts97/byu_football_tree/refs/heads/main/College/Coaches/College%20Head%20Coaches/Kyle_Whittingham/2019_utah_roster.csv,Mika Tafua,SO,DE,,2019,Utah,Kyle Whittingham
https://raw.githubusercontent.com/RKRoberts97/byu_football_tree/refs/heads/main/College/Coaches/College%20Head%20Coaches/Kyle_Whittingham/2019_utah_roster.csv,Pita Tonga,JR,DT,,2019,Utah,Kyle Whittingham
https://raw.githubusercontent.com/RKRoberts97/byu_football_tree/refs/heads/main/College/Coaches/College%20Head%20Coaches/Kyle_Whittingham/2019_utah_roster.csv,Maxs Tupai,JR,DE,,2019,Utah,Kyle Whittingham
https://raw.githubusercontent.com/RKRoberts97/byu_football_tree/refs/heads/main/College/Coaches/College%20Head%20Coaches/Kyle_Whittingham/2019_utah_roster.csv,Scott Foley,SO,DT,,2019,Utah,Kyle Whittingham
https://raw.githubusercontent.com/RKRoberts97/byu_football_tree/refs/heads/main/College/Coaches/College%20Head%20Coaches/Kyle_Whittingham/2019_utah_roster.csv,Tyler Gonzalez,FR,DE,,2019,Utah,Kyle Whittingham
https://raw.githubusercontent.com/RKRoberts97/byu_football_tree/refs/heads/main/College/Coaches/College%20Head%20Coaches/Kyle_Whittingham/2019_utah_roster.csv,Nels Haltom,JR,UT,,2019,Utah,Kyle Whittingham
https://raw.githubusercontent.com/RKRoberts97/byu_football_tree/refs/heads/main/College/Coaches/College%20Head%20Coaches/Kyle_Whittingham/2019_utah_roster.csv,Mufi Hunt,JR,DT,,2019,Utah,Kyle Whittingham
https://raw.githubusercontent.com/RKRoberts97/byu_football_tree/refs/heads/main/College/Coaches/College%20Head%20Coaches/Kyle_Whittingham/2019_utah_roster.csv,Blake Kuithe,FR,DE,,2019,Utah,Kyle Whittingham
https://raw.githubusercontent.com/RKRoberts97/byu_football_tree/refs/heads/main/College/Coaches/College%20Head%20Coaches/Kyle_Whittingham/2019_utah_roster.csv,Jake Mitten,FR,DT,,2019,Utah,Kyle Whittingham
https://raw.githubusercontent.com/RKRoberts97/byu_football_tree/refs/heads/main/College/Coaches/College%20Head%20Coaches/Kyle_Whittingham/2019_utah_roster.csv,Eli Morrow,FR,DT,,2019,Utah,Kyle Whittingham
https://raw.githubusercontent.com/RKRoberts97/byu_football_tree/refs/heads/main/College/Coaches/College%20Head%20Coaches/Kyle_Whittingham/2019_utah_roster.csv,Noah Rodriguez-Trammell,SO,LS,,2019,Utah,Kyle Whittingham
https://raw.githubusercontent.com/RKRoberts97/byu_football_tree/refs/heads/main/College/Coaches/College%20Head%20Coaches/Kyle_Whittingham/2020_utah_roster.csv,Jake Bentley,SR,QB,"77 Cmp, 124 Att, 882 Yds, 6 TD",2020,Utah,Kyle Whittingham
https://raw.githubusercontent.com/RKRoberts97/byu_football_tree/refs/heads/main/College/Coaches/College%20Head%20Coaches/Kyle_Whittingham/2020_utah_roster.csv,Drew Lisk,SR,QB,"15 Cmp, 26 Att, 152 Yds, 0 TD",2020,Utah,Kyle Whittingham
https://raw.githubusercontent.com/RKRoberts97/byu_football_tree/refs/heads/main/College/Coaches/College%20Head%20Coaches/Kyle_Whittingham/2020_utah_roster.csv,Cameron Rising,SO,QB,"3 Cmp, 6 Att, 45 Yds, 0 TD",2020,Utah,Kyle Whittingham
https://raw.githubusercontent.com/RKRoberts97/byu_football_tree/refs/heads/main/College/Coaches/College%20Head%20Coaches/Kyle_Whittingham/2020_utah_roster.csv,Bryson Barnes,FR,QB,,2020,Utah,Kyle Whittingham
https://raw.githubusercontent.com/RKRoberts97/byu_football_tree/refs/heads/main/College/Coaches/College%20Head%20Coaches/Kyle_Whittingham/2020_utah_roster.csv,Nick Billoups,FR,QB,,2020,Utah,Kyle Whittingham
https://raw.githubusercontent.com/RKRoberts97/byu_football_tree/refs/heads/main/College/Coaches/College%20Head%20Coaches/Kyle_Whittingham/2020_utah_roster.csv,Cooper Justice,FR,QB,,2020,Utah,Kyle Whittingham
https://raw.githubusercontent.com/RKRoberts97/byu_football_tree/refs/heads/main/College/Coaches/College%20Head%20Coaches/Kyle_Whittingham/2020_utah_roster.csv,Carter Robinson,FR,QB,,2020,Utah,Kyle Whittingham
https://raw.githubusercontent.com/RKRoberts97/byu_football_tree/refs/heads/main/College/Coaches/College%20Head%20Coaches/Kyle_Whittingham/2020_utah_roster.csv,Ty Jordan,FR,RB,"83 Att, 597 Yds, 7.2 Avg",2020,Utah,Kyle Whittingham
https://raw.githubusercontent.com/RKRoberts97/byu_football_tree/refs/heads/main/College/Coaches/College%20Head%20Coaches/Kyle_Whittingham/2020_utah_roster.csv,Devin Brumfield,JR,RB,"21 Att, 85 Yds, 4.0 Avg",2020,Utah,Kyle Whittingham
https://raw.githubusercontent.com/RKRoberts97/byu_football_tree/refs/heads/main/College/Coaches/College%20Head%20Coaches/Kyle_Whittingham/2020_utah_roster.csv,Jordan Wilmore,SO,RB,"18 Att, 54 Yds, 3.0 Avg",2020,Utah,Kyle Whittingham
https://raw.githubusercontent.com/RKRoberts97/byu_football_tree/refs/heads/main/College/Coaches/College%20Head%20Coaches/Kyle_Whittingham/2020_utah_roster.csv,Micah Bernard,FR,RB,"15 Att, 76 Yds, 5.1 Avg",2020,Utah,Kyle Whittingham
https://raw.githubusercontent.com/RKRoberts97/byu_football_tree/refs/heads/main/College/Coaches/College%20Head%20Coaches/Kyle_Whittingham/2020_utah_roster.csv,Faysal Aden,FR,RB,,2020,Utah,Kyle Whittingham
https://raw.githubusercontent.com/RKRoberts97/byu_football_tree/refs/heads/main/College/Coaches/College%20Head%20Coaches/Kyle_Whittingham/2020_utah_roster.csv,TJ Green,JR,RB,,2020,Utah,Kyle Whittingham
https://raw.githubusercontent.com/RKRoberts97/byu_football_tree/refs/heads/main/College/Coaches/College%20Head%20Coaches/Kyle_Whittingham/2020_utah_roster.csv,Aaron Tapusoa,SR,RB,,2020,Utah,Kyle Whittingham
https://raw.githubusercontent.com/RKRoberts97/byu_football_tree/refs/heads/main/College/Coaches/College%20Head%20Coaches/Kyle_Whittingham/2020_utah_roster.csv,Elvis Vakapuna,FR,RB,,2020,Utah,Kyle Whittingham
https://raw.githubusercontent.com/RKRoberts97/byu_football_tree/refs/heads/main/College/Coaches/College%20Head%20Coaches/Kyle_Whittingham/2020_utah_roster.csv,Charlie Vincent,FR,RB,,2020,Utah,Kyle Whittingham
https://raw.githubusercontent.com/RKRoberts97/byu_football_tree/refs/heads/main/College/Coaches/College%20Head%20Coaches/Kyle_Whittingham/2020_utah_roster.csv,Braedon Wissler,FR,RB,,2020,Utah,Kyle Whittingham
https://raw.githubusercontent.com/RKRoberts97/byu_football_tree/refs/heads/main/College/Coaches/College%20Head%20Coaches/Kyle_Whittingham/2020_utah_roster.csv,Daniel Wood,FR,RB,,2020,Utah,Kyle Whittingham
https://raw.githubusercontent.com/RKRoberts97/byu_football_tree/refs/heads/main/College/Coaches/College%20Head%20Coaches/Kyle_Whittingham/2020_utah_roster.csv,Britain Covey,JR,WR,"19 Rec, 264 Yds, 13.9 Avg",2020,Utah,Kyle Whittingham
https://raw.githubusercontent.com/RKRoberts97/byu_football_tree/refs/heads/main/College/Coaches/College%20Head%20Coaches/Kyle_Whittingham/2020_utah_roster.csv,Bryan Thompson,JR,WR,"9 Rec, 187 Yds, 20.8 Avg",2020,Utah,Kyle Whittingham
https://raw.githubusercontent.com/RKRoberts97/byu_football_tree/refs/heads/main/College/Coaches/College%20Head%20Coaches/Kyle_Whittingham/2020_utah_roster.csv,Solomon Enis,JR,WR,"11 Rec, 108 Yds, 9.8 Avg",2020,Utah,Kyle Whittingham
https://raw.githubusercontent.com/RKRoberts97/byu_football_tree/refs/heads/main/College/Coaches/College%20Head%20Coaches/Kyle_Whittingham/2020_utah_roster.csv,Samson Nacua,SR,WR,"4 Rec, 29 Yds, 7.3 Avg",2020,Utah,Kyle Whittingham
https://raw.githubusercontent.com/RKRoberts97/byu_football_tree/refs/heads/main/College/Coaches/College%20Head%20Coaches/Kyle_Whittingham/2020_utah_roster.csv,Devaughn Vele,FR,WR,"2 Rec, 12 Yds, 6.0 Avg",2020,Utah,Kyle Whittingham
https://raw.githubusercontent.com/RKRoberts97/byu_football_tree/refs/heads/main/College/Coaches/College%20Head%20Coaches/Kyle_Whittingham/2020_utah_roster.csv,Cameron Gardner,SO,WR,,2020,Utah,Kyle Whittingham
https://raw.githubusercontent.com/RKRoberts97/byu_football_tree/refs/heads/main/College/Coaches/College%20Head%20Coaches/Kyle_Whittingham/2020_utah_roster.csv,Donte Banton,SO,WR,,2020,Utah,Kyle Whittingham
https://raw.githubusercontent.com/RKRoberts97/byu_football_tree/refs/heads/main/College/Coaches/College%20Head%20Coaches/Kyle_Whittingham/2020_utah_roster.csv,Robbie Colenzo,FR,WR,,2020,Utah,Kyle Whittingham
https://raw.githubusercontent.com/RKRoberts97/byu_football_tree/refs/heads/main/College/Coaches/College%20Head%20Coaches/Kyle_Whittingham/2020_utah_roster.csv,Maxwell Cotton,FR,WR,,2020,Utah,Kyle Whittingham
https://raw.githubusercontent.com/RKRoberts97/byu_football_tree/refs/heads/main/College/Coaches/College%20Head%20Coaches/Kyle_Whittingham/2020_utah_roster.csv,Jaylen Dixon,JR,WR,,2020,Utah,Kyle Whittingham
https://raw.githubusercontent.com/RKRoberts97/byu_football_tree/refs/heads/main/College/Coaches/College%20Head%20Coaches/Kyle_Whittingham/2020_utah_roster.csv,Pierre Moudourou,JR,WR,,2020,Utah,Kyle Whittingham
https://raw.githubusercontent.com/RKRoberts97/byu_football_tree/refs/heads/main/College/Coaches/College%20Head%20Coaches/Kyle_Whittingham/2020_utah_roster.csv,Connor O'Toole,FR,WR,,2020,Utah,Kyle Whittingham
https://raw.githubusercontent.com/RKRoberts97/byu_football_tree/refs/heads/main/College/Coaches/College%20Head%20Coaches/Kyle_Whittingham/2020_utah_roster.csv,Money Parks,FR,WR,,2020,Utah,Kyle Whittingham
https://raw.githubusercontent.com/RKRoberts97/byu_football_tree/refs/heads/main/College/Coaches/College%20Head%20Coaches/Kyle_Whittingham/2020_utah_roster.csv,Kyrese Rowan,FR,WR,,2020,Utah,Kyle Whittingham
https://raw.githubusercontent.com/RKRoberts97/byu_football_tree/refs/heads/main/College/Coaches/College%20Head%20Coaches/Kyle_Whittingham/2020_utah_roster.csv,Dylan Slavens,JR,WR,,2020,Utah,Kyle Whittingham
https://raw.githubusercontent.com/RKRoberts97/byu_football_tree/refs/heads/main/College/Coaches/College%20Head%20Coaches/Kyle_Whittingham/2020_utah_roster.csv,Tyrone Smith,SR,WR,,2020,Utah,Kyle Whittingham
https://raw.githubusercontent.com/RKRoberts97/byu_football_tree/refs/heads/main/College/Coaches/College%20Head%20Coaches/Kyle_Whittingham/2020_utah_roster.csv,Dominique Thompson,SO,WR,,2020,Utah,Kyle Whittingham
https://raw.githubusercontent.com/RKRoberts97/byu_football_tree/refs/heads/main/College/Coaches/College%20Head%20Coaches/Kyle_Whittingham/2020_utah_roster.csv,Brant Kuithe,JR,TE,"17 Rec, 160 Yds, 9.4 Avg",2020,Utah,Kyle Whittingham
https://raw.githubusercontent.com/RKRoberts97/byu_football_tree/refs/heads/main/College/Coaches/College%20Head%20Coaches/Kyle_Whittingham/2020_utah_roster.csv,Cole Fotheringham,JR,TE,"4 Rec, 52 Yds, 13.0 Avg",2020,Utah,Kyle Whittingham
https://raw.githubusercontent.com/RKRoberts97/byu_football_tree/refs/heads/main/College/Coaches/College%20Head%20Coaches/Kyle_Whittingham/2020_utah_roster.csv,Dalton Kincaid,JR,TE,"1 Rec, 14 Yds, 14.0 Avg",2020,Utah,Kyle Whittingham
https://raw.githubusercontent.com/RKRoberts97/byu_football_tree/refs/heads/main/College/Coaches/College%20Head%20Coaches/Kyle_Whittingham/2020_utah_roster.csv,Branden Anderson,FR,TE,,2020,Utah,Kyle Whittingham
https://raw.githubusercontent.com/RKRoberts97/byu_football_tree/refs/heads/main/College/Coaches/College%20Head%20Coaches/Kyle_Whittingham/2020_utah_roster.csv,Mufi Hunt,SR,TE,,2020,Utah,Kyle Whittingham
https://raw.githubusercontent.com/RKRoberts97/byu_football_tree/refs/heads/main/College/Coaches/College%20Head%20Coaches/Kyle_Whittingham/2020_utah_roster.csv,Joe Ludwig,JR,TE,,2020,Utah,Kyle Whittingham
https://raw.githubusercontent.com/RKRoberts97/byu_football_tree/refs/heads/main/College/Coaches/College%20Head%20Coaches/Kyle_Whittingham/2020_utah_roster.csv,Ali'i Niumatalolo,SR,TE,,2020,Utah,Kyle Whittingham
https://raw.githubusercontent.com/RKRoberts97/byu_football_tree/refs/heads/main/College/Coaches/College%20Head%20Coaches/Kyle_Whittingham/2020_utah_roster.csv,Soa Rosales,FR,TE,,2020,Utah,Kyle Whittingham
https://raw.githubusercontent.com/RKRoberts97/byu_football_tree/refs/heads/main/College/Coaches/College%20Head%20Coaches/Kyle_Whittingham/2020_utah_roster.csv,Thomas Yassmin,SO,TE,,2020,Utah,Kyle Whittingham
https://raw.githubusercontent.com/RKRoberts97/byu_football_tree/refs/heads/main/College/Coaches/College%20Head%20Coaches/Kyle_Whittingham/2020_utah_roster.csv,Braedon E. Daniels,SO,OL,,2020,Utah,Kyle Whittingham
https://raw.githubusercontent.com/RKRoberts97/byu_football_tree/refs/heads/main/College/Coaches/College%20Head%20Coaches/Kyle_Whittingham/2020_utah_roster.csv,London Bartholomew,SR,OL,,2020,Utah,Kyle Whittingham
https://raw.githubusercontent.com/RKRoberts97/byu_football_tree/refs/heads/main/College/Coaches/College%20Head%20Coaches/Kyle_Whittingham/2020_utah_roster.csv,Keaton Bills,FR,OL,,2020,Utah,Kyle Whittingham
https://raw.githubusercontent.com/RKRoberts97/byu_football_tree/refs/heads/main/College/Coaches/College%20Head%20Coaches/Kyle_Whittingham/2020_utah_roster.csv,Luke Felix-Fualalo,FR,OL,,2020,Utah,Kyle Whittingham
https://raw.githubusercontent.com/RKRoberts97/byu_football_tree/refs/heads/main/College/Coaches/College%20Head%20Coaches/Kyle_Whittingham/2020_utah_roster.csv,Nick Ford,JR,OL,,2020,Utah,Kyle Whittingham
https://raw.githubusercontent.com/RKRoberts97/byu_football_tree/refs/heads/main/College/Coaches/College%20Head%20Coaches/Kyle_Whittingham/2020_utah_roster.csv,Jaxon Garcia,FR,OL,,2020,Utah,Kyle Whittingham
https://raw.githubusercontent.com/RKRoberts97/byu_football_tree/refs/heads/main/College/Coaches/College%20Head%20Coaches/Kyle_Whittingham/2020_utah_roster.csv,Alex Harrison,FR,OL,,2020,Utah,Kyle Whittingham
https://raw.githubusercontent.com/RKRoberts97/byu_football_tree/refs/heads/main/College/Coaches/College%20Head%20Coaches/Kyle_Whittingham/2020_utah_roster.csv,Falcon Kaumatule,FR,OL,,2020,Utah,Kyle Whittingham
https://raw.githubusercontent.com/RKRoberts97/byu_football_tree/refs/heads/main/College/Coaches/College%20Head%20Coaches/Kyle_Whittingham/2020_utah_roster.csv,Jaren Kump,FR,OL,,2020,Utah,Kyle Whittingham
https://raw.githubusercontent.com/RKRoberts97/byu_football_tree/refs/heads/main/College/Coaches/College%20Head%20Coaches/Kyle_Whittingham/2020_utah_roster.csv,Sataoa Laumea,FR,OL,,2020,Utah,Kyle Whittingham
https://raw.githubusercontent.com/RKRoberts97/byu_football_tree/refs/heads/main/College/Coaches/College%20Head%20Coaches/Kyle_Whittingham/2020_utah_roster.csv,Hunter Lotulelei,FR,OL,,2020,Utah,Kyle Whittingham
https://raw.githubusercontent.com/RKRoberts97/byu_football_tree/refs/heads/main/College/Coaches/College%20Head%20Coaches/Kyle_Whittingham/2020_utah_roster.csv,Johnny Maea,SO,OL,,2020,Utah,Kyle Whittingham
https://raw.githubusercontent.com/RKRoberts97/byu_football_tree/refs/heads/main/College/Coaches/College%20Head%20Coaches/Kyle_Whittingham/2020_utah_roster.csv,Paul Maile,SO,OL,,2020,Utah,Kyle Whittingham
https://raw.githubusercontent.com/RKRoberts97/byu_football_tree/refs/heads/main/College/Coaches/College%20Head%20Coaches/Kyle_Whittingham/2020_utah_roster.csv,Shintaro Mann,FR,OL,,2020,Utah,Kyle Whittingham
https://raw.githubusercontent.com/RKRoberts97/byu_football_tree/refs/heads/main/College/Coaches/College%20Head%20Coaches/Kyle_Whittingham/2020_utah_roster.csv,Simi Moala,SO,OL,,2020,Utah,Kyle Whittingham
https://raw.githubusercontent.com/RKRoberts97/byu_football_tree/refs/heads/main/College/Coaches/College%20Head%20Coaches/Kyle_Whittingham/2020_utah_roster.csv,Bamidele Olaseni,SR,OL,,2020,Utah,Kyle Whittingham
https://raw.githubusercontent.com/RKRoberts97/byu_football_tree/refs/heads/main/College/Coaches/College%20Head%20Coaches/Kyle_Whittingham/2020_utah_roster.csv,Marist Talavou,FR,OL,,2020,Utah,Kyle Whittingham
https://raw.githubusercontent.com/RKRoberts97/byu_football_tree/refs/heads/main/College/Coaches/College%20Head%20Coaches/Kyle_Whittingham/2020_utah_roster.csv,Orlando Umana,SR,OL,,2020,Utah,Kyle Whittingham
https://raw.githubusercontent.com/RKRoberts97/byu_football_tree/refs/heads/main/College/Coaches/College%20Head%20Coaches/Kyle_Whittingham/2020_utah_roster.csv,Jordan Noyles,FR,K,,2020,Utah,Kyle Whittingham
https://raw.githubusercontent.com/RKRoberts97/byu_football_tree/refs/heads/main/College/Coaches/College%20Head%20Coaches/Kyle_Whittingham/2020_utah_roster.csv,Skyler Southam,JR,K,,2020,Utah,Kyle Whittingham
https://raw.githubusercontent.com/RKRoberts97/byu_football_tree/refs/heads/main/College/Coaches/College%20Head%20Coaches/Kyle_Whittingham/2020_utah_roster.csv,Tanner Cragun,FR,K,,2020,Utah,Kyle Whittingham
https://raw.githubusercontent.com/RKRoberts97/byu_football_tree/refs/heads/main/College/Coaches/College%20Head%20Coaches/Kyle_Whittingham/2020_utah_roster.csv,Tennessee Pututau,FR,DL,,2020,Utah,Kyle Whittingham
https://raw.githubusercontent.com/RKRoberts97/byu_football_tree/refs/heads/main/College/Coaches/College%20Head%20Coaches/Kyle_Whittingham/2020_utah_roster.csv,Semisi Lauaki,FR,DL,,2020,Utah,Kyle Whittingham
https://raw.githubusercontent.com/RKRoberts97/byu_football_tree/refs/heads/main/College/Coaches/College%20Head%20Coaches/Kyle_Whittingham/2020_utah_roster.csv,Moroni Anae,JR,LB,,2020,Utah,Kyle Whittingham
https://raw.githubusercontent.com/RKRoberts97/byu_football_tree/refs/heads/main/College/Coaches/College%20Head%20Coaches/Kyle_Whittingham/2020_utah_roster.csv,Sione Fotu,FR,LB,,2020,Utah,Kyle Whittingham
https://raw.githubusercontent.com/RKRoberts97/byu_football_tree/refs/heads/main/College/Coaches/College%20Head%20Coaches/Kyle_Whittingham/2020_utah_roster.csv,Hayden Furey,SO,LB,,2020,Utah,Kyle Whittingham
https://raw.githubusercontent.com/RKRoberts97/byu_football_tree/refs/heads/main/College/Coaches/College%20Head%20Coaches/Kyle_Whittingham/2020_utah_roster.csv,Devin Lloyd,JR,LB,,2020,Utah,Kyle Whittingham
https://raw.githubusercontent.com/RKRoberts97/byu_football_tree/refs/heads/main/College/Coaches/College%20Head%20Coaches/Kyle_Whittingham/2020_utah_roster.csv,Andrew Mata'afa,SO,LB,,2020,Utah,Kyle Whittingham
https://raw.githubusercontent.com/RKRoberts97/byu_football_tree/refs/heads/main/College/Coaches/College%20Head%20Coaches/Kyle_Whittingham/2020_utah_roster.csv,Nephi Sewell,JR,LB,,2020,Utah,Kyle Whittingham
https://raw.githubusercontent.com/RKRoberts97/byu_football_tree/refs/heads/main/College/Coaches/College%20Head%20Coaches/Kyle_Whittingham/2020_utah_roster.csv,Rob Bonar,FR,LB,,2020,Utah,Kyle Whittingham
https://raw.githubusercontent.com/RKRoberts97/byu_football_tree/refs/heads/main/College/Coaches/College%20Head%20Coaches/Kyle_Whittingham/2020_utah_roster.csv,Samu Elisaia,SR,LB,,2020,Utah,Kyle Whittingham
https://raw.githubusercontent.com/RKRoberts97/byu_football_tree/refs/heads/main/College/Coaches/College%20Head%20Coaches/Kyle_Whittingham/2020_utah_roster.csv,Graham Faloona,FR,LB,,2020,Utah,Kyle Whittingham
https://raw.githubusercontent.com/RKRoberts97/byu_football_tree/refs/heads/main/College/Coaches/College%20Head%20Coaches/Kyle_Whittingham/2020_utah_roster.csv,Baron Gajkowski,SR,LB,,2020,Utah,Kyle Whittingham
https://raw.githubusercontent.com/RKRoberts97/byu_football_tree/refs/heads/main/College/Coaches/College%20Head%20Coaches/Kyle_Whittingham/2020_utah_roster.csv,Jeremy Mercier,FR,LB,,2020,Utah,Kyle Whittingham
https://raw.githubusercontent.com/RKRoberts97/byu_football_tree/refs/heads/main/College/Coaches/College%20Head%20Coaches/Kyle_Whittingham/2020_utah_roster.csv,Taniela Pututau,FR,LB,,2020,Utah,Kyle Whittingham
https://raw.githubusercontent.com/RKRoberts97/byu_football_tree/refs/heads/main/College/Coaches/College%20Head%20Coaches/Kyle_Whittingham/2020_utah_roster.csv,Sione Tuha,FR,LB,,2020,Utah,Kyle Whittingham
https://raw.githubusercontent.com/RKRoberts97/byu_football_tree/refs/heads/main/College/Coaches/College%20Head%20Coaches/Kyle_Whittingham/2020_utah_roster.csv,Chris Wilson,FR,LB,,2020,Utah,Kyle Whittingham
https://raw.githubusercontent.com/RKRoberts97/byu_football_tree/refs/heads/main/College/Coaches/College%20Head%20Coaches/Kyle_Whittingham/2020_utah_roster.csv,Stone Azarcon,JR,DB,,2020,Utah,Kyle Whittingham
https://raw.githubusercontent.com/RKRoberts97/byu_football_tree/refs/heads/main/College/Coaches/College%20Head%20Coaches/Kyle_Whittingham/2020_utah_roster.csv,Alphonso Taylor,SO,DB,,2020,Utah,Kyle Whittingham
https://raw.githubusercontent.com/RKRoberts97/byu_football_tree/refs/heads/main/College/Coaches/College%20Head%20Coaches/Kyle_Whittingham/2020_utah_roster.csv,Ben Lennon,SO,P,,2020,Utah,Kyle Whittingham
https://raw.githubusercontent.com/RKRoberts97/byu_football_tree/refs/heads/main/College/Coaches/College%20Head%20Coaches/Kyle_Whittingham/2020_utah_roster.csv,Jared March,FR,P,,2020,Utah,Kyle Whittingham
https://raw.githubusercontent.com/RKRoberts97/byu_football_tree/refs/heads/main/College/Coaches/College%20Head%20Coaches/Kyle_Whittingham/2020_utah_roster.csv,Blake Kuithe,SO,DE,,2020,Utah,Kyle Whittingham
https://raw.githubusercontent.com/RKRoberts97/byu_football_tree/refs/heads/main/College/Coaches/College%20Head%20Coaches/Kyle_Whittingham/2020_utah_roster.csv,Jatravis Broughton,SO,CB,,2020,Utah,Kyle Whittingham
https://raw.githubusercontent.com/RKRoberts97/byu_football_tree/refs/heads/main/College/Coaches/College%20Head%20Coaches/Kyle_Whittingham/2020_utah_roster.csv,Xavier Carlton,FR,DE,,2020,Utah,Kyle Whittingham
https://raw.githubusercontent.com/RKRoberts97/byu_football_tree/refs/heads/main/College/Coaches/College%20Head%20Coaches/Kyle_Whittingham/2020_utah_roster.csv,Vonte Davis,SR,S,,2020,Utah,Kyle Whittingham
https://raw.githubusercontent.com/RKRoberts97/byu_football_tree/refs/heads/main/College/Coaches/College%20Head%20Coaches/Kyle_Whittingham/2020_utah_roster.csv,Van Fillinger,FR,DE,,2020,Utah,Kyle Whittingham
https://raw.githubusercontent.com/RKRoberts97/byu_football_tree/refs/heads/main/College/Coaches/College%20Head%20Coaches/Kyle_Whittingham/2020_utah_roster.csv,Devin Kaufusi,JR,DE,,2020,Utah,Kyle Whittingham
https://raw.githubusercontent.com/RKRoberts97/byu_football_tree/refs/heads/main/College/Coaches/College%20Head%20Coaches/Kyle_Whittingham/2020_utah_roster.csv,Kamo'i Latu,FR,S,,2020,Utah,Kyle Whittingham
https://raw.githubusercontent.com/RKRoberts97/byu_football_tree/refs/heads/main/College/Coaches/College%20Head%20Coaches/Kyle_Whittingham/2020_utah_roster.csv,Faybian Marks,FR,CB,,2020,Utah,Kyle Whittingham
https://raw.githubusercontent.com/RKRoberts97/byu_football_tree/refs/heads/main/College/Coaches/College%20Head%20Coaches/Kyle_Whittingham/2020_utah_roster.csv,Malone Mataele,SO,CB,,2020,Utah,Kyle Whittingham
https://raw.githubusercontent.com/RKRoberts97/byu_football_tree/refs/heads/main/College/Coaches/College%20Head%20Coaches/Kyle_Whittingham/2020_utah_roster.csv,Viane Moala,SR,DT,,2020,Utah,Kyle Whittingham
https://raw.githubusercontent.com/RKRoberts97/byu_football_tree/refs/heads/main/College/Coaches/College%20Head%20Coaches/Kyle_Whittingham/2020_utah_roster.csv,Clark Phillips III,FR,CB,,2020,Utah,Kyle Whittingham
https://raw.githubusercontent.com/RKRoberts97/byu_football_tree/refs/heads/main/College/Coaches/College%20Head%20Coaches/Kyle_Whittingham/2020_utah_roster.csv,Hauati Pututau,SR,DE,,2020,Utah,Kyle Whittingham
https://raw.githubusercontent.com/RKRoberts97/byu_football_tree/refs/heads/main/College/Coaches/College%20Head%20Coaches/Kyle_Whittingham/2020_utah_roster.csv,Drew Rawls,FR,CB,,2020,Utah,Kyle Whittingham
https://raw.githubusercontent.com/RKRoberts97/byu_football_tree/refs/heads/main/College/Coaches/College%20Head%20Coaches/Kyle_Whittingham/2020_utah_roster.csv,Jadon Redding,SO,PK,,2020,Utah,Kyle Whittingham
https://raw.githubusercontent.com/RKRoberts97/byu_football_tree/refs/heads/main/College/Coaches/College%20Head%20Coaches/Kyle_Whittingham/2020_utah_roster.csv,Ben Renfro,FR,S,,2020,Utah,Kyle Whittingham
https://raw.githubusercontent.com/RKRoberts97/byu_football_tree/refs/heads/main/College/Coaches/College%20Head%20Coaches/Kyle_Whittingham/2020_utah_roster.csv,Nate Ritchie,FR,S,,2020,Utah,Kyle Whittingham
https://raw.githubusercontent.com/RKRoberts97/byu_football_tree/refs/heads/main/College/Coaches/College%20Head%20Coaches/Kyle_Whittingham/2020_utah_roster.csv,Caine Savage,FR,CB,,2020,Utah,Kyle Whittingham
https://raw.githubusercontent.com/RKRoberts97/byu_football_tree/refs/heads/main/College/Coaches/College%20Head%20Coaches/Kyle_Whittingham/2020_utah_roster.csv,Mika Tafua,JR,DE,,2020,Utah,Kyle Whittingham
https://raw.githubusercontent.com/RKRoberts97/byu_football_tree/refs/heads/main/College/Coaches/College%20Head%20Coaches/Kyle_Whittingham/2020_utah_roster.csv,Maxs Tupai,SR,DE,,2020,Utah,Kyle Whittingham
https://raw.githubusercontent.com/RKRoberts97/byu_football_tree/refs/heads/main/College/Coaches/College%20Head%20Coaches/Kyle_Whittingham/2020_utah_roster.csv,Zemaiah Vaughn,FR,S,,2020,Utah,Kyle Whittingham
https://raw.githubusercontent.com/RKRoberts97/byu_football_tree/refs/heads/main/College/Coaches/College%20Head%20Coaches/Kyle_Whittingham/2020_utah_roster.csv,Jake Biggs,FR,S,,2020,Utah,Kyle Whittingham
https://raw.githubusercontent.com/RKRoberts97/byu_football_tree/refs/heads/main/College/Coaches/College%20Head%20Coaches/Kyle_Whittingham/2020_utah_roster.csv,Bronson Boyd,JR,CB,,2020,Utah,Kyle Whittingham
https://raw.githubusercontent.com/RKRoberts97/byu_football_tree/refs/heads/main/College/Coaches/College%20Head%20Coaches/Kyle_Whittingham/2020_utah_roster.csv,Tyler Gleed,FR,DE,,2020,Utah,Kyle Whittingham
https://raw.githubusercontent.com/RKRoberts97/byu_football_tree/refs/heads/main/College/Coaches/College%20Head%20Coaches/Kyle_Whittingham/2020_utah_roster.csv,Tyler Gonzalez,SO,DE,,2020,Utah,Kyle Whittingham
https://raw.githubusercontent.com/RKRoberts97/byu_football_tree/refs/heads/main/College/Coaches/College%20Head%20Coaches/Kyle_Whittingham/2020_utah_roster.csv,Marques Hamilton,FR,CB,,2020,Utah,Kyle Whittingham
https://raw.githubusercontent.com/RKRoberts97/byu_football_tree/refs/heads/main/College/Coaches/College%20Head%20Coaches/Kyle_Whittingham/2020_utah_roster.csv,Dakota Hansen,JR,S,,2020,Utah,Kyle Whittingham
https://raw.githubusercontent.com/RKRoberts97/byu_football_tree/refs/heads/main/College/Coaches/College%20Head%20Coaches/Kyle_Whittingham/2020_utah_roster.csv,R.J. Hubert,JR,S,,2020,Utah,Kyle Whittingham
https://raw.githubusercontent.com/RKRoberts97/byu_football_tree/refs/heads/main/College/Coaches/College%20Head%20Coaches/Kyle_Whittingham/2020_utah_roster.csv,Kenzel Lawler,FR,CB,,2020,Utah,Kyle Whittingham
https://raw.githubusercontent.com/RKRoberts97/byu_football_tree/refs/heads/main/College/Coaches/College%20Head%20Coaches/Kyle_Whittingham/2020_utah_roster.csv,Aaron Lowe,SO,CB,,2020,Utah,Kyle Whittingham
https://raw.githubusercontent.com/RKRoberts97/byu_football_tree/refs/heads/main/College/Coaches/College%20Head%20Coaches/Kyle_Whittingham/2020_utah_roster.csv,Keegan Markgraf,SR,LS,,2020,Utah,Kyle Whittingham
https://raw.githubusercontent.com/RKRoberts97/byu_football_tree/refs/heads/main/College/Coaches/College%20Head%20Coaches/Kyle_Whittingham/2020_utah_roster.csv,Max Miner,FR,DE,,2020,Utah,Kyle Whittingham
https://raw.githubusercontent.com/RKRoberts97/byu_football_tree/refs/heads/main/College/Coaches/College%20Head%20Coaches/Kyle_Whittingham/2020_utah_roster.csv,Eli Morrow,SO,DT,,2020,Utah,Kyle Whittingham
https://raw.githubusercontent.com/RKRoberts97/byu_football_tree/refs/heads/main/College/Coaches/College%20Head%20Coaches/Kyle_Whittingham/2020_utah_roster.csv,Ben Myles-Mills,FR,CB,,2020,Utah,Kyle Whittingham
https://raw.githubusercontent.com/RKRoberts97/byu_football_tree/refs/heads/main/College/Coaches/College%20Head%20Coaches/Kyle_Whittingham/2020_utah_roster.csv,Gavin Nawahine,FR,DE,,2020,Utah,Kyle Whittingham
https://raw.githubusercontent.com/RKRoberts97/byu_football_tree/refs/heads/main/College/Coaches/College%20Head%20Coaches/Kyle_Whittingham/2020_utah_roster.csv,LaCarea Pleasant-Johnson,FR,CB,,2020,Utah,Kyle Whittingham
https://raw.githubusercontent.com/RKRoberts97/byu_football_tree/refs/heads/main/College/Coaches/College%20Head%20Coaches/Kyle_Whittingham/2020_utah_roster.csv,Fua Pututau,SO,DE,,2020,Utah,Kyle Whittingham
https://raw.githubusercontent.com/RKRoberts97/byu_football_tree/refs/heads/main/College/Coaches/College%20Head%20Coaches/Kyle_Whittingham/2020_utah_roster.csv,Noah Rodriguez-Trammell,JR,LS,,2020,Utah,Kyle Whittingham
https://raw.githubusercontent.com/RKRoberts97/byu_football_tree/refs/heads/main/College/Coaches/College%20Head%20Coaches/Kyle_Whittingham/2020_utah_roster.csv,Miki Suguturaga,FR,DE,,2020,Utah,Kyle Whittingham
https://raw.githubusercontent.com/RKRoberts97/byu_football_tree/refs/heads/main/College/Coaches/College%20Head%20Coaches/Kyle_Whittingham/2020_utah_roster.csv,Junior Tafuna,FR,DE,,2020,Utah,Kyle Whittingham
https://raw.githubusercontent.com/RKRoberts97/byu_football_tree/refs/heads/main/College/Coaches/College%20Head%20Coaches/Kyle_Whittingham/2020_utah_roster.csv,Tanoa Togiai,FR,DT,,2020,Utah,Kyle Whittingham
https://raw.githubusercontent.com/RKRoberts97/byu_football_tree/refs/heads/main/College/Coaches/College%20Head%20Coaches/Kyle_Whittingham/2020_utah_roster.csv,Pita Tonga,SR,DT,,2020,Utah,Kyle Whittingham
https://raw.githubusercontent.com/RKRoberts97/byu_football_tree/refs/heads/main/College/Coaches/College%20Head%20Coaches/Kyle_Whittingham/2020_utah_roster.csv,Aliki Vimahi,FR,DT,,2020,Utah,Kyle Whittingham
https://raw.githubusercontent.com/RKRoberts97/byu_football_tree/refs/heads/main/College/Coaches/College%20Head%20Coaches/Kyle_Whittingham/2020_utah_roster.csv,Tyler Wegis,FR,DE,,2020,Utah,Kyle Whittingham
https://raw.githubusercontent.com/RKRoberts97/byu_football_tree/refs/heads/main/College/Coaches/College%20Head%20Coaches/Kyle_Whittingham/2021_utah_roster.csv,Cameron Rising,SO,QB,"204 Cmp, 320 Att, 2493 Yds, 20 TD",2021,Utah,Kyle Whittingham
https://raw.githubusercontent.com/RKRoberts97/byu_football_tree/refs/heads/main/College/Coaches/College%20Head%20Coaches/Kyle_Whittingham/2021_utah_roster.csv,Charlie Brewer,SR,QB,"48 Cmp, 79 Att, 484 Yds, 3 TD",2021,Utah,Kyle Whittingham
https://raw.githubusercontent.com/RKRoberts97/byu_football_tree/refs/heads/main/College/Coaches/College%20Head%20Coaches/Kyle_Whittingham/2021_utah_roster.csv,Bryson Barnes,FR,QB,"2 Cmp, 2 Att, 23 Yds, 1 TD",2021,Utah,Kyle Whittingham
https://raw.githubusercontent.com/RKRoberts97/byu_football_tree/refs/heads/main/College/Coaches/College%20Head%20Coaches/Kyle_Whittingham/2021_utah_roster.csv,Ja'Quinden Jackson,FR,QB,,2021,Utah,Kyle Whittingham
https://raw.githubusercontent.com/RKRoberts97/byu_football_tree/refs/heads/main/College/Coaches/College%20Head%20Coaches/Kyle_Whittingham/2021_utah_roster.csv,Peter Costelli,FR,QB,,2021,Utah,Kyle Whittingham
https://raw.githubusercontent.com/RKRoberts97/byu_football_tree/refs/heads/main/College/Coaches/College%20Head%20Coaches/Kyle_Whittingham/2021_utah_roster.csv,Tavion Thomas,SO,RB,"204 Att, 1108 Yds, 5.4 Avg",2021,Utah,Kyle Whittingham
https://raw.githubusercontent.com/RKRoberts97/byu_football_tree/refs/heads/main/College/Coaches/College%20Head%20Coaches/Kyle_Whittingham/2021_utah_roster.csv,T.J. Pledger,JR,RB,"104 Att, 694 Yds, 6.7 Avg",2021,Utah,Kyle Whittingham
https://raw.githubusercontent.com/RKRoberts97/byu_football_tree/refs/heads/main/College/Coaches/College%20Head%20Coaches/Kyle_Whittingham/2021_utah_roster.csv,Micah Bernard,FR,RB,"87 Att, 523 Yds, 6.0 Avg",2021,Utah,Kyle Whittingham
https://raw.githubusercontent.com/RKRoberts97/byu_football_tree/refs/heads/main/College/Coaches/College%20Head%20Coaches/Kyle_Whittingham/2021_utah_roster.csv,Chris Curry,SO,RB,"14 Att, 55 Yds, 3.9 Avg",2021,Utah,Kyle Whittingham
https://raw.githubusercontent.com/RKRoberts97/byu_football_tree/refs/heads/main/College/Coaches/College%20Head%20Coaches/Kyle_Whittingham/2021_utah_roster.csv,Faysal Aden,FR,RB,,2021,Utah,Kyle Whittingham
https://raw.githubusercontent.com/RKRoberts97/byu_football_tree/refs/heads/main/College/Coaches/College%20Head%20Coaches/Kyle_Whittingham/2021_utah_roster.csv,Ricky Parks,FR,RB,,2021,Utah,Kyle Whittingham
https://raw.githubusercontent.com/RKRoberts97/byu_football_tree/refs/heads/main/College/Coaches/College%20Head%20Coaches/Kyle_Whittingham/2021_utah_roster.csv,Elvis Vakapuna,FR,RB,,2021,Utah,Kyle Whittingham
https://raw.githubusercontent.com/RKRoberts97/byu_football_tree/refs/heads/main/College/Coaches/College%20Head%20Coaches/Kyle_Whittingham/2021_utah_roster.csv,Charlie Vincent,FR,RB,,2021,Utah,Kyle Whittingham
https://raw.githubusercontent.com/RKRoberts97/byu_football_tree/refs/heads/main/College/Coaches/College%20Head%20Coaches/Kyle_Whittingham/2021_utah_roster.csv,Braedon Wissler,FR,RB,,2021,Utah,Kyle Whittingham
https://raw.githubusercontent.com/RKRoberts97/byu_football_tree/refs/heads/main/College/Coaches/College%20Head%20Coaches/Kyle_Whittingham/2021_utah_roster.csv,Britain Covey,JR,WR,"52 Rec, 514 Yds, 9.9 Avg",2021,Utah,Kyle Whittingham
https://raw.githubusercontent.com/RKRoberts97/byu_football_tree/refs/heads/main/College/Coaches/College%20Head%20Coaches/Kyle_Whittingham/2021_utah_roster.csv,Jaylen Dixon,JR,WR,"5 Rec, 76 Yds, 15.2 Avg",2021,Utah,Kyle Whittingham
https://raw.githubusercontent.com/RKRoberts97/byu_football_tree/refs/heads/main/College/Coaches/College%20Head%20Coaches/Kyle_Whittingham/2021_utah_roster.csv,Devaughn Vele,FR,WR,"23 Rec, 389 Yds, 16.9 Avg",2021,Utah,Kyle Whittingham
https://raw.githubusercontent.com/RKRoberts97/byu_football_tree/refs/heads/main/College/Coaches/College%20Head%20Coaches/Kyle_Whittingham/2021_utah_roster.csv,Solomon Enis,JR,WR,"22 Rec, 248 Yds, 11.3 Avg",2021,Utah,Kyle Whittingham
https://raw.githubusercontent.com/RKRoberts97/byu_football_tree/refs/heads/main/College/Coaches/College%20Head%20Coaches/Kyle_Whittingham/2021_utah_roster.csv,Theo Howard,SR,WR,"10 Rec, 140 Yds, 14.0 Avg",2021,Utah,Kyle Whittingham
https://raw.githubusercontent.com/RKRoberts97/byu_football_tree/refs/heads/main/College/Coaches/College%20Head%20Coaches/Kyle_Whittingham/2021_utah_roster.csv,Connor O'Toole,FR,WR,"1 Rec, 5 Yds, 5.0 Avg",2021,Utah,Kyle Whittingham
https://raw.githubusercontent.com/RKRoberts97/byu_football_tree/refs/heads/main/College/Coaches/College%20Head%20Coaches/Kyle_Whittingham/2021_utah_roster.csv,Money Parks,FR,WR,"1 Rec, 12 Yds, 12.0 Avg",2021,Utah,Kyle Whittingham
https://raw.githubusercontent.com/RKRoberts97/byu_football_tree/refs/heads/main/College/Coaches/College%20Head%20Coaches/Kyle_Whittingham/2021_utah_roster.csv,Bryson Reeves,FR,WR,,2021,Utah,Kyle Whittingham
https://raw.githubusercontent.com/RKRoberts97/byu_football_tree/refs/heads/main/College/Coaches/College%20Head%20Coaches/Kyle_Whittingham/2021_utah_roster.csv,Kyrese Rowan,FR,WR,,2021,Utah,Kyle Whittingham
https://raw.githubusercontent.com/RKRoberts97/byu_football_tree/refs/heads/main/College/Coaches/College%20Head%20Coaches/Kyle_Whittingham/2021_utah_roster.csv,Zach Vaughn,FR,WR,,2021,Utah,Kyle Whittingham
https://raw.githubusercontent.com/RKRoberts97/byu_football_tree/refs/heads/main/College/Coaches/College%20Head%20Coaches/Kyle_Whittingham/2021_utah_roster.csv,Noah Bennee,FR,WR,,2021,Utah,Kyle Whittingham
https://raw.githubusercontent.com/RKRoberts97/byu_football_tree/refs/heads/main/College/Coaches/College%20Head%20Coaches/Kyle_Whittingham/2021_utah_roster.csv,Makai Cope,FR,WR,,2021,Utah,Kyle Whittingham
https://raw.githubusercontent.com/RKRoberts97/byu_football_tree/refs/heads/main/College/Coaches/College%20Head%20Coaches/Kyle_Whittingham/2021_utah_roster.csv,Maxwell Cotton,FR,WR,,2021,Utah,Kyle Whittingham
https://raw.githubusercontent.com/RKRoberts97/byu_football_tree/refs/heads/main/College/Coaches/College%20Head%20Coaches/Kyle_Whittingham/2021_utah_roster.csv,Masaki Kudo,FR,WR,,2021,Utah,Kyle Whittingham
https://raw.githubusercontent.com/RKRoberts97/byu_football_tree/refs/heads/main/College/Coaches/College%20Head%20Coaches/Kyle_Whittingham/2021_utah_roster.csv,Munir McClain,SO,WR,,2021,Utah,Kyle Whittingham
https://raw.githubusercontent.com/RKRoberts97/byu_football_tree/refs/heads/main/College/Coaches/College%20Head%20Coaches/Kyle_Whittingham/2021_utah_roster.csv,Pierre Moudourou,JR,WR,,2021,Utah,Kyle Whittingham
https://raw.githubusercontent.com/RKRoberts97/byu_football_tree/refs/heads/main/College/Coaches/College%20Head%20Coaches/Kyle_Whittingham/2021_utah_roster.csv,Dawson Tanner,FR,WR,,2021,Utah,Kyle Whittingham
https://raw.githubusercontent.com/RKRoberts97/byu_football_tree/refs/heads/main/College/Coaches/College%20Head%20Coaches/Kyle_Whittingham/2021_utah_roster.csv,Dominique Thompson,SO,WR,,2021,Utah,Kyle Whittingham
https://raw.githubusercontent.com/RKRoberts97/byu_football_tree/refs/heads/main/College/Coaches/College%20Head%20Coaches/Kyle_Whittingham/2021_utah_roster.csv,Brant Kuithe,JR,TE,"50 Rec, 611 Yds, 12.2 Avg",2021,Utah,Kyle Whittingham
https://raw.githubusercontent.com/RKRoberts97/byu_football_tree/refs/heads/main/College/Coaches/College%20Head%20Coaches/Kyle_Whittingham/2021_utah_roster.csv,Dalton Kincaid,JR,TE,"36 Rec, 510 Yds, 14.2 Avg",2021,Utah,Kyle Whittingham
https://raw.githubusercontent.com/RKRoberts97/byu_football_tree/refs/heads/main/College/Coaches/College%20Head%20Coaches/Kyle_Whittingham/2021_utah_roster.csv,Thomas Yassmin,SO,TE,"1 Rec, 6 Yds, 6.0 Avg",2021,Utah,Kyle Whittingham
https://raw.githubusercontent.com/RKRoberts97/byu_football_tree/refs/heads/main/College/Coaches/College%20Head%20Coaches/Kyle_Whittingham/2021_utah_roster.csv,Cole Fotheringham,JR,TE,"15 Rec, 128 Yds, 8.5 Avg",2021,Utah,Kyle Whittingham
https://raw.githubusercontent.com/RKRoberts97/byu_football_tree/refs/heads/main/College/Coaches/College%20Head%20Coaches/Kyle_Whittingham/2021_utah_roster.csv,Branden Anderson,FR,TE,,2021,Utah,Kyle Whittingham
https://raw.githubusercontent.com/RKRoberts97/byu_football_tree/refs/heads/main/College/Coaches/College%20Head%20Coaches/Kyle_Whittingham/2021_utah_roster.csv,Hayden Erickson,FR,TE,,2021,Utah,Kyle Whittingham
https://raw.githubusercontent.com/RKRoberts97/byu_football_tree/refs/heads/main/College/Coaches/College%20Head%20Coaches/Kyle_Whittingham/2021_utah_roster.csv,Deven Johnson,FR,TE,,2021,Utah,Kyle Whittingham
https://raw.githubusercontent.com/RKRoberts97/byu_football_tree/refs/heads/main/College/Coaches/College%20Head%20Coaches/Kyle_Whittingham/2021_utah_roster.csv,Ali'i Niumatalolo,SR,TE,,2021,Utah,Kyle Whittingham
https://raw.githubusercontent.com/RKRoberts97/byu_football_tree/refs/heads/main/College/Coaches/College%20Head%20Coaches/Kyle_Whittingham/2021_utah_roster.csv,Taniela Pututau,FR,TE,,2021,Utah,Kyle Whittingham
https://raw.githubusercontent.com/RKRoberts97/byu_football_tree/refs/heads/main/College/Coaches/College%20Head%20Coaches/Kyle_Whittingham/2021_utah_roster.csv,Soa Rosales,FR,TE,,2021,Utah,Kyle Whittingham
https://raw.githubusercontent.com/RKRoberts97/byu_football_tree/refs/heads/main/College/Coaches/College%20Head%20Coaches/Kyle_Whittingham/2021_utah_roster.csv,Isaac Vaha,FR,TE,,2021,Utah,Kyle Whittingham
https://raw.githubusercontent.com/RKRoberts97/byu_football_tree/refs/heads/main/College/Coaches/College%20Head%20Coaches/Kyle_Whittingham/2021_utah_roster.csv,Sire Woods,SR,TE,,2021,Utah,Kyle Whittingham
https://raw.githubusercontent.com/RKRoberts97/byu_football_tree/refs/heads/main/College/Coaches/College%20Head%20Coaches/Kyle_Whittingham/2021_utah_roster.csv,Braedon E. Daniels,SO,OL,,2021,Utah,Kyle Whittingham
https://raw.githubusercontent.com/RKRoberts97/byu_football_tree/refs/heads/main/College/Coaches/College%20Head%20Coaches/Kyle_Whittingham/2021_utah_roster.csv,Nick Ford,JR,OL,,2021,Utah,Kyle Whittingham
https://raw.githubusercontent.com/RKRoberts97/byu_football_tree/refs/heads/main/College/Coaches/College%20Head%20Coaches/Kyle_Whittingham/2021_utah_roster.csv,Keaton Bills,FR,OL,,2021,Utah,Kyle Whittingham
https://raw.githubusercontent.com/RKRoberts97/byu_football_tree/refs/heads/main/College/Coaches/College%20Head%20Coaches/Kyle_Whittingham/2021_utah_roster.csv,Kolinu'u Faaiu,FR,OL,,2021,Utah,Kyle Whittingham
https://raw.githubusercontent.com/RKRoberts97/byu_football_tree/refs/heads/main/College/Coaches/College%20Head%20Coaches/Kyle_Whittingham/2021_utah_roster.csv,Luke Felix-Fualalo,FR,OL,,2021,Utah,Kyle Whittingham
https://raw.githubusercontent.com/RKRoberts97/byu_football_tree/refs/heads/main/College/Coaches/College%20Head%20Coaches/Kyle_Whittingham/2021_utah_roster.csv,Jaxon Garcia,FR,OL,,2021,Utah,Kyle Whittingham
https://raw.githubusercontent.com/RKRoberts97/byu_football_tree/refs/heads/main/College/Coaches/College%20Head%20Coaches/Kyle_Whittingham/2021_utah_roster.csv,Alex Harrison,FR,OL,,2021,Utah,Kyle Whittingham
https://raw.githubusercontent.com/RKRoberts97/byu_football_tree/refs/heads/main/College/Coaches/College%20Head%20Coaches/Kyle_Whittingham/2021_utah_roster.csv,Falcon Kaumatule,FR,OL,,2021,Utah,Kyle Whittingham
https://raw.githubusercontent.com/RKRoberts97/byu_football_tree/refs/heads/main/College/Coaches/College%20Head%20Coaches/Kyle_Whittingham/2021_utah_roster.csv,Jaren Kump,FR,OL,,2021,Utah,Kyle Whittingham
https://raw.githubusercontent.com/RKRoberts97/byu_football_tree/refs/heads/main/College/Coaches/College%20Head%20Coaches/Kyle_Whittingham/2021_utah_roster.csv,Sataoa Laumea,FR,OL,,2021,Utah,Kyle Whittingham
https://raw.githubusercontent.com/RKRoberts97/byu_football_tree/refs/heads/main/College/Coaches/College%20Head%20Coaches/Kyle_Whittingham/2021_utah_roster.csv,Hunter Lotulelei,FR,OL,,2021,Utah,Kyle Whittingham
https://raw.githubusercontent.com/RKRoberts97/byu_football_tree/refs/heads/main/College/Coaches/College%20Head%20Coaches/Kyle_Whittingham/2021_utah_roster.csv,Johnny Maea,SO,OL,,2021,Utah,Kyle Whittingham
https://raw.githubusercontent.com/RKRoberts97/byu_football_tree/refs/heads/main/College/Coaches/College%20Head%20Coaches/Kyle_Whittingham/2021_utah_roster.csv,Paul Maile,SO,OL,,2021,Utah,Kyle Whittingham
https://raw.githubusercontent.com/RKRoberts97/byu_football_tree/refs/heads/main/College/Coaches/College%20Head%20Coaches/Kyle_Whittingham/2021_utah_roster.csv,Shintaro Mann,FR,OL,,2021,Utah,Kyle Whittingham
https://raw.githubusercontent.com/RKRoberts97/byu_football_tree/refs/heads/main/College/Coaches/College%20Head%20Coaches/Kyle_Whittingham/2021_utah_roster.csv,Simi Moala,SO,OL,,2021,Utah,Kyle Whittingham
https://raw.githubusercontent.com/RKRoberts97/byu_football_tree/refs/heads/main/College/Coaches/College%20Head%20Coaches/Kyle_Whittingham/2021_utah_roster.csv,Michael Mokofisi,FR,OL,,2021,Utah,Kyle Whittingham
https://raw.githubusercontent.com/RKRoberts97/byu_football_tree/refs/heads/main/College/Coaches/College%20Head%20Coaches/Kyle_Whittingham/2021_utah_roster.csv,Bamidele Olaseni,SR,OL,,2021,Utah,Kyle Whittingham
https://raw.githubusercontent.com/RKRoberts97/byu_football_tree/refs/heads/main/College/Coaches/College%20Head%20Coaches/Kyle_Whittingham/2021_utah_roster.csv,Marist Talavou,FR,OL,,2021,Utah,Kyle Whittingham
https://raw.githubusercontent.com/RKRoberts97/byu_football_tree/refs/heads/main/College/Coaches/College%20Head%20Coaches/Kyle_Whittingham/2021_utah_roster.csv,Zereoue Williams,FR,OL,,2021,Utah,Kyle Whittingham
https://raw.githubusercontent.com/RKRoberts97/byu_football_tree/refs/heads/main/College/Coaches/College%20Head%20Coaches/Kyle_Whittingham/2021_utah_roster.csv,Jordan Noyles,FR,K,,2021,Utah,Kyle Whittingham
https://raw.githubusercontent.com/RKRoberts97/byu_football_tree/refs/heads/main/College/Coaches/College%20Head%20Coaches/Kyle_Whittingham/2021_utah_roster.csv,Jadon Redding,SO,K,,2021,Utah,Kyle Whittingham
https://raw.githubusercontent.com/RKRoberts97/byu_football_tree/refs/heads/main/College/Coaches/College%20Head%20Coaches/Kyle_Whittingham/2021_utah_roster.csv,Jori Benson,FR,DL,,2021,Utah,Kyle Whittingham
https://raw.githubusercontent.com/RKRoberts97/byu_football_tree/refs/heads/main/College/Coaches/College%20Head%20Coaches/Kyle_Whittingham/2021_utah_roster.csv,Jonah Elliss,FR,LB,,2021,Utah,Kyle Whittingham
https://raw.githubusercontent.com/RKRoberts97/byu_football_tree/refs/heads/main/College/Coaches/College%20Head%20Coaches/Kyle_Whittingham/2021_utah_roster.csv,Hayden Furey,SO,LB,,2021,Utah,Kyle Whittingham
https://raw.githubusercontent.com/RKRoberts97/byu_football_tree/refs/heads/main/College/Coaches/College%20Head%20Coaches/Kyle_Whittingham/2021_utah_roster.csv,Devin Lloyd,JR,LB,,2021,Utah,Kyle Whittingham
https://raw.githubusercontent.com/RKRoberts97/byu_football_tree/refs/heads/main/College/Coaches/College%20Head%20Coaches/Kyle_Whittingham/2021_utah_roster.csv,Andrew Mata'afa,SO,LB,,2021,Utah,Kyle Whittingham
https://raw.githubusercontent.com/RKRoberts97/byu_football_tree/refs/heads/main/College/Coaches/College%20Head%20Coaches/Kyle_Whittingham/2021_utah_roster.csv,Karene Reid,FR,LB,,2021,Utah,Kyle Whittingham
https://raw.githubusercontent.com/RKRoberts97/byu_football_tree/refs/heads/main/College/Coaches/College%20Head%20Coaches/Kyle_Whittingham/2021_utah_roster.csv,Trey Reynolds,FR,LB,,2021,Utah,Kyle Whittingham
https://raw.githubusercontent.com/RKRoberts97/byu_football_tree/refs/heads/main/College/Coaches/College%20Head%20Coaches/Kyle_Whittingham/2021_utah_roster.csv,Nephi Sewell,JR,LB,,2021,Utah,Kyle Whittingham
https://raw.githubusercontent.com/RKRoberts97/byu_football_tree/refs/heads/main/College/Coaches/College%20Head%20Coaches/Kyle_Whittingham/2021_utah_roster.csv,Rob Bonar,FR,LB,,2021,Utah,Kyle Whittingham
https://raw.githubusercontent.com/RKRoberts97/byu_football_tree/refs/heads/main/College/Coaches/College%20Head%20Coaches/Kyle_Whittingham/2021_utah_roster.csv,Dylan Brooks,FR,LB,,2021,Utah,Kyle Whittingham
https://raw.githubusercontent.com/RKRoberts97/byu_football_tree/refs/heads/main/College/Coaches/College%20Head%20Coaches/Kyle_Whittingham/2021_utah_roster.csv,Ethan Calvert,FR,LB,,2021,Utah,Kyle Whittingham
https://raw.githubusercontent.com/RKRoberts97/byu_football_tree/refs/heads/main/College/Coaches/College%20Head%20Coaches/Kyle_Whittingham/2021_utah_roster.csv,Josh Calvert,FR,LB,,2021,Utah,Kyle Whittingham
https://raw.githubusercontent.com/RKRoberts97/byu_football_tree/refs/heads/main/College/Coaches/College%20Head%20Coaches/Kyle_Whittingham/2021_utah_roster.csv,Carson Danner,FR,LB,,2021,Utah,Kyle Whittingham
https://raw.githubusercontent.com/RKRoberts97/byu_football_tree/refs/heads/main/College/Coaches/College%20Head%20Coaches/Kyle_Whittingham/2021_utah_roster.csv,Lolani Langi,FR,LB,,2021,Utah,Kyle Whittingham
https://raw.githubusercontent.com/RKRoberts97/byu_football_tree/refs/heads/main/College/Coaches/College%20Head%20Coaches/Kyle_Whittingham/2021_utah_roster.csv,Jeremy Mercier,JR,LB,,2021,Utah,Kyle Whittingham
https://raw.githubusercontent.com/RKRoberts97/byu_football_tree/refs/heads/main/College/Coaches/College%20Head%20Coaches/Kyle_Whittingham/2021_utah_roster.csv,Mason Tufaga,FR,LB,,2021,Utah,Kyle Whittingham
https://raw.githubusercontent.com/RKRoberts97/byu_football_tree/refs/heads/main/College/Coaches/College%20Head%20Coaches/Kyle_Whittingham/2021_utah_roster.csv,Sione Tuha,FR,LB,,2021,Utah,Kyle Whittingham
https://raw.githubusercontent.com/RKRoberts97/byu_football_tree/refs/heads/main/College/Coaches/College%20Head%20Coaches/Kyle_Whittingham/2021_utah_roster.csv,Michael Williams,SO,P,,2021,Utah,Kyle Whittingham
https://raw.githubusercontent.com/RKRoberts97/byu_football_tree/refs/heads/main/College/Coaches/College%20Head%20Coaches/Kyle_Whittingham/2021_utah_roster.csv,Cameron Peasley,FR,P,,2021,Utah,Kyle Whittingham
https://raw.githubusercontent.com/RKRoberts97/byu_football_tree/refs/heads/main/College/Coaches/College%20Head%20Coaches/Kyle_Whittingham/2021_utah_roster.csv,Cole Bishop,FR,S,,2021,Utah,Kyle Whittingham
https://raw.githubusercontent.com/RKRoberts97/byu_football_tree/refs/heads/main/College/Coaches/College%20Head%20Coaches/Kyle_Whittingham/2021_utah_roster.csv,Jatravis Broughton,SO,CB,,2021,Utah,Kyle Whittingham
https://raw.githubusercontent.com/RKRoberts97/byu_football_tree/refs/heads/main/College/Coaches/College%20Head%20Coaches/Kyle_Whittingham/2021_utah_roster.csv,Xavier Carlton,FR,DE,,2021,Utah,Kyle Whittingham
https://raw.githubusercontent.com/RKRoberts97/byu_football_tree/refs/heads/main/College/Coaches/College%20Head%20Coaches/Kyle_Whittingham/2021_utah_roster.csv,Vonte Davis,SR,S,,2021,Utah,Kyle Whittingham
https://raw.githubusercontent.com/RKRoberts97/byu_football_tree/refs/heads/main/College/Coaches/College%20Head%20Coaches/Kyle_Whittingham/2021_utah_roster.csv,Van Fillinger,FR,DE,,2021,Utah,Kyle Whittingham
https://raw.githubusercontent.com/RKRoberts97/byu_football_tree/refs/heads/main/College/Coaches/College%20Head%20Coaches/Kyle_Whittingham/2021_utah_roster.csv,Devin Kaufusi,JR,DT,,2021,Utah,Kyle Whittingham
https://raw.githubusercontent.com/RKRoberts97/byu_football_tree/refs/heads/main/College/Coaches/College%20Head%20Coaches/Kyle_Whittingham/2021_utah_roster.csv,Kamo'i Latu,FR,S,,2021,Utah,Kyle Whittingham
https://raw.githubusercontent.com/RKRoberts97/byu_football_tree/refs/heads/main/College/Coaches/College%20Head%20Coaches/Kyle_Whittingham/2021_utah_roster.csv,Aaron Lowe,SO,CB,,2021,Utah,Kyle Whittingham
https://raw.githubusercontent.com/RKRoberts97/byu_football_tree/refs/heads/main/College/Coaches/College%20Head%20Coaches/Kyle_Whittingham/2021_utah_roster.csv,Faybian Marks,FR,CB,,2021,Utah,Kyle Whittingham
https://raw.githubusercontent.com/RKRoberts97/byu_football_tree/refs/heads/main/College/Coaches/College%20Head%20Coaches/Kyle_Whittingham/2021_utah_roster.csv,Malone Mataele,SO,CB,,2021,Utah,Kyle Whittingham
https://raw.githubusercontent.com/RKRoberts97/byu_football_tree/refs/heads/main/College/Coaches/College%20Head%20Coaches/Kyle_Whittingham/2021_utah_roster.csv,Brandon McKinney,SR,S,,2021,Utah,Kyle Whittingham
https://raw.githubusercontent.com/RKRoberts97/byu_football_tree/refs/heads/main/College/Coaches/College%20Head%20Coaches/Kyle_Whittingham/2021_utah_roster.csv,Viane Moala,SR,DT,,2021,Utah,Kyle Whittingham
https://raw.githubusercontent.com/RKRoberts97/byu_football_tree/refs/heads/main/College/Coaches/College%20Head%20Coaches/Kyle_Whittingham/2021_utah_roster.csv,Clark Phillips III,FR,CB,,2021,Utah,Kyle Whittingham
https://raw.githubusercontent.com/RKRoberts97/byu_football_tree/refs/heads/main/College/Coaches/College%20Head%20Coaches/Kyle_Whittingham/2021_utah_roster.csv,LaCarea Pleasant-Johnson,FR,CB,,2021,Utah,Kyle Whittingham
https://raw.githubusercontent.com/RKRoberts97/byu_football_tree/refs/heads/main/College/Coaches/College%20Head%20Coaches/Kyle_Whittingham/2021_utah_roster.csv,Fua Pututau,SO,DT,,2021,Utah,Kyle Whittingham
https://raw.githubusercontent.com/RKRoberts97/byu_football_tree/refs/heads/main/College/Coaches/College%20Head%20Coaches/Kyle_Whittingham/2021_utah_roster.csv,Hauati Pututau,SR,DT,,2021,Utah,Kyle Whittingham
https://raw.githubusercontent.com/RKRoberts97/byu_football_tree/refs/heads/main/College/Coaches/College%20Head%20Coaches/Kyle_Whittingham/2021_utah_roster.csv,Tennessee Pututau,FR,DT,,2021,Utah,Kyle Whittingham
https://raw.githubusercontent.com/RKRoberts97/byu_football_tree/refs/heads/main/College/Coaches/College%20Head%20Coaches/Kyle_Whittingham/2021_utah_roster.csv,Caine Savage,FR,CB,,2021,Utah,Kyle Whittingham
https://raw.githubusercontent.com/RKRoberts97/byu_football_tree/refs/heads/main/College/Coaches/College%20Head%20Coaches/Kyle_Whittingham/2021_utah_roster.csv,Miki Suguturaga,FR,DE,,2021,Utah,Kyle Whittingham
https://raw.githubusercontent.com/RKRoberts97/byu_football_tree/refs/heads/main/College/Coaches/College%20Head%20Coaches/Kyle_Whittingham/2021_utah_roster.csv,Mika Tafua,JR,DE,,2021,Utah,Kyle Whittingham
https://raw.githubusercontent.com/RKRoberts97/byu_football_tree/refs/heads/main/College/Coaches/College%20Head%20Coaches/Kyle_Whittingham/2021_utah_roster.csv,Junior Tafuna,FR,DT,,2021,Utah,Kyle Whittingham
https://raw.githubusercontent.com/RKRoberts97/byu_football_tree/refs/heads/main/College/Coaches/College%20Head%20Coaches/Kyle_Whittingham/2021_utah_roster.csv,Zemaiah Vaughn,FR,S,,2021,Utah,Kyle Whittingham
https://raw.githubusercontent.com/RKRoberts97/byu_football_tree/refs/heads/main/College/Coaches/College%20Head%20Coaches/Kyle_Whittingham/2021_utah_roster.csv,Aliki Vimahi,FR,DT,,2021,Utah,Kyle Whittingham
https://raw.githubusercontent.com/RKRoberts97/byu_football_tree/refs/heads/main/College/Coaches/College%20Head%20Coaches/Kyle_Whittingham/2021_utah_roster.csv,Kennan Aiono,FR,DE,,2021,Utah,Kyle Whittingham
https://raw.githubusercontent.com/RKRoberts97/byu_football_tree/refs/heads/main/College/Coaches/College%20Head%20Coaches/Kyle_Whittingham/2021_utah_roster.csv,Stone Azarcon,JR,S,,2021,Utah,Kyle Whittingham
https://raw.githubusercontent.com/RKRoberts97/byu_football_tree/refs/heads/main/College/Coaches/College%20Head%20Coaches/Kyle_Whittingham/2021_utah_roster.csv,Jonny Fanaika,FR,DE,,2021,Utah,Kyle Whittingham
https://raw.githubusercontent.com/RKRoberts97/byu_football_tree/refs/heads/main/College/Coaches/College%20Head%20Coaches/Kyle_Whittingham/2021_utah_roster.csv,David Fotu,SO,DT,,2021,Utah,Kyle Whittingham
https://raw.githubusercontent.com/RKRoberts97/byu_football_tree/refs/heads/main/College/Coaches/College%20Head%20Coaches/Kyle_Whittingham/2021_utah_roster.csv,JT Greep,FR,LS,,2021,Utah,Kyle Whittingham
https://raw.githubusercontent.com/RKRoberts97/byu_football_tree/refs/heads/main/College/Coaches/College%20Head%20Coaches/Kyle_Whittingham/2021_utah_roster.csv,Nick Howe,FR,CB,,2021,Utah,Kyle Whittingham
https://raw.githubusercontent.com/RKRoberts97/byu_football_tree/refs/heads/main/College/Coaches/College%20Head%20Coaches/Kyle_Whittingham/2021_utah_roster.csv,R.J. Hubert,JR,S,,2021,Utah,Kyle Whittingham
https://raw.githubusercontent.com/RKRoberts97/byu_football_tree/refs/heads/main/College/Coaches/College%20Head%20Coaches/Kyle_Whittingham/2021_utah_roster.csv,Taka Lautaha,FR,DT,,2021,Utah,Kyle Whittingham
https://raw.githubusercontent.com/RKRoberts97/byu_football_tree/refs/heads/main/College/Coaches/College%20Head%20Coaches/Kyle_Whittingham/2021_utah_roster.csv,Kenzel Lawler,FR,CB,,2021,Utah,Kyle Whittingham
https://raw.githubusercontent.com/RKRoberts97/byu_football_tree/refs/heads/main/College/Coaches/College%20Head%20Coaches/Kyle_Whittingham/2021_utah_roster.csv,Elisha Lloyd,FR,CB,,2021,Utah,Kyle Whittingham
https://raw.githubusercontent.com/RKRoberts97/byu_football_tree/refs/heads/main/College/Coaches/College%20Head%20Coaches/Kyle_Whittingham/2021_utah_roster.csv,Joe Ludwig,JR,FB,,2021,Utah,Kyle Whittingham
https://raw.githubusercontent.com/RKRoberts97/byu_football_tree/refs/heads/main/College/Coaches/College%20Head%20Coaches/Kyle_Whittingham/2021_utah_roster.csv,Keegan Markgraf,SR,LS,,2021,Utah,Kyle Whittingham
https://raw.githubusercontent.com/RKRoberts97/byu_football_tree/refs/heads/main/College/Coaches/College%20Head%20Coaches/Kyle_Whittingham/2021_utah_roster.csv,Jordan McMillan,SO,S,,2021,Utah,Kyle Whittingham
https://raw.githubusercontent.com/RKRoberts97/byu_football_tree/refs/heads/main/College/Coaches/College%20Head%20Coaches/Kyle_Whittingham/2021_utah_roster.csv,Shuhei Mitsumoto,FR,DE,,2021,Utah,Kyle Whittingham
https://raw.githubusercontent.com/RKRoberts97/byu_football_tree/refs/heads/main/College/Coaches/College%20Head%20Coaches/Kyle_Whittingham/2021_utah_roster.csv,Gavin Nawahine,FR,DE,,2021,Utah,Kyle Whittingham
https://raw.githubusercontent.com/RKRoberts97/byu_football_tree/refs/heads/main/College/Coaches/College%20Head%20Coaches/Kyle_Whittingham/2021_utah_roster.csv,Tevita Pahulu,FR,DT,,2021,Utah,Kyle Whittingham
https://raw.githubusercontent.com/RKRoberts97/byu_football_tree/refs/heads/main/College/Coaches/College%20Head%20Coaches/Kyle_Whittingham/2021_utah_roster.csv,Simote Pepa,FR,DT,,2021,Utah,Kyle Whittingham
https://raw.githubusercontent.com/RKRoberts97/byu_football_tree/refs/heads/main/College/Coaches/College%20Head%20Coaches/Kyle_Whittingham/2021_utah_roster.csv,Drew Rawls,FR,CB,,2021,Utah,Kyle Whittingham
https://raw.githubusercontent.com/RKRoberts97/byu_football_tree/refs/heads/main/College/Coaches/College%20Head%20Coaches/Kyle_Whittingham/2021_utah_roster.csv,Ben Renfro,FR,S,,2021,Utah,Kyle Whittingham
https://raw.githubusercontent.com/RKRoberts97/byu_football_tree/refs/heads/main/College/Coaches/College%20Head%20Coaches/Kyle_Whittingham/2021_utah_roster.csv,Elijah Shelton,SO,DE,,2021,Utah,Kyle Whittingham
https://raw.githubusercontent.com/RKRoberts97/byu_football_tree/refs/heads/main/College/Coaches/College%20Head%20Coaches/Kyle_Whittingham/2021_utah_roster.csv,Tyrone Smith,SR,S,,2021,Utah,Kyle Whittingham
https://raw.githubusercontent.com/RKRoberts97/byu_football_tree/refs/heads/main/College/Coaches/College%20Head%20Coaches/Kyle_Whittingham/2021_utah_roster.csv,Darrien Stewart,FR,S,,2021,Utah,Kyle Whittingham
https://raw.githubusercontent.com/RKRoberts97/byu_football_tree/refs/heads/main/College/Coaches/College%20Head%20Coaches/Kyle_Whittingham/2021_utah_roster.csv,Tanoa Togiai,FR,DT,,2021,Utah,Kyle Whittingham
https://raw.githubusercontent.com/RKRoberts97/byu_football_tree/refs/heads/main/College/Coaches/College%20Head%20Coaches/Kyle_Whittingham/2021_utah_roster.csv,Tyler Wegis,FR,DE,,2021,Utah,Kyle Whittingham
https://raw.githubusercontent.com/RKRoberts97/byu_football_tree/refs/heads/main/College/Coaches/College%20Head%20Coaches/Kyle_Whittingham/2022_utah_roster.csv,Cameron Rising,SR,QB,"249 Cmp, 385 Att, 3034 Yds, 26 TD",2022,Utah,Kyle Whittingham
https://raw.githubusercontent.com/RKRoberts97/byu_football_tree/refs/heads/main/College/Coaches/College%20Head%20Coaches/Kyle_Whittingham/2022_utah_roster.csv,Bryson Barnes,JR,QB,"37 Cmp, 57 Att, 430 Yds, 4 TD",2022,Utah,Kyle Whittingham
https://raw.githubusercontent.com/RKRoberts97/byu_football_tree/refs/heads/main/College/Coaches/College%20Head%20Coaches/Kyle_Whittingham/2022_utah_roster.csv,Nate Johnson,SO,QB,"1 Cmp, 1 Att, 16 Yds, 1 TD",2022,Utah,Kyle Whittingham
https://raw.githubusercontent.com/RKRoberts97/byu_football_tree/refs/heads/main/College/Coaches/College%20Head%20Coaches/Kyle_Whittingham/2022_utah_roster.csv,Luke Bottari,SR,QB,,2022,Utah,Kyle Whittingham
https://raw.githubusercontent.com/RKRoberts97/byu_football_tree/refs/heads/main/College/Coaches/College%20Head%20Coaches/Kyle_Whittingham/2022_utah_roster.csv,Brandon Rose,SO,QB,,2022,Utah,Kyle Whittingham
https://raw.githubusercontent.com/RKRoberts97/byu_football_tree/refs/heads/main/College/Coaches/College%20Head%20Coaches/Kyle_Whittingham/2022_utah_roster.csv,Tavion Thomas,SR,RB,"142 Att, 687 Yds, 4.8 Avg",2022,Utah,Kyle Whittingham
https://raw.githubusercontent.com/RKRoberts97/byu_football_tree/refs/heads/main/College/Coaches/College%20Head%20Coaches/Kyle_Whittingham/2022_utah_roster.csv,Micah Bernard,JR,RB,"106 Att, 533 Yds, 5.0 Avg",2022,Utah,Kyle Whittingham
https://raw.githubusercontent.com/RKRoberts97/byu_football_tree/refs/heads/main/College/Coaches/College%20Head%20Coaches/Kyle_Whittingham/2022_utah_roster.csv,Jaylon Glover,SO,RB,"78 Att, 360 Yds, 4.6 Avg",2022,Utah,Kyle Whittingham
https://raw.githubusercontent.com/RKRoberts97/byu_football_tree/refs/heads/main/College/Coaches/College%20Head%20Coaches/Kyle_Whittingham/2022_utah_roster.csv,Ja'Quinden Jackson,SO,RB,"78 Att, 531 Yds, 6.8 Avg",2022,Utah,Kyle Whittingham
https://raw.githubusercontent.com/RKRoberts97/byu_football_tree/refs/heads/main/College/Coaches/College%20Head%20Coaches/Kyle_Whittingham/2022_utah_roster.csv,Charlie Vincent,JR,RB,"17 Att, 60 Yds, 3.5 Avg",2022,Utah,Kyle Whittingham
https://raw.githubusercontent.com/RKRoberts97/byu_football_tree/refs/heads/main/College/Coaches/College%20Head%20Coaches/Kyle_Whittingham/2022_utah_roster.csv,Chris Curry,SR,RB,"12 Att, 81 Yds, 6.8 Avg",2022,Utah,Kyle Whittingham
https://raw.githubusercontent.com/RKRoberts97/byu_football_tree/refs/heads/main/College/Coaches/College%20Head%20Coaches/Kyle_Whittingham/2022_utah_roster.csv,Faysal Aden,JR,RB,,2022,Utah,Kyle Whittingham
https://raw.githubusercontent.com/RKRoberts97/byu_football_tree/refs/heads/main/College/Coaches/College%20Head%20Coaches/Kyle_Whittingham/2022_utah_roster.csv,Jonathan Johnson,SO,RB,,2022,Utah,Kyle Whittingham
https://raw.githubusercontent.com/RKRoberts97/byu_football_tree/refs/heads/main/College/Coaches/College%20Head%20Coaches/Kyle_Whittingham/2022_utah_roster.csv,Ricky Parks,SO,RB,,2022,Utah,Kyle Whittingham
https://raw.githubusercontent.com/RKRoberts97/byu_football_tree/refs/heads/main/College/Coaches/College%20Head%20Coaches/Kyle_Whittingham/2022_utah_roster.csv,Elvis Vakapuna,JR,RB,,2022,Utah,Kyle Whittingham
https://raw.githubusercontent.com/RKRoberts97/byu_football_tree/refs/heads/main/College/Coaches/College%20Head%20Coaches/Kyle_Whittingham/2022_utah_roster.csv,Devaughn Vele,JR,WR,"55 Rec, 695 Yds, 12.6 Avg",2022,Utah,Kyle Whittingham
https://raw.githubusercontent.com/RKRoberts97/byu_football_tree/refs/heads/main/College/Coaches/College%20Head%20Coaches/Kyle_Whittingham/2022_utah_roster.csv,Jaylen Dixon,SR,WR,"33 Rec, 344 Yds, 10.4 Avg",2022,Utah,Kyle Whittingham
https://raw.githubusercontent.com/RKRoberts97/byu_football_tree/refs/heads/main/College/Coaches/College%20Head%20Coaches/Kyle_Whittingham/2022_utah_roster.csv,Money Parks,JR,WR,"26 Rec, 414 Yds, 15.9 Avg",2022,Utah,Kyle Whittingham
https://raw.githubusercontent.com/RKRoberts97/byu_football_tree/refs/heads/main/College/Coaches/College%20Head%20Coaches/Kyle_Whittingham/2022_utah_roster.csv,Tiquan Gilmore,SR,WR,,2022,Utah,Kyle Whittingham
https://raw.githubusercontent.com/RKRoberts97/byu_football_tree/refs/heads/main/College/Coaches/College%20Head%20Coaches/Kyle_Whittingham/2022_utah_roster.csv,Solomon Enis,SR,WR,"12 Rec, 101 Yds, 8.4 Avg",2022,Utah,Kyle Whittingham
https://raw.githubusercontent.com/RKRoberts97/byu_football_tree/refs/heads/main/College/Coaches/College%20Head%20Coaches/Kyle_Whittingham/2022_utah_roster.csv,Makai Cope,SO,WR,"7 Rec, 75 Yds, 10.7 Avg",2022,Utah,Kyle Whittingham
https://raw.githubusercontent.com/RKRoberts97/byu_football_tree/refs/heads/main/College/Coaches/College%20Head%20Coaches/Kyle_Whittingham/2022_utah_roster.csv,Luca Caldarella,JR,WR,,2022,Utah,Kyle Whittingham
https://raw.githubusercontent.com/RKRoberts97/byu_football_tree/refs/heads/main/College/Coaches/College%20Head%20Coaches/Kyle_Whittingham/2022_utah_roster.csv,Tao Johnson,SO,WR,,2022,Utah,Kyle Whittingham
https://raw.githubusercontent.com/RKRoberts97/byu_football_tree/refs/heads/main/College/Coaches/College%20Head%20Coaches/Kyle_Whittingham/2022_utah_roster.csv,Sidney Mbanasor,SO,WR,,2022,Utah,Kyle Whittingham
https://raw.githubusercontent.com/RKRoberts97/byu_football_tree/refs/heads/main/College/Coaches/College%20Head%20Coaches/Kyle_Whittingham/2022_utah_roster.csv,Chris Reed,SO,WR,,2022,Utah,Kyle Whittingham
https://raw.githubusercontent.com/RKRoberts97/byu_football_tree/refs/heads/main/College/Coaches/College%20Head%20Coaches/Kyle_Whittingham/2022_utah_roster.csv,Noah Bennee,SO,WR,,2022,Utah,Kyle Whittingham
https://raw.githubusercontent.com/RKRoberts97/byu_football_tree/refs/heads/main/College/Coaches/College%20Head%20Coaches/Kyle_Whittingham/2022_utah_roster.csv,Collin Edwards,SO,WR,,2022,Utah,Kyle Whittingham
https://raw.githubusercontent.com/RKRoberts97/byu_football_tree/refs/heads/main/College/Coaches/College%20Head%20Coaches/Kyle_Whittingham/2022_utah_roster.csv,Masaki Kudo,SO,WR,,2022,Utah,Kyle Whittingham
https://raw.githubusercontent.com/RKRoberts97/byu_football_tree/refs/heads/main/College/Coaches/College%20Head%20Coaches/Kyle_Whittingham/2022_utah_roster.csv,Jett Meine,SO,WR,,2022,Utah,Kyle Whittingham
https://raw.githubusercontent.com/RKRoberts97/byu_football_tree/refs/heads/main/College/Coaches/College%20Head%20Coaches/Kyle_Whittingham/2022_utah_roster.csv,Pierre Moudourou,SR,WR,,2022,Utah,Kyle Whittingham
https://raw.githubusercontent.com/RKRoberts97/byu_football_tree/refs/heads/main/College/Coaches/College%20Head%20Coaches/Kyle_Whittingham/2022_utah_roster.csv,Dalton Kincaid,SR,TE,"70 Rec, 890 Yds, 12.7 Avg",2022,Utah,Kyle Whittingham
https://raw.githubusercontent.com/RKRoberts97/byu_football_tree/refs/heads/main/College/Coaches/College%20Head%20Coaches/Kyle_Whittingham/2022_utah_roster.csv,Brant Kuithe,SR,TE,"19 Rec, 206 Yds, 10.8 Avg",2022,Utah,Kyle Whittingham
https://raw.githubusercontent.com/RKRoberts97/byu_football_tree/refs/heads/main/College/Coaches/College%20Head%20Coaches/Kyle_Whittingham/2022_utah_roster.csv,Thomas Yassmin,SR,TE,"13 Rec, 301 Yds, 23.2 Avg",2022,Utah,Kyle Whittingham
https://raw.githubusercontent.com/RKRoberts97/byu_football_tree/refs/heads/main/College/Coaches/College%20Head%20Coaches/Kyle_Whittingham/2022_utah_roster.csv,Logan Kendall,SR,TE,"5 Rec, 43 Yds, 8.6 Avg",2022,Utah,Kyle Whittingham
https://raw.githubusercontent.com/RKRoberts97/byu_football_tree/refs/heads/main/College/Coaches/College%20Head%20Coaches/Kyle_Whittingham/2022_utah_roster.csv,Munir McClain,JR,TE,"2 Rec, 18 Yds, 9.0 Avg",2022,Utah,Kyle Whittingham
https://raw.githubusercontent.com/RKRoberts97/byu_football_tree/refs/heads/main/College/Coaches/College%20Head%20Coaches/Kyle_Whittingham/2022_utah_roster.csv,Taniela Pututau,SO,TE,"2 Rec, 17 Yds, 8.5 Avg",2022,Utah,Kyle Whittingham
https://raw.githubusercontent.com/RKRoberts97/byu_football_tree/refs/heads/main/College/Coaches/College%20Head%20Coaches/Kyle_Whittingham/2022_utah_roster.csv,Hayden Erickson,SO,TE,,2022,Utah,Kyle Whittingham
https://raw.githubusercontent.com/RKRoberts97/byu_football_tree/refs/heads/main/College/Coaches/College%20Head%20Coaches/Kyle_Whittingham/2022_utah_roster.csv,Deven Johnson,SO,TE,,2022,Utah,Kyle Whittingham
https://raw.githubusercontent.com/RKRoberts97/byu_football_tree/refs/heads/main/College/Coaches/College%20Head%20Coaches/Kyle_Whittingham/2022_utah_roster.csv,Landon Morris,SO,TE,,2022,Utah,Kyle Whittingham
https://raw.githubusercontent.com/RKRoberts97/byu_football_tree/refs/heads/main/College/Coaches/College%20Head%20Coaches/Kyle_Whittingham/2022_utah_roster.csv,Isaac Vaha,SO,TE,,2022,Utah,Kyle Whittingham
https://raw.githubusercontent.com/RKRoberts97/byu_football_tree/refs/heads/main/College/Coaches/College%20Head%20Coaches/Kyle_Whittingham/2022_utah_roster.csv,Keaton Bills,JR,OL,,2022,Utah,Kyle Whittingham
https://raw.githubusercontent.com/RKRoberts97/byu_football_tree/refs/heads/main/College/Coaches/College%20Head%20Coaches/Kyle_Whittingham/2022_utah_roster.csv,Braedon E. Daniels,SR,OL,,2022,Utah,Kyle Whittingham
https://raw.githubusercontent.com/RKRoberts97/byu_football_tree/refs/heads/main/College/Coaches/College%20Head%20Coaches/Kyle_Whittingham/2022_utah_roster.csv,Kolinu'u Faaiu,SO,OL,,2022,Utah,Kyle Whittingham
https://raw.githubusercontent.com/RKRoberts97/byu_football_tree/refs/heads/main/College/Coaches/College%20Head%20Coaches/Kyle_Whittingham/2022_utah_roster.csv,Falcon Kaumatule,JR,OL,,2022,Utah,Kyle Whittingham
https://raw.githubusercontent.com/RKRoberts97/byu_football_tree/refs/heads/main/College/Coaches/College%20Head%20Coaches/Kyle_Whittingham/2022_utah_roster.csv,Jaren Kump,JR,OL,,2022,Utah,Kyle Whittingham
https://raw.githubusercontent.com/RKRoberts97/byu_football_tree/refs/heads/main/College/Coaches/College%20Head%20Coaches/Kyle_Whittingham/2022_utah_roster.csv,Sataoa Laumea,JR,OL,,2022,Utah,Kyle Whittingham
https://raw.githubusercontent.com/RKRoberts97/byu_football_tree/refs/heads/main/College/Coaches/College%20Head%20Coaches/Kyle_Whittingham/2022_utah_roster.csv,Johnny Maea,SR,OL,,2022,Utah,Kyle Whittingham
https://raw.githubusercontent.com/RKRoberts97/byu_football_tree/refs/heads/main/College/Coaches/College%20Head%20Coaches/Kyle_Whittingham/2022_utah_roster.csv,Paul Maile,SR,OL,,2022,Utah,Kyle Whittingham
https://raw.githubusercontent.com/RKRoberts97/byu_football_tree/refs/heads/main/College/Coaches/College%20Head%20Coaches/Kyle_Whittingham/2022_utah_roster.csv,Michael Mokofisi,SO,OL,,2022,Utah,Kyle Whittingham
https://raw.githubusercontent.com/RKRoberts97/byu_football_tree/refs/heads/main/College/Coaches/College%20Head%20Coaches/Kyle_Whittingham/2022_utah_roster.csv,Tanoa Togiai,SO,OL,,2022,Utah,Kyle Whittingham
https://raw.githubusercontent.com/RKRoberts97/byu_football_tree/refs/heads/main/College/Coaches/College%20Head%20Coaches/Kyle_Whittingham/2022_utah_roster.csv,Zereoue Williams,SO,OL,,2022,Utah,Kyle Whittingham
https://raw.githubusercontent.com/RKRoberts97/byu_football_tree/refs/heads/main/College/Coaches/College%20Head%20Coaches/Kyle_Whittingham/2022_utah_roster.csv,Cody Christensen,SO,OL,,2022,Utah,Kyle Whittingham
https://raw.githubusercontent.com/RKRoberts97/byu_football_tree/refs/heads/main/College/Coaches/College%20Head%20Coaches/Kyle_Whittingham/2022_utah_roster.csv,Hunter Deuel,SO,OL,,2022,Utah,Kyle Whittingham
https://raw.githubusercontent.com/RKRoberts97/byu_football_tree/refs/heads/main/College/Coaches/College%20Head%20Coaches/Kyle_Whittingham/2022_utah_roster.csv,Ridge Harrell,FR,OL,,2022,Utah,Kyle Whittingham
https://raw.githubusercontent.com/RKRoberts97/byu_football_tree/refs/heads/main/College/Coaches/College%20Head%20Coaches/Kyle_Whittingham/2022_utah_roster.csv,Alex Harrison,JR,OL,,2022,Utah,Kyle Whittingham
https://raw.githubusercontent.com/RKRoberts97/byu_football_tree/refs/heads/main/College/Coaches/College%20Head%20Coaches/Kyle_Whittingham/2022_utah_roster.csv,Tyler Knaak,SO,OL,,2022,Utah,Kyle Whittingham
https://raw.githubusercontent.com/RKRoberts97/byu_football_tree/refs/heads/main/College/Coaches/College%20Head%20Coaches/Kyle_Whittingham/2022_utah_roster.csv,Hunter Lotulelei,SO,OL,,2022,Utah,Kyle Whittingham
https://raw.githubusercontent.com/RKRoberts97/byu_football_tree/refs/heads/main/College/Coaches/College%20Head%20Coaches/Kyle_Whittingham/2022_utah_roster.csv,Shintaro Mann,SO,OL,,2022,Utah,Kyle Whittingham
https://raw.githubusercontent.com/RKRoberts97/byu_football_tree/refs/heads/main/College/Coaches/College%20Head%20Coaches/Kyle_Whittingham/2022_utah_roster.csv,Keith Olson,SO,OL,,2022,Utah,Kyle Whittingham
https://raw.githubusercontent.com/RKRoberts97/byu_football_tree/refs/heads/main/College/Coaches/College%20Head%20Coaches/Kyle_Whittingham/2022_utah_roster.csv,Ben Norton,SR,K,,2022,Utah,Kyle Whittingham
https://raw.githubusercontent.com/RKRoberts97/byu_football_tree/refs/heads/main/College/Coaches/College%20Head%20Coaches/Kyle_Whittingham/2022_utah_roster.csv,Jordan Noyes,JR,K,,2022,Utah,Kyle Whittingham
https://raw.githubusercontent.com/RKRoberts97/byu_football_tree/refs/heads/main/College/Coaches/College%20Head%20Coaches/Kyle_Whittingham/2022_utah_roster.csv,Jadon Redding,SR,K,,2022,Utah,Kyle Whittingham
https://raw.githubusercontent.com/RKRoberts97/byu_football_tree/refs/heads/main/College/Coaches/College%20Head%20Coaches/Kyle_Whittingham/2022_utah_roster.csv,Joey Cheek,SO,K,,2022,Utah,Kyle Whittingham
https://raw.githubusercontent.com/RKRoberts97/byu_football_tree/refs/heads/main/College/Coaches/College%20Head%20Coaches/Kyle_Whittingham/2022_utah_roster.csv,Lander Barton,SO,LB,,2022,Utah,Kyle Whittingham
https://raw.githubusercontent.com/RKRoberts97/byu_football_tree/refs/heads/main/College/Coaches/College%20Head%20Coaches/Kyle_Whittingham/2022_utah_roster.csv,Ethan Calvert,SO,LB,,2022,Utah,Kyle Whittingham
https://raw.githubusercontent.com/RKRoberts97/byu_football_tree/refs/heads/main/College/Coaches/College%20Head%20Coaches/Kyle_Whittingham/2022_utah_roster.csv,Josh Calvert,JR,LB,,2022,Utah,Kyle Whittingham
https://raw.githubusercontent.com/RKRoberts97/byu_football_tree/refs/heads/main/College/Coaches/College%20Head%20Coaches/Kyle_Whittingham/2022_utah_roster.csv,Mohamoud Diabate,SR,LB,,2022,Utah,Kyle Whittingham
https://raw.githubusercontent.com/RKRoberts97/byu_football_tree/refs/heads/main/College/Coaches/College%20Head%20Coaches/Kyle_Whittingham/2022_utah_roster.csv,Hayden Furey,SR,LB,,2022,Utah,Kyle Whittingham
https://raw.githubusercontent.com/RKRoberts97/byu_football_tree/refs/heads/main/College/Coaches/College%20Head%20Coaches/Kyle_Whittingham/2022_utah_roster.csv,Lolani Langi,SO,LB,,2022,Utah,Kyle Whittingham
https://raw.githubusercontent.com/RKRoberts97/byu_football_tree/refs/heads/main/College/Coaches/College%20Head%20Coaches/Kyle_Whittingham/2022_utah_roster.csv,Andrew Mata'afa,SR,LB,,2022,Utah,Kyle Whittingham
https://raw.githubusercontent.com/RKRoberts97/byu_football_tree/refs/heads/main/College/Coaches/College%20Head%20Coaches/Kyle_Whittingham/2022_utah_roster.csv,Justin Medlock,SO,LB,,2022,Utah,Kyle Whittingham
https://raw.githubusercontent.com/RKRoberts97/byu_football_tree/refs/heads/main/College/Coaches/College%20Head%20Coaches/Kyle_Whittingham/2022_utah_roster.csv,Karene Reid,JR,LB,,2022,Utah,Kyle Whittingham
https://raw.githubusercontent.com/RKRoberts97/byu_football_tree/refs/heads/main/College/Coaches/College%20Head%20Coaches/Kyle_Whittingham/2022_utah_roster.csv,Mason Tufaga,SO,LB,,2022,Utah,Kyle Whittingham
https://raw.githubusercontent.com/RKRoberts97/byu_football_tree/refs/heads/main/College/Coaches/College%20Head%20Coaches/Kyle_Whittingham/2022_utah_roster.csv,Jack Bouwmeester,FR,P,,2022,Utah,Kyle Whittingham
https://raw.githubusercontent.com/RKRoberts97/byu_football_tree/refs/heads/main/College/Coaches/College%20Head%20Coaches/Kyle_Whittingham/2022_utah_roster.csv,Michael Williams,SR,P,,2022,Utah,Kyle Whittingham
https://raw.githubusercontent.com/RKRoberts97/byu_football_tree/refs/heads/main/College/Coaches/College%20Head%20Coaches/Kyle_Whittingham/2022_utah_roster.csv,Stone Azarcon,SR,S,,2022,Utah,Kyle Whittingham
https://raw.githubusercontent.com/RKRoberts97/byu_football_tree/refs/heads/main/College/Coaches/College%20Head%20Coaches/Kyle_Whittingham/2022_utah_roster.csv,Cole Bishop,JR,S,,2022,Utah,Kyle Whittingham
https://raw.githubusercontent.com/RKRoberts97/byu_football_tree/refs/heads/main/College/Coaches/College%20Head%20Coaches/Kyle_Whittingham/2022_utah_roster.csv,Jatravis Broughton,SR,CB,,2022,Utah,Kyle Whittingham
https://raw.githubusercontent.com/RKRoberts97/byu_football_tree/refs/heads/main/College/Coaches/College%20Head%20Coaches/Kyle_Whittingham/2022_utah_roster.csv,Elijah Davis,SO,CB,,2022,Utah,Kyle Whittingham
https://raw.githubusercontent.com/RKRoberts97/byu_football_tree/refs/heads/main/College/Coaches/College%20Head%20Coaches/Kyle_Whittingham/2022_utah_roster.csv,Jonah Elliss,JR,DE,,2022,Utah,Kyle Whittingham
https://raw.githubusercontent.com/RKRoberts97/byu_football_tree/refs/heads/main/College/Coaches/College%20Head%20Coaches/Kyle_Whittingham/2022_utah_roster.csv,Van Fillinger,JR,DE,,2022,Utah,Kyle Whittingham
https://raw.githubusercontent.com/RKRoberts97/byu_football_tree/refs/heads/main/College/Coaches/College%20Head%20Coaches/Kyle_Whittingham/2022_utah_roster.csv,JT Greep,JR,LS,,2022,Utah,Kyle Whittingham
https://raw.githubusercontent.com/RKRoberts97/byu_football_tree/refs/heads/main/College/Coaches/College%20Head%20Coaches/Kyle_Whittingham/2022_utah_roster.csv,R.J. Hubert,SR,S,,2022,Utah,Kyle Whittingham
https://raw.githubusercontent.com/RKRoberts97/byu_football_tree/refs/heads/main/College/Coaches/College%20Head%20Coaches/Kyle_Whittingham/2022_utah_roster.csv,Clayton Isbell,SR,S,,2022,Utah,Kyle Whittingham
https://raw.githubusercontent.com/RKRoberts97/byu_football_tree/refs/heads/main/College/Coaches/College%20Head%20Coaches/Kyle_Whittingham/2022_utah_roster.csv,Devin Kaufusi,SR,DT,,2022,Utah,Kyle Whittingham
https://raw.githubusercontent.com/RKRoberts97/byu_football_tree/refs/heads/main/College/Coaches/College%20Head%20Coaches/Kyle_Whittingham/2022_utah_roster.csv,Chase Kennedy,SO,DE,,2022,Utah,Kyle Whittingham
https://raw.githubusercontent.com/RKRoberts97/byu_football_tree/refs/heads/main/College/Coaches/College%20Head%20Coaches/Kyle_Whittingham/2022_utah_roster.csv,Kenzel Lawler,SO,CB,,2022,Utah,Kyle Whittingham
https://raw.githubusercontent.com/RKRoberts97/byu_football_tree/refs/heads/main/College/Coaches/College%20Head%20Coaches/Kyle_Whittingham/2022_utah_roster.csv,Jocelyn Malaska,SO,CB,,2022,Utah,Kyle Whittingham
https://raw.githubusercontent.com/RKRoberts97/byu_football_tree/refs/heads/main/College/Coaches/College%20Head%20Coaches/Kyle_Whittingham/2022_utah_roster.csv,Faybian Marks,JR,CB,,2022,Utah,Kyle Whittingham
https://raw.githubusercontent.com/RKRoberts97/byu_football_tree/refs/heads/main/College/Coaches/College%20Head%20Coaches/Kyle_Whittingham/2022_utah_roster.csv,Malone Mataele,SR,CB,,2022,Utah,Kyle Whittingham
https://raw.githubusercontent.com/RKRoberts97/byu_football_tree/refs/heads/main/College/Coaches/College%20Head%20Coaches/Kyle_Whittingham/2022_utah_roster.csv,Connor O'Toole,JR,DE,,2022,Utah,Kyle Whittingham
https://raw.githubusercontent.com/RKRoberts97/byu_football_tree/refs/heads/main/College/Coaches/College%20Head%20Coaches/Kyle_Whittingham/2022_utah_roster.csv,Jadon Pearson,JR,S,,2022,Utah,Kyle Whittingham
https://raw.githubusercontent.com/RKRoberts97/byu_football_tree/refs/heads/main/College/Coaches/College%20Head%20Coaches/Kyle_Whittingham/2022_utah_roster.csv,Simote Pepa,SO,DT,,2022,Utah,Kyle Whittingham
https://raw.githubusercontent.com/RKRoberts97/byu_football_tree/refs/heads/main/College/Coaches/College%20Head%20Coaches/Kyle_Whittingham/2022_utah_roster.csv,Clark Phillips III,JR,CB,,2022,Utah,Kyle Whittingham
https://raw.githubusercontent.com/RKRoberts97/byu_football_tree/refs/heads/main/College/Coaches/College%20Head%20Coaches/Kyle_Whittingham/2022_utah_roster.csv,Fua Pututau,SR,DT,,2022,Utah,Kyle Whittingham
https://raw.githubusercontent.com/RKRoberts97/byu_football_tree/refs/heads/main/College/Coaches/College%20Head%20Coaches/Kyle_Whittingham/2022_utah_roster.csv,Tennessee Pututau,JR,DT,,2022,Utah,Kyle Whittingham
https://raw.githubusercontent.com/RKRoberts97/byu_football_tree/refs/heads/main/College/Coaches/College%20Head%20Coaches/Kyle_Whittingham/2022_utah_roster.csv,Bryson Reeves,JR,S,,2022,Utah,Kyle Whittingham
https://raw.githubusercontent.com/RKRoberts97/byu_football_tree/refs/heads/main/College/Coaches/College%20Head%20Coaches/Kyle_Whittingham/2022_utah_roster.csv,Gabe Reid,SR,DE,,2022,Utah,Kyle Whittingham
https://raw.githubusercontent.com/RKRoberts97/byu_football_tree/refs/heads/main/College/Coaches/College%20Head%20Coaches/Kyle_Whittingham/2022_utah_roster.csv,Caine Savage,JR,CB,,2022,Utah,Kyle Whittingham
https://raw.githubusercontent.com/RKRoberts97/byu_football_tree/refs/heads/main/College/Coaches/College%20Head%20Coaches/Kyle_Whittingham/2022_utah_roster.csv,Darrien Stewart,SO,S,,2022,Utah,Kyle Whittingham
https://raw.githubusercontent.com/RKRoberts97/byu_football_tree/refs/heads/main/College/Coaches/College%20Head%20Coaches/Kyle_Whittingham/2022_utah_roster.csv,Miki Suguturaga,JR,DE,,2022,Utah,Kyle Whittingham
https://raw.githubusercontent.com/RKRoberts97/byu_football_tree/refs/heads/main/College/Coaches/College%20Head%20Coaches/Kyle_Whittingham/2022_utah_roster.csv,Junior Tafuna,JR,DT,,2022,Utah,Kyle Whittingham
https://raw.githubusercontent.com/RKRoberts97/byu_football_tree/refs/heads/main/College/Coaches/College%20Head%20Coaches/Kyle_Whittingham/2022_utah_roster.csv,Keanu Tanuvasa,SO,DT,,2022,Utah,Kyle Whittingham
https://raw.githubusercontent.com/RKRoberts97/byu_football_tree/refs/heads/main/College/Coaches/College%20Head%20Coaches/Kyle_Whittingham/2022_utah_roster.csv,Sione Vaki,SO,S,,2022,Utah,Kyle Whittingham
https://raw.githubusercontent.com/RKRoberts97/byu_football_tree/refs/heads/main/College/Coaches/College%20Head%20Coaches/Kyle_Whittingham/2022_utah_roster.csv,Zemaiah Vaughn,JR,CB,,2022,Utah,Kyle Whittingham
https://raw.githubusercontent.com/RKRoberts97/byu_football_tree/refs/heads/main/College/Coaches/College%20Head%20Coaches/Kyle_Whittingham/2022_utah_roster.csv,Aliki Vimahi,JR,DT,,2022,Utah,Kyle Whittingham
https://raw.githubusercontent.com/RKRoberts97/byu_football_tree/refs/heads/main/College/Coaches/College%20Head%20Coaches/Kyle_Whittingham/2022_utah_roster.csv,Tyler Wegis,SO,DE,,2022,Utah,Kyle Whittingham
https://raw.githubusercontent.com/RKRoberts97/byu_football_tree/refs/heads/main/College/Coaches/College%20Head%20Coaches/Kyle_Whittingham/2022_utah_roster.csv,Ka'eo Akana,SO,DE,,2022,Utah,Kyle Whittingham
https://raw.githubusercontent.com/RKRoberts97/byu_football_tree/refs/heads/main/College/Coaches/College%20Head%20Coaches/Kyle_Whittingham/2022_utah_roster.csv,Logan Castor,SO,LS,,2022,Utah,Kyle Whittingham
https://raw.githubusercontent.com/RKRoberts97/byu_football_tree/refs/heads/main/College/Coaches/College%20Head%20Coaches/Kyle_Whittingham/2022_utah_roster.csv,David Fotu,JR,DT,,2022,Utah,Kyle Whittingham
https://raw.githubusercontent.com/RKRoberts97/byu_football_tree/refs/heads/main/College/Coaches/College%20Head%20Coaches/Kyle_Whittingham/2022_utah_roster.csv,Nick Howe,SO,CB,,2022,Utah,Kyle Whittingham
https://raw.githubusercontent.com/RKRoberts97/byu_football_tree/refs/heads/main/College/Coaches/College%20Head%20Coaches/Kyle_Whittingham/2022_utah_roster.csv,James LeBaron,SO,DE,,2022,Utah,Kyle Whittingham
https://raw.githubusercontent.com/RKRoberts97/byu_football_tree/refs/heads/main/College/Coaches/College%20Head%20Coaches/Kyle_Whittingham/2022_utah_roster.csv,Elisha Lloyd,SO,CB,,2022,Utah,Kyle Whittingham
https://raw.githubusercontent.com/RKRoberts97/byu_football_tree/refs/heads/main/College/Coaches/College%20Head%20Coaches/Kyle_Whittingham/2022_utah_roster.csv,Shuhei Mitsumoto,SO,DE,,2022,Utah,Kyle Whittingham
https://raw.githubusercontent.com/RKRoberts97/byu_football_tree/refs/heads/main/College/Coaches/College%20Head%20Coaches/Kyle_Whittingham/2022_utah_roster.csv,Gavin Nawahine,SO,DE,,2022,Utah,Kyle Whittingham
https://raw.githubusercontent.com/RKRoberts97/byu_football_tree/refs/heads/main/College/Coaches/College%20Head%20Coaches/Kyle_Whittingham/2022_utah_roster.csv,Brock Nowatzke,SO,S,,2022,Utah,Kyle Whittingham
https://raw.githubusercontent.com/RKRoberts97/byu_football_tree/refs/heads/main/College/Coaches/College%20Head%20Coaches/Kyle_Whittingham/2022_utah_roster.csv,Helaman Ofengahue,SO,DE,,2022,Utah,Kyle Whittingham
https://raw.githubusercontent.com/RKRoberts97/byu_football_tree/refs/heads/main/College/Coaches/College%20Head%20Coaches/Kyle_Whittingham/2022_utah_roster.csv,Malae Tanuvasa,SO,S,,2022,Utah,Kyle Whittingham
https://raw.githubusercontent.com/RKRoberts97/byu_football_tree/refs/heads/main/College/Coaches/College%20Head%20Coaches/Kyle_Whittingham/2023_utah_roster.csv,Bryson Barnes,JR,QB,"142 Cmp, 242 Att, 1572 Yds, 12 TD",2023,Utah,Kyle Whittingham
https://raw.githubusercontent.com/RKRoberts97/byu_football_tree/refs/heads/main/College/Coaches/College%20Head%20Coaches/Kyle_Whittingham/2023_utah_roster.csv,Nate Johnson,FR,QB,"39 Cmp, 72 Att, 499 Yds, 3 TD",2023,Utah,Kyle Whittingham
https://raw.githubusercontent.com/RKRoberts97/byu_football_tree/refs/heads/main/College/Coaches/College%20Head%20Coaches/Kyle_Whittingham/2023_utah_roster.csv,Luke Bottari,SR,QB,"7 Cmp, 11 Att, 79 Yds, 0 TD",2023,Utah,Kyle Whittingham
https://raw.githubusercontent.com/RKRoberts97/byu_football_tree/refs/heads/main/College/Coaches/College%20Head%20Coaches/Kyle_Whittingham/2023_utah_roster.csv,Mack Howard,FR,QB,,2023,Utah,Kyle Whittingham
https://raw.githubusercontent.com/RKRoberts97/byu_football_tree/refs/heads/main/College/Coaches/College%20Head%20Coaches/Kyle_Whittingham/2023_utah_roster.csv,Cameron Rising,SR,QB,,2023,Utah,Kyle Whittingham
https://raw.githubusercontent.com/RKRoberts97/byu_football_tree/refs/heads/main/College/Coaches/College%20Head%20Coaches/Kyle_Whittingham/2023_utah_roster.csv,Brandon Rose,FR,QB,,2023,Utah,Kyle Whittingham
https://raw.githubusercontent.com/RKRoberts97/byu_football_tree/refs/heads/main/College/Coaches/College%20Head%20Coaches/Kyle_Whittingham/2023_utah_roster.csv,Steve Smedley,FR,QB,,2023,Utah,Kyle Whittingham
https://raw.githubusercontent.com/RKRoberts97/byu_football_tree/refs/heads/main/College/Coaches/College%20Head%20Coaches/Kyle_Whittingham/2023_utah_roster.csv,Ja'Quinden Jackson,SO,RB,"161 Att, 797 Yds, 5.0 Avg",2023,Utah,Kyle Whittingham
https://raw.githubusercontent.com/RKRoberts97/byu_football_tree/refs/heads/main/College/Coaches/College%20Head%20Coaches/Kyle_Whittingham/2023_utah_roster.csv,Jaylon Glover,SO,RB,"137 Att, 562 Yds, 4.1 Avg",2023,Utah,Kyle Whittingham
https://raw.githubusercontent.com/RKRoberts97/byu_football_tree/refs/heads/main/College/Coaches/College%20Head%20Coaches/Kyle_Whittingham/2023_utah_roster.csv,Micah Bernard,JR,RB,"16 Att, 76 Yds, 4.8 Avg",2023,Utah,Kyle Whittingham
https://raw.githubusercontent.com/RKRoberts97/byu_football_tree/refs/heads/main/College/Coaches/College%20Head%20Coaches/Kyle_Whittingham/2023_utah_roster.csv,Charlie Vincent,JR,RB,"9 Att, 48 Yds, 5.3 Avg",2023,Utah,Kyle Whittingham
https://raw.githubusercontent.com/RKRoberts97/byu_football_tree/refs/heads/main/College/Coaches/College%20Head%20Coaches/Kyle_Whittingham/2023_utah_roster.csv,Chris Curry,SR,RB,"8 Att, 28 Yds, 3.5 Avg",2023,Utah,Kyle Whittingham
https://raw.githubusercontent.com/RKRoberts97/byu_football_tree/refs/heads/main/College/Coaches/College%20Head%20Coaches/Kyle_Whittingham/2023_utah_roster.csv,Dijon Stanley,FR,RB,"6 Att, 1 Yds, 0.2 Avg",2023,Utah,Kyle Whittingham
https://raw.githubusercontent.com/RKRoberts97/byu_football_tree/refs/heads/main/College/Coaches/College%20Head%20Coaches/Kyle_Whittingham/2023_utah_roster.csv,Daniel Wood,FR,RB,"5 Att, 18 Yds, 3.6 Avg",2023,Utah,Kyle Whittingham
https://raw.githubusercontent.com/RKRoberts97/byu_football_tree/refs/heads/main/College/Coaches/College%20Head%20Coaches/Kyle_Whittingham/2023_utah_roster.csv,John Randle Jr.,FR,RB,"2 Att, 3 Yds, 1.5 Avg",2023,Utah,Kyle Whittingham
https://raw.githubusercontent.com/RKRoberts97/byu_football_tree/refs/heads/main/College/Coaches/College%20Head%20Coaches/Kyle_Whittingham/2023_utah_roster.csv,Mike Mitchell,FR,RB,,2023,Utah,Kyle Whittingham
https://raw.githubusercontent.com/RKRoberts97/byu_football_tree/refs/heads/main/College/Coaches/College%20Head%20Coaches/Kyle_Whittingham/2023_utah_roster.csv,Hunter Schroeder,FR,RB,,2023,Utah,Kyle Whittingham
https://raw.githubusercontent.com/RKRoberts97/byu_football_tree/refs/heads/main/College/Coaches/College%20Head%20Coaches/Kyle_Whittingham/2023_utah_roster.csv,Devaughn Vele,JR,WR,"43 Rec, 593 Yds, 13.8 Avg",2023,Utah,Kyle Whittingham
https://raw.githubusercontent.com/RKRoberts97/byu_football_tree/refs/heads/main/College/Coaches/College%20Head%20Coaches/Kyle_Whittingham/2023_utah_roster.csv,Money Parks,JR,WR,"31 Rec, 293 Yds, 9.5 Avg",2023,Utah,Kyle Whittingham
https://raw.githubusercontent.com/RKRoberts97/byu_football_tree/refs/heads/main/College/Coaches/College%20Head%20Coaches/Kyle_Whittingham/2023_utah_roster.csv,Landen King,SO,WR,"14 Rec, 166 Yds, 11.9 Avg",2023,Utah,Kyle Whittingham
https://raw.githubusercontent.com/RKRoberts97/byu_football_tree/refs/heads/main/College/Coaches/College%20Head%20Coaches/Kyle_Whittingham/2023_utah_roster.csv,Mikey Matthews,FR,WR,"29 Rec, 261 Yds, 9.0 Avg",2023,Utah,Kyle Whittingham
https://raw.githubusercontent.com/RKRoberts97/byu_football_tree/refs/heads/main/College/Coaches/College%20Head%20Coaches/Kyle_Whittingham/2023_utah_roster.csv,Mycah Pittman,SR,WR,"3 Rec, 20 Yds, 6.7 Avg",2023,Utah,Kyle Whittingham
https://raw.githubusercontent.com/RKRoberts97/byu_football_tree/refs/heads/main/College/Coaches/College%20Head%20Coaches/Kyle_Whittingham/2023_utah_roster.csv,Munir McClain,JR,WR,"15 Rec, 269 Yds, 17.9 Avg",2023,Utah,Kyle Whittingham
https://raw.githubusercontent.com/RKRoberts97/byu_football_tree/refs/heads/main/College/Coaches/College%20Head%20Coaches/Kyle_Whittingham/2023_utah_roster.csv,Luca Caldarella,JR,WR,"3 Rec, 31 Yds, 10.3 Avg",2023,Utah,Kyle Whittingham
https://raw.githubusercontent.com/RKRoberts97/byu_football_tree/refs/heads/main/College/Coaches/College%20Head%20Coaches/Kyle_Whittingham/2023_utah_roster.csv,Emery Simmons,SR,WR,"1 Rec, 2 Yds, 2.0 Avg",2023,Utah,Kyle Whittingham
https://raw.githubusercontent.com/RKRoberts97/byu_football_tree/refs/heads/main/College/Coaches/College%20Head%20Coaches/Kyle_Whittingham/2023_utah_roster.csv,Makai Cope,SO,WR,,2023,Utah,Kyle Whittingham
https://raw.githubusercontent.com/RKRoberts97/byu_football_tree/refs/heads/main/College/Coaches/College%20Head%20Coaches/Kyle_Whittingham/2023_utah_roster.csv,Sidney Mbanasor,FR,WR,,2023,Utah,Kyle Whittingham
https://raw.githubusercontent.com/RKRoberts97/byu_football_tree/refs/heads/main/College/Coaches/College%20Head%20Coaches/Kyle_Whittingham/2023_utah_roster.csv,Kaimana Hanohano,FR,WR,,2023,Utah,Kyle Whittingham
https://raw.githubusercontent.com/RKRoberts97/byu_football_tree/refs/heads/main/College/Coaches/College%20Head%20Coaches/Kyle_Whittingham/2023_utah_roster.csv,Jett Meine,FR,WR,,2023,Utah,Kyle Whittingham
https://raw.githubusercontent.com/RKRoberts97/byu_football_tree/refs/heads/main/College/Coaches/College%20Head%20Coaches/Kyle_Whittingham/2023_utah_roster.csv,Peyton Rice,FR,WR,,2023,Utah,Kyle Whittingham
https://raw.githubusercontent.com/RKRoberts97/byu_football_tree/refs/heads/main/College/Coaches/College%20Head%20Coaches/Kyle_Whittingham/2023_utah_roster.csv,Josh Rose,SR,WR,,2023,Utah,Kyle Whittingham
https://raw.githubusercontent.com/RKRoberts97/byu_football_tree/refs/heads/main/College/Coaches/College%20Head%20Coaches/Kyle_Whittingham/2023_utah_roster.csv,Daidren Zipperer,FR,WR,,2023,Utah,Kyle Whittingham
https://raw.githubusercontent.com/RKRoberts97/byu_football_tree/refs/heads/main/College/Coaches/College%20Head%20Coaches/Kyle_Whittingham/2023_utah_roster.csv,Thomas Yassmin,SR,TE,"8 Rec, 89 Yds, 11.1 Avg",2023,Utah,Kyle Whittingham
https://raw.githubusercontent.com/RKRoberts97/byu_football_tree/refs/heads/main/College/Coaches/College%20Head%20Coaches/Kyle_Whittingham/2023_utah_roster.csv,Miki Suguturaga,JR,TE,"4 Rec, 42 Yds, 10.5 Avg",2023,Utah,Kyle Whittingham
https://raw.githubusercontent.com/RKRoberts97/byu_football_tree/refs/heads/main/College/Coaches/College%20Head%20Coaches/Kyle_Whittingham/2023_utah_roster.csv,Dallen Bentley,SO,TE,"1 Rec, 5 Yds, 5.0 Avg",2023,Utah,Kyle Whittingham
https://raw.githubusercontent.com/RKRoberts97/byu_football_tree/refs/heads/main/College/Coaches/College%20Head%20Coaches/Kyle_Whittingham/2023_utah_roster.csv,Noah Bennee,SO,TE,,2023,Utah,Kyle Whittingham
https://raw.githubusercontent.com/RKRoberts97/byu_football_tree/refs/heads/main/College/Coaches/College%20Head%20Coaches/Kyle_Whittingham/2023_utah_roster.csv,Cody Christensen,FR,TE,,2023,Utah,Kyle Whittingham
https://raw.githubusercontent.com/RKRoberts97/byu_football_tree/refs/heads/main/College/Coaches/College%20Head%20Coaches/Kyle_Whittingham/2023_utah_roster.csv,Hayden Erickson,SO,TE,,2023,Utah,Kyle Whittingham
https://raw.githubusercontent.com/RKRoberts97/byu_football_tree/refs/heads/main/College/Coaches/College%20Head%20Coaches/Kyle_Whittingham/2023_utah_roster.csv,CJ Jacobsen,FR,TE,,2023,Utah,Kyle Whittingham
https://raw.githubusercontent.com/RKRoberts97/byu_football_tree/refs/heads/main/College/Coaches/College%20Head%20Coaches/Kyle_Whittingham/2023_utah_roster.csv,Brant Kuithe,SR,TE,,2023,Utah,Kyle Whittingham
https://raw.githubusercontent.com/RKRoberts97/byu_football_tree/refs/heads/main/College/Coaches/College%20Head%20Coaches/Kyle_Whittingham/2023_utah_roster.csv,Luke Tucker,FR,TE,,2023,Utah,Kyle Whittingham
https://raw.githubusercontent.com/RKRoberts97/byu_football_tree/refs/heads/main/College/Coaches/College%20Head%20Coaches/Kyle_Whittingham/2023_utah_roster.csv,Keaton Bills,JR,OL,,2023,Utah,Kyle Whittingham
https://raw.githubusercontent.com/RKRoberts97/byu_football_tree/refs/heads/main/College/Coaches/College%20Head%20Coaches/Kyle_Whittingham/2023_utah_roster.csv,Kolinu'u Faaiu,SO,OL,,2023,Utah,Kyle Whittingham
https://raw.githubusercontent.com/RKRoberts97/byu_football_tree/refs/heads/main/College/Coaches/College%20Head%20Coaches/Kyle_Whittingham/2023_utah_roster.csv,Spencer Fano,FR,OL,,2023,Utah,Kyle Whittingham
https://raw.githubusercontent.com/RKRoberts97/byu_football_tree/refs/heads/main/College/Coaches/College%20Head%20Coaches/Kyle_Whittingham/2023_utah_roster.csv,Alex Harrison,JR,OL,,2023,Utah,Kyle Whittingham
https://raw.githubusercontent.com/RKRoberts97/byu_football_tree/refs/heads/main/College/Coaches/College%20Head%20Coaches/Kyle_Whittingham/2023_utah_roster.csv,Falcon Kaumatule,JR,OL,,2023,Utah,Kyle Whittingham
https://raw.githubusercontent.com/RKRoberts97/byu_football_tree/refs/heads/main/College/Coaches/College%20Head%20Coaches/Kyle_Whittingham/2023_utah_roster.csv,Jaren Kump,SO,OL,,2023,Utah,Kyle Whittingham
https://raw.githubusercontent.com/RKRoberts97/byu_football_tree/refs/heads/main/College/Coaches/College%20Head%20Coaches/Kyle_Whittingham/2023_utah_roster.csv,Sataoa Laumea,JR,OL,,2023,Utah,Kyle Whittingham
https://raw.githubusercontent.com/RKRoberts97/byu_football_tree/refs/heads/main/College/Coaches/College%20Head%20Coaches/Kyle_Whittingham/2023_utah_roster.csv,Caleb Lomu,FR,OL,,2023,Utah,Kyle Whittingham
https://raw.githubusercontent.com/RKRoberts97/byu_football_tree/refs/heads/main/College/Coaches/College%20Head%20Coaches/Kyle_Whittingham/2023_utah_roster.csv,Johnny Maea,SR,OL,,2023,Utah,Kyle Whittingham
https://raw.githubusercontent.com/RKRoberts97/byu_football_tree/refs/heads/main/College/Coaches/College%20Head%20Coaches/Kyle_Whittingham/2023_utah_roster.csv,Solatoa Moea'i,FR,OL,,2023,Utah,Kyle Whittingham
https://raw.githubusercontent.com/RKRoberts97/byu_football_tree/refs/heads/main/College/Coaches/College%20Head%20Coaches/Kyle_Whittingham/2023_utah_roster.csv,Michael Mokofisi,SO,OL,,2023,Utah,Kyle Whittingham
https://raw.githubusercontent.com/RKRoberts97/byu_football_tree/refs/heads/main/College/Coaches/College%20Head%20Coaches/Kyle_Whittingham/2023_utah_roster.csv,Tanoa Togiai,SO,OL,,2023,Utah,Kyle Whittingham
https://raw.githubusercontent.com/RKRoberts97/byu_football_tree/refs/heads/main/College/Coaches/College%20Head%20Coaches/Kyle_Whittingham/2023_utah_roster.csv,Roger Alderman,FR,OL,,2023,Utah,Kyle Whittingham
https://raw.githubusercontent.com/RKRoberts97/byu_football_tree/refs/heads/main/College/Coaches/College%20Head%20Coaches/Kyle_Whittingham/2023_utah_roster.csv,Hunter Deuel,FR,OL,,2023,Utah,Kyle Whittingham
https://raw.githubusercontent.com/RKRoberts97/byu_football_tree/refs/heads/main/College/Coaches/College%20Head%20Coaches/Kyle_Whittingham/2023_utah_roster.csv,Jacob Edmonds,FR,OL,,2023,Utah,Kyle Whittingham
https://raw.githubusercontent.com/RKRoberts97/byu_football_tree/refs/heads/main/College/Coaches/College%20Head%20Coaches/Kyle_Whittingham/2023_utah_roster.csv,Shintaro Mann,JR,OL,,2023,Utah,Kyle Whittingham
https://raw.githubusercontent.com/RKRoberts97/byu_football_tree/refs/heads/main/College/Coaches/College%20Head%20Coaches/Kyle_Whittingham/2023_utah_roster.csv,Keith Olson,FR,OL,,2023,Utah,Kyle Whittingham
https://raw.githubusercontent.com/RKRoberts97/byu_football_tree/refs/heads/main/College/Coaches/College%20Head%20Coaches/Kyle_Whittingham/2023_utah_roster.csv,Isaia Thompson,FR,OL,,2023,Utah,Kyle Whittingham
https://raw.githubusercontent.com/RKRoberts97/byu_football_tree/refs/heads/main/College/Coaches/College%20Head%20Coaches/Kyle_Whittingham/2023_utah_roster.csv,Zereoue Williams,SO,OL,,2023,Utah,Kyle Whittingham
https://raw.githubusercontent.com/RKRoberts97/byu_football_tree/refs/heads/main/College/Coaches/College%20Head%20Coaches/Kyle_Whittingham/2023_utah_roster.csv,Joey Cheek,FR,K,,2023,Utah,Kyle Whittingham
https://raw.githubusercontent.com/RKRoberts97/byu_football_tree/refs/heads/main/College/Coaches/College%20Head%20Coaches/Kyle_Whittingham/2023_utah_roster.csv,Cole Becker,JR,K,,2023,Utah,Kyle Whittingham
https://raw.githubusercontent.com/RKRoberts97/byu_football_tree/refs/heads/main/College/Coaches/College%20Head%20Coaches/Kyle_Whittingham/2023_utah_roster.csv,Chase Carter,SR,K,,2023,Utah,Kyle Whittingham
https://raw.githubusercontent.com/RKRoberts97/byu_football_tree/refs/heads/main/College/Coaches/College%20Head%20Coaches/Kyle_Whittingham/2023_utah_roster.csv,Tanner Cragun,FR,K,,2023,Utah,Kyle Whittingham
https://raw.githubusercontent.com/RKRoberts97/byu_football_tree/refs/heads/main/College/Coaches/College%20Head%20Coaches/Kyle_Whittingham/2023_utah_roster.csv,Lander Barton,SO,LB,,2023,Utah,Kyle Whittingham
https://raw.githubusercontent.com/RKRoberts97/byu_football_tree/refs/heads/main/College/Coaches/College%20Head%20Coaches/Kyle_Whittingham/2023_utah_roster.csv,Josh Calvert,JR,LB,,2023,Utah,Kyle Whittingham
https://raw.githubusercontent.com/RKRoberts97/byu_football_tree/refs/heads/main/College/Coaches/College%20Head%20Coaches/Kyle_Whittingham/2023_utah_roster.csv,Owen Chambliss,FR,LB,,2023,Utah,Kyle Whittingham
https://raw.githubusercontent.com/RKRoberts97/byu_football_tree/refs/heads/main/College/Coaches/College%20Head%20Coaches/Kyle_Whittingham/2023_utah_roster.csv,Levani Damuni,SR,LB,,2023,Utah,Kyle Whittingham
https://raw.githubusercontent.com/RKRoberts97/byu_football_tree/refs/heads/main/College/Coaches/College%20Head%20Coaches/Kyle_Whittingham/2023_utah_roster.csv,Sione Fotu,FR,LB,,2023,Utah,Kyle Whittingham
https://raw.githubusercontent.com/RKRoberts97/byu_football_tree/refs/heads/main/College/Coaches/College%20Head%20Coaches/Kyle_Whittingham/2023_utah_roster.csv,Hayden Furey,SR,LB,,2023,Utah,Kyle Whittingham
https://raw.githubusercontent.com/RKRoberts97/byu_football_tree/refs/heads/main/College/Coaches/College%20Head%20Coaches/Kyle_Whittingham/2023_utah_roster.csv,Justin Medlock,FR,LB,,2023,Utah,Kyle Whittingham
https://raw.githubusercontent.com/RKRoberts97/byu_football_tree/refs/heads/main/College/Coaches/College%20Head%20Coaches/Kyle_Whittingham/2023_utah_roster.csv,Karene Reid,JR,LB,,2023,Utah,Kyle Whittingham
https://raw.githubusercontent.com/RKRoberts97/byu_football_tree/refs/heads/main/College/Coaches/College%20Head%20Coaches/Kyle_Whittingham/2023_utah_roster.csv,Jason Siaosi,SR,LB,,2023,Utah,Kyle Whittingham
https://raw.githubusercontent.com/RKRoberts97/byu_football_tree/refs/heads/main/College/Coaches/College%20Head%20Coaches/Kyle_Whittingham/2023_utah_roster.csv,Spencer Clegg,FR,LB,,2023,Utah,Kyle Whittingham
https://raw.githubusercontent.com/RKRoberts97/byu_football_tree/refs/heads/main/College/Coaches/College%20Head%20Coaches/Kyle_Whittingham/2023_utah_roster.csv,Shay O'Kelly,FR,LB,,2023,Utah,Kyle Whittingham
https://raw.githubusercontent.com/RKRoberts97/byu_football_tree/refs/heads/main/College/Coaches/College%20Head%20Coaches/Kyle_Whittingham/2023_utah_roster.csv,Jack Bouwmeester,SO,P,,2023,Utah,Kyle Whittingham
https://raw.githubusercontent.com/RKRoberts97/byu_football_tree/refs/heads/main/College/Coaches/College%20Head%20Coaches/Kyle_Whittingham/2023_utah_roster.csv,Nathan Price,SO,P,,2023,Utah,Kyle Whittingham
https://raw.githubusercontent.com/RKRoberts97/byu_football_tree/refs/heads/main/College/Coaches/College%20Head%20Coaches/Kyle_Whittingham/2023_utah_roster.csv,Sione Vaki,SO,S,,2023,Utah,Kyle Whittingham
https://raw.githubusercontent.com/RKRoberts97/byu_football_tree/refs/heads/main/College/Coaches/College%20Head%20Coaches/Kyle_Whittingham/2023_utah_roster.csv,Ka'eo Akana,FR,DE,,2023,Utah,Kyle Whittingham
https://raw.githubusercontent.com/RKRoberts97/byu_football_tree/refs/heads/main/College/Coaches/College%20Head%20Coaches/Kyle_Whittingham/2023_utah_roster.csv,Briton Allen,JR,S,,2023,Utah,Kyle Whittingham
https://raw.githubusercontent.com/RKRoberts97/byu_football_tree/refs/heads/main/College/Coaches/College%20Head%20Coaches/Kyle_Whittingham/2023_utah_roster.csv,Miles Battle,SR,CB,,2023,Utah,Kyle Whittingham
https://raw.githubusercontent.com/RKRoberts97/byu_football_tree/refs/heads/main/College/Coaches/College%20Head%20Coaches/Kyle_Whittingham/2023_utah_roster.csv,Cole Bishop,JR,S,,2023,Utah,Kyle Whittingham
https://raw.githubusercontent.com/RKRoberts97/byu_football_tree/refs/heads/main/College/Coaches/College%20Head%20Coaches/Kyle_Whittingham/2023_utah_roster.csv,CJ Blocker,FR,CB,,2023,Utah,Kyle Whittingham
https://raw.githubusercontent.com/RKRoberts97/byu_football_tree/refs/heads/main/College/Coaches/College%20Head%20Coaches/Kyle_Whittingham/2023_utah_roster.csv,Jatravis Broughton,SR,CB,,2023,Utah,Kyle Whittingham
https://raw.githubusercontent.com/RKRoberts97/byu_football_tree/refs/heads/main/College/Coaches/College%20Head%20Coaches/Kyle_Whittingham/2023_utah_roster.csv,Elijah Davis,FR,CB,,2023,Utah,Kyle Whittingham
https://raw.githubusercontent.com/RKRoberts97/byu_football_tree/refs/heads/main/College/Coaches/College%20Head%20Coaches/Kyle_Whittingham/2023_utah_roster.csv,Jonah Elliss,JR,DE,,2023,Utah,Kyle Whittingham
https://raw.githubusercontent.com/RKRoberts97/byu_football_tree/refs/heads/main/College/Coaches/College%20Head%20Coaches/Kyle_Whittingham/2023_utah_roster.csv,Logan Fano,FR,DE,,2023,Utah,Kyle Whittingham
https://raw.githubusercontent.com/RKRoberts97/byu_football_tree/refs/heads/main/College/Coaches/College%20Head%20Coaches/Kyle_Whittingham/2023_utah_roster.csv,Van Fillinger,JR,DE,,2023,Utah,Kyle Whittingham
https://raw.githubusercontent.com/RKRoberts97/byu_football_tree/refs/heads/main/College/Coaches/College%20Head%20Coaches/Kyle_Whittingham/2023_utah_roster.csv,David Fotu,SO,DT,,2023,Utah,Kyle Whittingham
https://raw.githubusercontent.com/RKRoberts97/byu_football_tree/refs/heads/main/College/Coaches/College%20Head%20Coaches/Kyle_Whittingham/2023_utah_roster.csv,JT Greep,JR,LS,,2023,Utah,Kyle Whittingham
https://raw.githubusercontent.com/RKRoberts97/byu_football_tree/refs/heads/main/College/Coaches/College%20Head%20Coaches/Kyle_Whittingham/2023_utah_roster.csv,Johnathan Hall,FR,S,,2023,Utah,Kyle Whittingham
https://raw.githubusercontent.com/RKRoberts97/byu_football_tree/refs/heads/main/College/Coaches/College%20Head%20Coaches/Kyle_Whittingham/2023_utah_roster.csv,Nick Howe,SO,CB,,2023,Utah,Kyle Whittingham
https://raw.githubusercontent.com/RKRoberts97/byu_football_tree/refs/heads/main/College/Coaches/College%20Head%20Coaches/Kyle_Whittingham/2023_utah_roster.csv,Tao Johnson,FR,CB,,2023,Utah,Kyle Whittingham
https://raw.githubusercontent.com/RKRoberts97/byu_football_tree/refs/heads/main/College/Coaches/College%20Head%20Coaches/Kyle_Whittingham/2023_utah_roster.csv,Chase Kennedy,FR,DE,,2023,Utah,Kyle Whittingham
https://raw.githubusercontent.com/RKRoberts97/byu_football_tree/refs/heads/main/College/Coaches/College%20Head%20Coaches/Kyle_Whittingham/2023_utah_roster.csv,Kenzel Lawler,SO,CB,,2023,Utah,Kyle Whittingham
https://raw.githubusercontent.com/RKRoberts97/byu_football_tree/refs/heads/main/College/Coaches/College%20Head%20Coaches/Kyle_Whittingham/2023_utah_roster.csv,Jonah Lea'ea,FR,DE,,2023,Utah,Kyle Whittingham
https://raw.githubusercontent.com/RKRoberts97/byu_football_tree/refs/heads/main/College/Coaches/College%20Head%20Coaches/Kyle_Whittingham/2023_utah_roster.csv,Jocelyn Malaska,FR,CB,,2023,Utah,Kyle Whittingham
https://raw.githubusercontent.com/RKRoberts97/byu_football_tree/refs/heads/main/College/Coaches/College%20Head%20Coaches/Kyle_Whittingham/2023_utah_roster.csv,Faybian Marks,JR,CB,,2023,Utah,Kyle Whittingham
https://raw.githubusercontent.com/RKRoberts97/byu_football_tree/refs/heads/main/College/Coaches/College%20Head%20Coaches/Kyle_Whittingham/2023_utah_roster.csv,Gavin Nawahine,SO,DE,,2023,Utah,Kyle Whittingham
https://raw.githubusercontent.com/RKRoberts97/byu_football_tree/refs/heads/main/College/Coaches/College%20Head%20Coaches/Kyle_Whittingham/2023_utah_roster.csv,Connor O'Toole,JR,DE,,2023,Utah,Kyle Whittingham
https://raw.githubusercontent.com/RKRoberts97/byu_football_tree/refs/heads/main/College/Coaches/College%20Head%20Coaches/Kyle_Whittingham/2023_utah_roster.csv,Helaman Ofengahue,FR,DE,,2023,Utah,Kyle Whittingham
https://raw.githubusercontent.com/RKRoberts97/byu_football_tree/refs/heads/main/College/Coaches/College%20Head%20Coaches/Kyle_Whittingham/2023_utah_roster.csv,Jadon Pearson,JR,S,,2023,Utah,Kyle Whittingham
https://raw.githubusercontent.com/RKRoberts97/byu_football_tree/refs/heads/main/College/Coaches/College%20Head%20Coaches/Kyle_Whittingham/2023_utah_roster.csv,Simote Pepa,SO,DT,,2023,Utah,Kyle Whittingham
https://raw.githubusercontent.com/RKRoberts97/byu_football_tree/refs/heads/main/College/Coaches/College%20Head%20Coaches/Kyle_Whittingham/2023_utah_roster.csv,Nate Ritchie,FR,S,,2023,Utah,Kyle Whittingham
https://raw.githubusercontent.com/RKRoberts97/byu_football_tree/refs/heads/main/College/Coaches/College%20Head%20Coaches/Kyle_Whittingham/2023_utah_roster.csv,Smith Snowden,FR,CB,,2023,Utah,Kyle Whittingham
https://raw.githubusercontent.com/RKRoberts97/byu_football_tree/refs/heads/main/College/Coaches/College%20Head%20Coaches/Kyle_Whittingham/2023_utah_roster.csv,Darrien Stewart,SO,S,,2023,Utah,Kyle Whittingham
https://raw.githubusercontent.com/RKRoberts97/byu_football_tree/refs/heads/main/College/Coaches/College%20Head%20Coaches/Kyle_Whittingham/2023_utah_roster.csv,Junior Tafuna,JR,DT,,2023,Utah,Kyle Whittingham
https://raw.githubusercontent.com/RKRoberts97/byu_football_tree/refs/heads/main/College/Coaches/College%20Head%20Coaches/Kyle_Whittingham/2023_utah_roster.csv,Keanu Tanuvasa,FR,DT,,2023,Utah,Kyle Whittingham
https://raw.githubusercontent.com/RKRoberts97/byu_football_tree/refs/heads/main/College/Coaches/College%20Head%20Coaches/Kyle_Whittingham/2023_utah_roster.csv,Zemaiah Vaughn,JR,CB,,2023,Utah,Kyle Whittingham
https://raw.githubusercontent.com/RKRoberts97/byu_football_tree/refs/heads/main/College/Coaches/College%20Head%20Coaches/Kyle_Whittingham/2023_utah_roster.csv,Aliki Vimahi,JR,DT,,2023,Utah,Kyle Whittingham
https://raw.githubusercontent.com/RKRoberts97/byu_football_tree/refs/heads/main/College/Coaches/College%20Head%20Coaches/Kyle_Whittingham/2023_utah_roster.csv,Justice Brusatto,SO,LS,,2023,Utah,Kyle Whittingham
https://raw.githubusercontent.com/RKRoberts97/byu_football_tree/refs/heads/main/College/Coaches/College%20Head%20Coaches/Kyle_Whittingham/2023_utah_roster.csv,Logan Castor,SO,LS,,2023,Utah,Kyle Whittingham
https://raw.githubusercontent.com/RKRoberts97/byu_football_tree/refs/heads/main/College/Coaches/College%20Head%20Coaches/Kyle_Whittingham/2023_utah_roster.csv,Ben Durham,FR,S,,2023,Utah,Kyle Whittingham
https://raw.githubusercontent.com/RKRoberts97/byu_football_tree/refs/heads/main/College/Coaches/College%20Head%20Coaches/Kyle_Whittingham/2023_utah_roster.csv,Austin Keetch,FR,S,,2023,Utah,Kyle Whittingham
https://raw.githubusercontent.com/RKRoberts97/byu_football_tree/refs/heads/main/College/Coaches/College%20Head%20Coaches/Kyle_Whittingham/2023_utah_roster.csv,Austin LaRue,FR,DT,,2023,Utah,Kyle Whittingham
https://raw.githubusercontent.com/RKRoberts97/byu_football_tree/refs/heads/main/College/Coaches/College%20Head%20Coaches/Kyle_Whittingham/2023_utah_roster.csv,Taka Lautaha,FR,DT,,2023,Utah,Kyle Whittingham
https://raw.githubusercontent.com/RKRoberts97/byu_football_tree/refs/heads/main/College/Coaches/College%20Head%20Coaches/Kyle_Whittingham/2023_utah_roster.csv,James LeBaron,FR,DT,,2023,Utah,Kyle Whittingham
https://raw.githubusercontent.com/RKRoberts97/byu_football_tree/refs/heads/main/College/Coaches/College%20Head%20Coaches/Kyle_Whittingham/2023_utah_roster.csv,Brock Nowatzke,FR,S,,2023,Utah,Kyle Whittingham
https://raw.githubusercontent.com/RKRoberts97/byu_football_tree/refs/heads/main/College/Coaches/College%20Head%20Coaches/Kyle_Whittingham/2023_utah_roster.csv,Bobby Piland,FR,DT,,2023,Utah,Kyle Whittingham
https://raw.githubusercontent.com/RKRoberts97/byu_football_tree/refs/heads/main/College/Coaches/College%20Head%20Coaches/Kyle_Whittingham/2023_utah_roster.csv,Bryson Reeves,JR,S,,2023,Utah,Kyle Whittingham
https://raw.githubusercontent.com/RKRoberts97/byu_football_tree/refs/heads/main/College/Coaches/College%20Head%20Coaches/Kyle_Whittingham/2023_utah_roster.csv,Vili Taufatofua,SO,DE,,2023,Utah,Kyle Whittingham
https://raw.githubusercontent.com/RKRoberts97/byu_football_tree/refs/heads/main/College/Coaches/College%20Head%20Coaches/Kyle_Whittingham/2023_utah_roster.csv,Nifai Tonga,FR,DT,,2023,Utah,Kyle Whittingham
https://raw.githubusercontent.com/RKRoberts97/byu_football_tree/refs/heads/main/College/Coaches/College%20Head%20Coaches/Kyle_Whittingham/2023_utah_roster.csv,Xane Uipi,FR,CB,,2023,Utah,Kyle Whittingham
https://raw.githubusercontent.com/RKRoberts97/byu_football_tree/refs/heads/main/College/Coaches/College%20Head%20Coaches/Kyle_Whittingham/2024_utah_roster.csv,Isaac Wilson,FR,QB,"127 Cmp, 225 Att, 1510 Yds, 10 TD",2024,Utah,Kyle Whittingham
https://raw.githubusercontent.com/RKRoberts97/byu_football_tree/refs/heads/main/College/Coaches/College%20Head%20Coaches/Kyle_Whittingham/2024_utah_roster.csv,Cameron Rising,SR,QB,"34 Cmp, 66 Att, 555 Yds, 7 TD",2024,Utah,Kyle Whittingham
https://raw.githubusercontent.com/RKRoberts97/byu_football_tree/refs/heads/main/College/Coaches/College%20Head%20Coaches/Kyle_Whittingham/2024_utah_roster.csv,Brandon Rose,SO,QB,"19 Cmp, 36 Att, 157 Yds, 2 TD",2024,Utah,Kyle Whittingham
https://raw.githubusercontent.com/RKRoberts97/byu_football_tree/refs/heads/main/College/Coaches/College%20Head%20Coaches/Kyle_Whittingham/2024_utah_roster.csv,Luke Bottari,SR,QB,"19 Cmp, 30 Att, 171 Yds, 1 TD",2024,Utah,Kyle Whittingham
https://raw.githubusercontent.com/RKRoberts97/byu_football_tree/refs/heads/main/College/Coaches/College%20Head%20Coaches/Kyle_Whittingham/2024_utah_roster.csv,Dallen Engemann,JR,QB,,2024,Utah,Kyle Whittingham
https://raw.githubusercontent.com/RKRoberts97/byu_football_tree/refs/heads/main/College/Coaches/College%20Head%20Coaches/Kyle_Whittingham/2024_utah_roster.csv,Sam Huard,JR,QB,,2024,Utah,Kyle Whittingham
https://raw.githubusercontent.com/RKRoberts97/byu_football_tree/refs/heads/main/College/Coaches/College%20Head%20Coaches/Kyle_Whittingham/2024_utah_roster.csv,Micah Bernard,SR,RB,"197 Att, 1009 Yds, 5.1 Avg",2024,Utah,Kyle Whittingham
https://raw.githubusercontent.com/RKRoberts97/byu_football_tree/refs/heads/main/College/Coaches/College%20Head%20Coaches/Kyle_Whittingham/2024_utah_roster.csv,Mike Mitchell,SO,RB,"47 Att, 158 Yds, 3.4 Avg",2024,Utah,Kyle Whittingham
https://raw.githubusercontent.com/RKRoberts97/byu_football_tree/refs/heads/main/College/Coaches/College%20Head%20Coaches/Kyle_Whittingham/2024_utah_roster.csv,Dijon Stanley,SO,RB,"20 Att, 66 Yds, 3.3 Avg",2024,Utah,Kyle Whittingham
https://raw.githubusercontent.com/RKRoberts97/byu_football_tree/refs/heads/main/College/Coaches/College%20Head%20Coaches/Kyle_Whittingham/2024_utah_roster.csv,Charlie Vincent,SR,RB,"14 Att, 44 Yds, 3.1 Avg",2024,Utah,Kyle Whittingham
https://raw.githubusercontent.com/RKRoberts97/byu_football_tree/refs/heads/main/College/Coaches/College%20Head%20Coaches/Kyle_Whittingham/2024_utah_roster.csv,Jaylon Glover,JR,RB,"12 Att, 60 Yds, 5.0 Avg",2024,Utah,Kyle Whittingham
https://raw.githubusercontent.com/RKRoberts97/byu_football_tree/refs/heads/main/College/Coaches/College%20Head%20Coaches/Kyle_Whittingham/2024_utah_roster.csv,Omar Shah,FR,RB,"1 Att, 0 Yds, 0.0 Avg",2024,Utah,Kyle Whittingham
https://raw.githubusercontent.com/RKRoberts97/byu_football_tree/refs/heads/main/College/Coaches/College%20Head%20Coaches/Kyle_Whittingham/2024_utah_roster.csv,Laython Biddle,FR,RB,,2024,Utah,Kyle Whittingham
https://raw.githubusercontent.com/RKRoberts97/byu_football_tree/refs/heads/main/College/Coaches/College%20Head%20Coaches/Kyle_Whittingham/2024_utah_roster.csv,Anthony Woods,SO,RB,,2024,Utah,Kyle Whittingham
https://raw.githubusercontent.com/RKRoberts97/byu_football_tree/refs/heads/main/College/Coaches/College%20Head%20Coaches/Kyle_Whittingham/2024_utah_roster.csv,Damien Alford,SR,WR,,2024,Utah,Kyle Whittingham
https://raw.githubusercontent.com/RKRoberts97/byu_football_tree/refs/heads/main/College/Coaches/College%20Head%20Coaches/Kyle_Whittingham/2024_utah_roster.csv,Zach Williams,FR,WR,"10 Rec, 101 Yds, 10.1 Avg",2024,Utah,Kyle Whittingham
https://raw.githubusercontent.com/RKRoberts97/byu_football_tree/refs/heads/main/College/Coaches/College%20Head%20Coaches/Kyle_Whittingham/2024_utah_roster.csv,Money Parks,SR,WR,"21 Rec, 294 Yds, 14.0 Avg",2024,Utah,Kyle Whittingham
https://raw.githubusercontent.com/RKRoberts97/byu_football_tree/refs/heads/main/College/Coaches/College%20Head%20Coaches/Kyle_Whittingham/2024_utah_roster.csv,Dorian Singer,SR,WR,"53 Rec, 702 Yds, 13.2 Avg",2024,Utah,Kyle Whittingham
https://raw.githubusercontent.com/RKRoberts97/byu_football_tree/refs/heads/main/College/Coaches/College%20Head%20Coaches/Kyle_Whittingham/2024_utah_roster.csv,Daidren Zipperer,SO,WR,"8 Rec, 122 Yds, 15.3 Avg",2024,Utah,Kyle Whittingham
https://raw.githubusercontent.com/RKRoberts97/byu_football_tree/refs/heads/main/College/Coaches/College%20Head%20Coaches/Kyle_Whittingham/2024_utah_roster.csv,Mycah Pittman,SR,WR,"6 Rec, 50 Yds, 8.3 Avg",2024,Utah,Kyle Whittingham
https://raw.githubusercontent.com/RKRoberts97/byu_football_tree/refs/heads/main/College/Coaches/College%20Head%20Coaches/Kyle_Whittingham/2024_utah_roster.csv,Landen King,JR,WR,"3 Rec, 54 Yds, 18.0 Avg",2024,Utah,Kyle Whittingham
https://raw.githubusercontent.com/RKRoberts97/byu_football_tree/refs/heads/main/College/Coaches/College%20Head%20Coaches/Kyle_Whittingham/2024_utah_roster.csv,Munir McClain,SR,WR,"3 Rec, 20 Yds, 6.7 Avg",2024,Utah,Kyle Whittingham
https://raw.githubusercontent.com/RKRoberts97/byu_football_tree/refs/heads/main/College/Coaches/College%20Head%20Coaches/Kyle_Whittingham/2024_utah_roster.csv,Luca Caldarella,SR,WR,"2 Rec, 26 Yds, 13.0 Avg",2024,Utah,Kyle Whittingham
https://raw.githubusercontent.com/RKRoberts97/byu_football_tree/refs/heads/main/College/Coaches/College%20Head%20Coaches/Kyle_Whittingham/2024_utah_roster.csv,Taeshawn Lyons,FR,WR,"1 Rec, 4 Yds, 4.0 Avg",2024,Utah,Kyle Whittingham
https://raw.githubusercontent.com/RKRoberts97/byu_football_tree/refs/heads/main/College/Coaches/College%20Head%20Coaches/Kyle_Whittingham/2024_utah_roster.csv,Rayshawn Glover,SO,WR,,2024,Utah,Kyle Whittingham
https://raw.githubusercontent.com/RKRoberts97/byu_football_tree/refs/heads/main/College/Coaches/College%20Head%20Coaches/Kyle_Whittingham/2024_utah_roster.csv,Jett Meine,SO,WR,,2024,Utah,Kyle Whittingham
https://raw.githubusercontent.com/RKRoberts97/byu_football_tree/refs/heads/main/College/Coaches/College%20Head%20Coaches/Kyle_Whittingham/2024_utah_roster.csv,David Washington,FR,WR,,2024,Utah,Kyle Whittingham
https://raw.githubusercontent.com/RKRoberts97/byu_football_tree/refs/heads/main/College/Coaches/College%20Head%20Coaches/Kyle_Whittingham/2024_utah_roster.csv,Matt Clark,FR,WR,,2024,Utah,Kyle Whittingham
https://raw.githubusercontent.com/RKRoberts97/byu_football_tree/refs/heads/main/College/Coaches/College%20Head%20Coaches/Kyle_Whittingham/2024_utah_roster.csv,Kaimana Hanohano,SO,WR,,2024,Utah,Kyle Whittingham
https://raw.githubusercontent.com/RKRoberts97/byu_football_tree/refs/heads/main/College/Coaches/College%20Head%20Coaches/Kyle_Whittingham/2024_utah_roster.csv,Diezel Kamoku,FR,WR,,2024,Utah,Kyle Whittingham
https://raw.githubusercontent.com/RKRoberts97/byu_football_tree/refs/heads/main/College/Coaches/College%20Head%20Coaches/Kyle_Whittingham/2024_utah_roster.csv,Cameron Mitchell,FR,WR,,2024,Utah,Kyle Whittingham
https://raw.githubusercontent.com/RKRoberts97/byu_football_tree/refs/heads/main/College/Coaches/College%20Head%20Coaches/Kyle_Whittingham/2024_utah_roster.csv,Peyton Rice,SO,WR,,2024,Utah,Kyle Whittingham
https://raw.githubusercontent.com/RKRoberts97/byu_football_tree/refs/heads/main/College/Coaches/College%20Head%20Coaches/Kyle_Whittingham/2024_utah_roster.csv,Brant Kuithe,SR,TE,"35 Rec, 505 Yds, 14.4 Avg",2024,Utah,Kyle Whittingham
https://raw.githubusercontent.com/RKRoberts97/byu_football_tree/refs/heads/main/College/Coaches/College%20Head%20Coaches/Kyle_Whittingham/2024_utah_roster.csv,Carsen Ryan,JR,TE,"10 Rec, 113 Yds, 11.3 Avg",2024,Utah,Kyle Whittingham
https://raw.githubusercontent.com/RKRoberts97/byu_football_tree/refs/heads/main/College/Coaches/College%20Head%20Coaches/Kyle_Whittingham/2024_utah_roster.csv,Caleb Lohner,SR,TE,"4 Rec, 54 Yds, 13.5 Avg",2024,Utah,Kyle Whittingham
https://raw.githubusercontent.com/RKRoberts97/byu_football_tree/refs/heads/main/College/Coaches/College%20Head%20Coaches/Kyle_Whittingham/2024_utah_roster.csv,Dallen Bentley,JR,TE,"2 Rec, 15 Yds, 7.5 Avg",2024,Utah,Kyle Whittingham
https://raw.githubusercontent.com/RKRoberts97/byu_football_tree/refs/heads/main/College/Coaches/College%20Head%20Coaches/Kyle_Whittingham/2024_utah_roster.csv,Miki Suguturaga,SR,TE,"1 Rec, 3 Yds, 3.0 Avg",2024,Utah,Kyle Whittingham
https://raw.githubusercontent.com/RKRoberts97/byu_football_tree/refs/heads/main/College/Coaches/College%20Head%20Coaches/Kyle_Whittingham/2024_utah_roster.csv,Spencer Clegg,SO,TE,,2024,Utah,Kyle Whittingham
https://raw.githubusercontent.com/RKRoberts97/byu_football_tree/refs/heads/main/College/Coaches/College%20Head%20Coaches/Kyle_Whittingham/2024_utah_roster.csv,Frankie Goodson,SO,TE,,2024,Utah,Kyle Whittingham
https://raw.githubusercontent.com/RKRoberts97/byu_football_tree/refs/heads/main/College/Coaches/College%20Head%20Coaches/Kyle_Whittingham/2024_utah_roster.csv,CJ Jacobsen,SO,TE,,2024,Utah,Kyle Whittingham
https://raw.githubusercontent.com/RKRoberts97/byu_football_tree/refs/heads/main/College/Coaches/College%20Head%20Coaches/Kyle_Whittingham/2024_utah_roster.csv,Spencer Fano,SO,OL,,2024,Utah,Kyle Whittingham
https://raw.githubusercontent.com/RKRoberts97/byu_football_tree/refs/heads/main/College/Coaches/College%20Head%20Coaches/Kyle_Whittingham/2024_utah_roster.csv,Isaiah Garcia,FR,OL,,2024,Utah,Kyle Whittingham
https://raw.githubusercontent.com/RKRoberts97/byu_football_tree/refs/heads/main/College/Coaches/College%20Head%20Coaches/Kyle_Whittingham/2024_utah_roster.csv,Falcon Kaumatule,SR,OL,,2024,Utah,Kyle Whittingham
https://raw.githubusercontent.com/RKRoberts97/byu_football_tree/refs/heads/main/College/Coaches/College%20Head%20Coaches/Kyle_Whittingham/2024_utah_roster.csv,Jaren Kump,JR,OL,,2024,Utah,Kyle Whittingham
https://raw.githubusercontent.com/RKRoberts97/byu_football_tree/refs/heads/main/College/Coaches/College%20Head%20Coaches/Kyle_Whittingham/2024_utah_roster.csv,Caleb Lomu,SO,OL,,2024,Utah,Kyle Whittingham
https://raw.githubusercontent.com/RKRoberts97/byu_football_tree/refs/heads/main/College/Coaches/College%20Head%20Coaches/Kyle_Whittingham/2024_utah_roster.csv,Johnny Maea,SR,OL,,2024,Utah,Kyle Whittingham
https://raw.githubusercontent.com/RKRoberts97/byu_football_tree/refs/heads/main/College/Coaches/College%20Head%20Coaches/Kyle_Whittingham/2024_utah_roster.csv,Shintaro Mann,SR,OL,,2024,Utah,Kyle Whittingham
https://raw.githubusercontent.com/RKRoberts97/byu_football_tree/refs/heads/main/College/Coaches/College%20Head%20Coaches/Kyle_Whittingham/2024_utah_roster.csv,Solatoa Moea'i,SO,OL,,2024,Utah,Kyle Whittingham
https://raw.githubusercontent.com/RKRoberts97/byu_football_tree/refs/heads/main/College/Coaches/College%20Head%20Coaches/Kyle_Whittingham/2024_utah_roster.csv,Michael Mokofisi,JR,OL,,2024,Utah,Kyle Whittingham
https://raw.githubusercontent.com/RKRoberts97/byu_football_tree/refs/heads/main/College/Coaches/College%20Head%20Coaches/Kyle_Whittingham/2024_utah_roster.csv,Keith Olson,SO,OL,,2024,Utah,Kyle Whittingham
https://raw.githubusercontent.com/RKRoberts97/byu_football_tree/refs/heads/main/College/Coaches/College%20Head%20Coaches/Kyle_Whittingham/2024_utah_roster.csv,Tanoa Togiai,JR,OL,,2024,Utah,Kyle Whittingham
https://raw.githubusercontent.com/RKRoberts97/byu_football_tree/refs/heads/main/College/Coaches/College%20Head%20Coaches/Kyle_Whittingham/2024_utah_roster.csv,Zereoue Williams,JR,OL,,2024,Utah,Kyle Whittingham
https://raw.githubusercontent.com/RKRoberts97/byu_football_tree/refs/heads/main/College/Coaches/College%20Head%20Coaches/Kyle_Whittingham/2024_utah_roster.csv,Roger Alderman,SO,OL,,2024,Utah,Kyle Whittingham
https://raw.githubusercontent.com/RKRoberts97/byu_football_tree/refs/heads/main/College/Coaches/College%20Head%20Coaches/Kyle_Whittingham/2024_utah_roster.csv,Alex Harrison,SR,OL,,2024,Utah,Kyle Whittingham
https://raw.githubusercontent.com/RKRoberts97/byu_football_tree/refs/heads/main/College/Coaches/College%20Head%20Coaches/Kyle_Whittingham/2024_utah_roster.csv,Lukas Jackson,FR,OL,,2024,Utah,Kyle Whittingham
https://raw.githubusercontent.com/RKRoberts97/byu_football_tree/refs/heads/main/College/Coaches/College%20Head%20Coaches/Kyle_Whittingham/2024_utah_roster.csv,Brennan Molina,FR,OL,,2024,Utah,Kyle Whittingham
https://raw.githubusercontent.com/RKRoberts97/byu_football_tree/refs/heads/main/College/Coaches/College%20Head%20Coaches/Kyle_Whittingham/2024_utah_roster.csv,Reece Parmenter,FR,OL,,2024,Utah,Kyle Whittingham
https://raw.githubusercontent.com/RKRoberts97/byu_football_tree/refs/heads/main/College/Coaches/College%20Head%20Coaches/Kyle_Whittingham/2024_utah_roster.csv,Kamilo Raass,FR,OL,,2024,Utah,Kyle Whittingham
https://raw.githubusercontent.com/RKRoberts97/byu_football_tree/refs/heads/main/College/Coaches/College%20Head%20Coaches/Kyle_Whittingham/2024_utah_roster.csv,Alma Taleni,FR,OL,,2024,Utah,Kyle Whittingham
https://raw.githubusercontent.com/RKRoberts97/byu_football_tree/refs/heads/main/College/Coaches/College%20Head%20Coaches/Kyle_Whittingham/2024_utah_roster.csv,Cole Becker,SR,K,,2024,Utah,Kyle Whittingham
https://raw.githubusercontent.com/RKRoberts97/byu_football_tree/refs/heads/main/College/Coaches/College%20Head%20Coaches/Kyle_Whittingham/2024_utah_roster.csv,Trey Coleman,FR,K,,2024,Utah,Kyle Whittingham
https://raw.githubusercontent.com/RKRoberts97/byu_football_tree/refs/heads/main/College/Coaches/College%20Head%20Coaches/Kyle_Whittingham/2024_utah_roster.csv,Joey Cheek,SO,K,,2024,Utah,Kyle Whittingham
https://raw.githubusercontent.com/RKRoberts97/byu_football_tree/refs/heads/main/College/Coaches/College%20Head%20Coaches/Kyle_Whittingham/2024_utah_roster.csv,Hunter Andrews,FR,LB,,2024,Utah,Kyle Whittingham
https://raw.githubusercontent.com/RKRoberts97/byu_football_tree/refs/heads/main/College/Coaches/College%20Head%20Coaches/Kyle_Whittingham/2024_utah_roster.csv,Moroni Anae,JR,LB,,2024,Utah,Kyle Whittingham
https://raw.githubusercontent.com/RKRoberts97/byu_football_tree/refs/heads/main/College/Coaches/College%20Head%20Coaches/Kyle_Whittingham/2024_utah_roster.csv,Lander Barton,JR,LB,,2024,Utah,Kyle Whittingham
https://raw.githubusercontent.com/RKRoberts97/byu_football_tree/refs/heads/main/College/Coaches/College%20Head%20Coaches/Kyle_Whittingham/2024_utah_roster.csv,Josh Calvert,SR,LB,,2024,Utah,Kyle Whittingham
https://raw.githubusercontent.com/RKRoberts97/byu_football_tree/refs/heads/main/College/Coaches/College%20Head%20Coaches/Kyle_Whittingham/2024_utah_roster.csv,Sione Fotu,SO,LB,,2024,Utah,Kyle Whittingham
https://raw.githubusercontent.com/RKRoberts97/byu_football_tree/refs/heads/main/College/Coaches/College%20Head%20Coaches/Kyle_Whittingham/2024_utah_roster.csv,Johnathan Hall,SO,LB,,2024,Utah,Kyle Whittingham
https://raw.githubusercontent.com/RKRoberts97/byu_football_tree/refs/heads/main/College/Coaches/College%20Head%20Coaches/Kyle_Whittingham/2024_utah_roster.csv,Kana'i Lopes,FR,LB,,2024,Utah,Kyle Whittingham
https://raw.githubusercontent.com/RKRoberts97/byu_football_tree/refs/heads/main/College/Coaches/College%20Head%20Coaches/Kyle_Whittingham/2024_utah_roster.csv,Karene Reid,SR,LB,,2024,Utah,Kyle Whittingham
https://raw.githubusercontent.com/RKRoberts97/byu_football_tree/refs/heads/main/College/Coaches/College%20Head%20Coaches/Kyle_Whittingham/2024_utah_roster.csv,Trey Reynolds,SO,LB,,2024,Utah,Kyle Whittingham
https://raw.githubusercontent.com/RKRoberts97/byu_football_tree/refs/heads/main/College/Coaches/College%20Head%20Coaches/Kyle_Whittingham/2024_utah_roster.csv,Jaeden Bland,FR,LB,,2024,Utah,Kyle Whittingham
https://raw.githubusercontent.com/RKRoberts97/byu_football_tree/refs/heads/main/College/Coaches/College%20Head%20Coaches/Kyle_Whittingham/2024_utah_roster.csv,Levani Damuni,SR,LB,,2024,Utah,Kyle Whittingham
https://raw.githubusercontent.com/RKRoberts97/byu_football_tree/refs/heads/main/College/Coaches/College%20Head%20Coaches/Kyle_Whittingham/2024_utah_roster.csv,Grady Mareko,FR,LB,,2024,Utah,Kyle Whittingham
https://raw.githubusercontent.com/RKRoberts97/byu_football_tree/refs/heads/main/College/Coaches/College%20Head%20Coaches/Kyle_Whittingham/2024_utah_roster.csv,Jack Bouwmeester,JR,P,,2024,Utah,Kyle Whittingham
https://raw.githubusercontent.com/RKRoberts97/byu_football_tree/refs/heads/main/College/Coaches/College%20Head%20Coaches/Kyle_Whittingham/2024_utah_roster.csv,Elliot Janish,JR,P,,2024,Utah,Kyle Whittingham
https://raw.githubusercontent.com/RKRoberts97/byu_football_tree/refs/heads/main/College/Coaches/College%20Head%20Coaches/Kyle_Whittingham/2024_utah_roster.csv,Ka'eo Akana,SO,DE,,2024,Utah,Kyle Whittingham
https://raw.githubusercontent.com/RKRoberts97/byu_football_tree/refs/heads/main/College/Coaches/College%20Head%20Coaches/Kyle_Whittingham/2024_utah_roster.csv,Jackson Bennee,FR,S,,2024,Utah,Kyle Whittingham
https://raw.githubusercontent.com/RKRoberts97/byu_football_tree/refs/heads/main/College/Coaches/College%20Head%20Coaches/Kyle_Whittingham/2024_utah_roster.csv,CJ Blocker,SO,CB,,2024,Utah,Kyle Whittingham
https://raw.githubusercontent.com/RKRoberts97/byu_football_tree/refs/heads/main/College/Coaches/College%20Head%20Coaches/Kyle_Whittingham/2024_utah_roster.csv,Cameron Calhoun,FR,CB,,2024,Utah,Kyle Whittingham
https://raw.githubusercontent.com/RKRoberts97/byu_football_tree/refs/heads/main/College/Coaches/College%20Head%20Coaches/Kyle_Whittingham/2024_utah_roster.csv,Logan Castor,JR,LS,,2024,Utah,Kyle Whittingham
https://raw.githubusercontent.com/RKRoberts97/byu_football_tree/refs/heads/main/College/Coaches/College%20Head%20Coaches/Kyle_Whittingham/2024_utah_roster.csv,John Henry Daley,SO,DE,,2024,Utah,Kyle Whittingham
https://raw.githubusercontent.com/RKRoberts97/byu_football_tree/refs/heads/main/College/Coaches/College%20Head%20Coaches/Kyle_Whittingham/2024_utah_roster.csv,Elijah Davis,SO,CB,,2024,Utah,Kyle Whittingham
https://raw.githubusercontent.com/RKRoberts97/byu_football_tree/refs/heads/main/College/Coaches/College%20Head%20Coaches/Kyle_Whittingham/2024_utah_roster.csv,Kash Dillon,FR,DE,,2024,Utah,Kyle Whittingham
https://raw.githubusercontent.com/RKRoberts97/byu_football_tree/refs/heads/main/College/Coaches/College%20Head%20Coaches/Kyle_Whittingham/2024_utah_roster.csv,Elijah Elliss,FR,DE,,2024,Utah,Kyle Whittingham
https://raw.githubusercontent.com/RKRoberts97/byu_football_tree/refs/heads/main/College/Coaches/College%20Head%20Coaches/Kyle_Whittingham/2024_utah_roster.csv,Rabbit Evans,JR,S,,2024,Utah,Kyle Whittingham
https://raw.githubusercontent.com/RKRoberts97/byu_football_tree/refs/heads/main/College/Coaches/College%20Head%20Coaches/Kyle_Whittingham/2024_utah_roster.csv,Logan Fano,SO,DE,,2024,Utah,Kyle Whittingham
https://raw.githubusercontent.com/RKRoberts97/byu_football_tree/refs/heads/main/College/Coaches/College%20Head%20Coaches/Kyle_Whittingham/2024_utah_roster.csv,Van Fillinger,SR,DE,,2024,Utah,Kyle Whittingham
https://raw.githubusercontent.com/RKRoberts97/byu_football_tree/refs/heads/main/College/Coaches/College%20Head%20Coaches/Kyle_Whittingham/2024_utah_roster.csv,Paul Fitzgerald,SO,DE,,2024,Utah,Kyle Whittingham
https://raw.githubusercontent.com/RKRoberts97/byu_football_tree/refs/heads/main/College/Coaches/College%20Head%20Coaches/Kyle_Whittingham/2024_utah_roster.csv,David Fotu,JR,DT,,2024,Utah,Kyle Whittingham
https://raw.githubusercontent.com/RKRoberts97/byu_football_tree/refs/heads/main/College/Coaches/College%20Head%20Coaches/Kyle_Whittingham/2024_utah_roster.csv,Alaka'i Gilman,SR,S,,2024,Utah,Kyle Whittingham
https://raw.githubusercontent.com/RKRoberts97/byu_football_tree/refs/heads/main/College/Coaches/College%20Head%20Coaches/Kyle_Whittingham/2024_utah_roster.csv,JT Greep,SR,LS,,2024,Utah,Kyle Whittingham
https://raw.githubusercontent.com/RKRoberts97/byu_football_tree/refs/heads/main/College/Coaches/College%20Head%20Coaches/Kyle_Whittingham/2024_utah_roster.csv,Nick Howe,JR,CB,,2024,Utah,Kyle Whittingham
https://raw.githubusercontent.com/RKRoberts97/byu_football_tree/refs/heads/main/College/Coaches/College%20Head%20Coaches/Kyle_Whittingham/2024_utah_roster.csv,Kenan Johnson,SR,CB,,2024,Utah,Kyle Whittingham
https://raw.githubusercontent.com/RKRoberts97/byu_football_tree/refs/heads/main/College/Coaches/College%20Head%20Coaches/Kyle_Whittingham/2024_utah_roster.csv,Tao Johnson,SO,S,,2024,Utah,Kyle Whittingham
https://raw.githubusercontent.com/RKRoberts97/byu_football_tree/refs/heads/main/College/Coaches/College%20Head%20Coaches/Kyle_Whittingham/2024_utah_roster.csv,Jonah Lea'ea,SO,DE,,2024,Utah,Kyle Whittingham
https://raw.githubusercontent.com/RKRoberts97/byu_football_tree/refs/heads/main/College/Coaches/College%20Head%20Coaches/Kyle_Whittingham/2024_utah_roster.csv,Connor O'Toole,SR,DE,,2024,Utah,Kyle Whittingham
https://raw.githubusercontent.com/RKRoberts97/byu_football_tree/refs/heads/main/College/Coaches/College%20Head%20Coaches/Kyle_Whittingham/2024_utah_roster.csv,Simote Pepa,JR,DT,,2024,Utah,Kyle Whittingham
https://raw.githubusercontent.com/RKRoberts97/byu_football_tree/refs/heads/main/College/Coaches/College%20Head%20Coaches/Kyle_Whittingham/2024_utah_roster.csv,John Randle Jr.,SO,CB,,2024,Utah,Kyle Whittingham
https://raw.githubusercontent.com/RKRoberts97/byu_football_tree/refs/heads/main/College/Coaches/College%20Head%20Coaches/Kyle_Whittingham/2024_utah_roster.csv,Nate Ritchie,SO,S,,2024,Utah,Kyle Whittingham
https://raw.githubusercontent.com/RKRoberts97/byu_football_tree/refs/heads/main/College/Coaches/College%20Head%20Coaches/Kyle_Whittingham/2024_utah_roster.csv,Quimari Shemwell,FR,CB,,2024,Utah,Kyle Whittingham
https://raw.githubusercontent.com/RKRoberts97/byu_football_tree/refs/heads/main/College/Coaches/College%20Head%20Coaches/Kyle_Whittingham/2024_utah_roster.csv,Smith Snowden,SO,CB,,2024,Utah,Kyle Whittingham
https://raw.githubusercontent.com/RKRoberts97/byu_football_tree/refs/heads/main/College/Coaches/College%20Head%20Coaches/Kyle_Whittingham/2024_utah_roster.csv,Junior Tafuna,SR,DT,,2024,Utah,Kyle Whittingham
https://raw.githubusercontent.com/RKRoberts97/byu_football_tree/refs/heads/main/College/Coaches/College%20Head%20Coaches/Kyle_Whittingham/2024_utah_roster.csv,Keanu Tanuvasa,SO,DT,,2024,Utah,Kyle Whittingham
https://raw.githubusercontent.com/RKRoberts97/byu_football_tree/refs/heads/main/College/Coaches/College%20Head%20Coaches/Kyle_Whittingham/2024_utah_roster.csv,Vili Taufatofua,JR,DE,,2024,Utah,Kyle Whittingham
https://raw.githubusercontent.com/RKRoberts97/byu_football_tree/refs/heads/main/College/Coaches/College%20Head%20Coaches/Kyle_Whittingham/2024_utah_roster.csv,Dallas Vakalahi,FR,DT,,2024,Utah,Kyle Whittingham
https://raw.githubusercontent.com/RKRoberts97/byu_football_tree/refs/heads/main/College/Coaches/College%20Head%20Coaches/Kyle_Whittingham/2024_utah_roster.csv,Zemaiah Vaughn,SR,CB,,2024,Utah,Kyle Whittingham
https://raw.githubusercontent.com/RKRoberts97/byu_football_tree/refs/heads/main/College/Coaches/College%20Head%20Coaches/Kyle_Whittingham/2024_utah_roster.csv,Aliki Vimahi,SR,DT,,2024,Utah,Kyle Whittingham
https://raw.githubusercontent.com/RKRoberts97/byu_football_tree/refs/heads/main/College/Coaches/College%20Head%20Coaches/Kyle_Whittingham/2024_utah_roster.csv,Jori Benson,SO,DT,,2024,Utah,Kyle Whittingham
https://raw.githubusercontent.com/RKRoberts97/byu_football_tree/refs/heads/main/College/Coaches/College%20Head%20Coaches/Kyle_Whittingham/2024_utah_roster.csv,Isaiah Brown,FR,CB,,2024,Utah,Kyle Whittingham
https://raw.githubusercontent.com/RKRoberts97/byu_football_tree/refs/heads/main/College/Coaches/College%20Head%20Coaches/Kyle_Whittingham/2024_utah_roster.csv,Justice Brusatto,JR,DE,,2024,Utah,Kyle Whittingham
https://raw.githubusercontent.com/RKRoberts97/byu_football_tree/refs/heads/main/College/Coaches/College%20Head%20Coaches/Kyle_Whittingham/2024_utah_roster.csv,Alex Cloward,FR,DE,,2024,Utah,Kyle Whittingham
https://raw.githubusercontent.com/RKRoberts97/byu_football_tree/refs/heads/main/College/Coaches/College%20Head%20Coaches/Kyle_Whittingham/2024_utah_roster.csv,Jeilani Davis,FR,S,,2024,Utah,Kyle Whittingham
https://raw.githubusercontent.com/RKRoberts97/byu_football_tree/refs/heads/main/College/Coaches/College%20Head%20Coaches/Kyle_Whittingham/2024_utah_roster.csv,Ben Durham,SO,S,,2024,Utah,Kyle Whittingham
https://raw.githubusercontent.com/RKRoberts97/byu_football_tree/refs/heads/main/College/Coaches/College%20Head%20Coaches/Kyle_Whittingham/2024_utah_roster.csv,Sammie Hunter,FR,CB,,2024,Utah,Kyle Whittingham
https://raw.githubusercontent.com/RKRoberts97/byu_football_tree/refs/heads/main/College/Coaches/College%20Head%20Coaches/Kyle_Whittingham/2024_utah_roster.csv,James LeBaron,SO,DT,,2024,Utah,Kyle Whittingham
https://raw.githubusercontent.com/RKRoberts97/byu_football_tree/refs/heads/main/College/Coaches/College%20Head%20Coaches/Kyle_Whittingham/2024_utah_roster.csv,Helaman Ofengahue,SO,DE,,2024,Utah,Kyle Whittingham
https://raw.githubusercontent.com/RKRoberts97/byu_football_tree/refs/heads/main/College/Coaches/College%20Head%20Coaches/Kyle_Whittingham/2024_utah_roster.csv,Bobby Piland,SO,DT,,2024,Utah,Kyle Whittingham
https://raw.githubusercontent.com/RKRoberts97/byu_football_tree/refs/heads/main/College/Coaches/College%20Head%20Coaches/Kyle_Whittingham/2024_utah_roster.csv,Carter Stembridge,FR,S,,2024,Utah,Kyle Whittingham
https://raw.githubusercontent.com/RKRoberts97/byu_football_tree/refs/heads/main/College/Coaches/College%20Head%20Coaches/Kyle_Whittingham/2024_utah_roster.csv,Nasir Stephens,FR,CB,,2024,Utah,Kyle Whittingham
https://raw.githubusercontent.com/RKRoberts97/byu_football_tree/refs/heads/main/College/Coaches/College%20Head%20Coaches/Kyle_Whittingham/2024_utah_roster.csv,Mike Tauteoli,FR,DT,,2024,Utah,Kyle Whittingham
https://raw.githubusercontent.com/RKRoberts97/byu_football_tree/refs/heads/main/College/Coaches/College%20Head%20Coaches/Kyle_Whittingham/2024_utah_roster.csv,Money Thompson,FR,CB,,2024,Utah,Kyle Whittingham
https://raw.githubusercontent.com/RKRoberts97/byu_football_tree/refs/heads/main/College/Coaches/College%20Head%20Coaches/Kyle_Whittingham/2024_utah_roster.csv,Xane Uipi,SO,CB,,2024,Utah,Kyle Whittingham
https://raw.githubusercontent.com/RKRoberts97/byu_football_tree/refs/heads/main/College/Coaches/College%20Head%20Coaches/Kyle_Whittingham/2025_utah_roster.csv,Devon Dampier,JR,QB,"90 Cmp, 127 Att, 790 Yds, 7 TD",2025,Utah,Kyle Whittingham
https://raw.githubusercontent.com/RKRoberts97/byu_football_tree/refs/heads/main/College/Coaches/College%20Head%20Coaches/Kyle_Whittingham/2025_utah_roster.csv,Byrd Ficklin,FR,QB,"4 Cmp, 4 Att, 53 Yds, 0 TD",2025,Utah,Kyle Whittingham
https://raw.githubusercontent.com/RKRoberts97/byu_football_tree/refs/heads/main/College/Coaches/College%20Head%20Coaches/Kyle_Whittingham/2025_utah_roster.csv,Drew Cowart,FR,QB,,2025,Utah,Kyle Whittingham
https://raw.githubusercontent.com/RKRoberts97/byu_football_tree/refs/heads/main/College/Coaches/College%20Head%20Coaches/Kyle_Whittingham/2025_utah_roster.csv,Isaac Wilson,SO,QB,,2025,Utah,Kyle Whittingham
https://raw.githubusercontent.com/RKRoberts97/byu_football_tree/refs/heads/main/College/Coaches/College%20Head%20Coaches/Kyle_Whittingham/2025_utah_roster.csv,Brendan Zurbrugg,FR,QB,,2025,Utah,Kyle Whittingham
https://raw.githubusercontent.com/RKRoberts97/byu_football_tree/refs/heads/main/College/Coaches/College%20Head%20Coaches/Kyle_Whittingham/2025_utah_roster.csv,NaQuari Rogers,SR,RB,"46 Att, 189 Yds, 4.1 Avg",2025,Utah,Kyle Whittingham
https://raw.githubusercontent.com/RKRoberts97/byu_football_tree/refs/heads/main/College/Coaches/College%20Head%20Coaches/Kyle_Whittingham/2025_utah_roster.csv,Wayshawn Parker,SO,RB,"33 Att, 214 Yds, 6.5 Avg",2025,Utah,Kyle Whittingham
https://raw.githubusercontent.com/RKRoberts97/byu_football_tree/refs/heads/main/College/Coaches/College%20Head%20Coaches/Kyle_Whittingham/2025_utah_roster.csv,Bryce Duke,SR,RB,"7 Att, 25 Yds, 3.6 Avg",2025,Utah,Kyle Whittingham
https://raw.githubusercontent.com/RKRoberts97/byu_football_tree/refs/heads/main/College/Coaches/College%20Head%20Coaches/Kyle_Whittingham/2025_utah_roster.csv,Raycine Guillory,FR,RB,"1 Att, 4 Yds, 4.0 Avg",2025,Utah,Kyle Whittingham
https://raw.githubusercontent.com/RKRoberts97/byu_football_tree/refs/heads/main/College/Coaches/College%20Head%20Coaches/Kyle_Whittingham/2025_utah_roster.csv,Omar Shah,SO,RB,,2025,Utah,Kyle Whittingham
https://raw.githubusercontent.com/RKRoberts97/byu_football_tree/refs/heads/main/College/Coaches/College%20Head%20Coaches/Kyle_Whittingham/2025_utah_roster.csv,Daniel Bray,FR,RB,,2025,Utah,Kyle Whittingham
https://raw.githubusercontent.com/RKRoberts97/byu_football_tree/refs/heads/main/College/Coaches/College%20Head%20Coaches/Kyle_Whittingham/2025_utah_roster.csv,Frankie Goodson,JR,RB,,2025,Utah,Kyle Whittingham
https://raw.githubusercontent.com/RKRoberts97/byu_football_tree/refs/heads/main/College/Coaches/College%20Head%20Coaches/Kyle_Whittingham/2025_utah_roster.csv,Devin Green,SO,RB,,2025,Utah,Kyle Whittingham
https://raw.githubusercontent.com/RKRoberts97/byu_football_tree/refs/heads/main/College/Coaches/College%20Head%20Coaches/Kyle_Whittingham/2025_utah_roster.csv,Nate Johnson,JR,WR,,2025,Utah,Kyle Whittingham
https://raw.githubusercontent.com/RKRoberts97/byu_football_tree/refs/heads/main/College/Coaches/College%20Head%20Coaches/Kyle_Whittingham/2025_utah_roster.csv,Ryan Davis,SR,WR,"29 Rec, 241 Yds, 8.3 Avg",2025,Utah,Kyle Whittingham
https://raw.githubusercontent.com/RKRoberts97/byu_football_tree/refs/heads/main/College/Coaches/College%20Head%20Coaches/Kyle_Whittingham/2025_utah_roster.csv,Tobias Merriweather,JR,WR,"5 Rec, 88 Yds, 17.6 Avg",2025,Utah,Kyle Whittingham
https://raw.githubusercontent.com/RKRoberts97/byu_football_tree/refs/heads/main/College/Coaches/College%20Head%20Coaches/Kyle_Whittingham/2025_utah_roster.csv,Larry Simmons,JR,WR,"1 Rec, 8 Yds, 8.0 Avg",2025,Utah,Kyle Whittingham
https://raw.githubusercontent.com/RKRoberts97/byu_football_tree/refs/heads/main/College/Coaches/College%20Head%20Coaches/Kyle_Whittingham/2025_utah_roster.csv,Luca Caldarella,SR,WR,,2025,Utah,Kyle Whittingham
https://raw.githubusercontent.com/RKRoberts97/byu_football_tree/refs/heads/main/College/Coaches/College%20Head%20Coaches/Kyle_Whittingham/2025_utah_roster.csv,Matt Clark,FR,WR,,2025,Utah,Kyle Whittingham
https://raw.githubusercontent.com/RKRoberts97/byu_football_tree/refs/heads/main/College/Coaches/College%20Head%20Coaches/Kyle_Whittingham/2025_utah_roster.csv,Rayshawn Glover,JR,WR,,2025,Utah,Kyle Whittingham
https://raw.githubusercontent.com/RKRoberts97/byu_football_tree/refs/heads/main/College/Coaches/College%20Head%20Coaches/Kyle_Whittingham/2025_utah_roster.csv,Justin Stevenson,SO,WR,,2025,Utah,Kyle Whittingham
https://raw.githubusercontent.com/RKRoberts97/byu_football_tree/refs/heads/main/College/Coaches/College%20Head%20Coaches/Kyle_Whittingham/2025_utah_roster.csv,Creed Whittemore,SO,WR,,2025,Utah,Kyle Whittingham
https://raw.githubusercontent.com/RKRoberts97/byu_football_tree/refs/heads/main/College/Coaches/College%20Head%20Coaches/Kyle_Whittingham/2025_utah_roster.csv,Bryson Baker,FR,WR,,2025,Utah,Kyle Whittingham
https://raw.githubusercontent.com/RKRoberts97/byu_football_tree/refs/heads/main/College/Coaches/College%20Head%20Coaches/Kyle_Whittingham/2025_utah_roster.csv,Jackson Bolender,FR,WR,,2025,Utah,Kyle Whittingham
https://raw.githubusercontent.com/RKRoberts97/byu_football_tree/refs/heads/main/College/Coaches/College%20Head%20Coaches/Kyle_Whittingham/2025_utah_roster.csv,Daylin Caamano,FR,WR,,2025,Utah,Kyle Whittingham
https://raw.githubusercontent.com/RKRoberts97/byu_football_tree/refs/heads/main/College/Coaches/College%20Head%20Coaches/Kyle_Whittingham/2025_utah_roster.csv,Mana Carvalho,FR,WR,,2025,Utah,Kyle Whittingham
https://raw.githubusercontent.com/RKRoberts97/byu_football_tree/refs/heads/main/College/Coaches/College%20Head%20Coaches/Kyle_Whittingham/2025_utah_roster.csv,Junior Coughlin,FR,WR,,2025,Utah,Kyle Whittingham
https://raw.githubusercontent.com/RKRoberts97/byu_football_tree/refs/heads/main/College/Coaches/College%20Head%20Coaches/Kyle_Whittingham/2025_utah_roster.csv,Diezel Kamoku,FR,WR,,2025,Utah,Kyle Whittingham
https://raw.githubusercontent.com/RKRoberts97/byu_football_tree/refs/heads/main/College/Coaches/College%20Head%20Coaches/Kyle_Whittingham/2025_utah_roster.csv,Peyton Rice,SO,WR,,2025,Utah,Kyle Whittingham
https://raw.githubusercontent.com/RKRoberts97/byu_football_tree/refs/heads/main/College/Coaches/College%20Head%20Coaches/Kyle_Whittingham/2025_utah_roster.csv,Bryan Spotwood,SO,WR,,2025,Utah,Kyle Whittingham
https://raw.githubusercontent.com/RKRoberts97/byu_football_tree/refs/heads/main/College/Coaches/College%20Head%20Coaches/Kyle_Whittingham/2025_utah_roster.csv,Daidren Zipperer,SO,WR,,2025,Utah,Kyle Whittingham
https://raw.githubusercontent.com/RKRoberts97/byu_football_tree/refs/heads/main/College/Coaches/College%20Head%20Coaches/Kyle_Whittingham/2025_utah_roster.csv,Hunter Andrews,FR,TE,"10 Rec, 65 Yds, 6.5 Avg",2025,Utah,Kyle Whittingham
https://raw.githubusercontent.com/RKRoberts97/byu_football_tree/refs/heads/main/College/Coaches/College%20Head%20Coaches/Kyle_Whittingham/2025_utah_roster.csv,Dallen Bentley,SR,TE,"17 Rec, 187 Yds, 11.0 Avg",2025,Utah,Kyle Whittingham
https://raw.githubusercontent.com/RKRoberts97/byu_football_tree/refs/heads/main/College/Coaches/College%20Head%20Coaches/Kyle_Whittingham/2025_utah_roster.csv,JJ Buchanan,FR,TE,"6 Rec, 46 Yds, 7.7 Avg",2025,Utah,Kyle Whittingham
https://raw.githubusercontent.com/RKRoberts97/byu_football_tree/refs/heads/main/College/Coaches/College%20Head%20Coaches/Kyle_Whittingham/2025_utah_roster.csv,Otto Tia,SR,TE,"1 Rec, 6 Yds, 6.0 Avg",2025,Utah,Kyle Whittingham
https://raw.githubusercontent.com/RKRoberts97/byu_football_tree/refs/heads/main/College/Coaches/College%20Head%20Coaches/Kyle_Whittingham/2025_utah_roster.csv,Drew Clemens,FR,TE,,2025,Utah,Kyle Whittingham
https://raw.githubusercontent.com/RKRoberts97/byu_football_tree/refs/heads/main/College/Coaches/College%20Head%20Coaches/Kyle_Whittingham/2025_utah_roster.csv,Mitch Nielsen,FR,TE,,2025,Utah,Kyle Whittingham
https://raw.githubusercontent.com/RKRoberts97/byu_football_tree/refs/heads/main/College/Coaches/College%20Head%20Coaches/Kyle_Whittingham/2025_utah_roster.csv,Broderick Redden,FR,TE,,2025,Utah,Kyle Whittingham
https://raw.githubusercontent.com/RKRoberts97/byu_football_tree/refs/heads/main/College/Coaches/College%20Head%20Coaches/Kyle_Whittingham/2025_utah_roster.csv,Roger Alderman,SO,OL,,2025,Utah,Kyle Whittingham
https://raw.githubusercontent.com/RKRoberts97/byu_football_tree/refs/heads/main/College/Coaches/College%20Head%20Coaches/Kyle_Whittingham/2025_utah_roster.csv,Spencer Fano,JR,OL,,2025,Utah,Kyle Whittingham
https://raw.githubusercontent.com/RKRoberts97/byu_football_tree/refs/heads/main/College/Coaches/College%20Head%20Coaches/Kyle_Whittingham/2025_utah_roster.csv,Alex Harrison,SR,OL,,2025,Utah,Kyle Whittingham
https://raw.githubusercontent.com/RKRoberts97/byu_football_tree/refs/heads/main/College/Coaches/College%20Head%20Coaches/Kyle_Whittingham/2025_utah_roster.csv,Jaren Kump,SR,OL,,2025,Utah,Kyle Whittingham
https://raw.githubusercontent.com/RKRoberts97/byu_football_tree/refs/heads/main/College/Coaches/College%20Head%20Coaches/Kyle_Whittingham/2025_utah_roster.csv,Caleb Lomu,SO,OL,,2025,Utah,Kyle Whittingham
https://raw.githubusercontent.com/RKRoberts97/byu_football_tree/refs/heads/main/College/Coaches/College%20Head%20Coaches/Kyle_Whittingham/2025_utah_roster.csv,Solatoa Moea'i,JR,OL,,2025,Utah,Kyle Whittingham
https://raw.githubusercontent.com/RKRoberts97/byu_football_tree/refs/heads/main/College/Coaches/College%20Head%20Coaches/Kyle_Whittingham/2025_utah_roster.csv,Michael Mokofisi,SR,OL,,2025,Utah,Kyle Whittingham
https://raw.githubusercontent.com/RKRoberts97/byu_football_tree/refs/heads/main/College/Coaches/College%20Head%20Coaches/Kyle_Whittingham/2025_utah_roster.csv,Keith Olson,JR,OL,,2025,Utah,Kyle Whittingham
https://raw.githubusercontent.com/RKRoberts97/byu_football_tree/refs/heads/main/College/Coaches/College%20Head%20Coaches/Kyle_Whittingham/2025_utah_roster.csv,Reece Parmenter,SO,OL,,2025,Utah,Kyle Whittingham
https://raw.githubusercontent.com/RKRoberts97/byu_football_tree/refs/heads/main/College/Coaches/College%20Head%20Coaches/Kyle_Whittingham/2025_utah_roster.csv,Kalolo Ta'aga,FR,OL,,2025,Utah,Kyle Whittingham
https://raw.githubusercontent.com/RKRoberts97/byu_football_tree/refs/heads/main/College/Coaches/College%20Head%20Coaches/Kyle_Whittingham/2025_utah_roster.csv,Tanoa Togiai,SR,OL,,2025,Utah,Kyle Whittingham
https://raw.githubusercontent.com/RKRoberts97/byu_football_tree/refs/heads/main/College/Coaches/College%20Head%20Coaches/Kyle_Whittingham/2025_utah_roster.csv,Zereoue Williams,SR,OL,,2025,Utah,Kyle Whittingham
https://raw.githubusercontent.com/RKRoberts97/byu_football_tree/refs/heads/main/College/Coaches/College%20Head%20Coaches/Kyle_Whittingham/2025_utah_roster.csv,Isaiah Garcia,FR,OL,,2025,Utah,Kyle Whittingham
https://raw.githubusercontent.com/RKRoberts97/byu_football_tree/refs/heads/main/College/Coaches/College%20Head%20Coaches/Kyle_Whittingham/2025_utah_roster.csv,Nick Hallock,FR,OL,,2025,Utah,Kyle Whittingham
https://raw.githubusercontent.com/RKRoberts97/byu_football_tree/refs/heads/main/College/Coaches/College%20Head%20Coaches/Kyle_Whittingham/2025_utah_roster.csv,Brennan Molina,FR,OL,,2025,Utah,Kyle Whittingham
https://raw.githubusercontent.com/RKRoberts97/byu_football_tree/refs/heads/main/College/Coaches/College%20Head%20Coaches/Kyle_Whittingham/2025_utah_roster.csv,Kamilo Raass,FR,OL,,2025,Utah,Kyle Whittingham
https://raw.githubusercontent.com/RKRoberts97/byu_football_tree/refs/heads/main/College/Coaches/College%20Head%20Coaches/Kyle_Whittingham/2025_utah_roster.csv,Soren Shinofield,FR,OL,,2025,Utah,Kyle Whittingham
https://raw.githubusercontent.com/RKRoberts97/byu_football_tree/refs/heads/main/College/Coaches/College%20Head%20Coaches/Kyle_Whittingham/2025_utah_roster.csv,Dillon Curtis,FR,K,,2025,Utah,Kyle Whittingham
https://raw.githubusercontent.com/RKRoberts97/byu_football_tree/refs/heads/main/College/Coaches/College%20Head%20Coaches/Kyle_Whittingham/2025_utah_roster.csv,Joey Cheek,SO,K,,2025,Utah,Kyle Whittingham
https://raw.githubusercontent.com/RKRoberts97/byu_football_tree/refs/heads/main/College/Coaches/College%20Head%20Coaches/Kyle_Whittingham/2025_utah_roster.csv,Robert Petrich,SO,K,,2025,Utah,Kyle Whittingham
https://raw.githubusercontent.com/RKRoberts97/byu_football_tree/refs/heads/main/College/Coaches/College%20Head%20Coaches/Kyle_Whittingham/2025_utah_roster.csv,Lander Barton,SR,LB,,2025,Utah,Kyle Whittingham
https://raw.githubusercontent.com/RKRoberts97/byu_football_tree/refs/heads/main/College/Coaches/College%20Head%20Coaches/Kyle_Whittingham/2025_utah_roster.csv,Moroni Anae,SR,LB,,2025,Utah,Kyle Whittingham
https://raw.githubusercontent.com/RKRoberts97/byu_football_tree/refs/heads/main/College/Coaches/College%20Head%20Coaches/Kyle_Whittingham/2025_utah_roster.csv,Levani Damuni,SR,LB,,2025,Utah,Kyle Whittingham
https://raw.githubusercontent.com/RKRoberts97/byu_football_tree/refs/heads/main/College/Coaches/College%20Head%20Coaches/Kyle_Whittingham/2025_utah_roster.csv,Elijah Elliss,SO,LB,,2025,Utah,Kyle Whittingham
https://raw.githubusercontent.com/RKRoberts97/byu_football_tree/refs/heads/main/College/Coaches/College%20Head%20Coaches/Kyle_Whittingham/2025_utah_roster.csv,Johnathan Hall,JR,LB,,2025,Utah,Kyle Whittingham
https://raw.githubusercontent.com/RKRoberts97/byu_football_tree/refs/heads/main/College/Coaches/College%20Head%20Coaches/Kyle_Whittingham/2025_utah_roster.csv,Mateaki Helu,FR,LB,,2025,Utah,Kyle Whittingham
https://raw.githubusercontent.com/RKRoberts97/byu_football_tree/refs/heads/main/College/Coaches/College%20Head%20Coaches/Kyle_Whittingham/2025_utah_roster.csv,Kana'i Lopes,FR,LB,,2025,Utah,Kyle Whittingham
https://raw.githubusercontent.com/RKRoberts97/byu_football_tree/refs/heads/main/College/Coaches/College%20Head%20Coaches/Kyle_Whittingham/2025_utah_roster.csv,Cyrus Polu,FR,LB,,2025,Utah,Kyle Whittingham
https://raw.githubusercontent.com/RKRoberts97/byu_football_tree/refs/heads/main/College/Coaches/College%20Head%20Coaches/Kyle_Whittingham/2025_utah_roster.csv,Trey Reynolds,JR,LB,,2025,Utah,Kyle Whittingham
https://raw.githubusercontent.com/RKRoberts97/byu_football_tree/refs/heads/main/College/Coaches/College%20Head%20Coaches/Kyle_Whittingham/2025_utah_roster.csv,Christian Thatcher,FR,LB,,2025,Utah,Kyle Whittingham
https://raw.githubusercontent.com/RKRoberts97/byu_football_tree/refs/heads/main/College/Coaches/College%20Head%20Coaches/Kyle_Whittingham/2025_utah_roster.csv,Anthony Hernandez,FR,LB,,2025,Utah,Kyle Whittingham
https://raw.githubusercontent.com/RKRoberts97/byu_football_tree/refs/heads/main/College/Coaches/College%20Head%20Coaches/Kyle_Whittingham/2025_utah_roster.csv,Kaden Kelley,JR,LB,,2025,Utah,Kyle Whittingham
https://raw.githubusercontent.com/RKRoberts97/byu_football_tree/refs/heads/main/College/Coaches/College%20Head%20Coaches/Kyle_Whittingham/2025_utah_roster.csv,Grady Mareko,SO,LB,,2025,Utah,Kyle Whittingham
https://raw.githubusercontent.com/RKRoberts97/byu_football_tree/refs/heads/main/College/Coaches/College%20Head%20Coaches/Kyle_Whittingham/2025_utah_roster.csv,Jeremiah Caldwell,JR,DB,,2025,Utah,Kyle Whittingham
https://raw.githubusercontent.com/RKRoberts97/byu_football_tree/refs/heads/main/College/Coaches/College%20Head%20Coaches/Kyle_Whittingham/2025_utah_roster.csv,JC Hart,SO,DB,,2025,Utah,Kyle Whittingham
https://raw.githubusercontent.com/RKRoberts97/byu_football_tree/refs/heads/main/College/Coaches/College%20Head%20Coaches/Kyle_Whittingham/2025_utah_roster.csv,Jason Stokes Jr.,FR,DB,,2025,Utah,Kyle Whittingham
https://raw.githubusercontent.com/RKRoberts97/byu_football_tree/refs/heads/main/College/Coaches/College%20Head%20Coaches/Kyle_Whittingham/2025_utah_roster.csv,Orion Phillips,JR,P,,2025,Utah,Kyle Whittingham
https://raw.githubusercontent.com/RKRoberts97/byu_football_tree/refs/heads/main/College/Coaches/College%20Head%20Coaches/Kyle_Whittingham/2025_utah_roster.csv,Smith Snowden,JR,CB,,2025,Utah,Kyle Whittingham
https://raw.githubusercontent.com/RKRoberts97/byu_football_tree/refs/heads/main/College/Coaches/College%20Head%20Coaches/Kyle_Whittingham/2025_utah_roster.csv,Jackson Bennee,SO,S,,2025,Utah,Kyle Whittingham
https://raw.githubusercontent.com/RKRoberts97/byu_football_tree/refs/heads/main/College/Coaches/College%20Head%20Coaches/Kyle_Whittingham/2025_utah_roster.csv,Logan Castor,JR,LS,,2025,Utah,Kyle Whittingham
https://raw.githubusercontent.com/RKRoberts97/byu_football_tree/refs/heads/main/College/Coaches/College%20Head%20Coaches/Kyle_Whittingham/2025_utah_roster.csv,Blake Cotton,SR,CB,,2025,Utah,Kyle Whittingham
https://raw.githubusercontent.com/RKRoberts97/byu_football_tree/refs/heads/main/College/Coaches/College%20Head%20Coaches/Kyle_Whittingham/2025_utah_roster.csv,John Henry Daley,SO,DE,,2025,Utah,Kyle Whittingham
https://raw.githubusercontent.com/RKRoberts97/byu_football_tree/refs/heads/main/College/Coaches/College%20Head%20Coaches/Kyle_Whittingham/2025_utah_roster.csv,Elijah Davis,JR,CB,,2025,Utah,Kyle Whittingham
https://raw.githubusercontent.com/RKRoberts97/byu_football_tree/refs/heads/main/College/Coaches/College%20Head%20Coaches/Kyle_Whittingham/2025_utah_roster.csv,Kash Dillon,FR,DE,,2025,Utah,Kyle Whittingham
https://raw.githubusercontent.com/RKRoberts97/byu_football_tree/refs/heads/main/College/Coaches/College%20Head%20Coaches/Kyle_Whittingham/2025_utah_roster.csv,Rabbit Evans,SR,S,,2025,Utah,Kyle Whittingham
https://raw.githubusercontent.com/RKRoberts97/byu_football_tree/refs/heads/main/College/Coaches/College%20Head%20Coaches/Kyle_Whittingham/2025_utah_roster.csv,Logan Fano,JR,DE,,2025,Utah,Kyle Whittingham
https://raw.githubusercontent.com/RKRoberts97/byu_football_tree/refs/heads/main/College/Coaches/College%20Head%20Coaches/Kyle_Whittingham/2025_utah_roster.csv,Paul Fitzgerald,JR,DE,,2025,Utah,Kyle Whittingham
https://raw.githubusercontent.com/RKRoberts97/byu_football_tree/refs/heads/main/College/Coaches/College%20Head%20Coaches/Kyle_Whittingham/2025_utah_roster.csv,Brock Fonoimoana,FR,S,,2025,Utah,Kyle Whittingham
https://raw.githubusercontent.com/RKRoberts97/byu_football_tree/refs/heads/main/College/Coaches/College%20Head%20Coaches/Kyle_Whittingham/2025_utah_roster.csv,Manny Fuller,FR,S,,2025,Utah,Kyle Whittingham
https://raw.githubusercontent.com/RKRoberts97/byu_football_tree/refs/heads/main/College/Coaches/College%20Head%20Coaches/Kyle_Whittingham/2025_utah_roster.csv,Lance Holtzclaw,JR,DE,,2025,Utah,Kyle Whittingham
https://raw.githubusercontent.com/RKRoberts97/byu_football_tree/refs/heads/main/College/Coaches/College%20Head%20Coaches/Kyle_Whittingham/2025_utah_roster.csv,Tao Johnson,JR,S,,2025,Utah,Kyle Whittingham
https://raw.githubusercontent.com/RKRoberts97/byu_football_tree/refs/heads/main/College/Coaches/College%20Head%20Coaches/Kyle_Whittingham/2025_utah_roster.csv,Karson Kaufusi,FR,DT,,2025,Utah,Kyle Whittingham
https://raw.githubusercontent.com/RKRoberts97/byu_football_tree/refs/heads/main/College/Coaches/College%20Head%20Coaches/Kyle_Whittingham/2025_utah_roster.csv,Jonah Lea'ea,SO,DT,,2025,Utah,Kyle Whittingham
https://raw.githubusercontent.com/RKRoberts97/byu_football_tree/refs/heads/main/College/Coaches/College%20Head%20Coaches/Kyle_Whittingham/2025_utah_roster.csv,Jaylen Moson,FR,CB,,2025,Utah,Kyle Whittingham
https://raw.githubusercontent.com/RKRoberts97/byu_football_tree/refs/heads/main/College/Coaches/College%20Head%20Coaches/Kyle_Whittingham/2025_utah_roster.csv,Sione Motuapuaka,FR,DT,,2025,Utah,Kyle Whittingham
https://raw.githubusercontent.com/RKRoberts97/byu_football_tree/refs/heads/main/College/Coaches/College%20Head%20Coaches/Kyle_Whittingham/2025_utah_roster.csv,Nate Ritchie,JR,S,,2025,Utah,Kyle Whittingham
https://raw.githubusercontent.com/RKRoberts97/byu_football_tree/refs/heads/main/College/Coaches/College%20Head%20Coaches/Kyle_Whittingham/2025_utah_roster.csv,Pupu Sepulona,FR,DT,,2025,Utah,Kyle Whittingham
https://raw.githubusercontent.com/RKRoberts97/byu_football_tree/refs/heads/main/College/Coaches/College%20Head%20Coaches/Kyle_Whittingham/2025_utah_roster.csv,Semi Taulanga,FR,DT,,2025,Utah,Kyle Whittingham
https://raw.githubusercontent.com/RKRoberts97/byu_football_tree/refs/heads/main/College/Coaches/College%20Head%20Coaches/Kyle_Whittingham/2025_utah_roster.csv,Money Thompson,FR,CB,,2025,Utah,Kyle Whittingham
https://raw.githubusercontent.com/RKRoberts97/byu_football_tree/refs/heads/main/College/Coaches/College%20Head%20Coaches/Kyle_Whittingham/2025_utah_roster.csv,Nate Tilmon,FR,S,,2025,Utah,Kyle Whittingham
https://raw.githubusercontent.com/RKRoberts97/byu_football_tree/refs/heads/main/College/Coaches/College%20Head%20Coaches/Kyle_Whittingham/2025_utah_roster.csv,Dallas Vakalahi,SO,DT,,2025,Utah,Kyle Whittingham
https://raw.githubusercontent.com/RKRoberts97/byu_football_tree/refs/heads/main/College/Coaches/College%20Head%20Coaches/Kyle_Whittingham/2025_utah_roster.csv,Aliki Vimahi,SR,DT,,2025,Utah,Kyle Whittingham
https://raw.githubusercontent.com/RKRoberts97/byu_football_tree/refs/heads/main/College/Coaches/College%20Head%20Coaches/Kyle_Whittingham/2025_utah_roster.csv,Dilan Battle,FR,DT,,2025,Utah,Kyle Whittingham
https://raw.githubusercontent.com/RKRoberts97/byu_football_tree/refs/heads/main/College/Coaches/College%20Head%20Coaches/Kyle_Whittingham/2025_utah_roster.csv,Isaiah Brown,SO,CB,,2025,Utah,Kyle Whittingham
https://raw.githubusercontent.com/RKRoberts97/byu_football_tree/refs/heads/main/College/Coaches/College%20Head%20Coaches/Kyle_Whittingham/2025_utah_roster.csv,Alex Cloward,SO,DE,,2025,Utah,Kyle Whittingham
https://raw.githubusercontent.com/RKRoberts97/byu_football_tree/refs/heads/main/College/Coaches/College%20Head%20Coaches/Kyle_Whittingham/2025_utah_roster.csv,Jack Evans,FR,S,,2025,Utah,Kyle Whittingham
https://raw.githubusercontent.com/RKRoberts97/byu_football_tree/refs/heads/main/College/Coaches/College%20Head%20Coaches/Kyle_Whittingham/2025_utah_roster.csv,John Frank Jr.,SO,DE,,2025,Utah,Kyle Whittingham
https://raw.githubusercontent.com/RKRoberts97/byu_football_tree/refs/heads/main/College/Coaches/College%20Head%20Coaches/Kyle_Whittingham/2025_utah_roster.csv,Jaxson Jones,FR,DE,,2025,Utah,Kyle Whittingham
https://raw.githubusercontent.com/RKRoberts97/byu_football_tree/refs/heads/main/College/Coaches/College%20Head%20Coaches/Kyle_Whittingham/2025_utah_roster.csv,Ryker Kemp,FR,DE,,2025,Utah,Kyle Whittingham
https://raw.githubusercontent.com/RKRoberts97/byu_football_tree/refs/heads/main/College/Coaches/College%20Head%20Coaches/Kyle_Whittingham/2025_utah_roster.csv,Charlie King,FR,LS,,2025,Utah,Kyle Whittingham
https://raw.githubusercontent.com/RKRoberts97/byu_football_tree/refs/heads/main/College/Coaches/College%20Head%20Coaches/Kyle_Whittingham/2025_utah_roster.csv,Tommy Nelson,FR,S,,2025,Utah,Kyle Whittingham
https://raw.githubusercontent.com/RKRoberts97/byu_football_tree/refs/heads/main/College/Coaches/College%20Head%20Coaches/Kyle_Whittingham/2025_utah_roster.csv,Ashton Olevao,FR,S,,2025,Utah,Kyle Whittingham
https://raw.githubusercontent.com/RKRoberts97/byu_football_tree/refs/heads/main/College/Coaches/College%20Head%20Coaches/Kyle_Whittingham/2025_utah_roster.csv,Taniela Pepa,FR,DT,,2025,Utah,Kyle Whittingham
https://raw.githubusercontent.com/RKRoberts97/byu_football_tree/refs/heads/main/College/Coaches/College%20Head%20Coaches/Kyle_Whittingham/2025_utah_roster.csv,Donovan Saunders,JR,CB,,2025,Utah,Kyle Whittingham
https://raw.githubusercontent.com/RKRoberts97/byu_football_tree/refs/heads/main/College/Coaches/College%20Head%20Coaches/Kyle_Whittingham/2025_utah_roster.csv,Josh Sovereign,FR,S,,2025,Utah,Kyle Whittingham
https://raw.githubusercontent.com/RKRoberts97/byu_football_tree/refs/heads/main/College/Coaches/College%20Head%20Coaches/Kyle_Whittingham/2025_utah_roster.csv,Cole Standage,FR,CB,,2025,Utah,Kyle Whittingham
https://raw.githubusercontent.com/RKRoberts97/byu_football_tree/refs/heads/main/College/Coaches/College%20Head%20Coaches/Kyle_Whittingham/2025_utah_roster.csv,Mike Tauteoli,SO,DT,,2025,Utah,Kyle Whittingham
